{
    "data": [
        [
            0.24322916666666666,
            0.5740740740740741,
            0.02031250000000001,
            -0.07777777777777778,
            0.015104166666666696,
            0.13518518518518519,
            -0.005729166666666674,
            0.011111111111111072
        ],
        [
            0.2640625,
            0.5287037037037037,
            0.022916666666666696,
            -0.07314814814814813,
            0.010416666666666685,
            0.16388888888888886,
            0.010416666666666685,
            -0.002777777777777768
        ],
        [
            0.278125,
            0.47685185185185186,
            0.013541666666666674,
            -0.05185185185185187,
            0.007291666666666641,
            0.19351851851851853,
            -0.011458333333333348,
            0.013888888888888895
        ]
    ],
    "original_data": [
        {
            "time_step": 1,
            "original_data_path": "/content/drive/Othercomputers/\ub0b4 \ub178\ud2b8\ubd81/Forked_Models/Validation/Validation/_\ub77c\ubca8_General_val_C/district/[district]day_565C/[district]day_565C_58.json",
            "id": 3
        },
        {
            "time_step": 2,
            "original_data_path": "/content/drive/Othercomputers/\ub0b4 \ub178\ud2b8\ubd81/Forked_Models/Validation/Validation/_\ub77c\ubca8_General_val_C/district/[district]day_565C/[district]day_565C_60.json",
            "id": 3
        },
        {
            "time_step": 3,
            "original_data_path": "/content/drive/Othercomputers/\ub0b4 \ub178\ud2b8\ubd81/Forked_Models/Validation/Validation/_\ub77c\ubca8_General_val_C/district/[district]day_565C/[district]day_565C_62.json",
            "id": 3
        }
    ],
    "label": 1
}