{
    "data": [
        [
            0.6390625,
            0.5064814814814815,
            0.011979166666666652,
            -0.10000000000000003,
            0.06145833333333339,
            0.124074074074074,
            -0.09739583333333335,
            0.07129629629629619
        ],
        [
            0.6572916666666667,
            0.5083333333333333,
            0.0067708333333332815,
            -0.12222222222222218,
            0.05312499999999998,
            0.11851851851851858,
            -0.09010416666666676,
            0.04351851851851851
        ],
        [
            0.6479166666666667,
            0.48518518518518516,
            0.010937499999999933,
            -0.1157407407407407,
            0.0625,
            0.14166666666666672,
            -0.0859375,
            0.0537037037037037
        ]
    ],
    "original_data": [
        {
            "time_step": 1,
            "original_data_path": "/content/drive/Othercomputers/\ub0b4 \ub178\ud2b8\ubd81/Forked_Models/Validation/Validation/_\ub77c\ubca8_General_val_C/district/[district]day_571C/[district]day_571C_46.json",
            "id": 0
        },
        {
            "time_step": 2,
            "original_data_path": "/content/drive/Othercomputers/\ub0b4 \ub178\ud2b8\ubd81/Forked_Models/Validation/Validation/_\ub77c\ubca8_General_val_C/district/[district]day_571C/[district]day_571C_48.json",
            "id": 0
        },
        {
            "time_step": 3,
            "original_data_path": "/content/drive/Othercomputers/\ub0b4 \ub178\ud2b8\ubd81/Forked_Models/Validation/Validation/_\ub77c\ubca8_General_val_C/district/[district]day_571C/[district]day_571C_50.json",
            "id": 0
        }
    ],
    "label": 1
}