{
    "data": [
        [
            0.8255208333333334,
            0.5092592592592593,
            0.038541666666666585,
            -0.1027777777777778,
            -0.06093750000000009,
            0.08240740740740737,
            -0.01822916666666674,
            -0.026851851851851904
        ],
        [
            0.825,
            0.49722222222222223,
            0.04270833333333335,
            -0.08703703703703702,
            -0.04062499999999991,
            0.09907407407407409,
            -0.028124999999999956,
            -0.02870370370370373
        ],
        [
            0.8197916666666667,
            0.48703703703703705,
            0.04427083333333326,
            -0.08055555555555555,
            -0.0026041666666667407,
            0.1509259259259259,
            -0.0234375,
            -0.017592592592592604
        ]
    ],
    "original_data": [
        {
            "time_step": 1,
            "original_data_path": "/content/drive/Othercomputers/\ub0b4 \ub178\ud2b8\ubd81/Forked_Models/Validation/Validation/_\ub77c\ubca8_General_val_C/district/[district]night_641C/[district]night_641C_4.json",
            "id": 2
        },
        {
            "time_step": 2,
            "original_data_path": "/content/drive/Othercomputers/\ub0b4 \ub178\ud2b8\ubd81/Forked_Models/Validation/Validation/_\ub77c\ubca8_General_val_C/district/[district]night_641C/[district]night_641C_6.json",
            "id": 2
        },
        {
            "time_step": 3,
            "original_data_path": "/content/drive/Othercomputers/\ub0b4 \ub178\ud2b8\ubd81/Forked_Models/Validation/Validation/_\ub77c\ubca8_General_val_C/district/[district]night_641C/[district]night_641C_8.json",
            "id": 2
        }
    ],
    "label": 1
}