{
    "data": [
        [
            0.8833333333333333,
            0.7157407407407408,
            0.03749999999999998,
            -0.01666666666666672,
            -0.01041666666666663,
            0.14444444444444438,
            0.0,
            -0.04814814814814816
        ],
        [
            0.8885416666666667,
            0.7287037037037037,
            0.025000000000000022,
            -0.022222222222222254,
            -0.006249999999999978,
            0.11481481481481481,
            -0.012499999999999956,
            -0.050000000000000044
        ],
        [
            0.9041666666666667,
            0.7268518518518519,
            0.022916666666666696,
            -0.014814814814814836,
            0.008333333333333304,
            0.12407407407407411,
            -0.014583333333333393,
            -0.042592592592592626
        ]
    ],
    "original_data": [
        {
            "time_step": 1,
            "original_data_path": "/content/drive/Othercomputers/\ub0b4 \ub178\ud2b8\ubd81/Forked_Models/Validation/Validation/_\ub77c\ubca8_General_val_C/district/[district]morning_480C/[district]morning_480C_94.json",
            "id": 2
        },
        {
            "time_step": 2,
            "original_data_path": "/content/drive/Othercomputers/\ub0b4 \ub178\ud2b8\ubd81/Forked_Models/Validation/Validation/_\ub77c\ubca8_General_val_C/district/[district]morning_480C/[district]morning_480C_96.json",
            "id": 2
        },
        {
            "time_step": 3,
            "original_data_path": "/content/drive/Othercomputers/\ub0b4 \ub178\ud2b8\ubd81/Forked_Models/Validation/Validation/_\ub77c\ubca8_General_val_C/district/[district]morning_480C/[district]morning_480C_98.json",
            "id": 2
        }
    ],
    "label": 1
}