{
    "data": [
        [
            0.46927083333333336,
            0.2064814814814815,
            0.001041666666666663,
            -0.05833333333333335,
            -0.042187500000000044,
            0.04629629629629628,
            0.02291666666666664,
            0.005555555555555536
        ],
        [
            0.46927083333333336,
            0.2064814814814815,
            0.0005208333333333037,
            -0.0537037037037037,
            -0.03541666666666671,
            0.014814814814814808,
            0.03072916666666664,
            -0.007407407407407418
        ],
        [
            0.47708333333333336,
            0.2,
            0.0005208333333333037,
            -0.053703703703703726,
            -0.03541666666666671,
            0.014814814814814808,
            0.03072916666666664,
            -0.007407407407407418
        ]
    ],
    "original_data": [
        {
            "time_step": 1,
            "original_data_path": "/content/drive/Othercomputers/\ub0b4 \ub178\ud2b8\ubd81/Forked_Models/Validation/Validation/_\ub77c\ubca8_General_val_C/district/[district]night_641C/[district]night_641C_80.json",
            "id": 0
        },
        {
            "time_step": 2,
            "original_data_path": "/content/drive/Othercomputers/\ub0b4 \ub178\ud2b8\ubd81/Forked_Models/Validation/Validation/_\ub77c\ubca8_General_val_C/district/[district]night_641C/[district]night_641C_82.json",
            "id": 0
        },
        {
            "time_step": 3,
            "original_data_path": "/content/drive/Othercomputers/\ub0b4 \ub178\ud2b8\ubd81/Forked_Models/Validation/Validation/_\ub77c\ubca8_General_val_C/district/[district]night_641C/[district]night_641C_84.json",
            "id": 0
        }
    ],
    "label": 1
}