{
    "data": [
        [
            0.50625,
            0.4722222222222222,
            0.006249999999999978,
            -0.08796296296296297,
            0.08072916666666674,
            0.09074074074074079,
            -0.09322916666666664,
            0.07685185185185184
        ],
        [
            0.4984375,
            0.4425925925925926,
            0.0067708333333333925,
            -0.07407407407407407,
            0.08697916666666672,
            0.10648148148148145,
            -0.08541666666666664,
            0.10648148148148145
        ],
        [
            0.484375,
            0.4638888888888889,
            0.006249999999999978,
            -0.08055555555555555,
            0.1015625,
            0.07592592592592595,
            -0.08541666666666664,
            0.08796296296296291
        ]
    ],
    "original_data": [
        {
            "time_step": 1,
            "original_data_path": "/content/drive/Othercomputers/\ub0b4 \ub178\ud2b8\ubd81/Forked_Models/Validation/Validation/_\ub77c\ubca8_General_val_C/district/[district]day_565C/[district]day_565C_16.json",
            "id": 0
        },
        {
            "time_step": 2,
            "original_data_path": "/content/drive/Othercomputers/\ub0b4 \ub178\ud2b8\ubd81/Forked_Models/Validation/Validation/_\ub77c\ubca8_General_val_C/district/[district]day_565C/[district]day_565C_18.json",
            "id": 0
        },
        {
            "time_step": 3,
            "original_data_path": "/content/drive/Othercomputers/\ub0b4 \ub178\ud2b8\ubd81/Forked_Models/Validation/Validation/_\ub77c\ubca8_General_val_C/district/[district]day_565C/[district]day_565C_20.json",
            "id": 0
        }
    ],
    "label": 1
}