{
    "data": [
        [
            0.36822916666666666,
            0.5583333333333333,
            -0.02031250000000001,
            -0.10000000000000003,
            0.08020833333333333,
            0.021296296296296258,
            -0.029166666666666674,
            0.08333333333333337
        ],
        [
            0.3927083333333333,
            0.5388888888888889,
            -0.010937499999999989,
            -0.1111111111111111,
            0.0697916666666667,
            -0.005555555555555536,
            -0.057291666666666685,
            0.08333333333333337
        ],
        [
            0.3927083333333333,
            0.5388888888888889,
            -0.017187499999999967,
            -0.1018518518518518,
            0.06927083333333334,
            0.015740740740740722,
            -0.057291666666666685,
            0.08333333333333337
        ]
    ],
    "original_data": [
        {
            "time_step": 1,
            "original_data_path": "/content/drive/Othercomputers/\ub0b4 \ub178\ud2b8\ubd81/Forked_Models/Validation/Validation/_\ub77c\ubca8_General_val_C/district/[district]day_961C/[district]day_961C_2.json",
            "id": 0
        },
        {
            "time_step": 2,
            "original_data_path": "/content/drive/Othercomputers/\ub0b4 \ub178\ud2b8\ubd81/Forked_Models/Validation/Validation/_\ub77c\ubca8_General_val_C/district/[district]day_961C/[district]day_961C_4.json",
            "id": 0
        },
        {
            "time_step": 3,
            "original_data_path": "/content/drive/Othercomputers/\ub0b4 \ub178\ud2b8\ubd81/Forked_Models/Validation/Validation/_\ub77c\ubca8_General_val_C/district/[district]day_961C/[district]day_961C_6.json",
            "id": 0
        }
    ],
    "label": 1
}