{
    "data": [
        [
            0.4895833333333333,
            0.3333333333333333,
            -0.0036458333333332926,
            -0.04537037037037034,
            0.06145833333333334,
            0.019444444444444486,
            -0.03802083333333334,
            0.09814814814814815
        ],
        [
            0.48802083333333335,
            0.33055555555555555,
            -0.003645833333333348,
            -0.04629629629629628,
            0.06406250000000002,
            0.03888888888888892,
            -0.041666666666666685,
            0.08425925925925926
        ],
        [
            0.4796875,
            0.3398148148148148,
            -0.003645833333333348,
            -0.03796296296296292,
            0.05833333333333329,
            0.042592592592592626,
            -0.04218749999999999,
            0.09629629629629632
        ]
    ],
    "original_data": [
        {
            "time_step": 1,
            "original_data_path": "/content/drive/Othercomputers/\ub0b4 \ub178\ud2b8\ubd81/Forked_Models/Validation/Validation/_\ub77c\ubca8_General_val_C/district/[district]day_565C/[district]day_565C_62.json",
            "id": 4
        },
        {
            "time_step": 2,
            "original_data_path": "/content/drive/Othercomputers/\ub0b4 \ub178\ud2b8\ubd81/Forked_Models/Validation/Validation/_\ub77c\ubca8_General_val_C/district/[district]day_565C/[district]day_565C_64.json",
            "id": 4
        },
        {
            "time_step": 3,
            "original_data_path": "/content/drive/Othercomputers/\ub0b4 \ub178\ud2b8\ubd81/Forked_Models/Validation/Validation/_\ub77c\ubca8_General_val_C/district/[district]day_565C/[district]day_565C_66.json",
            "id": 4
        }
    ],
    "label": 1
}