{
    "data": [
        [
            0.10104166666666667,
            0.6018518518518519,
            -0.0015625000000000083,
            -0.061111111111111116,
            -0.030208333333333337,
            0.09259259259259256,
            0.04739583333333333,
            -0.04166666666666663
        ],
        [
            0.14479166666666668,
            0.5518518518518518,
            0.004687499999999983,
            -0.062037037037037,
            -0.013541666666666674,
            0.12870370370370376,
            0.0390625,
            -0.0037037037037036535
        ],
        [
            0.17291666666666666,
            0.5435185185185185,
            0.00416666666666668,
            -0.06296296296296294,
            0.008333333333333331,
            0.14629629629629626,
            0.018229166666666657,
            0.010185185185185186
        ]
    ],
    "original_data": [
        {
            "time_step": 1,
            "original_data_path": "/content/drive/Othercomputers/\ub0b4 \ub178\ud2b8\ubd81/Forked_Models/Validation/Validation/_\ub77c\ubca8_General_val_C/district/[district]day_565C/[district]day_565C_50.json",
            "id": 3
        },
        {
            "time_step": 2,
            "original_data_path": "/content/drive/Othercomputers/\ub0b4 \ub178\ud2b8\ubd81/Forked_Models/Validation/Validation/_\ub77c\ubca8_General_val_C/district/[district]day_565C/[district]day_565C_52.json",
            "id": 3
        },
        {
            "time_step": 3,
            "original_data_path": "/content/drive/Othercomputers/\ub0b4 \ub178\ud2b8\ubd81/Forked_Models/Validation/Validation/_\ub77c\ubca8_General_val_C/district/[district]day_565C/[district]day_565C_54.json",
            "id": 3
        }
    ],
    "label": 1
}