{
    "data": [
        [
            0.428125,
            0.2861111111111111,
            -0.006249999999999978,
            -0.056481481481481466,
            0.03645833333333337,
            0.02777777777777779,
            -0.03229166666666666,
            0.0490740740740741
        ],
        [
            0.40520833333333334,
            0.2518518518518518,
            -0.015104166666666696,
            -0.040740740740740716,
            0.027083333333333348,
            0.015740740740740777,
            -0.033854166666666685,
            0.0490740740740741
        ],
        [
            0.3697916666666667,
            0.20185185185185187,
            -0.0015625000000000222,
            -0.03425925925925927,
            0.03229166666666666,
            0.015740740740740722,
            -0.014583333333333337,
            0.05925925925925926
        ]
    ],
    "original_data": [
        {
            "time_step": 1,
            "original_data_path": "/content/drive/Othercomputers/\ub0b4 \ub178\ud2b8\ubd81/Forked_Models/Validation/Validation/_\ub77c\ubca8_General_val_C/district/[district]day_571C/[district]day_571C_76.json",
            "id": 0
        },
        {
            "time_step": 2,
            "original_data_path": "/content/drive/Othercomputers/\ub0b4 \ub178\ud2b8\ubd81/Forked_Models/Validation/Validation/_\ub77c\ubca8_General_val_C/district/[district]day_571C/[district]day_571C_78.json",
            "id": 0
        },
        {
            "time_step": 3,
            "original_data_path": "/content/drive/Othercomputers/\ub0b4 \ub178\ud2b8\ubd81/Forked_Models/Validation/Validation/_\ub77c\ubca8_General_val_C/district/[district]day_571C/[district]day_571C_80.json",
            "id": 0
        }
    ],
    "label": 1
}