{
    "data": [
        [
            0.37135416666666665,
            0.33055555555555555,
            -0.004166666666666652,
            -0.04537037037037034,
            0.033854166666666685,
            0.003703703703703709,
            -0.02031250000000001,
            0.017592592592592604
        ],
        [
            0.37135416666666665,
            0.33055555555555555,
            -0.004166666666666652,
            -0.04537037037037034,
            0.033854166666666685,
            0.003703703703703709,
            -0.02031250000000001,
            0.017592592592592604
        ],
        [
            0.36875,
            0.3212962962962963,
            -0.0015625000000000222,
            -0.056481481481481466,
            0.03072916666666664,
            0.028703703703703676,
            -0.016666666666666663,
            0.0222222222222222
        ]
    ],
    "original_data": [
        {
            "time_step": 1,
            "original_data_path": "/content/drive/Othercomputers/\ub0b4 \ub178\ud2b8\ubd81/Forked_Models/Validation/Validation/_\ub77c\ubca8_General_val_C/district/[district]night_641C/[district]night_641C_58.json",
            "id": 0
        },
        {
            "time_step": 2,
            "original_data_path": "/content/drive/Othercomputers/\ub0b4 \ub178\ud2b8\ubd81/Forked_Models/Validation/Validation/_\ub77c\ubca8_General_val_C/district/[district]night_641C/[district]night_641C_60.json",
            "id": 0
        },
        {
            "time_step": 3,
            "original_data_path": "/content/drive/Othercomputers/\ub0b4 \ub178\ud2b8\ubd81/Forked_Models/Validation/Validation/_\ub77c\ubca8_General_val_C/district/[district]night_641C/[district]night_641C_62.json",
            "id": 0
        }
    ],
    "label": 1
}