{
    "data": [
        [
            0.909375,
            0.6129629629629629,
            0.01302083333333326,
            -0.09259259259259256,
            0.044791666666666674,
            0.1342592592592593,
            -0.07916666666666672,
            0.040740740740740744
        ],
        [
            0.9322916666666666,
            0.7046296296296296,
            0.010937500000000044,
            -0.0703703703703703,
            0.02968750000000009,
            0.11481481481481481,
            -0.06562499999999993,
            0.005555555555555536
        ],
        [
            0.9609375,
            0.7166666666666667,
            0.023958333333333304,
            -0.061111111111111116,
            0.017187500000000022,
            0.09907407407407409,
            -0.04947916666666663,
            -0.014814814814814836
        ]
    ],
    "original_data": [
        {
            "time_step": 1,
            "original_data_path": "/content/drive/Othercomputers/\ub0b4 \ub178\ud2b8\ubd81/Forked_Models/Validation/Validation/_\ub77c\ubca8_General_val_C/district/[district]night_641C/[district]night_641C_110.json",
            "id": 4
        },
        {
            "time_step": 2,
            "original_data_path": "/content/drive/Othercomputers/\ub0b4 \ub178\ud2b8\ubd81/Forked_Models/Validation/Validation/_\ub77c\ubca8_General_val_C/district/[district]night_641C/[district]night_641C_112.json",
            "id": 4
        },
        {
            "time_step": 3,
            "original_data_path": "/content/drive/Othercomputers/\ub0b4 \ub178\ud2b8\ubd81/Forked_Models/Validation/Validation/_\ub77c\ubca8_General_val_C/district/[district]night_641C/[district]night_641C_114.json",
            "id": 4
        }
    ],
    "label": 1
}