{
    "data": [
        [
            0.496875,
            0.3851851851851852,
            0.00989583333333327,
            -0.09537037037037038,
            0.046874999999999944,
            0.09814814814814815,
            -0.05625000000000002,
            0.0851851851851852
        ],
        [
            0.5177083333333333,
            0.36574074074074076,
            -0.008333333333333304,
            -0.08240740740740743,
            0.044791666666666674,
            0.060185185185185175,
            -0.044791666666666674,
            0.07870370370370366
        ],
        [
            0.5401041666666667,
            0.41203703703703703,
            -0.003645833333333348,
            -0.0796296296296296,
            0.041145833333333326,
            0.04629629629629628,
            -0.039583333333333415,
            0.0712962962962963
        ]
    ],
    "original_data": [
        {
            "time_step": 1,
            "original_data_path": "/content/drive/Othercomputers/\ub0b4 \ub178\ud2b8\ubd81/Forked_Models/Validation/Validation/_\ub77c\ubca8_General_val_C/district/[district]day_961C/[district]day_961C_92.json",
            "id": 0
        },
        {
            "time_step": 2,
            "original_data_path": "/content/drive/Othercomputers/\ub0b4 \ub178\ud2b8\ubd81/Forked_Models/Validation/Validation/_\ub77c\ubca8_General_val_C/district/[district]day_961C/[district]day_961C_94.json",
            "id": 0
        },
        {
            "time_step": 3,
            "original_data_path": "/content/drive/Othercomputers/\ub0b4 \ub178\ud2b8\ubd81/Forked_Models/Validation/Validation/_\ub77c\ubca8_General_val_C/district/[district]day_961C/[district]day_961C_96.json",
            "id": 0
        }
    ],
    "label": 1
}