{
    "data": [
        [
            0.6958333333333333,
            0.6425925925925926,
            0.01041666666666674,
            -0.08425925925925926,
            -0.0010416666666666075,
            -0.03518518518518521,
            -0.009375000000000022,
            0.13796296296296295
        ],
        [
            0.6661458333333333,
            0.6240740740740741,
            0.01041666666666663,
            -0.08703703703703702,
            0.04583333333333339,
            -0.012962962962962954,
            -0.02864583333333337,
            0.17592592592592593
        ],
        [
            0.640625,
            0.5666666666666667,
            0.0015625000000000222,
            -0.12777777777777777,
            0.05625000000000002,
            0.0,
            -0.038541666666666696,
            0.15925925925925932
        ]
    ],
    "original_data": [
        {
            "time_step": 1,
            "original_data_path": "/content/drive/Othercomputers/\ub0b4 \ub178\ud2b8\ubd81/Forked_Models/Validation/Validation/_\ub77c\ubca8_General_val_C/district/[district]night_523C/[district]night_523C_34.json",
            "id": 0
        },
        {
            "time_step": 2,
            "original_data_path": "/content/drive/Othercomputers/\ub0b4 \ub178\ud2b8\ubd81/Forked_Models/Validation/Validation/_\ub77c\ubca8_General_val_C/district/[district]night_523C/[district]night_523C_36.json",
            "id": 0
        },
        {
            "time_step": 3,
            "original_data_path": "/content/drive/Othercomputers/\ub0b4 \ub178\ud2b8\ubd81/Forked_Models/Validation/Validation/_\ub77c\ubca8_General_val_C/district/[district]night_523C/[district]night_523C_38.json",
            "id": 0
        }
    ],
    "label": 1
}