{
    "data": [
        [
            0.4203125,
            0.5787037037037037,
            -0.015625,
            -0.1111111111111111,
            0.06614583333333335,
            0.0037037037037036535,
            -0.06093749999999998,
            0.05833333333333335
        ],
        [
            0.4203125,
            0.5787037037037037,
            -0.015625,
            -0.1111111111111111,
            0.061979166666666696,
            0.019444444444444375,
            -0.05781249999999999,
            0.06851851851851853
        ],
        [
            0.4203125,
            0.5768518518518518,
            -0.015625,
            -0.10925925925925922,
            0.061979166666666696,
            0.021296296296296258,
            -0.05781249999999999,
            0.07037037037037042
        ]
    ],
    "original_data": [
        {
            "time_step": 1,
            "original_data_path": "/content/drive/Othercomputers/\ub0b4 \ub178\ud2b8\ubd81/Forked_Models/Validation/Validation/_\ub77c\ubca8_General_val_C/district/[district]day_961C/[district]day_961C_10.json",
            "id": 0
        },
        {
            "time_step": 2,
            "original_data_path": "/content/drive/Othercomputers/\ub0b4 \ub178\ud2b8\ubd81/Forked_Models/Validation/Validation/_\ub77c\ubca8_General_val_C/district/[district]day_961C/[district]day_961C_12.json",
            "id": 0
        },
        {
            "time_step": 3,
            "original_data_path": "/content/drive/Othercomputers/\ub0b4 \ub178\ud2b8\ubd81/Forked_Models/Validation/Validation/_\ub77c\ubca8_General_val_C/district/[district]day_961C/[district]day_961C_14.json",
            "id": 0
        }
    ],
    "label": 1
}