{
    "data": [
        [
            0.3921875,
            0.22314814814814815,
            0.003124999999999989,
            -0.04814814814814816,
            0.025520833333333326,
            0.03518518518518521,
            -0.034375000000000044,
            0.029629629629629617
        ],
        [
            0.39166666666666666,
            0.2101851851851852,
            0.001041666666666663,
            -0.04814814814814816,
            0.030208333333333337,
            0.029629629629629617,
            -0.029687499999999978,
            0.014814814814814808
        ],
        [
            0.4119791666666667,
            0.18703703703703703,
            0.003645833333333348,
            -0.0537037037037037,
            0.015625,
            0.033333333333333354,
            -0.019270833333333348,
            0.010185185185185186
        ]
    ],
    "original_data": [
        {
            "time_step": 1,
            "original_data_path": "/content/drive/Othercomputers/\ub0b4 \ub178\ud2b8\ubd81/Forked_Models/Validation/Validation/_\ub77c\ubca8_General_val_C/district/[district]night_641C/[district]night_641C_66.json",
            "id": 0
        },
        {
            "time_step": 2,
            "original_data_path": "/content/drive/Othercomputers/\ub0b4 \ub178\ud2b8\ubd81/Forked_Models/Validation/Validation/_\ub77c\ubca8_General_val_C/district/[district]night_641C/[district]night_641C_68.json",
            "id": 0
        },
        {
            "time_step": 3,
            "original_data_path": "/content/drive/Othercomputers/\ub0b4 \ub178\ud2b8\ubd81/Forked_Models/Validation/Validation/_\ub77c\ubca8_General_val_C/district/[district]night_641C/[district]night_641C_70.json",
            "id": 0
        }
    ],
    "label": 1
}