{
    "data": [
        [
            0.7239583333333334,
            0.7842592592592592,
            0.04062499999999991,
            -0.061111111111111116,
            0.038541666666666585,
            0.1777777777777778,
            -0.06145833333333339,
            -0.04814814814814805
        ],
        [
            0.7916666666666666,
            0.6824074074074075,
            0.048958333333333326,
            -0.05740740740740746,
            0.004687500000000067,
            0.2037037037037036,
            -0.06979166666666659,
            -0.042592592592592626
        ],
        [
            0.853125,
            0.6657407407407407,
            0.03541666666666665,
            -0.024074074074074026,
            0.0,
            0.1703703703703704,
            -0.04583333333333339,
            -0.0444444444444444
        ]
    ],
    "original_data": [
        {
            "time_step": 1,
            "original_data_path": "/content/drive/Othercomputers/\ub0b4 \ub178\ud2b8\ubd81/Forked_Models/Validation/Validation/_\ub77c\ubca8_General_val_C/district/[district]morning_480C/[district]morning_480C_86.json",
            "id": 2
        },
        {
            "time_step": 2,
            "original_data_path": "/content/drive/Othercomputers/\ub0b4 \ub178\ud2b8\ubd81/Forked_Models/Validation/Validation/_\ub77c\ubca8_General_val_C/district/[district]morning_480C/[district]morning_480C_88.json",
            "id": 2
        },
        {
            "time_step": 3,
            "original_data_path": "/content/drive/Othercomputers/\ub0b4 \ub178\ud2b8\ubd81/Forked_Models/Validation/Validation/_\ub77c\ubca8_General_val_C/district/[district]morning_480C/[district]morning_480C_90.json",
            "id": 2
        }
    ],
    "label": 1
}