{
    "data": [
        [
            0.37552083333333336,
            0.5277777777777778,
            -0.027604166666666707,
            -0.07500000000000001,
            0.06197916666666664,
            0.020370370370370372,
            -0.04895833333333338,
            0.10092592592592586
        ],
        [
            0.3807291666666667,
            0.5231481481481481,
            -0.025000000000000022,
            -0.11666666666666664,
            0.055208333333333304,
            0.015740740740740722,
            -0.05052083333333335,
            0.09259259259259256
        ],
        [
            0.3807291666666667,
            0.5231481481481481,
            -0.025000000000000022,
            -0.11666666666666664,
            0.046875,
            0.01666666666666672,
            -0.05052083333333335,
            0.09259259259259256
        ]
    ],
    "original_data": [
        {
            "time_step": 1,
            "original_data_path": "/content/drive/Othercomputers/\ub0b4 \ub178\ud2b8\ubd81/Forked_Models/Validation/Validation/_\ub77c\ubca8_General_val_C/district/[district]day_961C/[district]day_961C_58.json",
            "id": 0
        },
        {
            "time_step": 2,
            "original_data_path": "/content/drive/Othercomputers/\ub0b4 \ub178\ud2b8\ubd81/Forked_Models/Validation/Validation/_\ub77c\ubca8_General_val_C/district/[district]day_961C/[district]day_961C_60.json",
            "id": 0
        },
        {
            "time_step": 3,
            "original_data_path": "/content/drive/Othercomputers/\ub0b4 \ub178\ud2b8\ubd81/Forked_Models/Validation/Validation/_\ub77c\ubca8_General_val_C/district/[district]day_961C/[district]day_961C_62.json",
            "id": 0
        }
    ],
    "label": 1
}