{
    "data": [
        [
            0.5796875,
            0.2324074074074074,
            0.007291666666666696,
            -0.016666666666666663,
            0.02604166666666663,
            0.05740740740740741,
            -0.029166666666666674,
            0.025000000000000022
        ],
        [
            0.6140625,
            0.20462962962962963,
            0.008333333333333415,
            -0.017592592592592604,
            0.030729166666666696,
            0.05833333333333332,
            -0.03125,
            0.016666666666666663
        ],
        [
            0.665625,
            0.19166666666666668,
            0.01041666666666663,
            -0.033333333333333354,
            0.015104166666666696,
            0.06018518518518515,
            -0.013541666666666674,
            -0.012962962962962982
        ]
    ],
    "original_data": [
        {
            "time_step": 1,
            "original_data_path": "/content/drive/Othercomputers/\ub0b4 \ub178\ud2b8\ubd81/Forked_Models/Validation/Validation/_\ub77c\ubca8_General_val_C/district/[district]day_565C/[district]day_565C_78.json",
            "id": 5
        },
        {
            "time_step": 2,
            "original_data_path": "/content/drive/Othercomputers/\ub0b4 \ub178\ud2b8\ubd81/Forked_Models/Validation/Validation/_\ub77c\ubca8_General_val_C/district/[district]day_565C/[district]day_565C_80.json",
            "id": 5
        },
        {
            "time_step": 3,
            "original_data_path": "/content/drive/Othercomputers/\ub0b4 \ub178\ud2b8\ubd81/Forked_Models/Validation/Validation/_\ub77c\ubca8_General_val_C/district/[district]day_565C/[district]day_565C_82.json",
            "id": 5
        }
    ],
    "label": 1
}