{
    "data": [
        [
            0.8421875,
            0.41759259259259257,
            0.004166666666666652,
            -0.0444444444444444,
            -0.04791666666666661,
            0.0,
            0.03281250000000002,
            0.020370370370370372
        ],
        [
            0.8385416666666666,
            0.4203703703703704,
            0.004166666666666652,
            -0.04351851851851857,
            -0.04791666666666661,
            0.002777777777777768,
            0.03229166666666672,
            0.01851851851851849
        ],
        [
            0.834375,
            0.40555555555555556,
            0.005729166666666674,
            -0.04722222222222222,
            -0.04791666666666661,
            0.0,
            0.03489583333333335,
            0.016666666666666663
        ]
    ],
    "original_data": [
        {
            "time_step": 1,
            "original_data_path": "/content/drive/Othercomputers/\ub0b4 \ub178\ud2b8\ubd81/Forked_Models/Validation/Validation/_\ub77c\ubca8_General_val_C/district_sample/[district]attend_057C/[district]attend_057C_190.json",
            "id": 4
        },
        {
            "time_step": 2,
            "original_data_path": "/content/drive/Othercomputers/\ub0b4 \ub178\ud2b8\ubd81/Forked_Models/Validation/Validation/_\ub77c\ubca8_General_val_C/district_sample/[district]attend_057C/[district]attend_057C_192.json",
            "id": 4
        },
        {
            "time_step": 3,
            "original_data_path": "/content/drive/Othercomputers/\ub0b4 \ub178\ud2b8\ubd81/Forked_Models/Validation/Validation/_\ub77c\ubca8_General_val_C/district_sample/[district]attend_057C/[district]attend_057C_194.json",
            "id": 4
        }
    ],
    "label": 0
}