{
    "data": [
        [
            0.725,
            0.15925925925925927,
            0.007291666666666696,
            -0.035185185185185194,
            -0.031770833333333304,
            0.049074074074074076,
            0.038541666666666696,
            0.056481481481481466
        ],
        [
            0.7244791666666667,
            0.1537037037037037,
            -0.0067708333333333925,
            -0.03518518518518518,
            -0.03229166666666672,
            0.05925925925925926,
            0.039583333333333304,
            0.06203703703703703
        ],
        [
            0.7177083333333333,
            0.15925925925925927,
            0.0,
            -0.040740740740740744,
            -0.02604166666666663,
            0.04629629629629628,
            0.04427083333333337,
            0.056481481481481466
        ]
    ],
    "original_data": [
        {
            "time_step": 1,
            "original_data_path": "/content/drive/Othercomputers/\ub0b4 \ub178\ud2b8\ubd81/Forked_Models/Validation/Validation/_\ub77c\ubca8_General_val_C/district_sample/[district]attend_037C/[district]attend_037C_254.json",
            "id": 4
        },
        {
            "time_step": 2,
            "original_data_path": "/content/drive/Othercomputers/\ub0b4 \ub178\ud2b8\ubd81/Forked_Models/Validation/Validation/_\ub77c\ubca8_General_val_C/district_sample/[district]attend_037C/[district]attend_037C_256.json",
            "id": 4
        },
        {
            "time_step": 3,
            "original_data_path": "/content/drive/Othercomputers/\ub0b4 \ub178\ud2b8\ubd81/Forked_Models/Validation/Validation/_\ub77c\ubca8_General_val_C/district_sample/[district]attend_037C/[district]attend_037C_258.json",
            "id": 4
        }
    ],
    "label": 0
}