{
    "data": [
        [
            0.8317708333333333,
            0.3972222222222222,
            0.004166666666666652,
            -0.08148148148148143,
            -0.05572916666666672,
            0.019444444444444486,
            0.04166666666666663,
            0.021296296296296313
        ],
        [
            0.8322916666666667,
            0.4027777777777778,
            0.0031250000000000444,
            -0.08425925925925926,
            -0.06093749999999998,
            0.021296296296296258,
            0.04010416666666672,
            0.020370370370370372
        ],
        [
            0.8317708333333333,
            0.39814814814814814,
            0.003645833333333348,
            -0.0796296296296296,
            -0.060416666666666674,
            0.025925925925925908,
            0.04270833333333335,
            0.021296296296296313
        ]
    ],
    "original_data": [
        {
            "time_step": 1,
            "original_data_path": "/content/drive/Othercomputers/\ub0b4 \ub178\ud2b8\ubd81/Forked_Models/Validation/Validation/_\ub77c\ubca8_General_val_C/district_sample/[district]attend_037C/[district]attend_037C_228.json",
            "id": 2
        },
        {
            "time_step": 2,
            "original_data_path": "/content/drive/Othercomputers/\ub0b4 \ub178\ud2b8\ubd81/Forked_Models/Validation/Validation/_\ub77c\ubca8_General_val_C/district_sample/[district]attend_037C/[district]attend_037C_230.json",
            "id": 2
        },
        {
            "time_step": 3,
            "original_data_path": "/content/drive/Othercomputers/\ub0b4 \ub178\ud2b8\ubd81/Forked_Models/Validation/Validation/_\ub77c\ubca8_General_val_C/district_sample/[district]attend_037C/[district]attend_037C_232.json",
            "id": 2
        }
    ],
    "label": 0
}