{
    "data": [
        [
            0.7901041666666667,
            0.41388888888888886,
            -0.009375000000000022,
            -0.060185185185185175,
            -0.03645833333333337,
            -0.012962962962962954,
            0.04479166666666656,
            0.02870370370370373
        ],
        [
            0.7708333333333334,
            0.40925925925925927,
            -0.0010416666666667185,
            -0.06851851851851853,
            -0.020312500000000067,
            -0.00833333333333336,
            0.0625,
            0.037037037037037035
        ],
        [
            0.7708333333333334,
            0.4074074074074074,
            -0.0010416666666667185,
            -0.06759259259259259,
            -0.019270833333333348,
            -0.009259259259259245,
            0.06093749999999998,
            0.04351851851851857
        ]
    ],
    "original_data": [
        {
            "time_step": 1,
            "original_data_path": "/content/drive/Othercomputers/\ub0b4 \ub178\ud2b8\ubd81/Forked_Models/Validation/Validation/_\ub77c\ubca8_General_val_C/district_sample/[district]attend_013C/[district]attend_013C_196.json",
            "id": 4
        },
        {
            "time_step": 2,
            "original_data_path": "/content/drive/Othercomputers/\ub0b4 \ub178\ud2b8\ubd81/Forked_Models/Validation/Validation/_\ub77c\ubca8_General_val_C/district_sample/[district]attend_013C/[district]attend_013C_198.json",
            "id": 4
        },
        {
            "time_step": 3,
            "original_data_path": "/content/drive/Othercomputers/\ub0b4 \ub178\ud2b8\ubd81/Forked_Models/Validation/Validation/_\ub77c\ubca8_General_val_C/district_sample/[district]attend_013C/[district]attend_013C_200.json",
            "id": 4
        }
    ],
    "label": 0
}