{
    "data": [
        [
            0.6895833333333333,
            0.29074074074074074,
            0.026562500000000044,
            -0.07037037037037036,
            -0.056770833333333326,
            0.11388888888888887,
            0.04270833333333335,
            0.04351851851851851
        ],
        [
            0.7651041666666667,
            0.3138888888888889,
            -0.0015625000000000222,
            -0.0962962962962963,
            -0.08645833333333341,
            0.09814814814814815,
            0.07135416666666661,
            0.033333333333333326
        ],
        [
            0.8098958333333334,
            0.36944444444444446,
            -0.003645833333333348,
            -0.07500000000000001,
            -0.0697916666666667,
            0.04351851851851851,
            0.0625,
            0.016666666666666663
        ]
    ],
    "original_data": [
        {
            "time_step": 1,
            "original_data_path": "/content/drive/Othercomputers/\ub0b4 \ub178\ud2b8\ubd81/Forked_Models/Validation/Validation/_\ub77c\ubca8_General_val_C/district_sample/[district]attend_037C/[district]attend_037C_160.json",
            "id": 2
        },
        {
            "time_step": 2,
            "original_data_path": "/content/drive/Othercomputers/\ub0b4 \ub178\ud2b8\ubd81/Forked_Models/Validation/Validation/_\ub77c\ubca8_General_val_C/district_sample/[district]attend_037C/[district]attend_037C_162.json",
            "id": 2
        },
        {
            "time_step": 3,
            "original_data_path": "/content/drive/Othercomputers/\ub0b4 \ub178\ud2b8\ubd81/Forked_Models/Validation/Validation/_\ub77c\ubca8_General_val_C/district_sample/[district]attend_037C/[district]attend_037C_164.json",
            "id": 2
        }
    ],
    "label": 0
}