{
    "data": [
        [
            0.7854166666666667,
            0.40555555555555556,
            0.0,
            -0.06944444444444442,
            -0.029166666666666674,
            -0.00462962962962965,
            0.05156250000000007,
            0.0398148148148148
        ],
        [
            0.7802083333333333,
            0.41203703703703703,
            -0.0026041666666666297,
            -0.07870370370370372,
            -0.023958333333333304,
            -0.011111111111111127,
            0.05677083333333344,
            0.033333333333333326
        ],
        [
            0.7760416666666666,
            0.4074074074074074,
            -0.0026041666666666297,
            -0.07870370370370366,
            -0.024479166666666607,
            -0.012037037037037013,
            0.05625000000000002,
            0.03888888888888892
        ]
    ],
    "original_data": [
        {
            "time_step": 1,
            "original_data_path": "/content/drive/Othercomputers/\ub0b4 \ub178\ud2b8\ubd81/Forked_Models/Validation/Validation/_\ub77c\ubca8_General_val_C/district_sample/[district]attend_013C/[district]attend_013C_216.json",
            "id": 4
        },
        {
            "time_step": 2,
            "original_data_path": "/content/drive/Othercomputers/\ub0b4 \ub178\ud2b8\ubd81/Forked_Models/Validation/Validation/_\ub77c\ubca8_General_val_C/district_sample/[district]attend_013C/[district]attend_013C_218.json",
            "id": 4
        },
        {
            "time_step": 3,
            "original_data_path": "/content/drive/Othercomputers/\ub0b4 \ub178\ud2b8\ubd81/Forked_Models/Validation/Validation/_\ub77c\ubca8_General_val_C/district_sample/[district]attend_013C/[district]attend_013C_220.json",
            "id": 4
        }
    ],
    "label": 0
}