{
    "data": [
        [
            0.8302083333333333,
            0.38981481481481484,
            0.0031250000000000444,
            -0.04722222222222222,
            -0.04166666666666663,
            -0.0009259259259259411,
            0.03749999999999998,
            0.024999999999999967
        ],
        [
            0.8265625,
            0.39166666666666666,
            0.002083333333333326,
            -0.04907407407407405,
            -0.046875,
            0.005555555555555536,
            0.034375000000000044,
            0.02685185185185185
        ],
        [
            0.8244791666666667,
            0.37962962962962965,
            0.0015625000000000222,
            -0.050000000000000044,
            -0.04791666666666661,
            0.011111111111111072,
            0.03593750000000007,
            0.031481481481481444
        ]
    ],
    "original_data": [
        {
            "time_step": 1,
            "original_data_path": "/content/drive/Othercomputers/\ub0b4 \ub178\ud2b8\ubd81/Forked_Models/Validation/Validation/_\ub77c\ubca8_General_val_C/district_sample/[district]attend_057C/[district]attend_057C_244.json",
            "id": 4
        },
        {
            "time_step": 2,
            "original_data_path": "/content/drive/Othercomputers/\ub0b4 \ub178\ud2b8\ubd81/Forked_Models/Validation/Validation/_\ub77c\ubca8_General_val_C/district_sample/[district]attend_057C/[district]attend_057C_246.json",
            "id": 4
        },
        {
            "time_step": 3,
            "original_data_path": "/content/drive/Othercomputers/\ub0b4 \ub178\ud2b8\ubd81/Forked_Models/Validation/Validation/_\ub77c\ubca8_General_val_C/district_sample/[district]attend_057C/[district]attend_057C_248.json",
            "id": 4
        }
    ],
    "label": 0
}