{
    "data": [
        [
            0.8354166666666667,
            0.412962962962963,
            0.0,
            -0.08148148148148149,
            -0.06406250000000002,
            0.0222222222222222,
            0.04010416666666661,
            0.015740740740740722
        ],
        [
            0.8354166666666667,
            0.412962962962963,
            0.0,
            -0.08148148148148149,
            -0.06406250000000002,
            0.0222222222222222,
            0.03749999999999998,
            0.021296296296296258
        ],
        [
            0.8354166666666667,
            0.4074074074074074,
            0.0,
            -0.08240740740740737,
            -0.06406250000000002,
            0.022222222222222254,
            0.04010416666666661,
            0.015740740740740777
        ]
    ],
    "original_data": [
        {
            "time_step": 1,
            "original_data_path": "/content/drive/Othercomputers/\ub0b4 \ub178\ud2b8\ubd81/Forked_Models/Validation/Validation/_\ub77c\ubca8_General_val_C/district_sample/[district]attend_037C/[district]attend_037C_236.json",
            "id": 2
        },
        {
            "time_step": 2,
            "original_data_path": "/content/drive/Othercomputers/\ub0b4 \ub178\ud2b8\ubd81/Forked_Models/Validation/Validation/_\ub77c\ubca8_General_val_C/district_sample/[district]attend_037C/[district]attend_037C_238.json",
            "id": 2
        },
        {
            "time_step": 3,
            "original_data_path": "/content/drive/Othercomputers/\ub0b4 \ub178\ud2b8\ubd81/Forked_Models/Validation/Validation/_\ub77c\ubca8_General_val_C/district_sample/[district]attend_037C/[district]attend_037C_240.json",
            "id": 2
        }
    ],
    "label": 0
}