{
    "data": [
        [
            0.8130208333333333,
            0.4083333333333333,
            -0.002083333333333326,
            -0.08055555555555555,
            -0.04843750000000002,
            0.012962962962962954,
            0.04843750000000002,
            0.01944444444444443
        ],
        [
            0.8119791666666667,
            0.4,
            0.0,
            -0.0768518518518519,
            -0.05052083333333335,
            0.020370370370370372,
            0.04999999999999993,
            0.027777777777777735
        ],
        [
            0.8083333333333333,
            0.40185185185185185,
            0.0,
            -0.07777777777777778,
            -0.04322916666666665,
            0.017592592592592604,
            0.05104166666666665,
            0.02870370370370373
        ]
    ],
    "original_data": [
        {
            "time_step": 1,
            "original_data_path": "/content/drive/Othercomputers/\ub0b4 \ub178\ud2b8\ubd81/Forked_Models/Validation/Validation/_\ub77c\ubca8_General_val_C/district_sample/[district]attend_037C/[district]attend_037C_208.json",
            "id": 2
        },
        {
            "time_step": 2,
            "original_data_path": "/content/drive/Othercomputers/\ub0b4 \ub178\ud2b8\ubd81/Forked_Models/Validation/Validation/_\ub77c\ubca8_General_val_C/district_sample/[district]attend_037C/[district]attend_037C_210.json",
            "id": 2
        },
        {
            "time_step": 3,
            "original_data_path": "/content/drive/Othercomputers/\ub0b4 \ub178\ud2b8\ubd81/Forked_Models/Validation/Validation/_\ub77c\ubca8_General_val_C/district_sample/[district]attend_037C/[district]attend_037C_212.json",
            "id": 2
        }
    ],
    "label": 0
}