{
    "data": [
        [
            0.834375,
            0.40555555555555556,
            0.005729166666666674,
            -0.04722222222222222,
            -0.04791666666666661,
            0.0,
            0.03489583333333335,
            0.016666666666666663
        ],
        [
            0.8286458333333333,
            0.3962962962962963,
            0.004687500000000067,
            -0.045370370370370394,
            -0.04166666666666663,
            0.0018518518518518268,
            0.04166666666666674,
            0.020370370370370372
        ],
        [
            0.8255208333333334,
            0.39444444444444443,
            0.004687499999999956,
            -0.04629629629629628,
            -0.0390625,
            0.012037037037037068,
            0.035937499999999956,
            0.03518518518518521
        ]
    ],
    "original_data": [
        {
            "time_step": 1,
            "original_data_path": "/content/drive/Othercomputers/\ub0b4 \ub178\ud2b8\ubd81/Forked_Models/Validation/Validation/_\ub77c\ubca8_General_val_C/district_sample/[district]attend_057C/[district]attend_057C_194.json",
            "id": 4
        },
        {
            "time_step": 2,
            "original_data_path": "/content/drive/Othercomputers/\ub0b4 \ub178\ud2b8\ubd81/Forked_Models/Validation/Validation/_\ub77c\ubca8_General_val_C/district_sample/[district]attend_057C/[district]attend_057C_196.json",
            "id": 4
        },
        {
            "time_step": 3,
            "original_data_path": "/content/drive/Othercomputers/\ub0b4 \ub178\ud2b8\ubd81/Forked_Models/Validation/Validation/_\ub77c\ubca8_General_val_C/district_sample/[district]attend_057C/[district]attend_057C_198.json",
            "id": 4
        }
    ],
    "label": 0
}