{
    "data": [
        [
            0.4744791666666667,
            0.17222222222222222,
            -0.019270833333333348,
            -0.07407407407407407,
            0.028124999999999956,
            0.0018518518518518545,
            0.002604166666666685,
            0.07777777777777778
        ],
        [
            0.4744791666666667,
            0.17222222222222222,
            -0.019270833333333348,
            -0.07407407407407407,
            0.028124999999999956,
            0.0018518518518518545,
            0.002604166666666685,
            0.07777777777777778
        ],
        [
            0.45989583333333334,
            0.16574074074074074,
            -0.02656249999999999,
            -0.061111111111111116,
            0.044270833333333315,
            0.008333333333333331,
            0.005208333333333315,
            0.09259259259259262
        ]
    ],
    "original_data": [
        {
            "time_step": 1,
            "original_data_path": "/content/drive/Othercomputers/\ub0b4 \ub178\ud2b8\ubd81/Forked_Models/Validation/Validation/_\ub77c\ubca8_General_val_C/district/[district]night_641C/[district]night_641C_228.json",
            "id": 5
        },
        {
            "time_step": 2,
            "original_data_path": "/content/drive/Othercomputers/\ub0b4 \ub178\ud2b8\ubd81/Forked_Models/Validation/Validation/_\ub77c\ubca8_General_val_C/district/[district]night_641C/[district]night_641C_230.json",
            "id": 5
        },
        {
            "time_step": 3,
            "original_data_path": "/content/drive/Othercomputers/\ub0b4 \ub178\ud2b8\ubd81/Forked_Models/Validation/Validation/_\ub77c\ubca8_General_val_C/district/[district]night_641C/[district]night_641C_232.json",
            "id": 5
        }
    ],
    "label": 0
}