{
    "data": [
        [
            0.45989583333333334,
            0.16574074074074074,
            -0.03229166666666666,
            -0.049074074074074076,
            0.03489583333333335,
            -0.006481481481481477,
            -0.002604166666666685,
            0.0888888888888889
        ],
        [
            0.45989583333333334,
            0.16574074074074074,
            -0.03229166666666666,
            -0.049074074074074076,
            0.03489583333333335,
            -0.006481481481481477,
            -0.002604166666666685,
            0.0888888888888889
        ],
        [
            0.45989583333333334,
            0.16574074074074074,
            -0.03229166666666666,
            -0.049074074074074076,
            0.03489583333333335,
            -0.006481481481481477,
            -0.002604166666666685,
            0.0888888888888889
        ]
    ],
    "original_data": [
        {
            "time_step": 1,
            "original_data_path": "/content/drive/Othercomputers/\ub0b4 \ub178\ud2b8\ubd81/Forked_Models/Validation/Validation/_\ub77c\ubca8_General_val_C/district/[district]night_641C/[district]night_641C_238.json",
            "id": 5
        },
        {
            "time_step": 2,
            "original_data_path": "/content/drive/Othercomputers/\ub0b4 \ub178\ud2b8\ubd81/Forked_Models/Validation/Validation/_\ub77c\ubca8_General_val_C/district/[district]night_641C/[district]night_641C_240.json",
            "id": 5
        },
        {
            "time_step": 3,
            "original_data_path": "/content/drive/Othercomputers/\ub0b4 \ub178\ud2b8\ubd81/Forked_Models/Validation/Validation/_\ub77c\ubca8_General_val_C/district/[district]night_641C/[district]night_641C_242.json",
            "id": 5
        }
    ],
    "label": 0
}