{
    "data": [
        [
            0.49583333333333335,
            0.42407407407407405,
            0.004687499999999956,
            -0.06111111111111106,
            -0.003645833333333348,
            0.12962962962962965,
            -0.03437499999999999,
            -0.006481481481481477
        ],
        [
            0.4869791666666667,
            0.36574074074074076,
            0.013541666666666619,
            -0.05185185185185187,
            -0.006250000000000033,
            0.14444444444444443,
            -0.02395833333333336,
            0.017592592592592604
        ],
        [
            0.46979166666666666,
            0.31203703703703706,
            0.009895833333333326,
            -0.07222222222222224,
            -0.016145833333333304,
            0.125,
            -0.010937499999999989,
            0.0398148148148148
        ]
    ],
    "original_data": [
        {
            "time_step": 1,
            "original_data_path": "/content/drive/Othercomputers/\ub0b4 \ub178\ud2b8\ubd81/Forked_Models/Validation/Validation/_\ub77c\ubca8_General_val_C/district_sample/[district]attend_037C/[district]attend_037C_146.json",
            "id": 2
        },
        {
            "time_step": 2,
            "original_data_path": "/content/drive/Othercomputers/\ub0b4 \ub178\ud2b8\ubd81/Forked_Models/Validation/Validation/_\ub77c\ubca8_General_val_C/district_sample/[district]attend_037C/[district]attend_037C_148.json",
            "id": 2
        },
        {
            "time_step": 3,
            "original_data_path": "/content/drive/Othercomputers/\ub0b4 \ub178\ud2b8\ubd81/Forked_Models/Validation/Validation/_\ub77c\ubca8_General_val_C/district_sample/[district]attend_037C/[district]attend_037C_150.json",
            "id": 2
        }
    ],
    "label": 0
}