{
    "data": [
        [
            0.53125,
            0.1574074074074074,
            -0.0067708333333332815,
            -0.0851851851851852,
            0.014583333333333282,
            0.024999999999999994,
            -0.009895833333333326,
            0.07499999999999998
        ],
        [
            0.5223958333333333,
            0.16944444444444445,
            -0.015625,
            -0.08425925925925927,
            0.019270833333333348,
            0.013888888888888867,
            -0.0010416666666666075,
            0.06296296296296294
        ],
        [
            0.509375,
            0.16574074074074074,
            -0.036979166666666674,
            -0.0712962962962963,
            0.025000000000000022,
            0.0046296296296296224,
            0.0015625000000000222,
            0.07314814814814816
        ]
    ],
    "original_data": [
        {
            "time_step": 1,
            "original_data_path": "/content/drive/Othercomputers/\ub0b4 \ub178\ud2b8\ubd81/Forked_Models/Validation/Validation/_\ub77c\ubca8_General_val_C/district/[district]night_641C/[district]night_641C_196.json",
            "id": 5
        },
        {
            "time_step": 2,
            "original_data_path": "/content/drive/Othercomputers/\ub0b4 \ub178\ud2b8\ubd81/Forked_Models/Validation/Validation/_\ub77c\ubca8_General_val_C/district/[district]night_641C/[district]night_641C_198.json",
            "id": 5
        },
        {
            "time_step": 3,
            "original_data_path": "/content/drive/Othercomputers/\ub0b4 \ub178\ud2b8\ubd81/Forked_Models/Validation/Validation/_\ub77c\ubca8_General_val_C/district/[district]night_641C/[district]night_641C_200.json",
            "id": 5
        }
    ],
    "label": 0
}