{
    "data": [
        [
            0.771875,
            0.22037037037037038,
            0.014583333333333393,
            -0.05000000000000002,
            -0.06406250000000002,
            0.04814814814814816,
            0.009895833333333326,
            0.021296296296296285
        ],
        [
            0.8171875,
            0.26851851851851855,
            0.0026041666666667407,
            -0.037962962962962976,
            -0.07499999999999996,
            0.0444444444444444,
            0.02968750000000009,
            0.028703703703703676
        ],
        [
            0.8223958333333333,
            0.35648148148148145,
            -0.0010416666666666075,
            -0.04629629629629628,
            -0.04843750000000002,
            0.003703703703703709,
            0.060416666666666674,
            0.00833333333333336
        ]
    ],
    "original_data": [
        {
            "time_step": 1,
            "original_data_path": "/content/drive/Othercomputers/\ub0b4 \ub178\ud2b8\ubd81/Forked_Models/Validation/Validation/_\ub77c\ubca8_General_val_C/district_sample/[district]attend_057C/[district]attend_057C_136.json",
            "id": 4
        },
        {
            "time_step": 2,
            "original_data_path": "/content/drive/Othercomputers/\ub0b4 \ub178\ud2b8\ubd81/Forked_Models/Validation/Validation/_\ub77c\ubca8_General_val_C/district_sample/[district]attend_057C/[district]attend_057C_138.json",
            "id": 4
        },
        {
            "time_step": 3,
            "original_data_path": "/content/drive/Othercomputers/\ub0b4 \ub178\ud2b8\ubd81/Forked_Models/Validation/Validation/_\ub77c\ubca8_General_val_C/district_sample/[district]attend_057C/[district]attend_057C_140.json",
            "id": 4
        }
    ],
    "label": 0
}