{
    "data": [
        [
            0.8192708333333333,
            0.2175925925925926,
            0.0010416666666667185,
            -0.03888888888888889,
            -0.03020833333333328,
            0.01944444444444446,
            0.02604166666666674,
            0.0314814814814815
        ],
        [
            0.8192708333333333,
            0.2175925925925926,
            0.0010416666666667185,
            -0.03796296296296295,
            -0.03020833333333328,
            0.020370370370370372,
            0.02604166666666674,
            0.0314814814814815
        ],
        [
            0.8192708333333333,
            0.21666666666666667,
            0.0010416666666667185,
            -0.037962962962962976,
            -0.03020833333333328,
            0.020370370370370372,
            0.02604166666666674,
            0.03148148148148147
        ]
    ],
    "original_data": [
        {
            "time_step": 1,
            "original_data_path": "/content/drive/Othercomputers/\ub0b4 \ub178\ud2b8\ubd81/Forked_Models/Validation/Validation/_\ub77c\ubca8_General_val_C/district_sample/[district]attend_013C/[district]attend_013C_158.json",
            "id": 3
        },
        {
            "time_step": 2,
            "original_data_path": "/content/drive/Othercomputers/\ub0b4 \ub178\ud2b8\ubd81/Forked_Models/Validation/Validation/_\ub77c\ubca8_General_val_C/district_sample/[district]attend_013C/[district]attend_013C_160.json",
            "id": 3
        },
        {
            "time_step": 3,
            "original_data_path": "/content/drive/Othercomputers/\ub0b4 \ub178\ud2b8\ubd81/Forked_Models/Validation/Validation/_\ub77c\ubca8_General_val_C/district_sample/[district]attend_013C/[district]attend_013C_162.json",
            "id": 3
        }
    ],
    "label": 0
}