{
    "data": [
        [
            0.4875,
            0.30462962962962964,
            0.002604166666666685,
            -0.07870370370370372,
            -0.014583333333333337,
            0.13611111111111113,
            -0.014062499999999978,
            0.032407407407407385
        ],
        [
            0.5427083333333333,
            0.27037037037037037,
            0.008333333333333304,
            -0.06944444444444445,
            -0.012500000000000067,
            0.11481481481481481,
            -0.008333333333333304,
            0.04907407407407405
        ],
        [
            0.571875,
            0.26944444444444443,
            0.0067708333333332815,
            -0.07129629629629627,
            -0.0078125,
            0.11851851851851852,
            -0.013541666666666674,
            0.03518518518518521
        ]
    ],
    "original_data": [
        {
            "time_step": 1,
            "original_data_path": "/content/drive/Othercomputers/\ub0b4 \ub178\ud2b8\ubd81/Forked_Models/Validation/Validation/_\ub77c\ubca8_General_val_C/district_sample/[district]attend_037C/[district]attend_037C_152.json",
            "id": 2
        },
        {
            "time_step": 2,
            "original_data_path": "/content/drive/Othercomputers/\ub0b4 \ub178\ud2b8\ubd81/Forked_Models/Validation/Validation/_\ub77c\ubca8_General_val_C/district_sample/[district]attend_037C/[district]attend_037C_154.json",
            "id": 2
        },
        {
            "time_step": 3,
            "original_data_path": "/content/drive/Othercomputers/\ub0b4 \ub178\ud2b8\ubd81/Forked_Models/Validation/Validation/_\ub77c\ubca8_General_val_C/district_sample/[district]attend_037C/[district]attend_037C_156.json",
            "id": 2
        }
    ],
    "label": 0
}