{
    "data": [
        [
            0.8520833333333333,
            0.39351851851851855,
            0.004687500000000067,
            -0.03888888888888892,
            -0.056770833333333326,
            0.008333333333333304,
            0.02604166666666674,
            0.04259259259259257
        ],
        [
            0.8463541666666666,
            0.39814814814814814,
            0.004166666666666652,
            -0.033333333333333326,
            -0.048958333333333326,
            -0.005555555555555536,
            0.027604166666666652,
            0.02870370370370373
        ],
        [
            0.8380208333333333,
            0.3888888888888889,
            0.0026041666666666297,
            -0.03518518518518521,
            -0.05312499999999998,
            0.007407407407407418,
            0.033333333333333326,
            0.02314814814814814
        ]
    ],
    "original_data": [
        {
            "time_step": 1,
            "original_data_path": "/content/drive/Othercomputers/\ub0b4 \ub178\ud2b8\ubd81/Forked_Models/Validation/Validation/_\ub77c\ubca8_General_val_C/district_sample/[district]attend_057C/[district]attend_057C_154.json",
            "id": 4
        },
        {
            "time_step": 2,
            "original_data_path": "/content/drive/Othercomputers/\ub0b4 \ub178\ud2b8\ubd81/Forked_Models/Validation/Validation/_\ub77c\ubca8_General_val_C/district_sample/[district]attend_057C/[district]attend_057C_156.json",
            "id": 4
        },
        {
            "time_step": 3,
            "original_data_path": "/content/drive/Othercomputers/\ub0b4 \ub178\ud2b8\ubd81/Forked_Models/Validation/Validation/_\ub77c\ubca8_General_val_C/district_sample/[district]attend_057C/[district]attend_057C_158.json",
            "id": 4
        }
    ],
    "label": 0
}