{
    "data": [
        [
            0.5239583333333333,
            0.10277777777777777,
            -0.005208333333333259,
            -0.0574074074074074,
            -0.04062499999999997,
            0.018518518518518517,
            0.04010416666666672,
            0.01203703703703704
        ],
        [
            0.5098958333333333,
            0.1111111111111111,
            0.0031250000000000444,
            -0.06203703703703703,
            -0.04062499999999997,
            0.025925925925925936,
            0.041145833333333326,
            0.009259259259259259
        ],
        [
            0.5145833333333333,
            0.13703703703703704,
            -0.0026041666666666297,
            -0.06944444444444445,
            -0.03333333333333327,
            0.016666666666666663,
            0.04322916666666676,
            0.020370370370370372
        ]
    ],
    "original_data": [
        {
            "time_step": 1,
            "original_data_path": "/content/drive/Othercomputers/\ub0b4 \ub178\ud2b8\ubd81/Forked_Models/Validation/Validation/_\ub77c\ubca8_General_val_C/district/[district]night_641C/[district]night_641C_154.json",
            "id": 5
        },
        {
            "time_step": 2,
            "original_data_path": "/content/drive/Othercomputers/\ub0b4 \ub178\ud2b8\ubd81/Forked_Models/Validation/Validation/_\ub77c\ubca8_General_val_C/district/[district]night_641C/[district]night_641C_156.json",
            "id": 5
        },
        {
            "time_step": 3,
            "original_data_path": "/content/drive/Othercomputers/\ub0b4 \ub178\ud2b8\ubd81/Forked_Models/Validation/Validation/_\ub77c\ubca8_General_val_C/district/[district]night_641C/[district]night_641C_158.json",
            "id": 5
        }
    ],
    "label": 0
}