{
    "data": [
        [
            0.6432291666666666,
            0.49722222222222223,
            -0.008333333333333304,
            -0.1305555555555556,
            0.06510416666666674,
            0.06481481481481477,
            -0.09635416666666663,
            0.07592592592592595
        ],
        [
            0.6354166666666666,
            0.4777777777777778,
            0.004687500000000067,
            -0.13148148148148153,
            0.07291666666666674,
            0.08888888888888885,
            -0.0864583333333333,
            0.07685185185185178
        ],
        [
            0.6328125,
            0.4777777777777778,
            0.007291666666666696,
            -0.13148148148148153,
            0.07552083333333337,
            0.10462962962962957,
            -0.0942708333333333,
            0.07962962962962966
        ]
    ],
    "original_data": [
        {
            "time_step": 1,
            "original_data_path": "/content/drive/Othercomputers/\ub0b4 \ub178\ud2b8\ubd81/Forked_Models/Validation/Validation/_\ub77c\ubca8_General_val_C/district/[district]day_571C/[district]day_571C_38.json",
            "id": 0
        },
        {
            "time_step": 2,
            "original_data_path": "/content/drive/Othercomputers/\ub0b4 \ub178\ud2b8\ubd81/Forked_Models/Validation/Validation/_\ub77c\ubca8_General_val_C/district/[district]day_571C/[district]day_571C_40.json",
            "id": 0
        },
        {
            "time_step": 3,
            "original_data_path": "/content/drive/Othercomputers/\ub0b4 \ub178\ud2b8\ubd81/Forked_Models/Validation/Validation/_\ub77c\ubca8_General_val_C/district/[district]day_571C/[district]day_571C_42.json",
            "id": 0
        }
    ],
    "label": 1
}