{
    "data": [
        [
            0.8010416666666667,
            0.3990740740740741,
            -0.01041666666666663,
            -0.06296296296296294,
            -0.02864583333333337,
            0.003703703703703709,
            0.04843750000000002,
            0.06296296296296294
        ],
        [
            0.8015625,
            0.4064814814814815,
            -0.010937499999999933,
            -0.07037037037037036,
            -0.029166666666666674,
            -0.003703703703703709,
            0.04791666666666672,
            0.055555555555555525
        ],
        [
            0.8072916666666666,
            0.4074074074074074,
            -0.005208333333333259,
            -0.06666666666666665,
            -0.03541666666666665,
            -0.011111111111111072,
            0.04531250000000009,
            0.05555555555555558
        ]
    ],
    "original_data": [
        {
            "time_step": 1,
            "original_data_path": "/content/drive/Othercomputers/\ub0b4 \ub178\ud2b8\ubd81/Forked_Models/Validation/Validation/_\ub77c\ubca8_General_val_C/district_sample/[district]attend_013C/[district]attend_013C_172.json",
            "id": 4
        },
        {
            "time_step": 2,
            "original_data_path": "/content/drive/Othercomputers/\ub0b4 \ub178\ud2b8\ubd81/Forked_Models/Validation/Validation/_\ub77c\ubca8_General_val_C/district_sample/[district]attend_013C/[district]attend_013C_174.json",
            "id": 4
        },
        {
            "time_step": 3,
            "original_data_path": "/content/drive/Othercomputers/\ub0b4 \ub178\ud2b8\ubd81/Forked_Models/Validation/Validation/_\ub77c\ubca8_General_val_C/district_sample/[district]attend_013C/[district]attend_013C_176.json",
            "id": 4
        }
    ],
    "label": 0
}