{
    "data": [
        [
            0.4744791666666667,
            0.17222222222222222,
            -0.019270833333333348,
            -0.07407407407407407,
            0.028124999999999956,
            0.0018518518518518545,
            0.005729166666666674,
            0.0851851851851852
        ],
        [
            0.4744791666666667,
            0.17222222222222222,
            -0.019270833333333348,
            -0.07407407407407407,
            0.028124999999999956,
            0.0018518518518518545,
            0.002604166666666685,
            0.07777777777777778
        ],
        [
            0.4744791666666667,
            0.17222222222222222,
            -0.019270833333333348,
            -0.07407407407407407,
            0.028124999999999956,
            0.0018518518518518545,
            0.002604166666666685,
            0.07777777777777778
        ]
    ],
    "original_data": [
        {
            "time_step": 1,
            "original_data_path": "/content/drive/Othercomputers/\ub0b4 \ub178\ud2b8\ubd81/Forked_Models/Validation/Validation/_\ub77c\ubca8_General_val_C/district/[district]night_641C/[district]night_641C_224.json",
            "id": 5
        },
        {
            "time_step": 2,
            "original_data_path": "/content/drive/Othercomputers/\ub0b4 \ub178\ud2b8\ubd81/Forked_Models/Validation/Validation/_\ub77c\ubca8_General_val_C/district/[district]night_641C/[district]night_641C_226.json",
            "id": 5
        },
        {
            "time_step": 3,
            "original_data_path": "/content/drive/Othercomputers/\ub0b4 \ub178\ud2b8\ubd81/Forked_Models/Validation/Validation/_\ub77c\ubca8_General_val_C/district/[district]night_641C/[district]night_641C_228.json",
            "id": 5
        }
    ],
    "label": 0
}