{
    "data": [
        [
            0.3963541666666667,
            0.5018518518518519,
            0.0,
            -0.08148148148148149,
            0.03593750000000001,
            0.19351851851851853,
            -0.07552083333333331,
            0.02777777777777779
        ],
        [
            0.43385416666666665,
            0.39814814814814814,
            0.001041666666666663,
            -0.06944444444444442,
            0.03593750000000001,
            0.16481481481481486,
            -0.07916666666666666,
            0.06388888888888888
        ],
        [
            0.4588541666666667,
            0.3314814814814815,
            0.013541666666666674,
            -0.07314814814814813,
            0.03437499999999999,
            0.1388888888888889,
            -0.07708333333333334,
            0.05092592592592593
        ]
    ],
    "original_data": [
        {
            "time_step": 1,
            "original_data_path": "/content/drive/Othercomputers/\ub0b4 \ub178\ud2b8\ubd81/Forked_Models/Validation/Validation/_\ub77c\ubca8_General_val_C/district/[district]day_565C/[district]day_565C_68.json",
            "id": 3
        },
        {
            "time_step": 2,
            "original_data_path": "/content/drive/Othercomputers/\ub0b4 \ub178\ud2b8\ubd81/Forked_Models/Validation/Validation/_\ub77c\ubca8_General_val_C/district/[district]day_565C/[district]day_565C_70.json",
            "id": 3
        },
        {
            "time_step": 3,
            "original_data_path": "/content/drive/Othercomputers/\ub0b4 \ub178\ud2b8\ubd81/Forked_Models/Validation/Validation/_\ub77c\ubca8_General_val_C/district/[district]day_565C/[district]day_565C_72.json",
            "id": 3
        }
    ],
    "label": 1
}