{
    "data": [
        [
            0.5140625,
            0.32314814814814813,
            0.008854166666666718,
            -0.07685185185185184,
            0.03645833333333337,
            0.10925925925925928,
            -0.06666666666666665,
            0.06018518518518523
        ],
        [
            0.48854166666666665,
            0.3592592592592593,
            0.006770833333333337,
            -0.05833333333333335,
            0.036979166666666674,
            0.10833333333333334,
            -0.05729166666666663,
            0.05740740740740741
        ],
        [
            0.48385416666666664,
            0.36666666666666664,
            -0.0036458333333332926,
            -0.062037037037037,
            0.04218749999999999,
            0.06944444444444448,
            -0.04635416666666664,
            0.05648148148148152
        ]
    ],
    "original_data": [
        {
            "time_step": 1,
            "original_data_path": "/content/drive/Othercomputers/\ub0b4 \ub178\ud2b8\ubd81/Forked_Models/Validation/Validation/_\ub77c\ubca8_General_val_C/district/[district]day_571C/[district]day_571C_66.json",
            "id": 0
        },
        {
            "time_step": 2,
            "original_data_path": "/content/drive/Othercomputers/\ub0b4 \ub178\ud2b8\ubd81/Forked_Models/Validation/Validation/_\ub77c\ubca8_General_val_C/district/[district]day_571C/[district]day_571C_68.json",
            "id": 0
        },
        {
            "time_step": 3,
            "original_data_path": "/content/drive/Othercomputers/\ub0b4 \ub178\ud2b8\ubd81/Forked_Models/Validation/Validation/_\ub77c\ubca8_General_val_C/district/[district]day_571C/[district]day_571C_70.json",
            "id": 0
        }
    ],
    "label": 1
}