{
    "data": [
        [
            0.796875,
            0.3962962962962963,
            0.0026041666666666297,
            -0.05833333333333335,
            -0.03281250000000002,
            -0.0092592592592593,
            0.04843750000000002,
            0.01851851851851849
        ],
        [
            0.8057291666666667,
            0.39537037037037037,
            0.0031249999999999334,
            -0.06481481481481483,
            -0.03802083333333339,
            -0.012037037037037013,
            0.046875,
            0.02314814814814814
        ],
        [
            0.7916666666666666,
            0.4009259259259259,
            -0.0026041666666666297,
            -0.060185185185185175,
            -0.02604166666666663,
            -0.007407407407407363,
            0.05364583333333339,
            0.02777777777777779
        ]
    ],
    "original_data": [
        {
            "time_step": 1,
            "original_data_path": "/content/drive/Othercomputers/\ub0b4 \ub178\ud2b8\ubd81/Forked_Models/Validation/Validation/_\ub77c\ubca8_General_val_C/district_sample/[district]attend_013C/[district]attend_013C_238.json",
            "id": 4
        },
        {
            "time_step": 2,
            "original_data_path": "/content/drive/Othercomputers/\ub0b4 \ub178\ud2b8\ubd81/Forked_Models/Validation/Validation/_\ub77c\ubca8_General_val_C/district_sample/[district]attend_013C/[district]attend_013C_240.json",
            "id": 4
        },
        {
            "time_step": 3,
            "original_data_path": "/content/drive/Othercomputers/\ub0b4 \ub178\ud2b8\ubd81/Forked_Models/Validation/Validation/_\ub77c\ubca8_General_val_C/district_sample/[district]attend_013C/[district]attend_013C_242.json",
            "id": 4
        }
    ],
    "label": 0
}