{
    "data": [
        [
            0.33125,
            0.5555555555555556,
            0.027083333333333348,
            -0.12685185185185188,
            0.08854166666666669,
            0.07222222222222219,
            -0.055208333333333304,
            0.0703703703703703
        ],
        [
            0.33125,
            0.5555555555555556,
            0.027083333333333348,
            -0.12685185185185188,
            0.078125,
            0.08148148148148149,
            -0.0625,
            0.06481481481481477
        ],
        [
            0.31145833333333334,
            0.5675925925925925,
            0.020833333333333315,
            -0.1296296296296296,
            0.0864583333333333,
            0.07685185185185195,
            -0.048958333333333326,
            0.03703703703703709
        ]
    ],
    "original_data": [
        {
            "time_step": 1,
            "original_data_path": "/content/drive/Othercomputers/\ub0b4 \ub178\ud2b8\ubd81/Forked_Models/Validation/Validation/_\ub77c\ubca8_General_val_C/district/[district]day_961C/[district]day_961C_74.json",
            "id": 0
        },
        {
            "time_step": 2,
            "original_data_path": "/content/drive/Othercomputers/\ub0b4 \ub178\ud2b8\ubd81/Forked_Models/Validation/Validation/_\ub77c\ubca8_General_val_C/district/[district]day_961C/[district]day_961C_76.json",
            "id": 0
        },
        {
            "time_step": 3,
            "original_data_path": "/content/drive/Othercomputers/\ub0b4 \ub178\ud2b8\ubd81/Forked_Models/Validation/Validation/_\ub77c\ubca8_General_val_C/district/[district]day_961C/[district]day_961C_78.json",
            "id": 0
        }
    ],
    "label": 1
}