{
    "data": [
        [
            0.3546875,
            0.5509259259259259,
            -0.033333333333333326,
            -0.10092592592592592,
            0.06718750000000001,
            0.007407407407407418,
            -0.04010416666666666,
            0.09351851851851856
        ],
        [
            0.34270833333333334,
            0.5666666666666667,
            -0.021354166666666674,
            -0.11666666666666664,
            0.07239583333333333,
            0.012037037037037068,
            -0.04375000000000001,
            0.08425925925925926
        ],
        [
            0.3385416666666667,
            0.5796296296296296,
            -0.004687500000000011,
            -0.12407407407407406,
            0.078125,
            0.030555555555555558,
            -0.041145833333333326,
            0.08703703703703702
        ]
    ],
    "original_data": [
        {
            "time_step": 1,
            "original_data_path": "/content/drive/Othercomputers/\ub0b4 \ub178\ud2b8\ubd81/Forked_Models/Validation/Validation/_\ub77c\ubca8_General_val_C/district/[district]day_961C/[district]day_961C_64.json",
            "id": 0
        },
        {
            "time_step": 2,
            "original_data_path": "/content/drive/Othercomputers/\ub0b4 \ub178\ud2b8\ubd81/Forked_Models/Validation/Validation/_\ub77c\ubca8_General_val_C/district/[district]day_961C/[district]day_961C_66.json",
            "id": 0
        },
        {
            "time_step": 3,
            "original_data_path": "/content/drive/Othercomputers/\ub0b4 \ub178\ud2b8\ubd81/Forked_Models/Validation/Validation/_\ub77c\ubca8_General_val_C/district/[district]day_961C/[district]day_961C_68.json",
            "id": 0
        }
    ],
    "label": 1
}