{
    "data": [
        [
            0.5171875,
            0.22407407407407406,
            0.009895833333333326,
            -0.11018518518518518,
            0.07552083333333326,
            0.14351851851851852,
            -0.11875000000000002,
            0.10740740740740742
        ],
        [
            0.5354166666666667,
            0.22037037037037038,
            0.02447916666666672,
            -0.08611111111111111,
            0.056770833333333326,
            0.14999999999999997,
            -0.11249999999999999,
            0.07407407407407407
        ],
        [
            0.5479166666666667,
            0.2361111111111111,
            0.026562499999999933,
            -0.07222222222222222,
            0.04999999999999993,
            0.13148148148148148,
            -0.09895833333333337,
            0.030555555555555558
        ]
    ],
    "original_data": [
        {
            "time_step": 1,
            "original_data_path": "/content/drive/Othercomputers/\ub0b4 \ub178\ud2b8\ubd81/Forked_Models/Validation/Validation/_\ub77c\ubca8_General_val_C/district/[district]day_719C/[district]day_719C_100.json",
            "id": 0
        },
        {
            "time_step": 2,
            "original_data_path": "/content/drive/Othercomputers/\ub0b4 \ub178\ud2b8\ubd81/Forked_Models/Validation/Validation/_\ub77c\ubca8_General_val_C/district/[district]day_719C/[district]day_719C_102.json",
            "id": 0
        },
        {
            "time_step": 3,
            "original_data_path": "/content/drive/Othercomputers/\ub0b4 \ub178\ud2b8\ubd81/Forked_Models/Validation/Validation/_\ub77c\ubca8_General_val_C/district/[district]day_719C/[district]day_719C_104.json",
            "id": 0
        }
    ],
    "label": 1
}