{
    "data": [
        [
            0.6598958333333333,
            0.5055555555555555,
            -0.008854166666666718,
            -0.11759259259259258,
            0.05364583333333328,
            0.0537037037037037,
            -0.10677083333333337,
            0.09351851851851856
        ],
        [
            0.6536458333333334,
            0.5009259259259259,
            -0.008333333333333415,
            -0.13888888888888884,
            0.05833333333333335,
            0.05185185185185193,
            -0.08906250000000004,
            0.09722222222222221
        ],
        [
            0.6536458333333334,
            0.5064814814814815,
            -0.010937500000000044,
            -0.14166666666666672,
            0.06093749999999998,
            0.04351851851851851,
            -0.09114583333333337,
            0.09259259259259256
        ]
    ],
    "original_data": [
        {
            "time_step": 1,
            "original_data_path": "/content/drive/Othercomputers/\ub0b4 \ub178\ud2b8\ubd81/Forked_Models/Validation/Validation/_\ub77c\ubca8_General_val_C/district/[district]day_571C/[district]day_571C_30.json",
            "id": 0
        },
        {
            "time_step": 2,
            "original_data_path": "/content/drive/Othercomputers/\ub0b4 \ub178\ud2b8\ubd81/Forked_Models/Validation/Validation/_\ub77c\ubca8_General_val_C/district/[district]day_571C/[district]day_571C_32.json",
            "id": 0
        },
        {
            "time_step": 3,
            "original_data_path": "/content/drive/Othercomputers/\ub0b4 \ub178\ud2b8\ubd81/Forked_Models/Validation/Validation/_\ub77c\ubca8_General_val_C/district/[district]day_571C/[district]day_571C_34.json",
            "id": 0
        }
    ],
    "label": 1
}