{
    "data": [
        [
            0.31145833333333334,
            0.5675925925925925,
            0.020833333333333315,
            -0.1296296296296296,
            0.0864583333333333,
            0.07685185185185195,
            -0.048958333333333326,
            0.03703703703703709
        ],
        [
            0.3072916666666667,
            0.5648148148148148,
            0.016145833333333304,
            -0.11759259259259253,
            0.07499999999999996,
            0.07685185185185195,
            -0.044791666666666674,
            0.03981481481481486
        ],
        [
            0.3072916666666667,
            0.5648148148148148,
            0.016145833333333304,
            -0.11759259259259253,
            0.08229166666666665,
            0.07314814814814818,
            -0.044791666666666674,
            0.03981481481481486
        ]
    ],
    "original_data": [
        {
            "time_step": 1,
            "original_data_path": "/content/drive/Othercomputers/\ub0b4 \ub178\ud2b8\ubd81/Forked_Models/Validation/Validation/_\ub77c\ubca8_General_val_C/district/[district]day_961C/[district]day_961C_78.json",
            "id": 0
        },
        {
            "time_step": 2,
            "original_data_path": "/content/drive/Othercomputers/\ub0b4 \ub178\ud2b8\ubd81/Forked_Models/Validation/Validation/_\ub77c\ubca8_General_val_C/district/[district]day_961C/[district]day_961C_80.json",
            "id": 0
        },
        {
            "time_step": 3,
            "original_data_path": "/content/drive/Othercomputers/\ub0b4 \ub178\ud2b8\ubd81/Forked_Models/Validation/Validation/_\ub77c\ubca8_General_val_C/district/[district]day_961C/[district]day_961C_82.json",
            "id": 0
        }
    ],
    "label": 1
}