{
    "data": [
        [
            0.671875,
            0.5101851851851852,
            -0.0026041666666666297,
            -0.14351851851851855,
            0.05729166666666663,
            0.1444444444444445,
            -0.0942708333333333,
            0.0981481481481481
        ],
        [
            0.6572916666666667,
            0.5157407407407407,
            -0.01041666666666674,
            -0.13425925925925924,
            0.0625,
            0.10555555555555562,
            -0.1015625,
            0.06666666666666665
        ],
        [
            0.6546875,
            0.5222222222222223,
            -0.003645833333333348,
            -0.14722222222222225,
            0.07135416666666672,
            0.09537037037037033,
            -0.09479166666666661,
            0.08425925925925926
        ]
    ],
    "original_data": [
        {
            "time_step": 1,
            "original_data_path": "/content/drive/Othercomputers/\ub0b4 \ub178\ud2b8\ubd81/Forked_Models/Validation/Validation/_\ub77c\ubca8_General_val_C/district/[district]day_571C/[district]day_571C_0.json",
            "id": 0
        },
        {
            "time_step": 2,
            "original_data_path": "/content/drive/Othercomputers/\ub0b4 \ub178\ud2b8\ubd81/Forked_Models/Validation/Validation/_\ub77c\ubca8_General_val_C/district/[district]day_571C/[district]day_571C_2.json",
            "id": 0
        },
        {
            "time_step": 3,
            "original_data_path": "/content/drive/Othercomputers/\ub0b4 \ub178\ud2b8\ubd81/Forked_Models/Validation/Validation/_\ub77c\ubca8_General_val_C/district/[district]day_571C/[district]day_571C_4.json",
            "id": 0
        }
    ],
    "label": 1
}