{
    "data": [
        [
            0.83125,
            0.40925925925925927,
            0.0005208333333333037,
            -0.08425925925925926,
            -0.04947916666666674,
            0.011111111111111127,
            0.04791666666666661,
            0.01481481481481478
        ],
        [
            0.8322916666666667,
            0.41388888888888886,
            0.00520833333333337,
            -0.08333333333333331,
            -0.05572916666666661,
            0.0009259259259259411,
            0.047395833333333304,
            0.019444444444444486
        ],
        [
            0.8296875,
            0.4111111111111111,
            0.0,
            -0.07407407407407407,
            -0.05364583333333339,
            0.012037037037037068,
            0.04791666666666661,
            0.025925925925925963
        ]
    ],
    "original_data": [
        {
            "time_step": 1,
            "original_data_path": "/content/drive/Othercomputers/\ub0b4 \ub178\ud2b8\ubd81/Forked_Models/Validation/Validation/_\ub77c\ubca8_General_val_C/district_sample/[district]attend_037C/[district]attend_037C_188.json",
            "id": 2
        },
        {
            "time_step": 2,
            "original_data_path": "/content/drive/Othercomputers/\ub0b4 \ub178\ud2b8\ubd81/Forked_Models/Validation/Validation/_\ub77c\ubca8_General_val_C/district_sample/[district]attend_037C/[district]attend_037C_190.json",
            "id": 2
        },
        {
            "time_step": 3,
            "original_data_path": "/content/drive/Othercomputers/\ub0b4 \ub178\ud2b8\ubd81/Forked_Models/Validation/Validation/_\ub77c\ubca8_General_val_C/district_sample/[district]attend_037C/[district]attend_037C_192.json",
            "id": 2
        }
    ],
    "label": 0
}