{
    "data": [
        [
            0.7890625,
            0.4,
            0.0015625000000000222,
            -0.06944444444444448,
            -0.03489583333333335,
            -0.0009259259259259411,
            0.047395833333333304,
            0.02314814814814814
        ],
        [
            0.7979166666666667,
            0.4009259259259259,
            -0.0010416666666667185,
            -0.07407407407407407,
            -0.04375000000000007,
            -0.009259259259259245,
            0.04062499999999991,
            0.013888888888888895
        ],
        [
            0.7932291666666667,
            0.4009259259259259,
            0.0,
            -0.07407407407407407,
            -0.0390625,
            -0.008333333333333304,
            0.04531249999999998,
            0.014814814814814836
        ]
    ],
    "original_data": [
        {
            "time_step": 1,
            "original_data_path": "/content/drive/Othercomputers/\ub0b4 \ub178\ud2b8\ubd81/Forked_Models/Validation/Validation/_\ub77c\ubca8_General_val_C/district_sample/[district]attend_013C/[district]attend_013C_230.json",
            "id": 4
        },
        {
            "time_step": 2,
            "original_data_path": "/content/drive/Othercomputers/\ub0b4 \ub178\ud2b8\ubd81/Forked_Models/Validation/Validation/_\ub77c\ubca8_General_val_C/district_sample/[district]attend_013C/[district]attend_013C_232.json",
            "id": 4
        },
        {
            "time_step": 3,
            "original_data_path": "/content/drive/Othercomputers/\ub0b4 \ub178\ud2b8\ubd81/Forked_Models/Validation/Validation/_\ub77c\ubca8_General_val_C/district_sample/[district]attend_013C/[district]attend_013C_234.json",
            "id": 4
        }
    ],
    "label": 0
}