{
    "data": [
        [
            0.8411458333333334,
            0.42592592592592593,
            0.019791666666666652,
            -0.04814814814814816,
            -0.02864583333333337,
            -0.041666666666666685,
            0.02499999999999991,
            0.09074074074074079
        ],
        [
            0.8375,
            0.4212962962962963,
            0.017708333333333326,
            -0.04907407407407405,
            -0.025000000000000022,
            -0.037037037037037035,
            0.02864583333333326,
            0.09537037037037044
        ],
        [
            0.8375,
            0.4212962962962963,
            0.017708333333333326,
            -0.04907407407407405,
            -0.025000000000000022,
            -0.037037037037037035,
            0.02864583333333326,
            0.09537037037037044
        ]
    ],
    "original_data": [
        {
            "time_step": 1,
            "original_data_path": "/content/drive/Othercomputers/\ub0b4 \ub178\ud2b8\ubd81/Forked_Models/Validation/Validation/_\ub77c\ubca8_General_val_C/district/[district]day_719C/[district]day_719C_4.json",
            "id": 0
        },
        {
            "time_step": 2,
            "original_data_path": "/content/drive/Othercomputers/\ub0b4 \ub178\ud2b8\ubd81/Forked_Models/Validation/Validation/_\ub77c\ubca8_General_val_C/district/[district]day_719C/[district]day_719C_6.json",
            "id": 0
        },
        {
            "time_step": 3,
            "original_data_path": "/content/drive/Othercomputers/\ub0b4 \ub178\ud2b8\ubd81/Forked_Models/Validation/Validation/_\ub77c\ubca8_General_val_C/district/[district]day_719C/[district]day_719C_8.json",
            "id": 0
        }
    ],
    "label": 1
}