{
    "data": [
        [
            0.8473958333333333,
            0.4101851851851852,
            0.017187500000000022,
            -0.03518518518518521,
            -0.03489583333333335,
            -0.025925925925925963,
            0.018749999999999933,
            0.10648148148148151
        ],
        [
            0.84375,
            0.4148148148148148,
            0.01822916666666663,
            -0.04722222222222222,
            -0.03125,
            -0.030555555555555558,
            0.02239583333333328,
            0.10185185185185192
        ],
        [
            0.8473958333333333,
            0.4324074074074074,
            0.025000000000000022,
            -0.040740740740740744,
            -0.030729166666666696,
            -0.04999999999999999,
            0.021354166666666674,
            0.08888888888888885
        ]
    ],
    "original_data": [
        {
            "time_step": 1,
            "original_data_path": "/content/drive/Othercomputers/\ub0b4 \ub178\ud2b8\ubd81/Forked_Models/Validation/Validation/_\ub77c\ubca8_General_val_C/district/[district]day_719C/[district]day_719C_18.json",
            "id": 0
        },
        {
            "time_step": 2,
            "original_data_path": "/content/drive/Othercomputers/\ub0b4 \ub178\ud2b8\ubd81/Forked_Models/Validation/Validation/_\ub77c\ubca8_General_val_C/district/[district]day_719C/[district]day_719C_20.json",
            "id": 0
        },
        {
            "time_step": 3,
            "original_data_path": "/content/drive/Othercomputers/\ub0b4 \ub178\ud2b8\ubd81/Forked_Models/Validation/Validation/_\ub77c\ubca8_General_val_C/district/[district]day_719C/[district]day_719C_22.json",
            "id": 0
        }
    ],
    "label": 1
}