{
    "data": [
        [
            0.4328125,
            0.4185185185185185,
            0.0,
            -0.04722222222222222,
            -0.03749999999999998,
            0.07037037037037036,
            0.014583333333333337,
            0.006481481481481477
        ],
        [
            0.45625,
            0.44814814814814813,
            0.00520833333333337,
            -0.05092592592592593,
            -0.017708333333333326,
            0.10185185185185192,
            -0.005208333333333315,
            0.007407407407407418
        ],
        [
            0.49583333333333335,
            0.42407407407407405,
            0.004687499999999956,
            -0.06111111111111106,
            -0.003645833333333348,
            0.12962962962962965,
            -0.03437499999999999,
            -0.006481481481481477
        ]
    ],
    "original_data": [
        {
            "time_step": 1,
            "original_data_path": "/content/drive/Othercomputers/\ub0b4 \ub178\ud2b8\ubd81/Forked_Models/Validation/Validation/_\ub77c\ubca8_General_val_C/district_sample/[district]attend_037C/[district]attend_037C_142.json",
            "id": 2
        },
        {
            "time_step": 2,
            "original_data_path": "/content/drive/Othercomputers/\ub0b4 \ub178\ud2b8\ubd81/Forked_Models/Validation/Validation/_\ub77c\ubca8_General_val_C/district_sample/[district]attend_037C/[district]attend_037C_144.json",
            "id": 2
        },
        {
            "time_step": 3,
            "original_data_path": "/content/drive/Othercomputers/\ub0b4 \ub178\ud2b8\ubd81/Forked_Models/Validation/Validation/_\ub77c\ubca8_General_val_C/district_sample/[district]attend_037C/[district]attend_037C_146.json",
            "id": 2
        }
    ],
    "label": 0
}