{
    "data": [
        [
            0.7734375,
            0.4101851851851852,
            -0.0010416666666667185,
            -0.07037037037037042,
            -0.0234375,
            -0.012037037037037068,
            0.06093749999999998,
            0.032407407407407385
        ],
        [
            0.7776041666666667,
            0.4148148148148148,
            -0.0015625000000000222,
            -0.07500000000000001,
            -0.02604166666666663,
            -0.016666666666666663,
            0.05572916666666672,
            0.029629629629629617
        ],
        [
            0.775,
            0.4074074074074074,
            -0.0026041666666667407,
            -0.06944444444444442,
            -0.025000000000000022,
            -0.012037037037037013,
            0.05833333333333335,
            0.03425925925925927
        ]
    ],
    "original_data": [
        {
            "time_step": 1,
            "original_data_path": "/content/drive/Othercomputers/\ub0b4 \ub178\ud2b8\ubd81/Forked_Models/Validation/Validation/_\ub77c\ubca8_General_val_C/district_sample/[district]attend_013C/[district]attend_013C_202.json",
            "id": 4
        },
        {
            "time_step": 2,
            "original_data_path": "/content/drive/Othercomputers/\ub0b4 \ub178\ud2b8\ubd81/Forked_Models/Validation/Validation/_\ub77c\ubca8_General_val_C/district_sample/[district]attend_013C/[district]attend_013C_204.json",
            "id": 4
        },
        {
            "time_step": 3,
            "original_data_path": "/content/drive/Othercomputers/\ub0b4 \ub178\ud2b8\ubd81/Forked_Models/Validation/Validation/_\ub77c\ubca8_General_val_C/district_sample/[district]attend_013C/[district]attend_013C_206.json",
            "id": 4
        }
    ],
    "label": 0
}