{
    "data": [
        [
            0.5885416666666666,
            0.13425925925925927,
            0.0010416666666667185,
            -0.03425925925925927,
            0.027083333333333348,
            0.04907407407407405,
            -0.03749999999999998,
            0.032407407407407385
        ],
        [
            0.5916666666666667,
            0.11666666666666667,
            0.0010416666666666075,
            -0.03981481481481482,
            0.025520833333333326,
            0.020370370370370372,
            -0.034375000000000044,
            0.012962962962962954
        ],
        [
            0.5911458333333334,
            0.08981481481481482,
            0.0067708333333332815,
            -0.049074074074074076,
            0.02499999999999991,
            0.027777777777777776,
            -0.022395833333333393,
            0.009259259259259259
        ]
    ],
    "original_data": [
        {
            "time_step": 1,
            "original_data_path": "/content/drive/Othercomputers/\ub0b4 \ub178\ud2b8\ubd81/Forked_Models/Validation/Validation/_\ub77c\ubca8_General_val_C/district/[district]day_719C/[district]day_719C_118.json",
            "id": 0
        },
        {
            "time_step": 2,
            "original_data_path": "/content/drive/Othercomputers/\ub0b4 \ub178\ud2b8\ubd81/Forked_Models/Validation/Validation/_\ub77c\ubca8_General_val_C/district/[district]day_719C/[district]day_719C_120.json",
            "id": 0
        },
        {
            "time_step": 3,
            "original_data_path": "/content/drive/Othercomputers/\ub0b4 \ub178\ud2b8\ubd81/Forked_Models/Validation/Validation/_\ub77c\ubca8_General_val_C/district/[district]day_719C/[district]day_719C_122.json",
            "id": 0
        }
    ],
    "label": 1
}