{
    "data": [
        [
            0.4973958333333333,
            0.475,
            0.007291666666666641,
            -0.08888888888888885,
            0.09791666666666671,
            0.08611111111111114,
            -0.09843749999999996,
            0.08425925925925926
        ],
        [
            0.4953125,
            0.45925925925925926,
            0.009374999999999967,
            -0.07314814814814813,
            0.10000000000000003,
            0.10185185185185186,
            -0.09635416666666663,
            0.09999999999999998
        ],
        [
            0.4953125,
            0.4527777777777778,
            0.009374999999999967,
            -0.07407407407407407,
            0.10000000000000003,
            0.1027777777777778,
            -0.09635416666666663,
            0.10092592592592592
        ]
    ],
    "original_data": [
        {
            "time_step": 1,
            "original_data_path": "/content/drive/Othercomputers/\ub0b4 \ub178\ud2b8\ubd81/Forked_Models/Validation/Validation/_\ub77c\ubca8_General_val_C/district/[district]day_565C/[district]day_565C_36.json",
            "id": 0
        },
        {
            "time_step": 2,
            "original_data_path": "/content/drive/Othercomputers/\ub0b4 \ub178\ud2b8\ubd81/Forked_Models/Validation/Validation/_\ub77c\ubca8_General_val_C/district/[district]day_565C/[district]day_565C_38.json",
            "id": 0
        },
        {
            "time_step": 3,
            "original_data_path": "/content/drive/Othercomputers/\ub0b4 \ub178\ud2b8\ubd81/Forked_Models/Validation/Validation/_\ub77c\ubca8_General_val_C/district/[district]day_565C/[district]day_565C_40.json",
            "id": 0
        }
    ],
    "label": 1
}