{
    "data": [
        [
            0.775,
            0.4759259259259259,
            -0.03281250000000002,
            -0.028703703703703676,
            -0.055208333333333304,
            0.0018518518518518823,
            0.05729166666666663,
            0.021296296296296313
        ],
        [
            0.7802083333333333,
            0.4861111111111111,
            -0.023958333333333304,
            -0.055555555555555525,
            -0.04218749999999993,
            -0.021296296296296313,
            0.060416666666666674,
            0.0222222222222222
        ],
        [
            0.7744791666666667,
            0.4546296296296296,
            -0.01822916666666674,
            -0.04722222222222222,
            -0.02604166666666674,
            0.003703703703703709,
            0.0630208333333333,
            0.03611111111111115
        ]
    ],
    "original_data": [
        {
            "time_step": 1,
            "original_data_path": "/content/drive/Othercomputers/\ub0b4 \ub178\ud2b8\ubd81/Forked_Models/Validation/Validation/_\ub77c\ubca8_General_val_C/district_sample/[district]attend_013C/[district]attend_013C_156.json",
            "id": 4
        },
        {
            "time_step": 2,
            "original_data_path": "/content/drive/Othercomputers/\ub0b4 \ub178\ud2b8\ubd81/Forked_Models/Validation/Validation/_\ub77c\ubca8_General_val_C/district_sample/[district]attend_013C/[district]attend_013C_158.json",
            "id": 4
        },
        {
            "time_step": 3,
            "original_data_path": "/content/drive/Othercomputers/\ub0b4 \ub178\ud2b8\ubd81/Forked_Models/Validation/Validation/_\ub77c\ubca8_General_val_C/district_sample/[district]attend_013C/[district]attend_013C_160.json",
            "id": 4
        }
    ],
    "label": 0
}