{
    "data": [
        [
            0.8046875,
            0.4583333333333333,
            0.017187500000000022,
            -0.05277777777777776,
            -0.019270833333333348,
            -0.09074074074074073,
            0.03802083333333328,
            0.050925925925925986
        ],
        [
            0.775,
            0.42592592592592593,
            0.014062499999999978,
            -0.060185185185185175,
            -0.01822916666666674,
            -0.06296296296296294,
            0.04270833333333335,
            0.04814814814814816
        ],
        [
            0.7786458333333334,
            0.39814814814814814,
            0.01041666666666663,
            -0.04907407407407405,
            -0.027083333333333348,
            -0.06759259259259259,
            0.04010416666666661,
            0.03425925925925927
        ]
    ],
    "original_data": [
        {
            "time_step": 1,
            "original_data_path": "/content/drive/Othercomputers/\ub0b4 \ub178\ud2b8\ubd81/Forked_Models/Validation/Validation/_\ub77c\ubca8_General_val_C/district/[district]day_719C/[district]day_719C_34.json",
            "id": 0
        },
        {
            "time_step": 2,
            "original_data_path": "/content/drive/Othercomputers/\ub0b4 \ub178\ud2b8\ubd81/Forked_Models/Validation/Validation/_\ub77c\ubca8_General_val_C/district/[district]day_719C/[district]day_719C_36.json",
            "id": 0
        },
        {
            "time_step": 3,
            "original_data_path": "/content/drive/Othercomputers/\ub0b4 \ub178\ud2b8\ubd81/Forked_Models/Validation/Validation/_\ub77c\ubca8_General_val_C/district/[district]day_719C/[district]day_719C_38.json",
            "id": 0
        }
    ],
    "label": 1
}