{
    "data": [
        [
            0.578125,
            0.1787037037037037,
            0.00520833333333337,
            -0.0398148148148148,
            0.02864583333333337,
            0.05925925925925926,
            -0.04010416666666672,
            0.0314814814814815
        ],
        [
            0.5885416666666666,
            0.13425925925925927,
            0.0010416666666667185,
            -0.03425925925925927,
            0.027083333333333348,
            0.04907407407407405,
            -0.03749999999999998,
            0.032407407407407385
        ],
        [
            0.5916666666666667,
            0.11666666666666667,
            0.0010416666666666075,
            -0.03981481481481482,
            0.025520833333333326,
            0.020370370370370372,
            -0.034375000000000044,
            0.012962962962962954
        ]
    ],
    "original_data": [
        {
            "time_step": 1,
            "original_data_path": "/content/drive/Othercomputers/\ub0b4 \ub178\ud2b8\ubd81/Forked_Models/Validation/Validation/_\ub77c\ubca8_General_val_C/district/[district]day_719C/[district]day_719C_116.json",
            "id": 0
        },
        {
            "time_step": 2,
            "original_data_path": "/content/drive/Othercomputers/\ub0b4 \ub178\ud2b8\ubd81/Forked_Models/Validation/Validation/_\ub77c\ubca8_General_val_C/district/[district]day_719C/[district]day_719C_118.json",
            "id": 0
        },
        {
            "time_step": 3,
            "original_data_path": "/content/drive/Othercomputers/\ub0b4 \ub178\ud2b8\ubd81/Forked_Models/Validation/Validation/_\ub77c\ubca8_General_val_C/district/[district]day_719C/[district]day_719C_120.json",
            "id": 0
        }
    ],
    "label": 1
}