{
    "data": [
        [
            0.4765625,
            0.17037037037037037,
            -0.029687499999999978,
            -0.06203703703703703,
            0.03541666666666665,
            -0.0018518518518518545,
            -0.017187500000000022,
            0.07222222222222222
        ],
        [
            0.48072916666666665,
            0.16666666666666666,
            -0.023958333333333304,
            -0.06759259259259258,
            0.03125,
            0.0018518518518518545,
            -0.021354166666666674,
            0.07592592592592592
        ],
        [
            0.48489583333333336,
            0.16111111111111112,
            -0.01666666666666672,
            -0.07222222222222223,
            0.03489583333333329,
            0.006481481481481477,
            -0.015625,
            0.0685185185185185
        ]
    ],
    "original_data": [
        {
            "time_step": 1,
            "original_data_path": "/content/drive/Othercomputers/\ub0b4 \ub178\ud2b8\ubd81/Forked_Models/Validation/Validation/_\ub77c\ubca8_General_val_C/district/[district]night_641C/[district]night_641C_172.json",
            "id": 5
        },
        {
            "time_step": 2,
            "original_data_path": "/content/drive/Othercomputers/\ub0b4 \ub178\ud2b8\ubd81/Forked_Models/Validation/Validation/_\ub77c\ubca8_General_val_C/district/[district]night_641C/[district]night_641C_174.json",
            "id": 5
        },
        {
            "time_step": 3,
            "original_data_path": "/content/drive/Othercomputers/\ub0b4 \ub178\ud2b8\ubd81/Forked_Models/Validation/Validation/_\ub77c\ubca8_General_val_C/district/[district]night_641C/[district]night_641C_176.json",
            "id": 5
        }
    ],
    "label": 0
}