{
    "data": [
        [
            0.25729166666666664,
            0.48518518518518516,
            -0.01145833333333332,
            -0.04629629629629628,
            0.034375000000000044,
            -0.01759259259259255,
            -0.003124999999999989,
            0.054629629629629695
        ],
        [
            0.25729166666666664,
            0.48518518518518516,
            -0.01145833333333332,
            -0.04629629629629628,
            0.034375000000000044,
            -0.01759259259259255,
            -0.003124999999999989,
            0.054629629629629695
        ],
        [
            0.25729166666666664,
            0.48518518518518516,
            -0.01145833333333332,
            -0.04629629629629628,
            0.034375000000000044,
            -0.01759259259259255,
            -0.003124999999999989,
            0.054629629629629695
        ]
    ],
    "original_data": [
        {
            "time_step": 1,
            "original_data_path": "/content/drive/Othercomputers/\ub0b4 \ub178\ud2b8\ubd81/Forked_Models/Validation/Validation/_\ub77c\ubca8_General_val_C/district/[district]day_565C/[district]day_565C_6.json",
            "id": 2
        },
        {
            "time_step": 2,
            "original_data_path": "/content/drive/Othercomputers/\ub0b4 \ub178\ud2b8\ubd81/Forked_Models/Validation/Validation/_\ub77c\ubca8_General_val_C/district/[district]day_565C/[district]day_565C_8.json",
            "id": 2
        },
        {
            "time_step": 3,
            "original_data_path": "/content/drive/Othercomputers/\ub0b4 \ub178\ud2b8\ubd81/Forked_Models/Validation/Validation/_\ub77c\ubca8_General_val_C/district/[district]day_565C/[district]day_565C_10.json",
            "id": 2
        }
    ],
    "label": 2
}