{
    "data": [
        [
            0.80625,
            0.41203703703703703,
            0.010937499999999933,
            -0.061111111111111116,
            -0.018750000000000044,
            -0.020370370370370372,
            0.038541666666666696,
            0.05555555555555558
        ],
        [
            0.8385416666666666,
            0.412962962962963,
            0.008333333333333415,
            -0.062962962962963,
            -0.024479166666666607,
            -0.0314814814814815,
            0.02447916666666672,
            0.09166666666666667
        ],
        [
            0.8427083333333333,
            0.41388888888888886,
            0.018750000000000044,
            -0.05740740740740741,
            -0.025520833333333326,
            -0.025925925925925908,
            0.023958333333333415,
            0.09074074074074079
        ]
    ],
    "original_data": [
        {
            "time_step": 1,
            "original_data_path": "/content/drive/Othercomputers/\ub0b4 \ub178\ud2b8\ubd81/Forked_Models/Validation/Validation/_\ub77c\ubca8_General_val_C/district/[district]day_571C/[district]day_571C_118.json",
            "id": 2
        },
        {
            "time_step": 2,
            "original_data_path": "/content/drive/Othercomputers/\ub0b4 \ub178\ud2b8\ubd81/Forked_Models/Validation/Validation/_\ub77c\ubca8_General_val_C/district/[district]day_571C/[district]day_571C_120.json",
            "id": 2
        },
        {
            "time_step": 3,
            "original_data_path": "/content/drive/Othercomputers/\ub0b4 \ub178\ud2b8\ubd81/Forked_Models/Validation/Validation/_\ub77c\ubca8_General_val_C/district/[district]day_571C/[district]day_571C_122.json",
            "id": 2
        }
    ],
    "label": 2
}