{
    "data": [
        [
            0.7765625,
            0.4777777777777778,
            0.004166666666666652,
            -0.05740740740740741,
            0.031770833333333304,
            0.021296296296296258,
            -0.04010416666666672,
            0.01481481481481478
        ],
        [
            0.7765625,
            0.4777777777777778,
            0.004166666666666652,
            -0.05740740740740741,
            0.031770833333333304,
            0.021296296296296258,
            -0.04010416666666672,
            0.01481481481481478
        ],
        [
            0.7765625,
            0.4777777777777778,
            0.004166666666666652,
            -0.05740740740740741,
            0.031770833333333304,
            0.021296296296296258,
            -0.04010416666666672,
            0.01481481481481478
        ]
    ],
    "original_data": [
        {
            "time_step": 1,
            "original_data_path": "/content/drive/Othercomputers/\ub0b4 \ub178\ud2b8\ubd81/Forked_Models/Validation/Validation/_\ub77c\ubca8_General_val_C/district/[district]night_641C/[district]night_641C_68.json",
            "id": 3
        },
        {
            "time_step": 2,
            "original_data_path": "/content/drive/Othercomputers/\ub0b4 \ub178\ud2b8\ubd81/Forked_Models/Validation/Validation/_\ub77c\ubca8_General_val_C/district/[district]night_641C/[district]night_641C_70.json",
            "id": 3
        },
        {
            "time_step": 3,
            "original_data_path": "/content/drive/Othercomputers/\ub0b4 \ub178\ud2b8\ubd81/Forked_Models/Validation/Validation/_\ub77c\ubca8_General_val_C/district/[district]night_641C/[district]night_641C_72.json",
            "id": 3
        }
    ],
    "label": 2
}