{
    "data": [
        [
            0.7109375,
            0.35185185185185186,
            0.0067708333333332815,
            -0.02870370370370373,
            0.025000000000000022,
            0.02407407407407408,
            -0.034375000000000044,
            0.01481481481481478
        ],
        [
            0.7109375,
            0.35185185185185186,
            0.004166666666666652,
            -0.029629629629629617,
            0.025000000000000022,
            0.02407407407407408,
            -0.034375000000000044,
            0.01481481481481478
        ],
        [
            0.7109375,
            0.3509259259259259,
            0.004166666666666652,
            -0.028703703703703676,
            0.025000000000000022,
            0.025000000000000022,
            -0.034375000000000044,
            0.015740740740740722
        ]
    ],
    "original_data": [
        {
            "time_step": 1,
            "original_data_path": "/content/drive/Othercomputers/\ub0b4 \ub178\ud2b8\ubd81/Forked_Models/Validation/Validation/_\ub77c\ubca8_General_val_C/district/[district]morning_480C/[district]morning_480C_20.json",
            "id": 0
        },
        {
            "time_step": 2,
            "original_data_path": "/content/drive/Othercomputers/\ub0b4 \ub178\ud2b8\ubd81/Forked_Models/Validation/Validation/_\ub77c\ubca8_General_val_C/district/[district]morning_480C/[district]morning_480C_22.json",
            "id": 0
        },
        {
            "time_step": 3,
            "original_data_path": "/content/drive/Othercomputers/\ub0b4 \ub178\ud2b8\ubd81/Forked_Models/Validation/Validation/_\ub77c\ubca8_General_val_C/district/[district]morning_480C/[district]morning_480C_24.json",
            "id": 0
        }
    ],
    "label": 2
}