{
    "data": [
        [
            0.284375,
            0.6138888888888889,
            0.005729166666666674,
            -0.09351851851851856,
            0.06666666666666665,
            0.062037037037037,
            -0.06145833333333331,
            0.03425925925925921
        ],
        [
            0.39166666666666666,
            0.6046296296296296,
            -0.003124999999999989,
            -0.12037037037037035,
            0.07708333333333334,
            0.0,
            -0.09322916666666664,
            0.1333333333333333
        ],
        [
            0.4515625,
            0.5935185185185186,
            -0.01041666666666663,
            -0.10185185185185192,
            0.06666666666666665,
            0.0037037037037036535,
            -0.08541666666666664,
            0.09166666666666667
        ]
    ],
    "original_data": [
        {
            "time_step": 1,
            "original_data_path": "/content/drive/Othercomputers/\ub0b4 \ub178\ud2b8\ubd81/Forked_Models/Validation/Validation/_\ub77c\ubca8_General_val_C/district/[district]day_571C/[district]day_571C_160.json",
            "id": 4
        },
        {
            "time_step": 2,
            "original_data_path": "/content/drive/Othercomputers/\ub0b4 \ub178\ud2b8\ubd81/Forked_Models/Validation/Validation/_\ub77c\ubca8_General_val_C/district/[district]day_571C/[district]day_571C_162.json",
            "id": 4
        },
        {
            "time_step": 3,
            "original_data_path": "/content/drive/Othercomputers/\ub0b4 \ub178\ud2b8\ubd81/Forked_Models/Validation/Validation/_\ub77c\ubca8_General_val_C/district/[district]day_571C/[district]day_571C_164.json",
            "id": 4
        }
    ],
    "label": 2
}