{
    "data": [
        [
            0.8494791666666667,
            0.4666666666666667,
            0.0010416666666666075,
            -0.041666666666666685,
            -0.03385416666666663,
            -0.036111111111111094,
            0.0078125,
            0.07685185185185184
        ],
        [
            0.8494791666666667,
            0.4666666666666667,
            0.0010416666666666075,
            -0.041666666666666685,
            -0.044791666666666674,
            -0.040740740740740744,
            -0.008333333333333304,
            0.06574074074074077
        ],
        [
            0.8494791666666667,
            0.462037037037037,
            0.0010416666666666075,
            -0.04259259259259257,
            -0.05364583333333339,
            -0.037037037037037035,
            -0.01302083333333337,
            0.0888888888888889
        ]
    ],
    "original_data": [
        {
            "time_step": 1,
            "original_data_path": "/content/drive/Othercomputers/\ub0b4 \ub178\ud2b8\ubd81/Forked_Models/Validation/Validation/_\ub77c\ubca8_General_val_C/district/[district]day_565C/[district]day_565C_34.json",
            "id": 1
        },
        {
            "time_step": 2,
            "original_data_path": "/content/drive/Othercomputers/\ub0b4 \ub178\ud2b8\ubd81/Forked_Models/Validation/Validation/_\ub77c\ubca8_General_val_C/district/[district]day_565C/[district]day_565C_36.json",
            "id": 1
        },
        {
            "time_step": 3,
            "original_data_path": "/content/drive/Othercomputers/\ub0b4 \ub178\ud2b8\ubd81/Forked_Models/Validation/Validation/_\ub77c\ubca8_General_val_C/district/[district]day_565C/[district]day_565C_38.json",
            "id": 1
        }
    ],
    "label": 2
}