{
    "data": [
        [
            0.2708333333333333,
            0.43796296296296294,
            -0.012499999999999956,
            -0.04629629629629628,
            0.03541666666666671,
            -0.011111111111111072,
            0.009895833333333326,
            0.0935185185185185
        ],
        [
            0.2708333333333333,
            0.43796296296296294,
            -0.012499999999999956,
            -0.04629629629629628,
            0.03541666666666671,
            -0.011111111111111072,
            0.009895833333333326,
            0.0935185185185185
        ],
        [
            0.2708333333333333,
            0.43796296296296294,
            -0.012499999999999956,
            -0.04629629629629628,
            0.03541666666666671,
            -0.011111111111111072,
            0.009895833333333326,
            0.0935185185185185
        ]
    ],
    "original_data": [
        {
            "time_step": 1,
            "original_data_path": "/content/drive/Othercomputers/\ub0b4 \ub178\ud2b8\ubd81/Forked_Models/Validation/Validation/_\ub77c\ubca8_General_val_C/district/[district]day_571C/[district]day_571C_140.json",
            "id": 1
        },
        {
            "time_step": 2,
            "original_data_path": "/content/drive/Othercomputers/\ub0b4 \ub178\ud2b8\ubd81/Forked_Models/Validation/Validation/_\ub77c\ubca8_General_val_C/district/[district]day_571C/[district]day_571C_142.json",
            "id": 1
        },
        {
            "time_step": 3,
            "original_data_path": "/content/drive/Othercomputers/\ub0b4 \ub178\ud2b8\ubd81/Forked_Models/Validation/Validation/_\ub77c\ubca8_General_val_C/district/[district]day_571C/[district]day_571C_144.json",
            "id": 1
        }
    ],
    "label": 2
}