{
    "data": [
        [
            0.5828125,
            0.2490740740740741,
            -0.005729166666666674,
            -0.03888888888888889,
            -0.0067708333333332815,
            0.01574074074074075,
            0.003645833333333348,
            0.0648148148148148
        ],
        [
            0.5828125,
            0.2537037037037037,
            -0.005729166666666674,
            -0.04351851851851851,
            -0.0067708333333332815,
            0.011111111111111127,
            0.00520833333333337,
            0.06666666666666665
        ],
        [
            0.5833333333333334,
            0.25925925925925924,
            -0.0031250000000000444,
            -0.0398148148148148,
            -0.002083333333333326,
            0.013888888888888895,
            0.005729166666666674,
            0.061111111111111116
        ]
    ],
    "original_data": [
        {
            "time_step": 1,
            "original_data_path": "/content/drive/Othercomputers/\ub0b4 \ub178\ud2b8\ubd81/Forked_Models/Validation/Validation/_\ub77c\ubca8_General_val_C/district/3. \ud6c4\ubc29 \ubc29\ud5a5 \uc774\ubbf8\uc9c0/[district]morning_952C/[district]morning_952C_0.json",
            "id": 0
        },
        {
            "time_step": 2,
            "original_data_path": "/content/drive/Othercomputers/\ub0b4 \ub178\ud2b8\ubd81/Forked_Models/Validation/Validation/_\ub77c\ubca8_General_val_C/district/3. \ud6c4\ubc29 \ubc29\ud5a5 \uc774\ubbf8\uc9c0/[district]morning_952C/[district]morning_952C_5.json",
            "id": 0
        },
        {
            "time_step": 3,
            "original_data_path": "/content/drive/Othercomputers/\ub0b4 \ub178\ud2b8\ubd81/Forked_Models/Validation/Validation/_\ub77c\ubca8_General_val_C/district/3. \ud6c4\ubc29 \ubc29\ud5a5 \uc774\ubbf8\uc9c0/[district]morning_952C/[district]morning_952C_10.json",
            "id": 0
        }
    ],
    "label": 1
}