{
    "data": [
        [
            0.40520833333333334,
            0.5416666666666666,
            -0.012500000000000011,
            -0.028703703703703676,
            0.005208333333333315,
            -0.004629629629629539,
            0.021354166666666674,
            0.05555555555555558
        ],
        [
            0.40260416666666665,
            0.5361111111111111,
            -0.007291666666666641,
            -0.015740740740740722,
            0.0005208333333333592,
            -0.012962962962962954,
            0.025000000000000022,
            0.050000000000000044
        ],
        [
            0.40260416666666665,
            0.5361111111111111,
            -0.007291666666666641,
            -0.015740740740740722,
            0.0005208333333333592,
            -0.012962962962962954,
            0.02656249999999999,
            0.05740740740740746
        ]
    ],
    "original_data": [
        {
            "time_step": 1,
            "original_data_path": "/content/drive/Othercomputers/\ub0b4 \ub178\ud2b8\ubd81/Forked_Models/Validation/Validation/_\ub77c\ubca8_General_val_C/district/3. \ud6c4\ubc29 \ubc29\ud5a5 \uc774\ubbf8\uc9c0/[district]morning_516C/[district]morning_516C_195.json",
            "id": 0
        },
        {
            "time_step": 2,
            "original_data_path": "/content/drive/Othercomputers/\ub0b4 \ub178\ud2b8\ubd81/Forked_Models/Validation/Validation/_\ub77c\ubca8_General_val_C/district/3. \ud6c4\ubc29 \ubc29\ud5a5 \uc774\ubbf8\uc9c0/[district]morning_516C/[district]morning_516C_200.json",
            "id": 0
        },
        {
            "time_step": 3,
            "original_data_path": "/content/drive/Othercomputers/\ub0b4 \ub178\ud2b8\ubd81/Forked_Models/Validation/Validation/_\ub77c\ubca8_General_val_C/district/3. \ud6c4\ubc29 \ubc29\ud5a5 \uc774\ubbf8\uc9c0/[district]morning_516C/[district]morning_516C_205.json",
            "id": 0
        }
    ],
    "label": 1
}