{
    "data": [
        [
            0.5390625,
            0.19166666666666668,
            -0.007291666666666696,
            -0.0675925925925926,
            0.03281250000000002,
            0.03425925925925924,
            -0.02083333333333337,
            0.08148148148148146
        ],
        [
            0.5208333333333334,
            0.20092592592592592,
            -0.02395833333333336,
            -0.05925925925925926,
            0.044791666666666674,
            0.022222222222222227,
            -0.007291666666666696,
            0.06574074074074074
        ],
        [
            0.5161458333333333,
            0.2037037037037037,
            -0.019270833333333293,
            -0.04351851851851851,
            0.04531249999999998,
            0.025000000000000022,
            -0.024479166666666663,
            0.052777777777777785
        ]
    ],
    "original_data": [
        {
            "time_step": 1,
            "original_data_path": "/content/drive/Othercomputers/\ub0b4 \ub178\ud2b8\ubd81/Forked_Models/Validation/Validation/_\ub77c\ubca8_General_val_C/district/3. \ud6c4\ubc29 \ubc29\ud5a5 \uc774\ubbf8\uc9c0/[district]day_025C/[district]day_025C_72.json",
            "id": 1
        },
        {
            "time_step": 2,
            "original_data_path": "/content/drive/Othercomputers/\ub0b4 \ub178\ud2b8\ubd81/Forked_Models/Validation/Validation/_\ub77c\ubca8_General_val_C/district/3. \ud6c4\ubc29 \ubc29\ud5a5 \uc774\ubbf8\uc9c0/[district]day_025C/[district]day_025C_74.json",
            "id": 1
        },
        {
            "time_step": 3,
            "original_data_path": "/content/drive/Othercomputers/\ub0b4 \ub178\ud2b8\ubd81/Forked_Models/Validation/Validation/_\ub77c\ubca8_General_val_C/district/3. \ud6c4\ubc29 \ubc29\ud5a5 \uc774\ubbf8\uc9c0/[district]day_025C/[district]day_025C_76.json",
            "id": 1
        }
    ],
    "label": 1
}