{
    "data": [
        [
            0.29375,
            0.375,
            -0.008854166666666663,
            -0.033333333333333326,
            0.052604166666666674,
            0.021296296296296313,
            -0.0234375,
            0.08055555555555555
        ],
        [
            0.27760416666666665,
            0.38425925925925924,
            -0.006249999999999978,
            -0.025925925925925908,
            0.057291666666666685,
            0.015740740740740777,
            -0.012500000000000011,
            0.07962962962962966
        ],
        [
            0.26927083333333335,
            0.36666666666666664,
            -0.013541666666666674,
            -0.029629629629629617,
            0.047395833333333304,
            0.03240740740740744,
            -0.006250000000000033,
            0.09259259259259262
        ]
    ],
    "original_data": [
        {
            "time_step": 1,
            "original_data_path": "/content/drive/Othercomputers/\ub0b4 \ub178\ud2b8\ubd81/Forked_Models/Validation/Validation/_\ub77c\ubca8_General_val_C/district/3. \ud6c4\ubc29 \ubc29\ud5a5 \uc774\ubbf8\uc9c0/[district]night_624C/[district]night_624C_240.json",
            "id": 2
        },
        {
            "time_step": 2,
            "original_data_path": "/content/drive/Othercomputers/\ub0b4 \ub178\ud2b8\ubd81/Forked_Models/Validation/Validation/_\ub77c\ubca8_General_val_C/district/3. \ud6c4\ubc29 \ubc29\ud5a5 \uc774\ubbf8\uc9c0/[district]night_624C/[district]night_624C_245.json",
            "id": 2
        },
        {
            "time_step": 3,
            "original_data_path": "/content/drive/Othercomputers/\ub0b4 \ub178\ud2b8\ubd81/Forked_Models/Validation/Validation/_\ub77c\ubca8_General_val_C/district/3. \ud6c4\ubc29 \ubc29\ud5a5 \uc774\ubbf8\uc9c0/[district]night_624C/[district]night_624C_250.json",
            "id": 2
        }
    ],
    "label": 1
}