{
    "data": [
        [
            0.49635416666666665,
            0.2537037037037037,
            -0.0078125,
            -0.041666666666666685,
            -0.016666666666666663,
            0.015740740740740722,
            0.005729166666666674,
            0.04351851851851851
        ],
        [
            0.4901041666666667,
            0.25462962962962965,
            -0.009895833333333326,
            -0.029629629629629645,
            -0.010416666666666685,
            0.01481481481481478,
            0.011979166666666652,
            0.04259259259259257
        ],
        [
            0.48489583333333336,
            0.2777777777777778,
            -0.00520833333333337,
            -0.040740740740740744,
            -0.015625,
            0.017592592592592604,
            0.008854166666666663,
            0.0398148148148148
        ]
    ],
    "original_data": [
        {
            "time_step": 1,
            "original_data_path": "/content/drive/Othercomputers/\ub0b4 \ub178\ud2b8\ubd81/Forked_Models/Validation/Validation/_\ub77c\ubca8_General_val_C/district/3. \ud6c4\ubc29 \ubc29\ud5a5 \uc774\ubbf8\uc9c0/[district]attend_533C/[district]attend_533C_100.json",
            "id": 4
        },
        {
            "time_step": 2,
            "original_data_path": "/content/drive/Othercomputers/\ub0b4 \ub178\ud2b8\ubd81/Forked_Models/Validation/Validation/_\ub77c\ubca8_General_val_C/district/3. \ud6c4\ubc29 \ubc29\ud5a5 \uc774\ubbf8\uc9c0/[district]attend_533C/[district]attend_533C_105.json",
            "id": 4
        },
        {
            "time_step": 3,
            "original_data_path": "/content/drive/Othercomputers/\ub0b4 \ub178\ud2b8\ubd81/Forked_Models/Validation/Validation/_\ub77c\ubca8_General_val_C/district/3. \ud6c4\ubc29 \ubc29\ud5a5 \uc774\ubbf8\uc9c0/[district]attend_533C/[district]attend_533C_110.json",
            "id": 4
        }
    ],
    "label": 1
}