{
    "data": [
        [
            0.37083333333333335,
            0.42314814814814816,
            -0.021875000000000033,
            -0.046296296296296335,
            0.036979166666666674,
            0.0009259259259258856,
            0.025520833333333326,
            0.08240740740740737
        ],
        [
            0.375,
            0.412962962962963,
            -0.019791666666666652,
            -0.046296296296296335,
            0.03437499999999999,
            0.0018518518518518268,
            0.021354166666666674,
            0.09259259259259256
        ],
        [
            0.375,
            0.412962962962963,
            -0.019791666666666652,
            -0.046296296296296335,
            0.03437499999999999,
            0.0018518518518518268,
            0.021354166666666674,
            0.09259259259259256
        ]
    ],
    "original_data": [
        {
            "time_step": 1,
            "original_data_path": "/content/drive/Othercomputers/\ub0b4 \ub178\ud2b8\ubd81/Forked_Models/Validation/Validation/_\ub77c\ubca8_General_val_C/district/3. \ud6c4\ubc29 \ubc29\ud5a5 \uc774\ubbf8\uc9c0/[district]night_631C/[district]night_631C_45.json",
            "id": 2
        },
        {
            "time_step": 2,
            "original_data_path": "/content/drive/Othercomputers/\ub0b4 \ub178\ud2b8\ubd81/Forked_Models/Validation/Validation/_\ub77c\ubca8_General_val_C/district/3. \ud6c4\ubc29 \ubc29\ud5a5 \uc774\ubbf8\uc9c0/[district]night_631C/[district]night_631C_50.json",
            "id": 2
        },
        {
            "time_step": 3,
            "original_data_path": "/content/drive/Othercomputers/\ub0b4 \ub178\ud2b8\ubd81/Forked_Models/Validation/Validation/_\ub77c\ubca8_General_val_C/district/3. \ud6c4\ubc29 \ubc29\ud5a5 \uc774\ubbf8\uc9c0/[district]night_631C/[district]night_631C_55.json",
            "id": 2
        }
    ],
    "label": 1
}