{
    "data": [
        [
            0.584375,
            0.3037037037037037,
            -0.010937499999999933,
            -0.04999999999999999,
            0.015625,
            0.025925925925925908,
            -0.004166666666666652,
            0.06851851851851853
        ],
        [
            0.584375,
            0.3037037037037037,
            -0.008333333333333304,
            -0.05277777777777776,
            0.015625,
            0.025925925925925908,
            -0.004166666666666652,
            0.06851851851851853
        ],
        [
            0.584375,
            0.3037037037037037,
            -0.009375000000000022,
            -0.04629629629629628,
            0.015625,
            0.025925925925925908,
            -0.004166666666666652,
            0.06851851851851853
        ]
    ],
    "original_data": [
        {
            "time_step": 1,
            "original_data_path": "/content/drive/Othercomputers/\ub0b4 \ub178\ud2b8\ubd81/Forked_Models/Validation/Validation/_\ub77c\ubca8_General_val_C/district/3. \ud6c4\ubc29 \ubc29\ud5a5 \uc774\ubbf8\uc9c0/[district]day_950C/[district]day_950C_45.json",
            "id": 0
        },
        {
            "time_step": 2,
            "original_data_path": "/content/drive/Othercomputers/\ub0b4 \ub178\ud2b8\ubd81/Forked_Models/Validation/Validation/_\ub77c\ubca8_General_val_C/district/3. \ud6c4\ubc29 \ubc29\ud5a5 \uc774\ubbf8\uc9c0/[district]day_950C/[district]day_950C_50.json",
            "id": 0
        },
        {
            "time_step": 3,
            "original_data_path": "/content/drive/Othercomputers/\ub0b4 \ub178\ud2b8\ubd81/Forked_Models/Validation/Validation/_\ub77c\ubca8_General_val_C/district/3. \ud6c4\ubc29 \ubc29\ud5a5 \uc774\ubbf8\uc9c0/[district]day_950C/[district]day_950C_55.json",
            "id": 0
        }
    ],
    "label": 1
}