{
    "data": [
        [
            0.4796875,
            0.3907407407407407,
            -0.011458333333333348,
            -0.05092592592592593,
            0.03593750000000001,
            0.013888888888888895,
            -0.02812500000000001,
            0.07592592592592595
        ],
        [
            0.4895833333333333,
            0.39814814814814814,
            -0.007291666666666641,
            -0.04999999999999999,
            0.026041666666666685,
            0.006481481481481477,
            -0.027604166666666652,
            0.0712962962962963
        ],
        [
            0.49114583333333334,
            0.4046296296296296,
            -0.008854166666666663,
            -0.056481481481481466,
            0.03281249999999997,
            0.009259259259259245,
            -0.029166666666666674,
            0.06481481481481483
        ]
    ],
    "original_data": [
        {
            "time_step": 1,
            "original_data_path": "/content/drive/Othercomputers/\ub0b4 \ub178\ud2b8\ubd81/Forked_Models/Validation/Validation/_\ub77c\ubca8_General_val_C/district/3. \ud6c4\ubc29 \ubc29\ud5a5 \uc774\ubbf8\uc9c0/[district]day_990C/[district]day_990C_225.json",
            "id": 3
        },
        {
            "time_step": 2,
            "original_data_path": "/content/drive/Othercomputers/\ub0b4 \ub178\ud2b8\ubd81/Forked_Models/Validation/Validation/_\ub77c\ubca8_General_val_C/district/3. \ud6c4\ubc29 \ubc29\ud5a5 \uc774\ubbf8\uc9c0/[district]day_990C/[district]day_990C_230.json",
            "id": 3
        },
        {
            "time_step": 3,
            "original_data_path": "/content/drive/Othercomputers/\ub0b4 \ub178\ud2b8\ubd81/Forked_Models/Validation/Validation/_\ub77c\ubca8_General_val_C/district/3. \ud6c4\ubc29 \ubc29\ud5a5 \uc774\ubbf8\uc9c0/[district]day_990C/[district]day_990C_235.json",
            "id": 3
        }
    ],
    "label": 1
}