{
    "data": [
        [
            0.4015625,
            0.2064814814814815,
            0.008854166666666663,
            -0.01574074074074075,
            -0.03385416666666663,
            -0.005555555555555564,
            0.014062500000000033,
            0.012962962962962954
        ],
        [
            0.4119791666666667,
            0.2074074074074074,
            0.006770833333333337,
            -0.018518518518518517,
            -0.033854166666666685,
            -0.006481481481481477,
            0.016666666666666663,
            0.009259259259259273
        ],
        [
            0.428125,
            0.22407407407407406,
            0.006250000000000033,
            -0.021296296296296285,
            -0.03489583333333329,
            -0.01203703703703704,
            0.022916666666666696,
            0.010185185185185186
        ]
    ],
    "original_data": [
        {
            "time_step": 1,
            "original_data_path": "/content/drive/Othercomputers/\ub0b4 \ub178\ud2b8\ubd81/Forked_Models/Validation/Validation/_\ub77c\ubca8_General_val_C/district/3. \ud6c4\ubc29 \ubc29\ud5a5 \uc774\ubbf8\uc9c0/[district]attend_560C/[district]attend_560C_230.json",
            "id": 0
        },
        {
            "time_step": 2,
            "original_data_path": "/content/drive/Othercomputers/\ub0b4 \ub178\ud2b8\ubd81/Forked_Models/Validation/Validation/_\ub77c\ubca8_General_val_C/district/3. \ud6c4\ubc29 \ubc29\ud5a5 \uc774\ubbf8\uc9c0/[district]attend_560C/[district]attend_560C_235.json",
            "id": 0
        },
        {
            "time_step": 3,
            "original_data_path": "/content/drive/Othercomputers/\ub0b4 \ub178\ud2b8\ubd81/Forked_Models/Validation/Validation/_\ub77c\ubca8_General_val_C/district/3. \ud6c4\ubc29 \ubc29\ud5a5 \uc774\ubbf8\uc9c0/[district]attend_560C/[district]attend_560C_240.json",
            "id": 0
        }
    ],
    "label": 1
}