{
    "data": [
        [
            0.65,
            0.2518518518518518,
            -0.014062499999999978,
            -0.0222222222222222,
            -0.033333333333333326,
            0.00833333333333336,
            0.017708333333333326,
            0.018518518518518545
        ],
        [
            0.6442708333333333,
            0.2537037037037037,
            -0.014583333333333393,
            -0.021296296296296313,
            -0.03541666666666665,
            0.01851851851851849,
            0.01041666666666663,
            0.017592592592592604
        ],
        [
            0.6442708333333333,
            0.2537037037037037,
            -0.014583333333333393,
            -0.021296296296296313,
            -0.03541666666666665,
            0.01851851851851849,
            0.01041666666666663,
            0.017592592592592604
        ]
    ],
    "original_data": [
        {
            "time_step": 1,
            "original_data_path": "/content/drive/Othercomputers/\ub0b4 \ub178\ud2b8\ubd81/Forked_Models/Validation/Validation/_\ub77c\ubca8_General_val_C/district/3. \ud6c4\ubc29 \ubc29\ud5a5 \uc774\ubbf8\uc9c0/[district]attend_1124C/[district]attend_1124C_110.json",
            "id": 1
        },
        {
            "time_step": 2,
            "original_data_path": "/content/drive/Othercomputers/\ub0b4 \ub178\ud2b8\ubd81/Forked_Models/Validation/Validation/_\ub77c\ubca8_General_val_C/district/3. \ud6c4\ubc29 \ubc29\ud5a5 \uc774\ubbf8\uc9c0/[district]attend_1124C/[district]attend_1124C_115.json",
            "id": 1
        },
        {
            "time_step": 3,
            "original_data_path": "/content/drive/Othercomputers/\ub0b4 \ub178\ud2b8\ubd81/Forked_Models/Validation/Validation/_\ub77c\ubca8_General_val_C/district/3. \ud6c4\ubc29 \ubc29\ud5a5 \uc774\ubbf8\uc9c0/[district]attend_1124C/[district]attend_1124C_120.json",
            "id": 1
        }
    ],
    "label": 1
}