{
    "data": [
        [
            0.5744791666666667,
            0.1712962962962963,
            -0.014583333333333282,
            -0.04444444444444445,
            0.017708333333333326,
            0.044444444444444425,
            0.005729166666666674,
            0.13703703703703704
        ],
        [
            0.5395833333333333,
            0.17685185185185184,
            -0.01302083333333326,
            -0.04259259259259257,
            0.03281250000000002,
            0.02685185185185185,
            0.0078125,
            0.11296296296296296
        ],
        [
            0.5161458333333333,
            0.18703703703703703,
            -0.02604166666666663,
            -0.03796296296296295,
            0.050000000000000044,
            0.022222222222222227,
            -0.002083333333333326,
            0.11574074074074073
        ]
    ],
    "original_data": [
        {
            "time_step": 1,
            "original_data_path": "/content/drive/Othercomputers/\ub0b4 \ub178\ud2b8\ubd81/Forked_Models/Validation/Validation/_\ub77c\ubca8_General_val_C/district/3. \ud6c4\ubc29 \ubc29\ud5a5 \uc774\ubbf8\uc9c0/[district]attend_044C/[district]attend_044C_86.json",
            "id": 1
        },
        {
            "time_step": 2,
            "original_data_path": "/content/drive/Othercomputers/\ub0b4 \ub178\ud2b8\ubd81/Forked_Models/Validation/Validation/_\ub77c\ubca8_General_val_C/district/3. \ud6c4\ubc29 \ubc29\ud5a5 \uc774\ubbf8\uc9c0/[district]attend_044C/[district]attend_044C_88.json",
            "id": 1
        },
        {
            "time_step": 3,
            "original_data_path": "/content/drive/Othercomputers/\ub0b4 \ub178\ud2b8\ubd81/Forked_Models/Validation/Validation/_\ub77c\ubca8_General_val_C/district/3. \ud6c4\ubc29 \ubc29\ud5a5 \uc774\ubbf8\uc9c0/[district]attend_044C/[district]attend_044C_90.json",
            "id": 1
        }
    ],
    "label": 1
}