{
    "data": [
        [
            0.5963541666666666,
            0.3148148148148148,
            -0.014062499999999978,
            -0.0314814814814815,
            -0.016666666666666607,
            0.01851851851851849,
            0.021354166666666674,
            0.05277777777777776
        ],
        [
            0.5854166666666667,
            0.3138888888888889,
            -0.0078125,
            -0.029629629629629617,
            -0.01041666666666674,
            0.020370370370370372,
            0.028124999999999956,
            0.04259259259259257
        ],
        [
            0.5854166666666667,
            0.3175925925925926,
            -0.0078125,
            -0.02870370370370373,
            0.01822916666666663,
            0.017592592592592604,
            0.017187500000000022,
            0.03888888888888886
        ]
    ],
    "original_data": [
        {
            "time_step": 1,
            "original_data_path": "/content/drive/Othercomputers/\ub0b4 \ub178\ud2b8\ubd81/Forked_Models/Validation/Validation/_\ub77c\ubca8_General_val_C/district/3. \ud6c4\ubc29 \ubc29\ud5a5 \uc774\ubbf8\uc9c0/[district]attend_1124C/[district]attend_1124C_230.json",
            "id": 0
        },
        {
            "time_step": 2,
            "original_data_path": "/content/drive/Othercomputers/\ub0b4 \ub178\ud2b8\ubd81/Forked_Models/Validation/Validation/_\ub77c\ubca8_General_val_C/district/3. \ud6c4\ubc29 \ubc29\ud5a5 \uc774\ubbf8\uc9c0/[district]attend_1124C/[district]attend_1124C_235.json",
            "id": 0
        },
        {
            "time_step": 3,
            "original_data_path": "/content/drive/Othercomputers/\ub0b4 \ub178\ud2b8\ubd81/Forked_Models/Validation/Validation/_\ub77c\ubca8_General_val_C/district/3. \ud6c4\ubc29 \ubc29\ud5a5 \uc774\ubbf8\uc9c0/[district]attend_1124C/[district]attend_1124C_240.json",
            "id": 0
        }
    ],
    "label": 1
}