{
    "data": [
        [
            0.453125,
            0.34444444444444444,
            -0.013020833333333315,
            -0.028703703703703676,
            0.01874999999999999,
            -0.020370370370370372,
            0.017708333333333326,
            0.06481481481481483
        ],
        [
            0.453125,
            0.34444444444444444,
            -0.013541666666666674,
            -0.025925925925925908,
            0.02031250000000001,
            -0.0222222222222222,
            0.02395833333333336,
            0.07777777777777778
        ],
        [
            0.4588541666666667,
            0.3472222222222222,
            -0.01614583333333336,
            -0.02407407407407408,
            0.011458333333333348,
            -0.02407407407407408,
            0.026041666666666685,
            0.07314814814814818
        ]
    ],
    "original_data": [
        {
            "time_step": 1,
            "original_data_path": "/content/drive/Othercomputers/\ub0b4 \ub178\ud2b8\ubd81/Forked_Models/Validation/Validation/_\ub77c\ubca8_General_val_C/district/3. \ud6c4\ubc29 \ubc29\ud5a5 \uc774\ubbf8\uc9c0/[district]leave_499C/[district]leave_499C_10.json",
            "id": 0
        },
        {
            "time_step": 2,
            "original_data_path": "/content/drive/Othercomputers/\ub0b4 \ub178\ud2b8\ubd81/Forked_Models/Validation/Validation/_\ub77c\ubca8_General_val_C/district/3. \ud6c4\ubc29 \ubc29\ud5a5 \uc774\ubbf8\uc9c0/[district]leave_499C/[district]leave_499C_15.json",
            "id": 0
        },
        {
            "time_step": 3,
            "original_data_path": "/content/drive/Othercomputers/\ub0b4 \ub178\ud2b8\ubd81/Forked_Models/Validation/Validation/_\ub77c\ubca8_General_val_C/district/3. \ud6c4\ubc29 \ubc29\ud5a5 \uc774\ubbf8\uc9c0/[district]leave_499C/[district]leave_499C_20.json",
            "id": 0
        }
    ],
    "label": 1
}