{
    "data": [
        [
            0.6026041666666667,
            0.08425925925925926,
            -0.0010416666666667185,
            -0.027777777777777776,
            -0.018750000000000044,
            0.009259259259259259,
            0.01718749999999991,
            0.009259259259259259
        ],
        [
            0.6026041666666667,
            0.08425925925925926,
            -0.0010416666666667185,
            -0.027777777777777776,
            -0.018750000000000044,
            0.009259259259259259,
            0.01718749999999991,
            0.009259259259259259
        ],
        [
            0.6052083333333333,
            0.08425925925925926,
            -0.0005208333333333037,
            -0.027777777777777776,
            -0.018750000000000044,
            0.011111111111111113,
            0.016145833333333304,
            0.009259259259259259
        ]
    ],
    "original_data": [
        {
            "time_step": 1,
            "original_data_path": "/content/drive/Othercomputers/\ub0b4 \ub178\ud2b8\ubd81/Forked_Models/Validation/Validation/_\ub77c\ubca8_General_val_C/district/3. \ud6c4\ubc29 \ubc29\ud5a5 \uc774\ubbf8\uc9c0/[district]leave_001C/[district]leave_001C_34.json",
            "id": 0
        },
        {
            "time_step": 2,
            "original_data_path": "/content/drive/Othercomputers/\ub0b4 \ub178\ud2b8\ubd81/Forked_Models/Validation/Validation/_\ub77c\ubca8_General_val_C/district/3. \ud6c4\ubc29 \ubc29\ud5a5 \uc774\ubbf8\uc9c0/[district]leave_001C/[district]leave_001C_36.json",
            "id": 0
        },
        {
            "time_step": 3,
            "original_data_path": "/content/drive/Othercomputers/\ub0b4 \ub178\ud2b8\ubd81/Forked_Models/Validation/Validation/_\ub77c\ubca8_General_val_C/district/3. \ud6c4\ubc29 \ubc29\ud5a5 \uc774\ubbf8\uc9c0/[district]leave_001C/[district]leave_001C_38.json",
            "id": 0
        }
    ],
    "label": 1
}