{
    "data": [
        [
            0.5265625,
            0.11018518518518519,
            -0.029687500000000033,
            -0.048148148148148155,
            0.04062499999999991,
            0.028703703703703703,
            0.027604166666666652,
            0.08703703703703702
        ],
        [
            0.4713541666666667,
            0.1527777777777778,
            -0.041666666666666685,
            -0.0425925925925926,
            0.024999999999999967,
            -0.0027777777777777957,
            0.0,
            0.09259259259259259
        ],
        [
            0.384375,
            0.22407407407407406,
            -0.027604166666666707,
            -0.017592592592592576,
            0.0390625,
            -0.010185185185185186,
            -0.0015625000000000222,
            0.0648148148148148
        ]
    ],
    "original_data": [
        {
            "time_step": 1,
            "original_data_path": "/content/drive/Othercomputers/\ub0b4 \ub178\ud2b8\ubd81/Forked_Models/Validation/Validation/_\ub77c\ubca8_General_val_C/district/3. \ud6c4\ubc29 \ubc29\ud5a5 \uc774\ubbf8\uc9c0/[district]leave_047C/[district]leave_047C_96.json",
            "id": 4
        },
        {
            "time_step": 2,
            "original_data_path": "/content/drive/Othercomputers/\ub0b4 \ub178\ud2b8\ubd81/Forked_Models/Validation/Validation/_\ub77c\ubca8_General_val_C/district/3. \ud6c4\ubc29 \ubc29\ud5a5 \uc774\ubbf8\uc9c0/[district]leave_047C/[district]leave_047C_98.json",
            "id": 4
        },
        {
            "time_step": 3,
            "original_data_path": "/content/drive/Othercomputers/\ub0b4 \ub178\ud2b8\ubd81/Forked_Models/Validation/Validation/_\ub77c\ubca8_General_val_C/district/3. \ud6c4\ubc29 \ubc29\ud5a5 \uc774\ubbf8\uc9c0/[district]leave_047C/[district]leave_047C_100.json",
            "id": 4
        }
    ],
    "label": 1
}