{
    "data": [
        [
            0.39375,
            0.5055555555555555,
            -0.013541666666666674,
            -0.06481481481481477,
            -0.001041666666666663,
            -0.04351851851851851,
            0.017187500000000022,
            0.05833333333333335
        ],
        [
            0.39375,
            0.5055555555555555,
            -0.013541666666666674,
            -0.06481481481481477,
            -0.001041666666666663,
            -0.04351851851851851,
            0.017187500000000022,
            0.05833333333333335
        ],
        [
            0.39375,
            0.5055555555555555,
            -0.013541666666666674,
            -0.06481481481481477,
            -0.001041666666666663,
            -0.04351851851851851,
            0.017187500000000022,
            0.05833333333333335
        ]
    ],
    "original_data": [
        {
            "time_step": 1,
            "original_data_path": "/content/drive/Othercomputers/\ub0b4 \ub178\ud2b8\ubd81/Forked_Models/Validation/Validation/_\ub77c\ubca8_General_val_C/district/3. \ud6c4\ubc29 \ubc29\ud5a5 \uc774\ubbf8\uc9c0/[district]day_990C/[district]day_990C_40.json",
            "id": 0
        },
        {
            "time_step": 2,
            "original_data_path": "/content/drive/Othercomputers/\ub0b4 \ub178\ud2b8\ubd81/Forked_Models/Validation/Validation/_\ub77c\ubca8_General_val_C/district/3. \ud6c4\ubc29 \ubc29\ud5a5 \uc774\ubbf8\uc9c0/[district]day_990C/[district]day_990C_45.json",
            "id": 0
        },
        {
            "time_step": 3,
            "original_data_path": "/content/drive/Othercomputers/\ub0b4 \ub178\ud2b8\ubd81/Forked_Models/Validation/Validation/_\ub77c\ubca8_General_val_C/district/3. \ud6c4\ubc29 \ubc29\ud5a5 \uc774\ubbf8\uc9c0/[district]day_990C/[district]day_990C_50.json",
            "id": 0
        }
    ],
    "label": 1
}