{
    "data": [
        [
            0.6182291666666667,
            0.13425925925925927,
            -0.00520833333333337,
            -0.043518518518518526,
            -0.0026041666666667407,
            0.05462962962962961,
            0.015625,
            0.08425925925925926
        ],
        [
            0.6057291666666667,
            0.12685185185185185,
            -0.007291666666666696,
            -0.03611111111111111,
            0.009895833333333326,
            0.06203703703703703,
            0.028125000000000067,
            0.09166666666666667
        ],
        [
            0.6020833333333333,
            0.12777777777777777,
            -0.0067708333333332815,
            -0.03611111111111111,
            0.008333333333333415,
            0.061111111111111116,
            0.016145833333333415,
            0.09259259259259262
        ]
    ],
    "original_data": [
        {
            "time_step": 1,
            "original_data_path": "/content/drive/Othercomputers/\ub0b4 \ub178\ud2b8\ubd81/Forked_Models/Validation/Validation/_\ub77c\ubca8_General_val_C/district/3. \ud6c4\ubc29 \ubc29\ud5a5 \uc774\ubbf8\uc9c0/[district]attend_057C/[district]attend_057C_72.json",
            "id": 1
        },
        {
            "time_step": 2,
            "original_data_path": "/content/drive/Othercomputers/\ub0b4 \ub178\ud2b8\ubd81/Forked_Models/Validation/Validation/_\ub77c\ubca8_General_val_C/district/3. \ud6c4\ubc29 \ubc29\ud5a5 \uc774\ubbf8\uc9c0/[district]attend_057C/[district]attend_057C_74.json",
            "id": 1
        },
        {
            "time_step": 3,
            "original_data_path": "/content/drive/Othercomputers/\ub0b4 \ub178\ud2b8\ubd81/Forked_Models/Validation/Validation/_\ub77c\ubca8_General_val_C/district/3. \ud6c4\ubc29 \ubc29\ud5a5 \uc774\ubbf8\uc9c0/[district]attend_057C/[district]attend_057C_76.json",
            "id": 1
        }
    ],
    "label": 1
}