{
    "data": [
        [
            0.5786458333333333,
            0.15833333333333333,
            -0.024479166666666607,
            -0.027777777777777762,
            0.016145833333333415,
            0.0537037037037037,
            0.04375000000000007,
            0.0537037037037037
        ],
        [
            0.5786458333333333,
            0.15833333333333333,
            -0.024479166666666607,
            -0.027777777777777762,
            0.020312500000000067,
            0.05000000000000002,
            0.04375000000000007,
            0.0537037037037037
        ],
        [
            0.5510416666666667,
            0.1824074074074074,
            -0.027083333333333348,
            -0.03240740740740741,
            0.02604166666666663,
            0.06203703703703703,
            0.03802083333333339,
            0.07037037037037036
        ]
    ],
    "original_data": [
        {
            "time_step": 1,
            "original_data_path": "/content/drive/Othercomputers/\ub0b4 \ub178\ud2b8\ubd81/Forked_Models/Validation/Validation/_\ub77c\ubca8_General_val_C/district/3. \ud6c4\ubc29 \ubc29\ud5a5 \uc774\ubbf8\uc9c0/[district]attend_057C/[district]attend_057C_96.json",
            "id": 1
        },
        {
            "time_step": 2,
            "original_data_path": "/content/drive/Othercomputers/\ub0b4 \ub178\ud2b8\ubd81/Forked_Models/Validation/Validation/_\ub77c\ubca8_General_val_C/district/3. \ud6c4\ubc29 \ubc29\ud5a5 \uc774\ubbf8\uc9c0/[district]attend_057C/[district]attend_057C_98.json",
            "id": 1
        },
        {
            "time_step": 3,
            "original_data_path": "/content/drive/Othercomputers/\ub0b4 \ub178\ud2b8\ubd81/Forked_Models/Validation/Validation/_\ub77c\ubca8_General_val_C/district/3. \ud6c4\ubc29 \ubc29\ud5a5 \uc774\ubbf8\uc9c0/[district]attend_057C/[district]attend_057C_100.json",
            "id": 1
        }
    ],
    "label": 1
}