{
    "data": [
        [
            0.2942708333333333,
            0.48333333333333334,
            -0.015625,
            -0.04259259259259257,
            -0.030208333333333337,
            -0.010185185185185186,
            0.057812500000000044,
            0.021296296296296313
        ],
        [
            0.31197916666666664,
            0.4722222222222222,
            -0.013020833333333315,
            -0.040740740740740744,
            -0.02239583333333328,
            -0.017592592592592604,
            0.04062500000000002,
            0.02777777777777779
        ],
        [
            0.31197916666666664,
            0.4722222222222222,
            -0.013020833333333315,
            -0.040740740740740744,
            -0.02239583333333328,
            -0.017592592592592604,
            0.05625000000000002,
            0.037962962962962976
        ]
    ],
    "original_data": [
        {
            "time_step": 1,
            "original_data_path": "/content/drive/Othercomputers/\ub0b4 \ub178\ud2b8\ubd81/Forked_Models/Validation/Validation/_\ub77c\ubca8_General_val_C/district/3. \ud6c4\ubc29 \ubc29\ud5a5 \uc774\ubbf8\uc9c0/[district]day_420C/[district]day_420C_80.json",
            "id": 4
        },
        {
            "time_step": 2,
            "original_data_path": "/content/drive/Othercomputers/\ub0b4 \ub178\ud2b8\ubd81/Forked_Models/Validation/Validation/_\ub77c\ubca8_General_val_C/district/3. \ud6c4\ubc29 \ubc29\ud5a5 \uc774\ubbf8\uc9c0/[district]day_420C/[district]day_420C_85.json",
            "id": 4
        },
        {
            "time_step": 3,
            "original_data_path": "/content/drive/Othercomputers/\ub0b4 \ub178\ud2b8\ubd81/Forked_Models/Validation/Validation/_\ub77c\ubca8_General_val_C/district/3. \ud6c4\ubc29 \ubc29\ud5a5 \uc774\ubbf8\uc9c0/[district]day_420C/[district]day_420C_90.json",
            "id": 4
        }
    ],
    "label": 1
}