{
    "data": [
        [
            0.4875,
            0.25,
            -0.0234375,
            -0.016666666666666663,
            0.014583333333333337,
            0.00462962962962965,
            0.029687500000000033,
            0.037962962962962976
        ],
        [
            0.46510416666666665,
            0.30277777777777776,
            -0.01874999999999999,
            -0.016666666666666663,
            0.025000000000000022,
            -0.004629629629629595,
            0.002604166666666685,
            0.05740740740740741
        ],
        [
            0.428125,
            0.35555555555555557,
            -0.016145833333333304,
            -0.02777777777777779,
            0.0390625,
            0.0018518518518518268,
            0.0,
            0.056481481481481466
        ]
    ],
    "original_data": [
        {
            "time_step": 1,
            "original_data_path": "/content/drive/Othercomputers/\ub0b4 \ub178\ud2b8\ubd81/Forked_Models/Validation/Validation/_\ub77c\ubca8_General_val_C/district/3. \ud6c4\ubc29 \ubc29\ud5a5 \uc774\ubbf8\uc9c0/[district]attend_1048C/[district]attend_1048C_240.json",
            "id": 0
        },
        {
            "time_step": 2,
            "original_data_path": "/content/drive/Othercomputers/\ub0b4 \ub178\ud2b8\ubd81/Forked_Models/Validation/Validation/_\ub77c\ubca8_General_val_C/district/3. \ud6c4\ubc29 \ubc29\ud5a5 \uc774\ubbf8\uc9c0/[district]attend_1048C/[district]attend_1048C_245.json",
            "id": 0
        },
        {
            "time_step": 3,
            "original_data_path": "/content/drive/Othercomputers/\ub0b4 \ub178\ud2b8\ubd81/Forked_Models/Validation/Validation/_\ub77c\ubca8_General_val_C/district/3. \ud6c4\ubc29 \ubc29\ud5a5 \uc774\ubbf8\uc9c0/[district]attend_1048C/[district]attend_1048C_250.json",
            "id": 0
        }
    ],
    "label": 1
}