{
    "data": [
        [
            0.46927083333333336,
            0.25462962962962965,
            -0.0078125,
            -0.037962962962962976,
            -0.02447916666666672,
            0.01944444444444443,
            0.028645833333333315,
            0.032407407407407385
        ],
        [
            0.4703125,
            0.26666666666666666,
            -0.00833333333333336,
            -0.04444444444444445,
            -0.027083333333333348,
            0.010185185185185186,
            0.029687499999999978,
            0.010185185185185186
        ],
        [
            0.48020833333333335,
            0.2722222222222222,
            -0.007291666666666696,
            -0.04537037037037034,
            -0.01614583333333336,
            -0.0018518518518518268,
            0.029687499999999978,
            0.016666666666666663
        ]
    ],
    "original_data": [
        {
            "time_step": 1,
            "original_data_path": "/content/drive/Othercomputers/\ub0b4 \ub178\ud2b8\ubd81/Forked_Models/Validation/Validation/_\ub77c\ubca8_General_val_C/district/3. \ud6c4\ubc29 \ubc29\ud5a5 \uc774\ubbf8\uc9c0/[district]attend_484C/[district]attend_484C_135.json",
            "id": 0
        },
        {
            "time_step": 2,
            "original_data_path": "/content/drive/Othercomputers/\ub0b4 \ub178\ud2b8\ubd81/Forked_Models/Validation/Validation/_\ub77c\ubca8_General_val_C/district/3. \ud6c4\ubc29 \ubc29\ud5a5 \uc774\ubbf8\uc9c0/[district]attend_484C/[district]attend_484C_140.json",
            "id": 0
        },
        {
            "time_step": 3,
            "original_data_path": "/content/drive/Othercomputers/\ub0b4 \ub178\ud2b8\ubd81/Forked_Models/Validation/Validation/_\ub77c\ubca8_General_val_C/district/3. \ud6c4\ubc29 \ubc29\ud5a5 \uc774\ubbf8\uc9c0/[district]attend_484C/[district]attend_484C_145.json",
            "id": 0
        }
    ],
    "label": 1
}