{
    "data": [
        [
            0.49947916666666664,
            0.15648148148148147,
            -0.0005208333333333037,
            -0.029629629629629617,
            -0.011979166666666652,
            0.0009259259259259411,
            0.01770833333333338,
            0.008333333333333331
        ],
        [
            0.48385416666666664,
            0.1712962962962963,
            0.0005208333333333592,
            -0.0314814814814815,
            -0.013020833333333315,
            0.002777777777777768,
            0.025000000000000078,
            0.00740740740740739
        ],
        [
            0.4734375,
            0.1925925925925926,
            0.0,
            -0.029629629629629617,
            -0.01614583333333336,
            0.0018518518518518545,
            0.02291666666666664,
            0.003703703703703709
        ]
    ],
    "original_data": [
        {
            "time_step": 1,
            "original_data_path": "/content/drive/Othercomputers/\ub0b4 \ub178\ud2b8\ubd81/Forked_Models/Validation/Validation/_\ub77c\ubca8_General_val_C/district/3. \ud6c4\ubc29 \ubc29\ud5a5 \uc774\ubbf8\uc9c0/[district]day_683C/[district]day_683C_245.json",
            "id": 5
        },
        {
            "time_step": 2,
            "original_data_path": "/content/drive/Othercomputers/\ub0b4 \ub178\ud2b8\ubd81/Forked_Models/Validation/Validation/_\ub77c\ubca8_General_val_C/district/3. \ud6c4\ubc29 \ubc29\ud5a5 \uc774\ubbf8\uc9c0/[district]day_683C/[district]day_683C_250.json",
            "id": 5
        },
        {
            "time_step": 3,
            "original_data_path": "/content/drive/Othercomputers/\ub0b4 \ub178\ud2b8\ubd81/Forked_Models/Validation/Validation/_\ub77c\ubca8_General_val_C/district/3. \ud6c4\ubc29 \ubc29\ud5a5 \uc774\ubbf8\uc9c0/[district]day_683C/[district]day_683C_255.json",
            "id": 5
        }
    ],
    "label": 1
}