{
    "data": [
        [
            0.3984375,
            0.29259259259259257,
            -0.010416666666666685,
            -0.012962962962962954,
            -0.006770833333333337,
            0.03611111111111115,
            0.033854166666666685,
            -0.012962962962962954
        ],
        [
            0.4125,
            0.29074074074074074,
            -0.011979166666666652,
            -0.010185185185185186,
            -0.01041666666666663,
            0.04722222222222222,
            0.03177083333333336,
            -0.0009259259259259411
        ],
        [
            0.4244791666666667,
            0.29074074074074074,
            -0.014062500000000033,
            -0.005555555555555536,
            -0.003645833333333348,
            0.02685185185185185,
            0.029687499999999978,
            0.0009259259259259411
        ]
    ],
    "original_data": [
        {
            "time_step": 1,
            "original_data_path": "/content/drive/Othercomputers/\ub0b4 \ub178\ud2b8\ubd81/Forked_Models/Validation/Validation/_\ub77c\ubca8_General_val_C/district/3. \ud6c4\ubc29 \ubc29\ud5a5 \uc774\ubbf8\uc9c0/[district]night_632C/[district]night_632C_215.json",
            "id": 1
        },
        {
            "time_step": 2,
            "original_data_path": "/content/drive/Othercomputers/\ub0b4 \ub178\ud2b8\ubd81/Forked_Models/Validation/Validation/_\ub77c\ubca8_General_val_C/district/3. \ud6c4\ubc29 \ubc29\ud5a5 \uc774\ubbf8\uc9c0/[district]night_632C/[district]night_632C_220.json",
            "id": 1
        },
        {
            "time_step": 3,
            "original_data_path": "/content/drive/Othercomputers/\ub0b4 \ub178\ud2b8\ubd81/Forked_Models/Validation/Validation/_\ub77c\ubca8_General_val_C/district/3. \ud6c4\ubc29 \ubc29\ud5a5 \uc774\ubbf8\uc9c0/[district]night_632C/[district]night_632C_225.json",
            "id": 1
        }
    ],
    "label": 1
}