{
    "data": [
        [
            0.7635416666666667,
            0.28055555555555556,
            0.002083333333333326,
            -0.03148148148148147,
            -0.01666666666666672,
            0.007407407407407418,
            0.021874999999999978,
            0.01944444444444443
        ],
        [
            0.7640625,
            0.27314814814814814,
            -0.0005208333333333037,
            -0.024999999999999994,
            -0.016666666666666607,
            0.017592592592592604,
            0.022916666666666696,
            0.02870370370370373
        ],
        [
            0.7677083333333333,
            0.2796296296296296,
            0.004166666666666652,
            -0.033333333333333326,
            -0.016666666666666607,
            0.002777777777777768,
            0.0234375,
            0.022222222222222254
        ]
    ],
    "original_data": [
        {
            "time_step": 1,
            "original_data_path": "/content/drive/Othercomputers/\ub0b4 \ub178\ud2b8\ubd81/Forked_Models/Validation/Validation/_\ub77c\ubca8_General_val_C/district/3. \ud6c4\ubc29 \ubc29\ud5a5 \uc774\ubbf8\uc9c0/[district]attend_1048C/[district]attend_1048C_5.json",
            "id": 1
        },
        {
            "time_step": 2,
            "original_data_path": "/content/drive/Othercomputers/\ub0b4 \ub178\ud2b8\ubd81/Forked_Models/Validation/Validation/_\ub77c\ubca8_General_val_C/district/3. \ud6c4\ubc29 \ubc29\ud5a5 \uc774\ubbf8\uc9c0/[district]attend_1048C/[district]attend_1048C_10.json",
            "id": 1
        },
        {
            "time_step": 3,
            "original_data_path": "/content/drive/Othercomputers/\ub0b4 \ub178\ud2b8\ubd81/Forked_Models/Validation/Validation/_\ub77c\ubca8_General_val_C/district/3. \ud6c4\ubc29 \ubc29\ud5a5 \uc774\ubbf8\uc9c0/[district]attend_1048C/[district]attend_1048C_15.json",
            "id": 1
        }
    ],
    "label": 1
}