{
    "data": [
        [
            0.49322916666666666,
            0.3287037037037037,
            -0.009375000000000022,
            -0.04351851851851851,
            -0.027083333333333348,
            -0.0092592592592593,
            0.019270833333333293,
            0.05462962962962964
        ],
        [
            0.5005208333333333,
            0.33425925925925926,
            -0.006249999999999978,
            -0.04351851851851851,
            -0.03281249999999997,
            -0.016666666666666663,
            0.028125000000000067,
            0.05185185185185187
        ],
        [
            0.5046875,
            0.33796296296296297,
            -0.003645833333333237,
            -0.04814814814814816,
            -0.03072916666666664,
            -0.016666666666666663,
            0.0234375,
            0.04629629629629628
        ]
    ],
    "original_data": [
        {
            "time_step": 1,
            "original_data_path": "/content/drive/Othercomputers/\ub0b4 \ub178\ud2b8\ubd81/Forked_Models/Validation/Validation/_\ub77c\ubca8_General_val_C/district/3. \ud6c4\ubc29 \ubc29\ud5a5 \uc774\ubbf8\uc9c0/[district]day_683C/[district]day_683C_100.json",
            "id": 0
        },
        {
            "time_step": 2,
            "original_data_path": "/content/drive/Othercomputers/\ub0b4 \ub178\ud2b8\ubd81/Forked_Models/Validation/Validation/_\ub77c\ubca8_General_val_C/district/3. \ud6c4\ubc29 \ubc29\ud5a5 \uc774\ubbf8\uc9c0/[district]day_683C/[district]day_683C_105.json",
            "id": 0
        },
        {
            "time_step": 3,
            "original_data_path": "/content/drive/Othercomputers/\ub0b4 \ub178\ud2b8\ubd81/Forked_Models/Validation/Validation/_\ub77c\ubca8_General_val_C/district/3. \ud6c4\ubc29 \ubc29\ud5a5 \uc774\ubbf8\uc9c0/[district]day_683C/[district]day_683C_110.json",
            "id": 0
        }
    ],
    "label": 1
}