{
    "data": [
        [
            0.5020833333333333,
            0.3333333333333333,
            -0.005729166666666674,
            -0.04537037037037034,
            -0.027083333333333348,
            -0.013888888888888895,
            0.02604166666666663,
            0.05092592592592593
        ],
        [
            0.4947916666666667,
            0.33055555555555555,
            -0.003645833333333348,
            -0.0398148148148148,
            -0.021875000000000033,
            -0.011111111111111127,
            0.02916666666666662,
            0.0537037037037037
        ],
        [
            0.4817708333333333,
            0.3296296296296296,
            -0.004166666666666652,
            -0.04259259259259257,
            -0.014583333333333337,
            -0.010185185185185186,
            0.02812500000000001,
            0.06018518518518523
        ]
    ],
    "original_data": [
        {
            "time_step": 1,
            "original_data_path": "/content/drive/Othercomputers/\ub0b4 \ub178\ud2b8\ubd81/Forked_Models/Validation/Validation/_\ub77c\ubca8_General_val_C/district/3. \ud6c4\ubc29 \ubc29\ud5a5 \uc774\ubbf8\uc9c0/[district]day_683C/[district]day_683C_135.json",
            "id": 0
        },
        {
            "time_step": 2,
            "original_data_path": "/content/drive/Othercomputers/\ub0b4 \ub178\ud2b8\ubd81/Forked_Models/Validation/Validation/_\ub77c\ubca8_General_val_C/district/3. \ud6c4\ubc29 \ubc29\ud5a5 \uc774\ubbf8\uc9c0/[district]day_683C/[district]day_683C_140.json",
            "id": 0
        },
        {
            "time_step": 3,
            "original_data_path": "/content/drive/Othercomputers/\ub0b4 \ub178\ud2b8\ubd81/Forked_Models/Validation/Validation/_\ub77c\ubca8_General_val_C/district/3. \ud6c4\ubc29 \ubc29\ud5a5 \uc774\ubbf8\uc9c0/[district]day_683C/[district]day_683C_145.json",
            "id": 0
        }
    ],
    "label": 1
}