{
    "data": [
        [
            0.3651041666666667,
            0.5203703703703704,
            0.0005208333333333037,
            -0.033333333333333326,
            -0.016666666666666663,
            0.0,
            0.04062499999999997,
            0.028703703703703676
        ],
        [
            0.37083333333333335,
            0.5296296296296297,
            -0.0005208333333333592,
            -0.03518518518518521,
            -0.02031250000000001,
            -0.0092592592592593,
            0.03802083333333334,
            0.026851851851851793
        ],
        [
            0.3729166666666667,
            0.5333333333333333,
            0.0,
            -0.040740740740740744,
            -0.019791666666666652,
            -0.011111111111111072,
            0.036458333333333315,
            0.028703703703703676
        ]
    ],
    "original_data": [
        {
            "time_step": 1,
            "original_data_path": "/content/drive/Othercomputers/\ub0b4 \ub178\ud2b8\ubd81/Forked_Models/Validation/Validation/_\ub77c\ubca8_General_val_C/district/3. \ud6c4\ubc29 \ubc29\ud5a5 \uc774\ubbf8\uc9c0/[district]leave_499C/[district]leave_499C_10.json",
            "id": 1
        },
        {
            "time_step": 2,
            "original_data_path": "/content/drive/Othercomputers/\ub0b4 \ub178\ud2b8\ubd81/Forked_Models/Validation/Validation/_\ub77c\ubca8_General_val_C/district/3. \ud6c4\ubc29 \ubc29\ud5a5 \uc774\ubbf8\uc9c0/[district]leave_499C/[district]leave_499C_15.json",
            "id": 1
        },
        {
            "time_step": 3,
            "original_data_path": "/content/drive/Othercomputers/\ub0b4 \ub178\ud2b8\ubd81/Forked_Models/Validation/Validation/_\ub77c\ubca8_General_val_C/district/3. \ud6c4\ubc29 \ubc29\ud5a5 \uc774\ubbf8\uc9c0/[district]leave_499C/[district]leave_499C_20.json",
            "id": 1
        }
    ],
    "label": 1
}