{
    "data": [
        [
            0.43645833333333334,
            0.3296296296296296,
            -0.006770833333333337,
            -0.030555555555555558,
            0.008333333333333304,
            0.005555555555555591,
            0.003124999999999989,
            0.05462962962962964
        ],
        [
            0.4328125,
            0.3398148148148148,
            -0.007291666666666641,
            -0.025925925925925908,
            0.011979166666666652,
            -0.005555555555555536,
            0.01302083333333337,
            0.05277777777777781
        ],
        [
            0.4359375,
            0.3388888888888889,
            -0.0036458333333332926,
            -0.03425925925925927,
            0.008854166666666663,
            -0.00462962962962965,
            0.011458333333333348,
            0.04999999999999999
        ]
    ],
    "original_data": [
        {
            "time_step": 1,
            "original_data_path": "/content/drive/Othercomputers/\ub0b4 \ub178\ud2b8\ubd81/Forked_Models/Validation/Validation/_\ub77c\ubca8_General_val_C/district/3. \ud6c4\ubc29 \ubc29\ud5a5 \uc774\ubbf8\uc9c0/[district]night_624C/[district]night_624C_160.json",
            "id": 3
        },
        {
            "time_step": 2,
            "original_data_path": "/content/drive/Othercomputers/\ub0b4 \ub178\ud2b8\ubd81/Forked_Models/Validation/Validation/_\ub77c\ubca8_General_val_C/district/3. \ud6c4\ubc29 \ubc29\ud5a5 \uc774\ubbf8\uc9c0/[district]night_624C/[district]night_624C_165.json",
            "id": 3
        },
        {
            "time_step": 3,
            "original_data_path": "/content/drive/Othercomputers/\ub0b4 \ub178\ud2b8\ubd81/Forked_Models/Validation/Validation/_\ub77c\ubca8_General_val_C/district/3. \ud6c4\ubc29 \ubc29\ud5a5 \uc774\ubbf8\uc9c0/[district]night_624C/[district]night_624C_170.json",
            "id": 3
        }
    ],
    "label": 1
}