{
    "data": [
        [
            0.5619791666666667,
            0.21666666666666667,
            -0.015625,
            -0.04351851851851854,
            0.014062499999999978,
            0.021296296296296285,
            -0.008333333333333415,
            0.05092592592592593
        ],
        [
            0.55,
            0.21203703703703702,
            -0.017708333333333326,
            -0.03148148148148147,
            0.03020833333333328,
            -0.012037037037037013,
            -0.0078125,
            0.04351851851851851
        ],
        [
            0.528125,
            0.2111111111111111,
            -0.019791666666666652,
            -0.037962962962962976,
            0.033333333333333326,
            -0.006481481481481477,
            -0.014583333333333282,
            0.04629629629629631
        ]
    ],
    "original_data": [
        {
            "time_step": 1,
            "original_data_path": "/content/drive/Othercomputers/\ub0b4 \ub178\ud2b8\ubd81/Forked_Models/Validation/Validation/_\ub77c\ubca8_General_val_C/district/3. \ud6c4\ubc29 \ubc29\ud5a5 \uc774\ubbf8\uc9c0/[district]attend_966C/[district]attend_966C_230.json",
            "id": 0
        },
        {
            "time_step": 2,
            "original_data_path": "/content/drive/Othercomputers/\ub0b4 \ub178\ud2b8\ubd81/Forked_Models/Validation/Validation/_\ub77c\ubca8_General_val_C/district/3. \ud6c4\ubc29 \ubc29\ud5a5 \uc774\ubbf8\uc9c0/[district]attend_966C/[district]attend_966C_235.json",
            "id": 0
        },
        {
            "time_step": 3,
            "original_data_path": "/content/drive/Othercomputers/\ub0b4 \ub178\ud2b8\ubd81/Forked_Models/Validation/Validation/_\ub77c\ubca8_General_val_C/district/3. \ud6c4\ubc29 \ubc29\ud5a5 \uc774\ubbf8\uc9c0/[district]attend_966C/[district]attend_966C_240.json",
            "id": 0
        }
    ],
    "label": 1
}