{
    "data": [
        [
            0.6453125,
            0.2490740740740741,
            -0.019270833333333237,
            -0.02777777777777779,
            -0.016666666666666607,
            0.027777777777777762,
            0.027604166666666763,
            0.024999999999999994
        ],
        [
            0.5979166666666667,
            0.27037037037037037,
            -0.021354166666666674,
            -0.028703703703703703,
            -0.01041666666666663,
            0.006481481481481477,
            0.026562500000000044,
            0.0222222222222222
        ],
        [
            0.5552083333333333,
            0.27870370370370373,
            -0.025520833333333326,
            -0.020370370370370372,
            0.017187500000000022,
            0.01851851851851849,
            0.02864583333333337,
            0.06111111111111106
        ]
    ],
    "original_data": [
        {
            "time_step": 1,
            "original_data_path": "/content/drive/Othercomputers/\ub0b4 \ub178\ud2b8\ubd81/Forked_Models/Validation/Validation/_\ub77c\ubca8_General_val_C/district/3. \ud6c4\ubc29 \ubc29\ud5a5 \uc774\ubbf8\uc9c0/[district]attend_1048C/[district]attend_1048C_255.json",
            "id": 1
        },
        {
            "time_step": 2,
            "original_data_path": "/content/drive/Othercomputers/\ub0b4 \ub178\ud2b8\ubd81/Forked_Models/Validation/Validation/_\ub77c\ubca8_General_val_C/district/3. \ud6c4\ubc29 \ubc29\ud5a5 \uc774\ubbf8\uc9c0/[district]attend_1048C/[district]attend_1048C_260.json",
            "id": 1
        },
        {
            "time_step": 3,
            "original_data_path": "/content/drive/Othercomputers/\ub0b4 \ub178\ud2b8\ubd81/Forked_Models/Validation/Validation/_\ub77c\ubca8_General_val_C/district/3. \ud6c4\ubc29 \ubc29\ud5a5 \uc774\ubbf8\uc9c0/[district]attend_1048C/[district]attend_1048C_265.json",
            "id": 1
        }
    ],
    "label": 1
}