{
    "data": [
        [
            0.29375,
            0.29814814814814816,
            -0.003124999999999989,
            -0.018518518518518545,
            0.03125,
            0.025925925925925908,
            -0.0078125,
            0.04814814814814811
        ],
        [
            0.29010416666666666,
            0.3074074074074074,
            -0.008333333333333304,
            -0.0222222222222222,
            0.022395833333333337,
            0.0222222222222222,
            -0.011458333333333348,
            0.041666666666666685
        ],
        [
            0.27291666666666664,
            0.3074074074074074,
            -0.0036458333333332926,
            -0.021296296296296313,
            0.02447916666666672,
            0.021296296296296313,
            -0.005208333333333315,
            0.040740740740740744
        ]
    ],
    "original_data": [
        {
            "time_step": 1,
            "original_data_path": "/content/drive/Othercomputers/\ub0b4 \ub178\ud2b8\ubd81/Forked_Models/Validation/Validation/_\ub77c\ubca8_General_val_C/district/3. \ud6c4\ubc29 \ubc29\ud5a5 \uc774\ubbf8\uc9c0/[district]attend_057C/[district]attend_057C_168.json",
            "id": 1
        },
        {
            "time_step": 2,
            "original_data_path": "/content/drive/Othercomputers/\ub0b4 \ub178\ud2b8\ubd81/Forked_Models/Validation/Validation/_\ub77c\ubca8_General_val_C/district/3. \ud6c4\ubc29 \ubc29\ud5a5 \uc774\ubbf8\uc9c0/[district]attend_057C/[district]attend_057C_170.json",
            "id": 1
        },
        {
            "time_step": 3,
            "original_data_path": "/content/drive/Othercomputers/\ub0b4 \ub178\ud2b8\ubd81/Forked_Models/Validation/Validation/_\ub77c\ubca8_General_val_C/district/3. \ud6c4\ubc29 \ubc29\ud5a5 \uc774\ubbf8\uc9c0/[district]attend_057C/[district]attend_057C_172.json",
            "id": 1
        }
    ],
    "label": 1
}