{
    "data": [
        [
            0.590625,
            0.2935185185185185,
            -0.012499999999999956,
            -0.032407407407407385,
            -0.016666666666666607,
            0.033333333333333326,
            0.027083333333333348,
            0.056481481481481466
        ],
        [
            0.590625,
            0.2935185185185185,
            -0.012499999999999956,
            -0.032407407407407385,
            -0.016666666666666607,
            0.033333333333333326,
            0.03385416666666674,
            0.05092592592592593
        ],
        [
            0.5927083333333333,
            0.2898148148148148,
            -0.014583333333333282,
            -0.028703703703703676,
            -0.018749999999999933,
            0.037037037037037035,
            0.031770833333333415,
            0.05462962962962964
        ]
    ],
    "original_data": [
        {
            "time_step": 1,
            "original_data_path": "/content/drive/Othercomputers/\ub0b4 \ub178\ud2b8\ubd81/Forked_Models/Validation/Validation/_\ub77c\ubca8_General_val_C/district/3. \ud6c4\ubc29 \ubc29\ud5a5 \uc774\ubbf8\uc9c0/[district]attend_1124C/[district]attend_1124C_55.json",
            "id": 0
        },
        {
            "time_step": 2,
            "original_data_path": "/content/drive/Othercomputers/\ub0b4 \ub178\ud2b8\ubd81/Forked_Models/Validation/Validation/_\ub77c\ubca8_General_val_C/district/3. \ud6c4\ubc29 \ubc29\ud5a5 \uc774\ubbf8\uc9c0/[district]attend_1124C/[district]attend_1124C_60.json",
            "id": 0
        },
        {
            "time_step": 3,
            "original_data_path": "/content/drive/Othercomputers/\ub0b4 \ub178\ud2b8\ubd81/Forked_Models/Validation/Validation/_\ub77c\ubca8_General_val_C/district/3. \ud6c4\ubc29 \ubc29\ud5a5 \uc774\ubbf8\uc9c0/[district]attend_1124C/[district]attend_1124C_65.json",
            "id": 0
        }
    ],
    "label": 1
}