{
    "data": [
        [
            0.8119791666666667,
            0.4,
            0.0,
            -0.0768518518518519,
            -0.05052083333333335,
            0.020370370370370372,
            0.04999999999999993,
            0.027777777777777735
        ],
        [
            0.8083333333333333,
            0.40185185185185185,
            0.0,
            -0.07777777777777778,
            -0.04322916666666665,
            0.017592592592592604,
            0.05104166666666665,
            0.02870370370370373
        ],
        [
            0.8229166666666666,
            0.39814814814814814,
            -0.0010416666666666075,
            -0.07500000000000001,
            -0.04062499999999991,
            0.011111111111111127,
            0.052604166666666674,
            0.03425925925925927
        ]
    ],
    "original_data": [
        {
            "time_step": 1,
            "original_data_path": "/content/drive/Othercomputers/\ub0b4 \ub178\ud2b8\ubd81/Forked_Models/Validation/Validation/_\ub77c\ubca8_General_val_C/district/3. \ud6c4\ubc29 \ubc29\ud5a5 \uc774\ubbf8\uc9c0/[district]attend_037C/[district]attend_037C_210.json",
            "id": 2
        },
        {
            "time_step": 2,
            "original_data_path": "/content/drive/Othercomputers/\ub0b4 \ub178\ud2b8\ubd81/Forked_Models/Validation/Validation/_\ub77c\ubca8_General_val_C/district/3. \ud6c4\ubc29 \ubc29\ud5a5 \uc774\ubbf8\uc9c0/[district]attend_037C/[district]attend_037C_212.json",
            "id": 2
        },
        {
            "time_step": 3,
            "original_data_path": "/content/drive/Othercomputers/\ub0b4 \ub178\ud2b8\ubd81/Forked_Models/Validation/Validation/_\ub77c\ubca8_General_val_C/district/3. \ud6c4\ubc29 \ubc29\ud5a5 \uc774\ubbf8\uc9c0/[district]attend_037C/[district]attend_037C_214.json",
            "id": 2
        }
    ],
    "label": 0
}