{
    "data": [
        [
            0.5875,
            0.22685185185185186,
            -0.011979166666666652,
            -0.023148148148148168,
            0.02604166666666663,
            0.03518518518518515,
            0.0010416666666666075,
            0.07870370370370372
        ],
        [
            0.5854166666666667,
            0.2324074074074074,
            -0.015104166666666696,
            -0.027777777777777762,
            0.019270833333333348,
            0.02407407407407408,
            0.0,
            0.07685185185185184
        ],
        [
            0.5828125,
            0.2324074074074074,
            -0.014583333333333282,
            -0.015740740740740722,
            0.025000000000000022,
            0.030555555555555558,
            -0.004687499999999956,
            0.08796296296296297
        ]
    ],
    "original_data": [
        {
            "time_step": 1,
            "original_data_path": "/content/drive/Othercomputers/\ub0b4 \ub178\ud2b8\ubd81/Forked_Models/Validation/Validation/_\ub77c\ubca8_General_val_C/district/3. \ud6c4\ubc29 \ubc29\ud5a5 \uc774\ubbf8\uc9c0/[district]morning_979C/[district]morning_979C_15.json",
            "id": 2
        },
        {
            "time_step": 2,
            "original_data_path": "/content/drive/Othercomputers/\ub0b4 \ub178\ud2b8\ubd81/Forked_Models/Validation/Validation/_\ub77c\ubca8_General_val_C/district/3. \ud6c4\ubc29 \ubc29\ud5a5 \uc774\ubbf8\uc9c0/[district]morning_979C/[district]morning_979C_20.json",
            "id": 2
        },
        {
            "time_step": 3,
            "original_data_path": "/content/drive/Othercomputers/\ub0b4 \ub178\ud2b8\ubd81/Forked_Models/Validation/Validation/_\ub77c\ubca8_General_val_C/district/3. \ud6c4\ubc29 \ubc29\ud5a5 \uc774\ubbf8\uc9c0/[district]morning_979C/[district]morning_979C_25.json",
            "id": 2
        }
    ],
    "label": 1
}