{
    "data": [
        [
            0.24166666666666667,
            0.4351851851851852,
            -0.003645833333333348,
            -0.024999999999999967,
            0.023437499999999972,
            0.012037037037037068,
            -0.006770833333333337,
            0.018518518518518545
        ],
        [
            0.26875,
            0.3925925925925926,
            0.004166666666666652,
            -0.037962962962962976,
            0.02031250000000001,
            0.030555555555555558,
            -0.01822916666666663,
            0.0537037037037037
        ],
        [
            0.2765625,
            0.387037037037037,
            -0.0005208333333333037,
            -0.036111111111111094,
            0.03437499999999999,
            0.037962962962962976,
            -0.0078125,
            0.042592592592592626
        ]
    ],
    "original_data": [
        {
            "time_step": 1,
            "original_data_path": "/content/drive/Othercomputers/\ub0b4 \ub178\ud2b8\ubd81/Forked_Models/Validation/Validation/_\ub77c\ubca8_General_val_C/district/3. \ud6c4\ubc29 \ubc29\ud5a5 \uc774\ubbf8\uc9c0/[district]attend_057C/[district]attend_057C_154.json",
            "id": 1
        },
        {
            "time_step": 2,
            "original_data_path": "/content/drive/Othercomputers/\ub0b4 \ub178\ud2b8\ubd81/Forked_Models/Validation/Validation/_\ub77c\ubca8_General_val_C/district/3. \ud6c4\ubc29 \ubc29\ud5a5 \uc774\ubbf8\uc9c0/[district]attend_057C/[district]attend_057C_156.json",
            "id": 1
        },
        {
            "time_step": 3,
            "original_data_path": "/content/drive/Othercomputers/\ub0b4 \ub178\ud2b8\ubd81/Forked_Models/Validation/Validation/_\ub77c\ubca8_General_val_C/district/3. \ud6c4\ubc29 \ubc29\ud5a5 \uc774\ubbf8\uc9c0/[district]attend_057C/[district]attend_057C_158.json",
            "id": 1
        }
    ],
    "label": 1
}