{
    "data": [
        [
            0.35833333333333334,
            0.4305555555555556,
            -0.022916666666666696,
            -0.04722222222222222,
            0.023958333333333304,
            0.033333333333333326,
            0.019791666666666652,
            0.13518518518518519
        ],
        [
            0.34270833333333334,
            0.42962962962962964,
            -0.030208333333333337,
            -0.04722222222222222,
            0.01874999999999999,
            0.021296296296296313,
            0.0078125,
            0.11666666666666664
        ],
        [
            0.30104166666666665,
            0.43425925925925923,
            -0.02291666666666664,
            -0.050925925925925875,
            0.03593750000000001,
            0.022222222222222254,
            -0.013020833333333315,
            0.11574074074074081
        ]
    ],
    "original_data": [
        {
            "time_step": 1,
            "original_data_path": "/content/drive/Othercomputers/\ub0b4 \ub178\ud2b8\ubd81/Forked_Models/Validation/Validation/_\ub77c\ubca8_General_val_C/district/3. \ud6c4\ubc29 \ubc29\ud5a5 \uc774\ubbf8\uc9c0/[district]leave_1078C/[district]leave_1078C_260.json",
            "id": 0
        },
        {
            "time_step": 2,
            "original_data_path": "/content/drive/Othercomputers/\ub0b4 \ub178\ud2b8\ubd81/Forked_Models/Validation/Validation/_\ub77c\ubca8_General_val_C/district/3. \ud6c4\ubc29 \ubc29\ud5a5 \uc774\ubbf8\uc9c0/[district]leave_1078C/[district]leave_1078C_265.json",
            "id": 0
        },
        {
            "time_step": 3,
            "original_data_path": "/content/drive/Othercomputers/\ub0b4 \ub178\ud2b8\ubd81/Forked_Models/Validation/Validation/_\ub77c\ubca8_General_val_C/district/3. \ud6c4\ubc29 \ubc29\ud5a5 \uc774\ubbf8\uc9c0/[district]leave_1078C/[district]leave_1078C_270.json",
            "id": 0
        }
    ],
    "label": 1
}