{
    "data": [
        [
            0.39739583333333334,
            0.5472222222222223,
            0.0,
            -0.054629629629629695,
            0.009375000000000022,
            -0.01388888888888895,
            0.027083333333333348,
            0.11111111111111105
        ],
        [
            0.39479166666666665,
            0.5592592592592592,
            -0.001041666666666663,
            -0.059259259259259234,
            0.0078125,
            -0.021296296296296258,
            0.025000000000000022,
            0.10185185185185186
        ],
        [
            0.39479166666666665,
            0.5592592592592592,
            -0.001041666666666663,
            -0.059259259259259234,
            0.0078125,
            -0.021296296296296258,
            0.025000000000000022,
            0.10185185185185186
        ]
    ],
    "original_data": [
        {
            "time_step": 1,
            "original_data_path": "/content/drive/Othercomputers/\ub0b4 \ub178\ud2b8\ubd81/Forked_Models/Validation/Validation/_\ub77c\ubca8_General_val_C/district/3. \ud6c4\ubc29 \ubc29\ud5a5 \uc774\ubbf8\uc9c0/[district]day_712C/[district]day_712C_80.json",
            "id": 6
        },
        {
            "time_step": 2,
            "original_data_path": "/content/drive/Othercomputers/\ub0b4 \ub178\ud2b8\ubd81/Forked_Models/Validation/Validation/_\ub77c\ubca8_General_val_C/district/3. \ud6c4\ubc29 \ubc29\ud5a5 \uc774\ubbf8\uc9c0/[district]day_712C/[district]day_712C_85.json",
            "id": 6
        },
        {
            "time_step": 3,
            "original_data_path": "/content/drive/Othercomputers/\ub0b4 \ub178\ud2b8\ubd81/Forked_Models/Validation/Validation/_\ub77c\ubca8_General_val_C/district/3. \ud6c4\ubc29 \ubc29\ud5a5 \uc774\ubbf8\uc9c0/[district]day_712C/[district]day_712C_90.json",
            "id": 6
        }
    ],
    "label": 1
}