{
    "data": [
        [
            0.4432291666666667,
            0.6018518518518519,
            -0.005208333333333315,
            -0.04629629629629628,
            0.004687500000000011,
            -0.002777777777777768,
            0.004687500000000011,
            0.04166666666666663
        ],
        [
            0.44479166666666664,
            0.5962962962962963,
            -0.0067708333333332815,
            -0.040740740740740744,
            0.004166666666666707,
            0.0018518518518517713,
            0.0031250000000000444,
            0.04629629629629628
        ],
        [
            0.44427083333333334,
            0.5990740740740741,
            -0.006249999999999978,
            -0.04351851851851851,
            0.004166666666666652,
            0.0,
            0.004687500000000011,
            0.03981481481481475
        ]
    ],
    "original_data": [
        {
            "time_step": 1,
            "original_data_path": "/content/drive/Othercomputers/\ub0b4 \ub178\ud2b8\ubd81/Forked_Models/Validation/Validation/_\ub77c\ubca8_General_val_C/district/3. \ud6c4\ubc29 \ubc29\ud5a5 \uc774\ubbf8\uc9c0/[district]day_613C/[district]day_613C_170.json",
            "id": 2
        },
        {
            "time_step": 2,
            "original_data_path": "/content/drive/Othercomputers/\ub0b4 \ub178\ud2b8\ubd81/Forked_Models/Validation/Validation/_\ub77c\ubca8_General_val_C/district/3. \ud6c4\ubc29 \ubc29\ud5a5 \uc774\ubbf8\uc9c0/[district]day_613C/[district]day_613C_175.json",
            "id": 2
        },
        {
            "time_step": 3,
            "original_data_path": "/content/drive/Othercomputers/\ub0b4 \ub178\ud2b8\ubd81/Forked_Models/Validation/Validation/_\ub77c\ubca8_General_val_C/district/3. \ud6c4\ubc29 \ubc29\ud5a5 \uc774\ubbf8\uc9c0/[district]day_613C/[district]day_613C_180.json",
            "id": 2
        }
    ],
    "label": 1
}