{
    "data": [
        [
            0.4786458333333333,
            0.14722222222222223,
            0.014583333333333337,
            -0.07222222222222223,
            -0.04531249999999998,
            0.13796296296296298,
            0.03281250000000002,
            0.0
        ],
        [
            0.5197916666666667,
            0.13148148148148148,
            0.017187500000000022,
            -0.07870370370370369,
            0.022395833333333393,
            0.11203703703703705,
            -0.020833333333333315,
            0.02314814814814814
        ],
        [
            0.5520833333333334,
            0.09537037037037037,
            0.0005208333333333037,
            -0.06851851851851852,
            0.060416666666666674,
            0.09999999999999999,
            -0.04062500000000002,
            0.04814814814814815
        ]
    ],
    "original_data": [
        {
            "time_step": 1,
            "original_data_path": "/content/drive/Othercomputers/\ub0b4 \ub178\ud2b8\ubd81/Forked_Models/Validation/Validation/_\ub77c\ubca8_General_val_C/district/3. \ud6c4\ubc29 \ubc29\ud5a5 \uc774\ubbf8\uc9c0/[district]leave_047C/[district]leave_047C_150.json",
            "id": 11
        },
        {
            "time_step": 2,
            "original_data_path": "/content/drive/Othercomputers/\ub0b4 \ub178\ud2b8\ubd81/Forked_Models/Validation/Validation/_\ub77c\ubca8_General_val_C/district/3. \ud6c4\ubc29 \ubc29\ud5a5 \uc774\ubbf8\uc9c0/[district]leave_047C/[district]leave_047C_152.json",
            "id": 11
        },
        {
            "time_step": 3,
            "original_data_path": "/content/drive/Othercomputers/\ub0b4 \ub178\ud2b8\ubd81/Forked_Models/Validation/Validation/_\ub77c\ubca8_General_val_C/district/3. \ud6c4\ubc29 \ubc29\ud5a5 \uc774\ubbf8\uc9c0/[district]leave_047C/[district]leave_047C_154.json",
            "id": 11
        }
    ],
    "label": 0
}