{
    "data": [
        [
            0.8421875,
            0.3638888888888889,
            -0.005208333333333259,
            -0.06481481481481483,
            -0.04947916666666663,
            0.02777777777777779,
            0.04947916666666674,
            0.046296296296296335
        ],
        [
            0.8255208333333334,
            0.35462962962962963,
            -0.002083333333333326,
            -0.0888888888888889,
            -0.04531250000000009,
            0.030555555555555558,
            0.046354166666666585,
            0.05277777777777776
        ],
        [
            0.8161458333333333,
            0.31296296296296294,
            -0.006249999999999978,
            -0.1046296296296296,
            -0.04531249999999998,
            0.0018518518518518823,
            0.0546875,
            0.042592592592592626
        ]
    ],
    "original_data": [
        {
            "time_step": 1,
            "original_data_path": "/content/drive/Othercomputers/\ub0b4 \ub178\ud2b8\ubd81/Forked_Models/Validation/Validation/_\ub77c\ubca8_General_val_C/district/3. \ud6c4\ubc29 \ubc29\ud5a5 \uc774\ubbf8\uc9c0/[district]leave_007C/[district]leave_007C_90.json",
            "id": 5
        },
        {
            "time_step": 2,
            "original_data_path": "/content/drive/Othercomputers/\ub0b4 \ub178\ud2b8\ubd81/Forked_Models/Validation/Validation/_\ub77c\ubca8_General_val_C/district/3. \ud6c4\ubc29 \ubc29\ud5a5 \uc774\ubbf8\uc9c0/[district]leave_007C/[district]leave_007C_92.json",
            "id": 5
        },
        {
            "time_step": 3,
            "original_data_path": "/content/drive/Othercomputers/\ub0b4 \ub178\ud2b8\ubd81/Forked_Models/Validation/Validation/_\ub77c\ubca8_General_val_C/district/3. \ud6c4\ubc29 \ubc29\ud5a5 \uc774\ubbf8\uc9c0/[district]leave_007C/[district]leave_007C_94.json",
            "id": 5
        }
    ],
    "label": 1
}