{
    "data": [
        [
            0.528125,
            0.22962962962962963,
            -0.008333333333333304,
            -0.02685185185185185,
            -0.010937499999999933,
            0.01203703703703704,
            0.025520833333333326,
            0.020370370370370372
        ],
        [
            0.5244791666666667,
            0.2490740740740741,
            -0.004166666666666763,
            -0.02777777777777779,
            -0.009895833333333437,
            0.014814814814814808,
            0.02864583333333326,
            0.022222222222222227
        ],
        [
            0.521875,
            0.28888888888888886,
            -0.004687499999999956,
            -0.028703703703703676,
            -0.017187500000000022,
            0.011111111111111127,
            0.023958333333333304,
            0.022222222222222254
        ]
    ],
    "original_data": [
        {
            "time_step": 1,
            "original_data_path": "/content/drive/Othercomputers/\ub0b4 \ub178\ud2b8\ubd81/Forked_Models/Validation/Validation/_\ub77c\ubca8_General_val_C/district/3. \ud6c4\ubc29 \ubc29\ud5a5 \uc774\ubbf8\uc9c0/[district]morning_512C/[district]morning_512C_250.json",
            "id": 1
        },
        {
            "time_step": 2,
            "original_data_path": "/content/drive/Othercomputers/\ub0b4 \ub178\ud2b8\ubd81/Forked_Models/Validation/Validation/_\ub77c\ubca8_General_val_C/district/3. \ud6c4\ubc29 \ubc29\ud5a5 \uc774\ubbf8\uc9c0/[district]morning_512C/[district]morning_512C_255.json",
            "id": 1
        },
        {
            "time_step": 3,
            "original_data_path": "/content/drive/Othercomputers/\ub0b4 \ub178\ud2b8\ubd81/Forked_Models/Validation/Validation/_\ub77c\ubca8_General_val_C/district/3. \ud6c4\ubc29 \ubc29\ud5a5 \uc774\ubbf8\uc9c0/[district]morning_512C/[district]morning_512C_260.json",
            "id": 1
        }
    ],
    "label": 1
}