{
    "data": [
        [
            0.4765625,
            0.3398148148148148,
            -0.012500000000000011,
            -0.04259259259259257,
            -0.027083333333333348,
            0.014814814814814836,
            0.003124999999999989,
            0.050000000000000044
        ],
        [
            0.459375,
            0.36666666666666664,
            -0.011458333333333293,
            -0.04629629629629628,
            -0.02916666666666662,
            0.029629629629629672,
            -0.001041666666666663,
            0.0490740740740741
        ],
        [
            0.4510416666666667,
            0.43148148148148147,
            -0.008854166666666663,
            -0.07314814814814813,
            -0.030208333333333337,
            0.016666666666666663,
            0.005208333333333315,
            0.06851851851851853
        ]
    ],
    "original_data": [
        {
            "time_step": 1,
            "original_data_path": "/content/drive/Othercomputers/\ub0b4 \ub178\ud2b8\ubd81/Forked_Models/Validation/Validation/_\ub77c\ubca8_General_val_C/district/3. \ud6c4\ubc29 \ubc29\ud5a5 \uc774\ubbf8\uc9c0/[district]attend_533C/[district]attend_533C_160.json",
            "id": 4
        },
        {
            "time_step": 2,
            "original_data_path": "/content/drive/Othercomputers/\ub0b4 \ub178\ud2b8\ubd81/Forked_Models/Validation/Validation/_\ub77c\ubca8_General_val_C/district/3. \ud6c4\ubc29 \ubc29\ud5a5 \uc774\ubbf8\uc9c0/[district]attend_533C/[district]attend_533C_165.json",
            "id": 4
        },
        {
            "time_step": 3,
            "original_data_path": "/content/drive/Othercomputers/\ub0b4 \ub178\ud2b8\ubd81/Forked_Models/Validation/Validation/_\ub77c\ubca8_General_val_C/district/3. \ud6c4\ubc29 \ubc29\ud5a5 \uc774\ubbf8\uc9c0/[district]attend_533C/[district]attend_533C_170.json",
            "id": 4
        }
    ],
    "label": 1
}