{
    "data": [
        [
            0.3421875,
            0.4185185185185185,
            -0.019791666666666652,
            -0.02314814814814814,
            0.02864583333333337,
            -0.0314814814814815,
            0.006770833333333337,
            0.09999999999999998
        ],
        [
            0.3067708333333333,
            0.4305555555555556,
            -0.013541666666666674,
            -0.017592592592592604,
            0.02812500000000001,
            -0.02870370370370373,
            0.011458333333333348,
            0.08055555555555549
        ],
        [
            0.2609375,
            0.43796296296296294,
            -0.013541666666666646,
            -0.01851851851851849,
            0.03229166666666666,
            -0.024999999999999967,
            0.011458333333333348,
            0.08240740740740743
        ]
    ],
    "original_data": [
        {
            "time_step": 1,
            "original_data_path": "/content/drive/Othercomputers/\ub0b4 \ub178\ud2b8\ubd81/Forked_Models/Validation/Validation/_\ub77c\ubca8_General_val_C/district/3. \ud6c4\ubc29 \ubc29\ud5a5 \uc774\ubbf8\uc9c0/[district]leave_499C/[district]leave_499C_285.json",
            "id": 0
        },
        {
            "time_step": 2,
            "original_data_path": "/content/drive/Othercomputers/\ub0b4 \ub178\ud2b8\ubd81/Forked_Models/Validation/Validation/_\ub77c\ubca8_General_val_C/district/3. \ud6c4\ubc29 \ubc29\ud5a5 \uc774\ubbf8\uc9c0/[district]leave_499C/[district]leave_499C_290.json",
            "id": 0
        },
        {
            "time_step": 3,
            "original_data_path": "/content/drive/Othercomputers/\ub0b4 \ub178\ud2b8\ubd81/Forked_Models/Validation/Validation/_\ub77c\ubca8_General_val_C/district/3. \ud6c4\ubc29 \ubc29\ud5a5 \uc774\ubbf8\uc9c0/[district]leave_499C/[district]leave_499C_295.json",
            "id": 0
        }
    ],
    "label": 1
}