{
    "data": [
        [
            0.4921875,
            0.18333333333333332,
            -0.011979166666666652,
            -0.009259259259259245,
            0.025000000000000022,
            0.03611111111111112,
            -0.018229166666666685,
            0.06481481481481483
        ],
        [
            0.4734375,
            0.24259259259259258,
            -0.02031250000000001,
            -0.00740740740740739,
            0.033854166666666685,
            0.02870370370370373,
            -0.002604166666666685,
            0.07037037037037036
        ],
        [
            0.440625,
            0.28703703703703703,
            -0.013541666666666674,
            -0.020370370370370372,
            0.03802083333333334,
            0.02314814814814814,
            -0.006770833333333337,
            0.06759259259259259
        ]
    ],
    "original_data": [
        {
            "time_step": 1,
            "original_data_path": "/content/drive/Othercomputers/\ub0b4 \ub178\ud2b8\ubd81/Forked_Models/Validation/Validation/_\ub77c\ubca8_General_val_C/district/3. \ud6c4\ubc29 \ubc29\ud5a5 \uc774\ubbf8\uc9c0/[district]day_975C/[district]day_975C_240.json",
            "id": 0
        },
        {
            "time_step": 2,
            "original_data_path": "/content/drive/Othercomputers/\ub0b4 \ub178\ud2b8\ubd81/Forked_Models/Validation/Validation/_\ub77c\ubca8_General_val_C/district/3. \ud6c4\ubc29 \ubc29\ud5a5 \uc774\ubbf8\uc9c0/[district]day_975C/[district]day_975C_245.json",
            "id": 0
        },
        {
            "time_step": 3,
            "original_data_path": "/content/drive/Othercomputers/\ub0b4 \ub178\ud2b8\ubd81/Forked_Models/Validation/Validation/_\ub77c\ubca8_General_val_C/district/3. \ud6c4\ubc29 \ubc29\ud5a5 \uc774\ubbf8\uc9c0/[district]day_975C/[district]day_975C_250.json",
            "id": 0
        }
    ],
    "label": 1
}