{
    "data": [
        [
            0.5927083333333333,
            0.2898148148148148,
            -0.014583333333333282,
            -0.028703703703703676,
            -0.018749999999999933,
            0.037037037037037035,
            0.031770833333333415,
            0.05462962962962964
        ],
        [
            0.5953125,
            0.2833333333333333,
            -0.009895833333333326,
            -0.02777777777777779,
            -0.010937500000000044,
            0.037037037037037035,
            0.02604166666666663,
            0.06481481481481483
        ],
        [
            0.6109375,
            0.3037037037037037,
            -0.017187500000000022,
            -0.041666666666666685,
            -0.021874999999999978,
            0.016666666666666663,
            0.02864583333333326,
            0.056481481481481466
        ]
    ],
    "original_data": [
        {
            "time_step": 1,
            "original_data_path": "/content/drive/Othercomputers/\ub0b4 \ub178\ud2b8\ubd81/Forked_Models/Validation/Validation/_\ub77c\ubca8_General_val_C/district/3. \ud6c4\ubc29 \ubc29\ud5a5 \uc774\ubbf8\uc9c0/[district]attend_1124C/[district]attend_1124C_65.json",
            "id": 0
        },
        {
            "time_step": 2,
            "original_data_path": "/content/drive/Othercomputers/\ub0b4 \ub178\ud2b8\ubd81/Forked_Models/Validation/Validation/_\ub77c\ubca8_General_val_C/district/3. \ud6c4\ubc29 \ubc29\ud5a5 \uc774\ubbf8\uc9c0/[district]attend_1124C/[district]attend_1124C_70.json",
            "id": 0
        },
        {
            "time_step": 3,
            "original_data_path": "/content/drive/Othercomputers/\ub0b4 \ub178\ud2b8\ubd81/Forked_Models/Validation/Validation/_\ub77c\ubca8_General_val_C/district/3. \ud6c4\ubc29 \ubc29\ud5a5 \uc774\ubbf8\uc9c0/[district]attend_1124C/[district]attend_1124C_75.json",
            "id": 0
        }
    ],
    "label": 1
}