{
    "data": [
        [
            0.41458333333333336,
            0.31203703703703706,
            -0.004687500000000011,
            -0.021296296296296313,
            -0.03177083333333336,
            -0.003703703703703709,
            0.03072916666666664,
            -0.00833333333333336
        ],
        [
            0.409375,
            0.29907407407407405,
            -0.005208333333333315,
            -0.01944444444444443,
            -0.02656249999999999,
            0.007407407407407418,
            0.030208333333333337,
            -0.0018518518518518268
        ],
        [
            0.4036458333333333,
            0.2935185185185185,
            -0.005208333333333315,
            -0.01851851851851849,
            -0.02604166666666663,
            0.013888888888888895,
            0.026041666666666685,
            0.003703703703703709
        ]
    ],
    "original_data": [
        {
            "time_step": 1,
            "original_data_path": "/content/drive/Othercomputers/\ub0b4 \ub178\ud2b8\ubd81/Forked_Models/Validation/Validation/_\ub77c\ubca8_General_val_C/district/3. \ud6c4\ubc29 \ubc29\ud5a5 \uc774\ubbf8\uc9c0/[district]night_632C/[district]night_632C_165.json",
            "id": 1
        },
        {
            "time_step": 2,
            "original_data_path": "/content/drive/Othercomputers/\ub0b4 \ub178\ud2b8\ubd81/Forked_Models/Validation/Validation/_\ub77c\ubca8_General_val_C/district/3. \ud6c4\ubc29 \ubc29\ud5a5 \uc774\ubbf8\uc9c0/[district]night_632C/[district]night_632C_170.json",
            "id": 1
        },
        {
            "time_step": 3,
            "original_data_path": "/content/drive/Othercomputers/\ub0b4 \ub178\ud2b8\ubd81/Forked_Models/Validation/Validation/_\ub77c\ubca8_General_val_C/district/3. \ud6c4\ubc29 \ubc29\ud5a5 \uc774\ubbf8\uc9c0/[district]night_632C/[district]night_632C_175.json",
            "id": 1
        }
    ],
    "label": 1
}