{
    "data": [
        [
            0.49166666666666664,
            0.3351851851851852,
            -0.0015624999999999667,
            -0.03518518518518521,
            -0.016666666666666663,
            -0.011111111111111127,
            0.024479166666666663,
            0.04537037037037034
        ],
        [
            0.48489583333333336,
            0.3435185185185185,
            -0.00520833333333337,
            -0.03888888888888886,
            -0.014062500000000033,
            -0.012037037037037013,
            0.03437499999999999,
            0.05185185185185187
        ],
        [
            0.48489583333333336,
            0.3435185185185185,
            -0.00520833333333337,
            -0.03888888888888886,
            -0.014062500000000033,
            -0.012037037037037013,
            0.03437499999999999,
            0.05185185185185187
        ]
    ],
    "original_data": [
        {
            "time_step": 1,
            "original_data_path": "/content/drive/Othercomputers/\ub0b4 \ub178\ud2b8\ubd81/Forked_Models/Validation/Validation/_\ub77c\ubca8_General_val_C/district/3. \ud6c4\ubc29 \ubc29\ud5a5 \uc774\ubbf8\uc9c0/[district]night_631C/[district]night_631C_175.json",
            "id": 1
        },
        {
            "time_step": 2,
            "original_data_path": "/content/drive/Othercomputers/\ub0b4 \ub178\ud2b8\ubd81/Forked_Models/Validation/Validation/_\ub77c\ubca8_General_val_C/district/3. \ud6c4\ubc29 \ubc29\ud5a5 \uc774\ubbf8\uc9c0/[district]night_631C/[district]night_631C_180.json",
            "id": 1
        },
        {
            "time_step": 3,
            "original_data_path": "/content/drive/Othercomputers/\ub0b4 \ub178\ud2b8\ubd81/Forked_Models/Validation/Validation/_\ub77c\ubca8_General_val_C/district/3. \ud6c4\ubc29 \ubc29\ud5a5 \uc774\ubbf8\uc9c0/[district]night_631C/[district]night_631C_185.json",
            "id": 1
        }
    ],
    "label": 1
}