{
    "data": [
        [
            0.4322916666666667,
            0.4287037037037037,
            -0.0005208333333333592,
            -0.01944444444444443,
            0.022395833333333337,
            0.020370370370370372,
            -0.017187500000000022,
            0.0398148148148148
        ],
        [
            0.40625,
            0.4287037037037037,
            -0.0005208333333333592,
            -0.01944444444444443,
            0.025520833333333326,
            0.020370370370370372,
            -0.014583333333333337,
            0.02407407407407408
        ],
        [
            0.4119791666666667,
            0.375,
            -0.002083333333333326,
            -0.018518518518518545,
            0.024999999999999967,
            0.033333333333333326,
            -0.014583333333333337,
            0.0314814814814815
        ]
    ],
    "original_data": [
        {
            "time_step": 1,
            "original_data_path": "/content/drive/Othercomputers/\ub0b4 \ub178\ud2b8\ubd81/Forked_Models/Validation/Validation/_\ub77c\ubca8_General_val_C/district/3. \ud6c4\ubc29 \ubc29\ud5a5 \uc774\ubbf8\uc9c0/[district]morning_1116C/[district]morning_1116C_255.json",
            "id": 4
        },
        {
            "time_step": 2,
            "original_data_path": "/content/drive/Othercomputers/\ub0b4 \ub178\ud2b8\ubd81/Forked_Models/Validation/Validation/_\ub77c\ubca8_General_val_C/district/3. \ud6c4\ubc29 \ubc29\ud5a5 \uc774\ubbf8\uc9c0/[district]morning_1116C/[district]morning_1116C_260.json",
            "id": 4
        },
        {
            "time_step": 3,
            "original_data_path": "/content/drive/Othercomputers/\ub0b4 \ub178\ud2b8\ubd81/Forked_Models/Validation/Validation/_\ub77c\ubca8_General_val_C/district/3. \ud6c4\ubc29 \ubc29\ud5a5 \uc774\ubbf8\uc9c0/[district]morning_1116C/[district]morning_1116C_265.json",
            "id": 4
        }
    ],
    "label": 1
}