{
    "data": [
        [
            0.4119791666666667,
            0.5342592592592592,
            0.006770833333333337,
            -0.051851851851851816,
            0.004166666666666652,
            -0.01851851851851849,
            -0.02395833333333336,
            0.09629629629629632
        ],
        [
            0.41354166666666664,
            0.5333333333333333,
            0.006250000000000033,
            -0.05092592592592593,
            0.009375000000000022,
            -0.01388888888888884,
            -0.020833333333333315,
            0.07777777777777783
        ],
        [
            0.41354166666666664,
            0.5333333333333333,
            0.006250000000000033,
            -0.05092592592592593,
            0.007291666666666696,
            -0.0018518518518518823,
            -0.029687499999999978,
            0.09444444444444444
        ]
    ],
    "original_data": [
        {
            "time_step": 1,
            "original_data_path": "/content/drive/Othercomputers/\ub0b4 \ub178\ud2b8\ubd81/Forked_Models/Validation/Validation/_\ub77c\ubca8_General_val_C/district/3. \ud6c4\ubc29 \ubc29\ud5a5 \uc774\ubbf8\uc9c0/[district]day_712C/[district]day_712C_200.json",
            "id": 6
        },
        {
            "time_step": 2,
            "original_data_path": "/content/drive/Othercomputers/\ub0b4 \ub178\ud2b8\ubd81/Forked_Models/Validation/Validation/_\ub77c\ubca8_General_val_C/district/3. \ud6c4\ubc29 \ubc29\ud5a5 \uc774\ubbf8\uc9c0/[district]day_712C/[district]day_712C_205.json",
            "id": 6
        },
        {
            "time_step": 3,
            "original_data_path": "/content/drive/Othercomputers/\ub0b4 \ub178\ud2b8\ubd81/Forked_Models/Validation/Validation/_\ub77c\ubca8_General_val_C/district/3. \ud6c4\ubc29 \ubc29\ud5a5 \uc774\ubbf8\uc9c0/[district]day_712C/[district]day_712C_210.json",
            "id": 6
        }
    ],
    "label": 1
}