{
    "data": [
        [
            0.46510416666666665,
            0.5370370370370371,
            -0.007291666666666641,
            -0.05277777777777781,
            -0.0026041666666666297,
            0.016666666666666607,
            0.0078125,
            0.10277777777777775
        ],
        [
            0.45989583333333334,
            0.5694444444444444,
            -0.013020833333333315,
            -0.06574074074074077,
            0.002604166666666685,
            -0.015740740740740722,
            0.013020833333333315,
            0.07037037037037042
        ],
        [
            0.45729166666666665,
            0.5722222222222222,
            -0.0234375,
            -0.04907407407407405,
            0.0078125,
            -0.02777777777777779,
            0.013541666666666674,
            0.06018518518518523
        ]
    ],
    "original_data": [
        {
            "time_step": 1,
            "original_data_path": "/content/drive/Othercomputers/\ub0b4 \ub178\ud2b8\ubd81/Forked_Models/Validation/Validation/_\ub77c\ubca8_General_val_C/district/3. \ud6c4\ubc29 \ubc29\ud5a5 \uc774\ubbf8\uc9c0/[district]night_617C/[district]night_617C_210.json",
            "id": 3
        },
        {
            "time_step": 2,
            "original_data_path": "/content/drive/Othercomputers/\ub0b4 \ub178\ud2b8\ubd81/Forked_Models/Validation/Validation/_\ub77c\ubca8_General_val_C/district/3. \ud6c4\ubc29 \ubc29\ud5a5 \uc774\ubbf8\uc9c0/[district]night_617C/[district]night_617C_215.json",
            "id": 3
        },
        {
            "time_step": 3,
            "original_data_path": "/content/drive/Othercomputers/\ub0b4 \ub178\ud2b8\ubd81/Forked_Models/Validation/Validation/_\ub77c\ubca8_General_val_C/district/3. \ud6c4\ubc29 \ubc29\ud5a5 \uc774\ubbf8\uc9c0/[district]night_617C/[district]night_617C_220.json",
            "id": 3
        }
    ],
    "label": 1
}