{
    "data": [
        [
            0.3828125,
            0.7870370370370371,
            -0.009895833333333326,
            -0.08148148148148149,
            0.03177083333333336,
            -0.01666666666666672,
            0.03125,
            0.12870370370370365
        ],
        [
            0.39010416666666664,
            0.7907407407407407,
            0.0010416666666667185,
            -0.08611111111111114,
            0.02031250000000001,
            -0.021296296296296258,
            0.033854166666666685,
            0.11296296296296293
        ],
        [
            0.39010416666666664,
            0.7907407407407407,
            0.0010416666666667185,
            -0.08611111111111114,
            0.02031250000000001,
            -0.021296296296296258,
            0.033854166666666685,
            0.11296296296296293
        ]
    ],
    "original_data": [
        {
            "time_step": 1,
            "original_data_path": "/content/drive/Othercomputers/\ub0b4 \ub178\ud2b8\ubd81/Forked_Models/Validation/Validation/_\ub77c\ubca8_General_val_C/district/3. \ud6c4\ubc29 \ubc29\ud5a5 \uc774\ubbf8\uc9c0/[district]day_963C/[district]day_963C_115.json",
            "id": 0
        },
        {
            "time_step": 2,
            "original_data_path": "/content/drive/Othercomputers/\ub0b4 \ub178\ud2b8\ubd81/Forked_Models/Validation/Validation/_\ub77c\ubca8_General_val_C/district/3. \ud6c4\ubc29 \ubc29\ud5a5 \uc774\ubbf8\uc9c0/[district]day_963C/[district]day_963C_120.json",
            "id": 0
        },
        {
            "time_step": 3,
            "original_data_path": "/content/drive/Othercomputers/\ub0b4 \ub178\ud2b8\ubd81/Forked_Models/Validation/Validation/_\ub77c\ubca8_General_val_C/district/3. \ud6c4\ubc29 \ubc29\ud5a5 \uc774\ubbf8\uc9c0/[district]day_963C/[district]day_963C_125.json",
            "id": 0
        }
    ],
    "label": 1
}