{
    "data": [
        [
            0.521875,
            0.25,
            -0.02656249999999999,
            -0.05462962962962964,
            -0.006249999999999978,
            0.0851851851851852,
            0.05156250000000007,
            0.04444444444444445
        ],
        [
            0.50625,
            0.24259259259259258,
            -0.023958333333333304,
            -0.03796296296296295,
            0.0005208333333333037,
            0.08240740740740743,
            0.0390625,
            0.0537037037037037
        ],
        [
            0.5182291666666666,
            0.2490740740740741,
            -0.02552083333333327,
            -0.049074074074074076,
            -0.011458333333333348,
            0.07685185185185187,
            0.04427083333333337,
            0.04166666666666666
        ]
    ],
    "original_data": [
        {
            "time_step": 1,
            "original_data_path": "/content/drive/Othercomputers/\ub0b4 \ub178\ud2b8\ubd81/Forked_Models/Validation/Validation/_\ub77c\ubca8_General_val_C/district/3. \ud6c4\ubc29 \ubc29\ud5a5 \uc774\ubbf8\uc9c0/[district]attend_057C/[district]attend_057C_30.json",
            "id": 3
        },
        {
            "time_step": 2,
            "original_data_path": "/content/drive/Othercomputers/\ub0b4 \ub178\ud2b8\ubd81/Forked_Models/Validation/Validation/_\ub77c\ubca8_General_val_C/district/3. \ud6c4\ubc29 \ubc29\ud5a5 \uc774\ubbf8\uc9c0/[district]attend_057C/[district]attend_057C_32.json",
            "id": 3
        },
        {
            "time_step": 3,
            "original_data_path": "/content/drive/Othercomputers/\ub0b4 \ub178\ud2b8\ubd81/Forked_Models/Validation/Validation/_\ub77c\ubca8_General_val_C/district/3. \ud6c4\ubc29 \ubc29\ud5a5 \uc774\ubbf8\uc9c0/[district]attend_057C/[district]attend_057C_34.json",
            "id": 3
        }
    ],
    "label": 1
}