{
    "data": [
        [
            0.4234375,
            0.5083333333333333,
            -0.006770833333333337,
            -0.08240740740740737,
            0.010937499999999989,
            -0.050925925925925875,
            0.009374999999999967,
            0.07500000000000007
        ],
        [
            0.4239583333333333,
            0.5175925925925926,
            -0.007291666666666641,
            -0.09166666666666667,
            0.01614583333333336,
            -0.05185185185185187,
            0.011458333333333348,
            0.07499999999999996
        ],
        [
            0.425,
            0.5194444444444445,
            -0.008333333333333304,
            -0.09351851851851856,
            0.015625,
            -0.05648148148148152,
            0.011979166666666652,
            0.06481481481481477
        ]
    ],
    "original_data": [
        {
            "time_step": 1,
            "original_data_path": "/content/drive/Othercomputers/\ub0b4 \ub178\ud2b8\ubd81/Forked_Models/Validation/Validation/_\ub77c\ubca8_General_val_C/district/3. \ud6c4\ubc29 \ubc29\ud5a5 \uc774\ubbf8\uc9c0/[district]leave_485C/[district]leave_485C_30.json",
            "id": 3
        },
        {
            "time_step": 2,
            "original_data_path": "/content/drive/Othercomputers/\ub0b4 \ub178\ud2b8\ubd81/Forked_Models/Validation/Validation/_\ub77c\ubca8_General_val_C/district/3. \ud6c4\ubc29 \ubc29\ud5a5 \uc774\ubbf8\uc9c0/[district]leave_485C/[district]leave_485C_35.json",
            "id": 3
        },
        {
            "time_step": 3,
            "original_data_path": "/content/drive/Othercomputers/\ub0b4 \ub178\ud2b8\ubd81/Forked_Models/Validation/Validation/_\ub77c\ubca8_General_val_C/district/3. \ud6c4\ubc29 \ubc29\ud5a5 \uc774\ubbf8\uc9c0/[district]leave_485C/[district]leave_485C_40.json",
            "id": 3
        }
    ],
    "label": 1
}