{
    "data": [
        [
            0.6401041666666667,
            0.46944444444444444,
            -0.008854166666666718,
            -0.03888888888888886,
            -0.03281250000000002,
            0.04166666666666663,
            0.04947916666666663,
            0.047222222222222276
        ],
        [
            0.6369791666666667,
            0.45092592592592595,
            -0.008854166666666607,
            -0.040740740740740744,
            -0.027083333333333348,
            0.012037037037037013,
            0.05625000000000002,
            0.036111111111111094
        ],
        [
            0.6520833333333333,
            0.43796296296296294,
            0.0005208333333333037,
            -0.04351851851851851,
            -0.03125,
            -0.0009259259259258856,
            0.043749999999999956,
            0.06759259259259259
        ]
    ],
    "original_data": [
        {
            "time_step": 1,
            "original_data_path": "/content/drive/Othercomputers/\ub0b4 \ub178\ud2b8\ubd81/Forked_Models/Validation/Validation/_\ub77c\ubca8_General_val_C/district/3. \ud6c4\ubc29 \ubc29\ud5a5 \uc774\ubbf8\uc9c0/[district]day_570C/[district]day_570C_180.json",
            "id": 1
        },
        {
            "time_step": 2,
            "original_data_path": "/content/drive/Othercomputers/\ub0b4 \ub178\ud2b8\ubd81/Forked_Models/Validation/Validation/_\ub77c\ubca8_General_val_C/district/3. \ud6c4\ubc29 \ubc29\ud5a5 \uc774\ubbf8\uc9c0/[district]day_570C/[district]day_570C_185.json",
            "id": 1
        },
        {
            "time_step": 3,
            "original_data_path": "/content/drive/Othercomputers/\ub0b4 \ub178\ud2b8\ubd81/Forked_Models/Validation/Validation/_\ub77c\ubca8_General_val_C/district/3. \ud6c4\ubc29 \ubc29\ud5a5 \uc774\ubbf8\uc9c0/[district]day_570C/[district]day_570C_190.json",
            "id": 1
        }
    ],
    "label": 1
}