{
    "data": [
        [
            0.4864583333333333,
            0.2824074074074074,
            -0.003645833333333348,
            -0.04629629629629628,
            -0.025520833333333326,
            -0.006481481481481477,
            0.03125,
            0.02685185185185185
        ],
        [
            0.4864583333333333,
            0.3,
            -0.003645833333333348,
            -0.04537037037037034,
            -0.027604166666666652,
            -0.007407407407407418,
            0.03125,
            0.025925925925925963
        ],
        [
            0.48072916666666665,
            0.31574074074074077,
            -0.004166666666666652,
            -0.04814814814814816,
            -0.030208333333333337,
            -0.01666666666666672,
            0.030208333333333393,
            0.030555555555555503
        ]
    ],
    "original_data": [
        {
            "time_step": 1,
            "original_data_path": "/content/drive/Othercomputers/\ub0b4 \ub178\ud2b8\ubd81/Forked_Models/Validation/Validation/_\ub77c\ubca8_General_val_C/district/3. \ud6c4\ubc29 \ubc29\ud5a5 \uc774\ubbf8\uc9c0/[district]day_683C/[district]day_683C_20.json",
            "id": 0
        },
        {
            "time_step": 2,
            "original_data_path": "/content/drive/Othercomputers/\ub0b4 \ub178\ud2b8\ubd81/Forked_Models/Validation/Validation/_\ub77c\ubca8_General_val_C/district/3. \ud6c4\ubc29 \ubc29\ud5a5 \uc774\ubbf8\uc9c0/[district]day_683C/[district]day_683C_25.json",
            "id": 0
        },
        {
            "time_step": 3,
            "original_data_path": "/content/drive/Othercomputers/\ub0b4 \ub178\ud2b8\ubd81/Forked_Models/Validation/Validation/_\ub77c\ubca8_General_val_C/district/3. \ud6c4\ubc29 \ubc29\ud5a5 \uc774\ubbf8\uc9c0/[district]day_683C/[district]day_683C_30.json",
            "id": 0
        }
    ],
    "label": 1
}