{
    "data": [
        [
            0.3770833333333333,
            0.8777777777777778,
            -0.015625,
            -0.12037037037037035,
            0.09947916666666667,
            0.062037037037037,
            -0.08229166666666665,
            0.0
        ],
        [
            0.428125,
            0.5879629629629629,
            -0.004166666666666652,
            -0.09722222222222215,
            0.08697916666666672,
            0.07314814814814818,
            -0.06770833333333331,
            0.059259259259259345
        ],
        [
            0.4817708333333333,
            0.44351851851851853,
            0.00520833333333337,
            -0.08703703703703708,
            0.07083333333333336,
            0.07314814814814818,
            -0.05364583333333334,
            0.04444444444444445
        ]
    ],
    "original_data": [
        {
            "time_step": 1,
            "original_data_path": "/content/drive/Othercomputers/\ub0b4 \ub178\ud2b8\ubd81/Forked_Models/Validation/Validation/_\ub77c\ubca8_General_val_C/district/3. \ud6c4\ubc29 \ubc29\ud5a5 \uc774\ubbf8\uc9c0/[district]leave_001C/[district]leave_001C_178.json",
            "id": 1
        },
        {
            "time_step": 2,
            "original_data_path": "/content/drive/Othercomputers/\ub0b4 \ub178\ud2b8\ubd81/Forked_Models/Validation/Validation/_\ub77c\ubca8_General_val_C/district/3. \ud6c4\ubc29 \ubc29\ud5a5 \uc774\ubbf8\uc9c0/[district]leave_001C/[district]leave_001C_180.json",
            "id": 1
        },
        {
            "time_step": 3,
            "original_data_path": "/content/drive/Othercomputers/\ub0b4 \ub178\ud2b8\ubd81/Forked_Models/Validation/Validation/_\ub77c\ubca8_General_val_C/district/3. \ud6c4\ubc29 \ubc29\ud5a5 \uc774\ubbf8\uc9c0/[district]leave_001C/[district]leave_001C_182.json",
            "id": 1
        }
    ],
    "label": 0
}