{
    "data": [
        [
            0.4901041666666667,
            0.32685185185185184,
            -0.003645833333333348,
            -0.04814814814814811,
            -0.029166666666666674,
            -0.010185185185185186,
            0.03125,
            0.04722222222222222
        ],
        [
            0.48854166666666665,
            0.32685185185185184,
            -0.002083333333333326,
            -0.04814814814814811,
            -0.023958333333333304,
            -0.012037037037037013,
            0.029166666666666674,
            0.0490740740740741
        ],
        [
            0.4875,
            0.33611111111111114,
            -0.005729166666666674,
            -0.047222222222222276,
            -0.0234375,
            -0.014814814814814836,
            0.024479166666666663,
            0.04814814814814811
        ]
    ],
    "original_data": [
        {
            "time_step": 1,
            "original_data_path": "/content/drive/Othercomputers/\ub0b4 \ub178\ud2b8\ubd81/Forked_Models/Validation/Validation/_\ub77c\ubca8_General_val_C/district/3. \ud6c4\ubc29 \ubc29\ud5a5 \uc774\ubbf8\uc9c0/[district]day_683C/[district]day_683C_80.json",
            "id": 0
        },
        {
            "time_step": 2,
            "original_data_path": "/content/drive/Othercomputers/\ub0b4 \ub178\ud2b8\ubd81/Forked_Models/Validation/Validation/_\ub77c\ubca8_General_val_C/district/3. \ud6c4\ubc29 \ubc29\ud5a5 \uc774\ubbf8\uc9c0/[district]day_683C/[district]day_683C_85.json",
            "id": 0
        },
        {
            "time_step": 3,
            "original_data_path": "/content/drive/Othercomputers/\ub0b4 \ub178\ud2b8\ubd81/Forked_Models/Validation/Validation/_\ub77c\ubca8_General_val_C/district/3. \ud6c4\ubc29 \ubc29\ud5a5 \uc774\ubbf8\uc9c0/[district]day_683C/[district]day_683C_90.json",
            "id": 0
        }
    ],
    "label": 1
}