{
    "data": [
        [
            0.5473958333333333,
            0.3611111111111111,
            -0.019270833333333348,
            -0.0314814814814815,
            -0.01822916666666663,
            -0.015740740740740722,
            0.030208333333333393,
            0.011111111111111127
        ],
        [
            0.5473958333333333,
            0.3611111111111111,
            -0.019270833333333348,
            -0.0314814814814815,
            -0.01822916666666663,
            -0.015740740740740722,
            0.023958333333333415,
            0.017592592592592604
        ],
        [
            0.5473958333333333,
            0.3611111111111111,
            -0.024479166666666607,
            -0.0314814814814815,
            -0.01822916666666663,
            -0.015740740740740722,
            0.01822916666666674,
            0.021296296296296313
        ]
    ],
    "original_data": [
        {
            "time_step": 1,
            "original_data_path": "/content/drive/Othercomputers/\ub0b4 \ub178\ud2b8\ubd81/Forked_Models/Validation/Validation/_\ub77c\ubca8_General_val_C/district/3. \ud6c4\ubc29 \ubc29\ud5a5 \uc774\ubbf8\uc9c0/[district]day_996C/[district]day_996C_25.json",
            "id": 2
        },
        {
            "time_step": 2,
            "original_data_path": "/content/drive/Othercomputers/\ub0b4 \ub178\ud2b8\ubd81/Forked_Models/Validation/Validation/_\ub77c\ubca8_General_val_C/district/3. \ud6c4\ubc29 \ubc29\ud5a5 \uc774\ubbf8\uc9c0/[district]day_996C/[district]day_996C_30.json",
            "id": 2
        },
        {
            "time_step": 3,
            "original_data_path": "/content/drive/Othercomputers/\ub0b4 \ub178\ud2b8\ubd81/Forked_Models/Validation/Validation/_\ub77c\ubca8_General_val_C/district/3. \ud6c4\ubc29 \ubc29\ud5a5 \uc774\ubbf8\uc9c0/[district]day_996C/[district]day_996C_35.json",
            "id": 2
        }
    ],
    "label": 1
}