{
    "data": [
        [
            0.7270833333333333,
            0.16296296296296298,
            0.0005208333333334147,
            -0.05000000000000002,
            -0.03489583333333335,
            0.04351851851851851,
            0.03645833333333337,
            0.04999999999999999
        ],
        [
            0.7302083333333333,
            0.1638888888888889,
            0.0005208333333333037,
            -0.049074074074074076,
            -0.03489583333333335,
            0.04444444444444445,
            0.03281250000000002,
            0.04629629629629631
        ],
        [
            0.7203125,
            0.1648148148148148,
            0.0,
            -0.04351851851851851,
            -0.027083333333333348,
            0.049074074074074076,
            0.04166666666666663,
            0.03981481481481483
        ]
    ],
    "original_data": [
        {
            "time_step": 1,
            "original_data_path": "/content/drive/Othercomputers/\ub0b4 \ub178\ud2b8\ubd81/Forked_Models/Validation/Validation/_\ub77c\ubca8_General_val_C/district/3. \ud6c4\ubc29 \ubc29\ud5a5 \uc774\ubbf8\uc9c0/[district]attend_037C/[district]attend_037C_244.json",
            "id": 4
        },
        {
            "time_step": 2,
            "original_data_path": "/content/drive/Othercomputers/\ub0b4 \ub178\ud2b8\ubd81/Forked_Models/Validation/Validation/_\ub77c\ubca8_General_val_C/district/3. \ud6c4\ubc29 \ubc29\ud5a5 \uc774\ubbf8\uc9c0/[district]attend_037C/[district]attend_037C_246.json",
            "id": 4
        },
        {
            "time_step": 3,
            "original_data_path": "/content/drive/Othercomputers/\ub0b4 \ub178\ud2b8\ubd81/Forked_Models/Validation/Validation/_\ub77c\ubca8_General_val_C/district/3. \ud6c4\ubc29 \ubc29\ud5a5 \uc774\ubbf8\uc9c0/[district]attend_037C/[district]attend_037C_248.json",
            "id": 4
        }
    ],
    "label": 0
}