{
    "data": [
        [
            0.5484375,
            0.34814814814814815,
            -0.015104166666666696,
            -0.03425925925925927,
            -0.019270833333333348,
            -0.002777777777777768,
            0.016145833333333304,
            0.04999999999999999
        ],
        [
            0.546875,
            0.35185185185185186,
            -0.02083333333333337,
            -0.02777777777777779,
            -0.017708333333333326,
            -0.006481481481481477,
            0.017708333333333326,
            0.04629629629629628
        ],
        [
            0.54375,
            0.3611111111111111,
            -0.01822916666666663,
            -0.0314814814814815,
            -0.017708333333333326,
            -0.010185185185185186,
            0.02083333333333337,
            0.037037037037037035
        ]
    ],
    "original_data": [
        {
            "time_step": 1,
            "original_data_path": "/content/drive/Othercomputers/\ub0b4 \ub178\ud2b8\ubd81/Forked_Models/Validation/Validation/_\ub77c\ubca8_General_val_C/district/3. \ud6c4\ubc29 \ubc29\ud5a5 \uc774\ubbf8\uc9c0/[district]day_996C/[district]day_996C_110.json",
            "id": 2
        },
        {
            "time_step": 2,
            "original_data_path": "/content/drive/Othercomputers/\ub0b4 \ub178\ud2b8\ubd81/Forked_Models/Validation/Validation/_\ub77c\ubca8_General_val_C/district/3. \ud6c4\ubc29 \ubc29\ud5a5 \uc774\ubbf8\uc9c0/[district]day_996C/[district]day_996C_115.json",
            "id": 2
        },
        {
            "time_step": 3,
            "original_data_path": "/content/drive/Othercomputers/\ub0b4 \ub178\ud2b8\ubd81/Forked_Models/Validation/Validation/_\ub77c\ubca8_General_val_C/district/3. \ud6c4\ubc29 \ubc29\ud5a5 \uc774\ubbf8\uc9c0/[district]day_996C/[district]day_996C_120.json",
            "id": 2
        }
    ],
    "label": 1
}