{
    "data": [
        [
            0.46458333333333335,
            0.44814814814814813,
            -0.01302083333333337,
            -0.03796296296296292,
            -0.002604166666666685,
            -0.016666666666666663,
            0.04062500000000002,
            0.09166666666666673
        ],
        [
            0.440625,
            0.4666666666666667,
            -0.0234375,
            -0.06296296296296294,
            0.002604166666666685,
            -0.015740740740740722,
            0.00833333333333336,
            0.07222222222222219
        ],
        [
            0.40729166666666666,
            0.46944444444444444,
            -0.017708333333333326,
            -0.06203703703703706,
            0.022395833333333337,
            -0.017592592592592604,
            0.013020833333333315,
            0.10092592592592597
        ]
    ],
    "original_data": [
        {
            "time_step": 1,
            "original_data_path": "/content/drive/Othercomputers/\ub0b4 \ub178\ud2b8\ubd81/Forked_Models/Validation/Validation/_\ub77c\ubca8_General_val_C/district/3. \ud6c4\ubc29 \ubc29\ud5a5 \uc774\ubbf8\uc9c0/[district]night_629C/[district]night_629C_0.json",
            "id": 1
        },
        {
            "time_step": 2,
            "original_data_path": "/content/drive/Othercomputers/\ub0b4 \ub178\ud2b8\ubd81/Forked_Models/Validation/Validation/_\ub77c\ubca8_General_val_C/district/3. \ud6c4\ubc29 \ubc29\ud5a5 \uc774\ubbf8\uc9c0/[district]night_629C/[district]night_629C_5.json",
            "id": 1
        },
        {
            "time_step": 3,
            "original_data_path": "/content/drive/Othercomputers/\ub0b4 \ub178\ud2b8\ubd81/Forked_Models/Validation/Validation/_\ub77c\ubca8_General_val_C/district/3. \ud6c4\ubc29 \ubc29\ud5a5 \uc774\ubbf8\uc9c0/[district]night_629C/[district]night_629C_10.json",
            "id": 1
        }
    ],
    "label": 1
}