{
    "data": [
        [
            0.37395833333333334,
            0.4111111111111111,
            -0.022916666666666696,
            -0.037037037037037035,
            0.025520833333333326,
            0.0,
            0.010416666666666685,
            0.08055555555555555
        ],
        [
            0.37395833333333334,
            0.41944444444444445,
            -0.022916666666666696,
            -0.045370370370370394,
            0.025520833333333326,
            -0.00833333333333336,
            0.022395833333333337,
            0.08611111111111108
        ],
        [
            0.36875,
            0.43148148148148147,
            -0.02031250000000001,
            -0.05833333333333329,
            0.03385416666666663,
            0.0018518518518518823,
            0.027604166666666652,
            0.07407407407407407
        ]
    ],
    "original_data": [
        {
            "time_step": 1,
            "original_data_path": "/content/drive/Othercomputers/\ub0b4 \ub178\ud2b8\ubd81/Forked_Models/Validation/Validation/_\ub77c\ubca8_General_val_C/district/3. \ud6c4\ubc29 \ubc29\ud5a5 \uc774\ubbf8\uc9c0/[district]night_631C/[district]night_631C_20.json",
            "id": 2
        },
        {
            "time_step": 2,
            "original_data_path": "/content/drive/Othercomputers/\ub0b4 \ub178\ud2b8\ubd81/Forked_Models/Validation/Validation/_\ub77c\ubca8_General_val_C/district/3. \ud6c4\ubc29 \ubc29\ud5a5 \uc774\ubbf8\uc9c0/[district]night_631C/[district]night_631C_25.json",
            "id": 2
        },
        {
            "time_step": 3,
            "original_data_path": "/content/drive/Othercomputers/\ub0b4 \ub178\ud2b8\ubd81/Forked_Models/Validation/Validation/_\ub77c\ubca8_General_val_C/district/3. \ud6c4\ubc29 \ubc29\ud5a5 \uc774\ubbf8\uc9c0/[district]night_631C/[district]night_631C_30.json",
            "id": 2
        }
    ],
    "label": 1
}