{
    "data": [
        [
            0.49895833333333334,
            0.20925925925925926,
            -0.0078125,
            -0.06296296296296297,
            0.02552083333333338,
            -0.003703703703703709,
            -0.004166666666666652,
            0.06388888888888888
        ],
        [
            0.5052083333333334,
            0.19907407407407407,
            -0.007291666666666696,
            -0.06666666666666665,
            0.02239583333333328,
            -0.0018518518518518545,
            -0.007812500000000056,
            0.05740740740740741
        ],
        [
            0.509375,
            0.19907407407407407,
            -0.005729166666666674,
            -0.06296296296296297,
            0.027083333333333348,
            -0.0018518518518518545,
            -0.009375000000000022,
            0.05740740740740741
        ]
    ],
    "original_data": [
        {
            "time_step": 1,
            "original_data_path": "/content/drive/Othercomputers/\ub0b4 \ub178\ud2b8\ubd81/Forked_Models/Validation/Validation/_\ub77c\ubca8_General_val_C/district/3. \ud6c4\ubc29 \ubc29\ud5a5 \uc774\ubbf8\uc9c0/[district]morning_071C/[district]morning_071C_48.json",
            "id": 0
        },
        {
            "time_step": 2,
            "original_data_path": "/content/drive/Othercomputers/\ub0b4 \ub178\ud2b8\ubd81/Forked_Models/Validation/Validation/_\ub77c\ubca8_General_val_C/district/3. \ud6c4\ubc29 \ubc29\ud5a5 \uc774\ubbf8\uc9c0/[district]morning_071C/[district]morning_071C_50.json",
            "id": 0
        },
        {
            "time_step": 3,
            "original_data_path": "/content/drive/Othercomputers/\ub0b4 \ub178\ud2b8\ubd81/Forked_Models/Validation/Validation/_\ub77c\ubca8_General_val_C/district/3. \ud6c4\ubc29 \ubc29\ud5a5 \uc774\ubbf8\uc9c0/[district]morning_071C/[district]morning_071C_52.json",
            "id": 0
        }
    ],
    "label": 1
}