{
    "data": [
        [
            0.8166666666666667,
            0.4027777777777778,
            -0.007291666666666696,
            -0.025925925925925963,
            -0.03125,
            0.0018518518518518268,
            0.031770833333333304,
            0.02685185185185185
        ],
        [
            0.8088541666666667,
            0.41203703703703703,
            0.0,
            -0.0398148148148148,
            -0.029166666666666674,
            -0.007407407407407418,
            0.03802083333333339,
            0.015740740740740722
        ],
        [
            0.8036458333333333,
            0.41759259259259257,
            0.004687500000000067,
            -0.04259259259259257,
            -0.028124999999999956,
            -0.012037037037037013,
            0.04322916666666676,
            0.021296296296296313
        ]
    ],
    "original_data": [
        {
            "time_step": 1,
            "original_data_path": "/content/drive/Othercomputers/\ub0b4 \ub178\ud2b8\ubd81/Forked_Models/Validation/Validation/_\ub77c\ubca8_General_val_C/district/3. \ud6c4\ubc29 \ubc29\ud5a5 \uc774\ubbf8\uc9c0/[district]attend_960C/[district]attend_960C_155.json",
            "id": 2
        },
        {
            "time_step": 2,
            "original_data_path": "/content/drive/Othercomputers/\ub0b4 \ub178\ud2b8\ubd81/Forked_Models/Validation/Validation/_\ub77c\ubca8_General_val_C/district/3. \ud6c4\ubc29 \ubc29\ud5a5 \uc774\ubbf8\uc9c0/[district]attend_960C/[district]attend_960C_160.json",
            "id": 2
        },
        {
            "time_step": 3,
            "original_data_path": "/content/drive/Othercomputers/\ub0b4 \ub178\ud2b8\ubd81/Forked_Models/Validation/Validation/_\ub77c\ubca8_General_val_C/district/3. \ud6c4\ubc29 \ubc29\ud5a5 \uc774\ubbf8\uc9c0/[district]attend_960C/[district]attend_960C_165.json",
            "id": 2
        }
    ],
    "label": 1
}