{
    "data": [
        [
            0.496875,
            0.1962962962962963,
            -0.003124999999999989,
            -0.030555555555555558,
            -0.02812500000000001,
            0.016666666666666663,
            0.02135416666666662,
            -0.0009259259259259411
        ],
        [
            0.4869791666666667,
            0.19907407407407407,
            -0.003645833333333348,
            -0.030555555555555558,
            -0.030208333333333337,
            0.022222222222222227,
            0.01874999999999999,
            -0.0018518518518518545
        ],
        [
            0.48020833333333335,
            0.2074074074074074,
            -0.004166666666666707,
            -0.03148148148148147,
            -0.03177083333333336,
            0.023148148148148168,
            0.01874999999999999,
            0.0009259259259259411
        ]
    ],
    "original_data": [
        {
            "time_step": 1,
            "original_data_path": "/content/drive/Othercomputers/\ub0b4 \ub178\ud2b8\ubd81/Forked_Models/Validation/Validation/_\ub77c\ubca8_General_val_C/district/3. \ud6c4\ubc29 \ubc29\ud5a5 \uc774\ubbf8\uc9c0/[district]leave_1056C/[district]leave_1056C_250.json",
            "id": 2
        },
        {
            "time_step": 2,
            "original_data_path": "/content/drive/Othercomputers/\ub0b4 \ub178\ud2b8\ubd81/Forked_Models/Validation/Validation/_\ub77c\ubca8_General_val_C/district/3. \ud6c4\ubc29 \ubc29\ud5a5 \uc774\ubbf8\uc9c0/[district]leave_1056C/[district]leave_1056C_255.json",
            "id": 2
        },
        {
            "time_step": 3,
            "original_data_path": "/content/drive/Othercomputers/\ub0b4 \ub178\ud2b8\ubd81/Forked_Models/Validation/Validation/_\ub77c\ubca8_General_val_C/district/3. \ud6c4\ubc29 \ubc29\ud5a5 \uc774\ubbf8\uc9c0/[district]leave_1056C/[district]leave_1056C_260.json",
            "id": 2
        }
    ],
    "label": 1
}