{
    "data": [
        [
            0.3958333333333333,
            0.29074074074074074,
            -0.001041666666666663,
            -0.02407407407407408,
            -0.011458333333333293,
            0.0,
            0.029687500000000033,
            0.006481481481481477
        ],
        [
            0.39166666666666666,
            0.28888888888888886,
            -0.003645833333333348,
            -0.024999999999999967,
            -0.010416666666666685,
            0.00833333333333336,
            0.03281250000000002,
            0.0027777777777778234
        ],
        [
            0.3880208333333333,
            0.2935185185185185,
            -0.004166666666666652,
            -0.02777777777777779,
            -0.0036458333333332926,
            -0.002777777777777768,
            0.034375000000000044,
            0.00462962962962965
        ]
    ],
    "original_data": [
        {
            "time_step": 1,
            "original_data_path": "/content/drive/Othercomputers/\ub0b4 \ub178\ud2b8\ubd81/Forked_Models/Validation/Validation/_\ub77c\ubca8_General_val_C/district/3. \ud6c4\ubc29 \ubc29\ud5a5 \uc774\ubbf8\uc9c0/[district]day_608C/[district]day_608C_135.json",
            "id": 0
        },
        {
            "time_step": 2,
            "original_data_path": "/content/drive/Othercomputers/\ub0b4 \ub178\ud2b8\ubd81/Forked_Models/Validation/Validation/_\ub77c\ubca8_General_val_C/district/3. \ud6c4\ubc29 \ubc29\ud5a5 \uc774\ubbf8\uc9c0/[district]day_608C/[district]day_608C_140.json",
            "id": 0
        },
        {
            "time_step": 3,
            "original_data_path": "/content/drive/Othercomputers/\ub0b4 \ub178\ud2b8\ubd81/Forked_Models/Validation/Validation/_\ub77c\ubca8_General_val_C/district/3. \ud6c4\ubc29 \ubc29\ud5a5 \uc774\ubbf8\uc9c0/[district]day_608C/[district]day_608C_145.json",
            "id": 0
        }
    ],
    "label": 1
}