{
    "data": [
        [
            0.47604166666666664,
            0.28055555555555556,
            -0.0005208333333333037,
            -0.025000000000000022,
            -0.012499999999999956,
            0.0018518518518518268,
            0.01666666666666672,
            0.028703703703703676
        ],
        [
            0.471875,
            0.2935185185185185,
            -0.003124999999999989,
            -0.0222222222222222,
            -0.004687500000000011,
            -0.002777777777777768,
            0.016666666666666663,
            0.033333333333333326
        ],
        [
            0.471875,
            0.3,
            -0.003124999999999989,
            -0.02407407407407408,
            -0.004687500000000011,
            -0.002777777777777768,
            0.016666666666666663,
            0.037037037037037035
        ]
    ],
    "original_data": [
        {
            "time_step": 1,
            "original_data_path": "/content/drive/Othercomputers/\ub0b4 \ub178\ud2b8\ubd81/Forked_Models/Validation/Validation/_\ub77c\ubca8_General_val_C/district/3. \ud6c4\ubc29 \ubc29\ud5a5 \uc774\ubbf8\uc9c0/[district]night_623C/[district]night_623C_50.json",
            "id": 0
        },
        {
            "time_step": 2,
            "original_data_path": "/content/drive/Othercomputers/\ub0b4 \ub178\ud2b8\ubd81/Forked_Models/Validation/Validation/_\ub77c\ubca8_General_val_C/district/3. \ud6c4\ubc29 \ubc29\ud5a5 \uc774\ubbf8\uc9c0/[district]night_623C/[district]night_623C_55.json",
            "id": 0
        },
        {
            "time_step": 3,
            "original_data_path": "/content/drive/Othercomputers/\ub0b4 \ub178\ud2b8\ubd81/Forked_Models/Validation/Validation/_\ub77c\ubca8_General_val_C/district/3. \ud6c4\ubc29 \ubc29\ud5a5 \uc774\ubbf8\uc9c0/[district]night_623C/[district]night_623C_60.json",
            "id": 0
        }
    ],
    "label": 1
}