{
    "data": [
        [
            0.39166666666666666,
            0.325,
            0.00833333333333336,
            -0.037962962962962976,
            0.015625,
            0.08240740740740737,
            -0.03802083333333334,
            0.03518518518518515
        ],
        [
            0.4296875,
            0.2898148148148148,
            0.00833333333333336,
            -0.037962962962962976,
            0.015625,
            0.08240740740740743,
            -0.03802083333333334,
            0.03518518518518521
        ],
        [
            0.4822916666666667,
            0.27685185185185185,
            0.008333333333333304,
            -0.03796296296296295,
            0.001041666666666663,
            0.07314814814814813,
            -0.038541666666666696,
            0.0222222222222222
        ]
    ],
    "original_data": [
        {
            "time_step": 1,
            "original_data_path": "/content/drive/Othercomputers/\ub0b4 \ub178\ud2b8\ubd81/Forked_Models/Validation/Validation/_\ub77c\ubca8_General_val_C/district/3. \ud6c4\ubc29 \ubc29\ud5a5 \uc774\ubbf8\uc9c0/[district]day_431C/[district]day_431C_120.json",
            "id": 1
        },
        {
            "time_step": 2,
            "original_data_path": "/content/drive/Othercomputers/\ub0b4 \ub178\ud2b8\ubd81/Forked_Models/Validation/Validation/_\ub77c\ubca8_General_val_C/district/3. \ud6c4\ubc29 \ubc29\ud5a5 \uc774\ubbf8\uc9c0/[district]day_431C/[district]day_431C_122.json",
            "id": 1
        },
        {
            "time_step": 3,
            "original_data_path": "/content/drive/Othercomputers/\ub0b4 \ub178\ud2b8\ubd81/Forked_Models/Validation/Validation/_\ub77c\ubca8_General_val_C/district/3. \ud6c4\ubc29 \ubc29\ud5a5 \uc774\ubbf8\uc9c0/[district]day_431C/[district]day_431C_124.json",
            "id": 1
        }
    ],
    "label": 0
}