{
    "data": [
        [
            0.3703125,
            0.37037037037037035,
            -0.013020833333333315,
            -0.028703703703703676,
            0.01874999999999999,
            0.007407407407407418,
            -0.004166666666666652,
            0.10092592592592592
        ],
        [
            0.378125,
            0.3851851851851852,
            -0.01510416666666664,
            -0.06388888888888888,
            0.021354166666666674,
            -0.032407407407407385,
            0.003124999999999989,
            0.07037037037037036
        ],
        [
            0.384375,
            0.3509259259259259,
            -0.010416666666666685,
            -0.04999999999999999,
            0.036458333333333315,
            -0.00462962962962965,
            0.007291666666666641,
            0.07314814814814813
        ]
    ],
    "original_data": [
        {
            "time_step": 1,
            "original_data_path": "/content/drive/Othercomputers/\ub0b4 \ub178\ud2b8\ubd81/Forked_Models/Validation/Validation/_\ub77c\ubca8_General_val_C/district/3. \ud6c4\ubc29 \ubc29\ud5a5 \uc774\ubbf8\uc9c0/[district]leave_075C/[district]leave_075C_90.json",
            "id": 2
        },
        {
            "time_step": 2,
            "original_data_path": "/content/drive/Othercomputers/\ub0b4 \ub178\ud2b8\ubd81/Forked_Models/Validation/Validation/_\ub77c\ubca8_General_val_C/district/3. \ud6c4\ubc29 \ubc29\ud5a5 \uc774\ubbf8\uc9c0/[district]leave_075C/[district]leave_075C_92.json",
            "id": 2
        },
        {
            "time_step": 3,
            "original_data_path": "/content/drive/Othercomputers/\ub0b4 \ub178\ud2b8\ubd81/Forked_Models/Validation/Validation/_\ub77c\ubca8_General_val_C/district/3. \ud6c4\ubc29 \ubc29\ud5a5 \uc774\ubbf8\uc9c0/[district]leave_075C/[district]leave_075C_94.json",
            "id": 2
        }
    ],
    "label": 1
}