{
    "data": [
        [
            0.4791666666666667,
            0.3527777777777778,
            -0.0015625000000000222,
            -0.04722222222222222,
            -0.011458333333333348,
            -0.019444444444444486,
            0.010937499999999989,
            0.05833333333333329
        ],
        [
            0.4791666666666667,
            0.3527777777777778,
            -0.0015625000000000222,
            -0.04722222222222222,
            -0.011458333333333348,
            -0.019444444444444486,
            0.010937499999999989,
            0.05833333333333329
        ],
        [
            0.48385416666666664,
            0.35462962962962963,
            -0.001041666666666663,
            -0.04629629629629628,
            -0.015625,
            -0.014814814814814836,
            0.006250000000000033,
            0.056481481481481466
        ]
    ],
    "original_data": [
        {
            "time_step": 1,
            "original_data_path": "/content/drive/Othercomputers/\ub0b4 \ub178\ud2b8\ubd81/Forked_Models/Validation/Validation/_\ub77c\ubca8_General_val_C/district/3. \ud6c4\ubc29 \ubc29\ud5a5 \uc774\ubbf8\uc9c0/[district]day_567C/[district]day_567C_15.json",
            "id": 2
        },
        {
            "time_step": 2,
            "original_data_path": "/content/drive/Othercomputers/\ub0b4 \ub178\ud2b8\ubd81/Forked_Models/Validation/Validation/_\ub77c\ubca8_General_val_C/district/3. \ud6c4\ubc29 \ubc29\ud5a5 \uc774\ubbf8\uc9c0/[district]day_567C/[district]day_567C_20.json",
            "id": 2
        },
        {
            "time_step": 3,
            "original_data_path": "/content/drive/Othercomputers/\ub0b4 \ub178\ud2b8\ubd81/Forked_Models/Validation/Validation/_\ub77c\ubca8_General_val_C/district/3. \ud6c4\ubc29 \ubc29\ud5a5 \uc774\ubbf8\uc9c0/[district]day_567C/[district]day_567C_25.json",
            "id": 2
        }
    ],
    "label": 1
}