{
    "data": [
        [
            0.3421875,
            0.36574074074074076,
            -0.024999999999999967,
            -0.03240740740740744,
            0.036979166666666674,
            -0.006481481481481477,
            0.0078125,
            0.09537037037037038
        ],
        [
            0.34427083333333336,
            0.37222222222222223,
            -0.019270833333333348,
            -0.036111111111111094,
            0.035937499999999956,
            -0.003703703703703709,
            0.0036458333333332926,
            0.07870370370370372
        ],
        [
            0.3614583333333333,
            0.3814814814814815,
            -0.03072916666666664,
            -0.04722222222222222,
            0.027083333333333348,
            -0.030555555555555558,
            -0.008333333333333304,
            0.08981481481481479
        ]
    ],
    "original_data": [
        {
            "time_step": 1,
            "original_data_path": "/content/drive/Othercomputers/\ub0b4 \ub178\ud2b8\ubd81/Forked_Models/Validation/Validation/_\ub77c\ubca8_General_val_C/district/3. \ud6c4\ubc29 \ubc29\ud5a5 \uc774\ubbf8\uc9c0/[district]leave_075C/[district]leave_075C_22.json",
            "id": 2
        },
        {
            "time_step": 2,
            "original_data_path": "/content/drive/Othercomputers/\ub0b4 \ub178\ud2b8\ubd81/Forked_Models/Validation/Validation/_\ub77c\ubca8_General_val_C/district/3. \ud6c4\ubc29 \ubc29\ud5a5 \uc774\ubbf8\uc9c0/[district]leave_075C/[district]leave_075C_24.json",
            "id": 2
        },
        {
            "time_step": 3,
            "original_data_path": "/content/drive/Othercomputers/\ub0b4 \ub178\ud2b8\ubd81/Forked_Models/Validation/Validation/_\ub77c\ubca8_General_val_C/district/3. \ud6c4\ubc29 \ubc29\ud5a5 \uc774\ubbf8\uc9c0/[district]leave_075C/[district]leave_075C_26.json",
            "id": 2
        }
    ],
    "label": 1
}