{
    "data": [
        [
            0.3703125,
            0.5305555555555556,
            -0.0015624999999999667,
            -0.040740740740740744,
            -0.021354166666666674,
            -0.008333333333333304,
            0.0390625,
            0.031481481481481444
        ],
        [
            0.36822916666666666,
            0.5407407407407407,
            0.002604166666666685,
            -0.04351851851851851,
            -0.019270833333333348,
            -0.01851851851851849,
            0.0390625,
            0.017592592592592604
        ],
        [
            0.3723958333333333,
            0.537962962962963,
            -0.0015624999999999667,
            -0.040740740740740744,
            -0.0234375,
            -0.015740740740740722,
            0.03489583333333335,
            0.020370370370370372
        ]
    ],
    "original_data": [
        {
            "time_step": 1,
            "original_data_path": "/content/drive/Othercomputers/\ub0b4 \ub178\ud2b8\ubd81/Forked_Models/Validation/Validation/_\ub77c\ubca8_General_val_C/district/3. \ud6c4\ubc29 \ubc29\ud5a5 \uc774\ubbf8\uc9c0/[district]leave_499C/[district]leave_499C_45.json",
            "id": 1
        },
        {
            "time_step": 2,
            "original_data_path": "/content/drive/Othercomputers/\ub0b4 \ub178\ud2b8\ubd81/Forked_Models/Validation/Validation/_\ub77c\ubca8_General_val_C/district/3. \ud6c4\ubc29 \ubc29\ud5a5 \uc774\ubbf8\uc9c0/[district]leave_499C/[district]leave_499C_50.json",
            "id": 1
        },
        {
            "time_step": 3,
            "original_data_path": "/content/drive/Othercomputers/\ub0b4 \ub178\ud2b8\ubd81/Forked_Models/Validation/Validation/_\ub77c\ubca8_General_val_C/district/3. \ud6c4\ubc29 \ubc29\ud5a5 \uc774\ubbf8\uc9c0/[district]leave_499C/[district]leave_499C_55.json",
            "id": 1
        }
    ],
    "label": 1
}