{
    "data": [
        [
            0.5359375,
            0.1935185185185185,
            -0.012499999999999956,
            -0.021296296296296285,
            0.019270833333333348,
            0.03518518518518521,
            0.008854166666666718,
            0.08425925925925928
        ],
        [
            0.5338541666666666,
            0.20277777777777778,
            -0.013541666666666674,
            -0.02777777777777779,
            0.021354166666666674,
            0.02777777777777779,
            0.009895833333333326,
            0.07777777777777778
        ],
        [
            0.5317708333333333,
            0.19907407407407407,
            -0.016666666666666607,
            -0.01944444444444443,
            0.025520833333333326,
            0.03240740740740741,
            0.007291666666666696,
            0.09444444444444444
        ]
    ],
    "original_data": [
        {
            "time_step": 1,
            "original_data_path": "/content/drive/Othercomputers/\ub0b4 \ub178\ud2b8\ubd81/Forked_Models/Validation/Validation/_\ub77c\ubca8_General_val_C/district/3. \ud6c4\ubc29 \ubc29\ud5a5 \uc774\ubbf8\uc9c0/[district]morning_1119C/[district]morning_1119C_45.json",
            "id": 0
        },
        {
            "time_step": 2,
            "original_data_path": "/content/drive/Othercomputers/\ub0b4 \ub178\ud2b8\ubd81/Forked_Models/Validation/Validation/_\ub77c\ubca8_General_val_C/district/3. \ud6c4\ubc29 \ubc29\ud5a5 \uc774\ubbf8\uc9c0/[district]morning_1119C/[district]morning_1119C_50.json",
            "id": 0
        },
        {
            "time_step": 3,
            "original_data_path": "/content/drive/Othercomputers/\ub0b4 \ub178\ud2b8\ubd81/Forked_Models/Validation/Validation/_\ub77c\ubca8_General_val_C/district/3. \ud6c4\ubc29 \ubc29\ud5a5 \uc774\ubbf8\uc9c0/[district]morning_1119C/[district]morning_1119C_55.json",
            "id": 0
        }
    ],
    "label": 1
}