{
    "data": [
        [
            0.7494791666666667,
            0.2796296296296296,
            0.0015625000000000222,
            -0.02777777777777779,
            -0.019791666666666652,
            0.018518518518518545,
            0.021354166666666674,
            0.013888888888888895
        ],
        [
            0.75,
            0.2814814814814815,
            -0.0015625000000000222,
            -0.0314814814814815,
            -0.021874999999999978,
            0.010185185185185186,
            0.019270833333333348,
            0.012037037037037013
        ],
        [
            0.7484375,
            0.28703703703703703,
            0.0005208333333333037,
            -0.032407407407407385,
            -0.020312499999999956,
            0.00462962962962965,
            0.021874999999999978,
            0.010185185185185186
        ]
    ],
    "original_data": [
        {
            "time_step": 1,
            "original_data_path": "/content/drive/Othercomputers/\ub0b4 \ub178\ud2b8\ubd81/Forked_Models/Validation/Validation/_\ub77c\ubca8_General_val_C/district/3. \ud6c4\ubc29 \ubc29\ud5a5 \uc774\ubbf8\uc9c0/[district]attend_1048C/[district]attend_1048C_110.json",
            "id": 1
        },
        {
            "time_step": 2,
            "original_data_path": "/content/drive/Othercomputers/\ub0b4 \ub178\ud2b8\ubd81/Forked_Models/Validation/Validation/_\ub77c\ubca8_General_val_C/district/3. \ud6c4\ubc29 \ubc29\ud5a5 \uc774\ubbf8\uc9c0/[district]attend_1048C/[district]attend_1048C_115.json",
            "id": 1
        },
        {
            "time_step": 3,
            "original_data_path": "/content/drive/Othercomputers/\ub0b4 \ub178\ud2b8\ubd81/Forked_Models/Validation/Validation/_\ub77c\ubca8_General_val_C/district/3. \ud6c4\ubc29 \ubc29\ud5a5 \uc774\ubbf8\uc9c0/[district]attend_1048C/[district]attend_1048C_120.json",
            "id": 1
        }
    ],
    "label": 1
}