{
    "data": [
        [
            0.478125,
            0.34074074074074073,
            0.003124999999999989,
            -0.041666666666666685,
            -0.018750000000000044,
            0.013888888888888895,
            0.017708333333333326,
            0.037962962962962976
        ],
        [
            0.478125,
            0.34074074074074073,
            0.003124999999999989,
            -0.041666666666666685,
            -0.022395833333333337,
            0.011111111111111127,
            0.014583333333333337,
            0.036111111111111094
        ],
        [
            0.4713541666666667,
            0.3574074074074074,
            0.003124999999999989,
            -0.037037037037037035,
            -0.022395833333333337,
            0.002777777777777768,
            0.02291666666666664,
            0.022222222222222254
        ]
    ],
    "original_data": [
        {
            "time_step": 1,
            "original_data_path": "/content/drive/Othercomputers/\ub0b4 \ub178\ud2b8\ubd81/Forked_Models/Validation/Validation/_\ub77c\ubca8_General_val_C/district/3. \ud6c4\ubc29 \ubc29\ud5a5 \uc774\ubbf8\uc9c0/[district]leave_485C/[district]leave_485C_20.json",
            "id": 2
        },
        {
            "time_step": 2,
            "original_data_path": "/content/drive/Othercomputers/\ub0b4 \ub178\ud2b8\ubd81/Forked_Models/Validation/Validation/_\ub77c\ubca8_General_val_C/district/3. \ud6c4\ubc29 \ubc29\ud5a5 \uc774\ubbf8\uc9c0/[district]leave_485C/[district]leave_485C_25.json",
            "id": 2
        },
        {
            "time_step": 3,
            "original_data_path": "/content/drive/Othercomputers/\ub0b4 \ub178\ud2b8\ubd81/Forked_Models/Validation/Validation/_\ub77c\ubca8_General_val_C/district/3. \ud6c4\ubc29 \ubc29\ud5a5 \uc774\ubbf8\uc9c0/[district]leave_485C/[district]leave_485C_30.json",
            "id": 2
        }
    ],
    "label": 1
}