{
    "data": [
        [
            0.42552083333333335,
            0.47962962962962963,
            -0.011979166666666707,
            -0.0398148148148148,
            -0.009375000000000022,
            -0.006481481481481477,
            0.02812500000000001,
            0.047222222222222276
        ],
        [
            0.42552083333333335,
            0.47962962962962963,
            -0.011979166666666707,
            -0.0398148148148148,
            -0.009375000000000022,
            -0.006481481481481477,
            0.024999999999999967,
            0.050000000000000044
        ],
        [
            0.42552083333333335,
            0.47962962962962963,
            -0.011979166666666707,
            -0.0398148148148148,
            -0.009375000000000022,
            -0.006481481481481477,
            0.020833333333333315,
            0.05555555555555558
        ]
    ],
    "original_data": [
        {
            "time_step": 1,
            "original_data_path": "/content/drive/Othercomputers/\ub0b4 \ub178\ud2b8\ubd81/Forked_Models/Validation/Validation/_\ub77c\ubca8_General_val_C/district/3. \ud6c4\ubc29 \ubc29\ud5a5 \uc774\ubbf8\uc9c0/[district]morning_649C/[district]morning_649C_120.json",
            "id": 3
        },
        {
            "time_step": 2,
            "original_data_path": "/content/drive/Othercomputers/\ub0b4 \ub178\ud2b8\ubd81/Forked_Models/Validation/Validation/_\ub77c\ubca8_General_val_C/district/3. \ud6c4\ubc29 \ubc29\ud5a5 \uc774\ubbf8\uc9c0/[district]morning_649C/[district]morning_649C_125.json",
            "id": 3
        },
        {
            "time_step": 3,
            "original_data_path": "/content/drive/Othercomputers/\ub0b4 \ub178\ud2b8\ubd81/Forked_Models/Validation/Validation/_\ub77c\ubca8_General_val_C/district/3. \ud6c4\ubc29 \ubc29\ud5a5 \uc774\ubbf8\uc9c0/[district]morning_649C/[district]morning_649C_130.json",
            "id": 3
        }
    ],
    "label": 1
}