{
    "data": [
        [
            0.39427083333333335,
            0.39351851851851855,
            -0.011979166666666707,
            -0.023148148148148195,
            0.029166666666666674,
            -0.0064814814814815325,
            0.0026041666666666297,
            0.037037037037037035
        ],
        [
            0.38177083333333334,
            0.3962962962962963,
            -0.013020833333333315,
            -0.025925925925925963,
            0.031770833333333304,
            -0.011111111111111127,
            -0.003124999999999989,
            0.059259259259259234
        ],
        [
            0.37552083333333336,
            0.39444444444444443,
            -0.018750000000000044,
            -0.029629629629629617,
            0.0234375,
            -0.0018518518518518268,
            -0.006250000000000033,
            0.04999999999999999
        ]
    ],
    "original_data": [
        {
            "time_step": 1,
            "original_data_path": "/content/drive/Othercomputers/\ub0b4 \ub178\ud2b8\ubd81/Forked_Models/Validation/Validation/_\ub77c\ubca8_General_val_C/district/3. \ud6c4\ubc29 \ubc29\ud5a5 \uc774\ubbf8\uc9c0/[district]day_708C/[district]day_708C_35.json",
            "id": 4
        },
        {
            "time_step": 2,
            "original_data_path": "/content/drive/Othercomputers/\ub0b4 \ub178\ud2b8\ubd81/Forked_Models/Validation/Validation/_\ub77c\ubca8_General_val_C/district/3. \ud6c4\ubc29 \ubc29\ud5a5 \uc774\ubbf8\uc9c0/[district]day_708C/[district]day_708C_40.json",
            "id": 4
        },
        {
            "time_step": 3,
            "original_data_path": "/content/drive/Othercomputers/\ub0b4 \ub178\ud2b8\ubd81/Forked_Models/Validation/Validation/_\ub77c\ubca8_General_val_C/district/3. \ud6c4\ubc29 \ubc29\ud5a5 \uc774\ubbf8\uc9c0/[district]day_708C/[district]day_708C_45.json",
            "id": 4
        }
    ],
    "label": 1
}