{
    "data": [
        [
            0.5755208333333334,
            0.2611111111111111,
            -0.0031250000000000444,
            -0.023148148148148168,
            -0.02187500000000009,
            0.012962962962962954,
            0.022916666666666585,
            0.010185185185185186
        ],
        [
            0.5755208333333334,
            0.2611111111111111,
            -0.0031250000000000444,
            -0.023148148148148168,
            -0.029166666666666674,
            -0.002777777777777768,
            0.022916666666666585,
            0.010185185185185186
        ],
        [
            0.5765625,
            0.2064814814814815,
            -0.0031249999999999334,
            -0.020370370370370372,
            -0.019270833333333348,
            0.018518518518518517,
            0.03125,
            0.02314814814814814
        ]
    ],
    "original_data": [
        {
            "time_step": 1,
            "original_data_path": "/content/drive/Othercomputers/\ub0b4 \ub178\ud2b8\ubd81/Forked_Models/Validation/Validation/_\ub77c\ubca8_General_val_C/district/3. \ud6c4\ubc29 \ubc29\ud5a5 \uc774\ubbf8\uc9c0/[district]morning_1057C/[district]morning_1057C_160.json",
            "id": 0
        },
        {
            "time_step": 2,
            "original_data_path": "/content/drive/Othercomputers/\ub0b4 \ub178\ud2b8\ubd81/Forked_Models/Validation/Validation/_\ub77c\ubca8_General_val_C/district/3. \ud6c4\ubc29 \ubc29\ud5a5 \uc774\ubbf8\uc9c0/[district]morning_1057C/[district]morning_1057C_165.json",
            "id": 0
        },
        {
            "time_step": 3,
            "original_data_path": "/content/drive/Othercomputers/\ub0b4 \ub178\ud2b8\ubd81/Forked_Models/Validation/Validation/_\ub77c\ubca8_General_val_C/district/3. \ud6c4\ubc29 \ubc29\ud5a5 \uc774\ubbf8\uc9c0/[district]morning_1057C/[district]morning_1057C_170.json",
            "id": 0
        }
    ],
    "label": 1
}