{
    "data": [
        [
            0.3484375,
            0.462037037037037,
            -0.009375000000000022,
            -0.024999999999999967,
            0.03229166666666666,
            0.006481481481481477,
            0.005208333333333315,
            0.08981481481481479
        ],
        [
            0.31927083333333334,
            0.4527777777777778,
            -0.013020833333333315,
            -0.021296296296296313,
            0.03281250000000002,
            0.0009259259259259411,
            0.001041666666666663,
            0.0851851851851852
        ],
        [
            0.2875,
            0.41944444444444445,
            -0.01510416666666664,
            -0.040740740740740744,
            0.027083333333333348,
            0.015740740740740722,
            0.002604166666666685,
            0.0712962962962963
        ]
    ],
    "original_data": [
        {
            "time_step": 1,
            "original_data_path": "/content/drive/Othercomputers/\ub0b4 \ub178\ud2b8\ubd81/Forked_Models/Validation/Validation/_\ub77c\ubca8_General_val_C/district/3. \ud6c4\ubc29 \ubc29\ud5a5 \uc774\ubbf8\uc9c0/[district]morning_657C/[district]morning_657C_260.json",
            "id": 0
        },
        {
            "time_step": 2,
            "original_data_path": "/content/drive/Othercomputers/\ub0b4 \ub178\ud2b8\ubd81/Forked_Models/Validation/Validation/_\ub77c\ubca8_General_val_C/district/3. \ud6c4\ubc29 \ubc29\ud5a5 \uc774\ubbf8\uc9c0/[district]morning_657C/[district]morning_657C_265.json",
            "id": 0
        },
        {
            "time_step": 3,
            "original_data_path": "/content/drive/Othercomputers/\ub0b4 \ub178\ud2b8\ubd81/Forked_Models/Validation/Validation/_\ub77c\ubca8_General_val_C/district/3. \ud6c4\ubc29 \ubc29\ud5a5 \uc774\ubbf8\uc9c0/[district]morning_657C/[district]morning_657C_270.json",
            "id": 0
        }
    ],
    "label": 1
}