{
    "data": [
        [
            0.51875,
            0.25092592592592594,
            0.005208333333333259,
            -0.037962962962962976,
            0.011979166666666652,
            -0.0009259259259259411,
            0.025520833333333326,
            0.032407407407407385
        ],
        [
            0.5213541666666667,
            0.2518518518518518,
            0.008854166666666607,
            -0.032407407407407385,
            0.012499999999999956,
            -0.0009259259259258856,
            0.022916666666666696,
            0.0314814814814815
        ],
        [
            0.5213541666666667,
            0.2518518518518518,
            0.008854166666666607,
            -0.032407407407407385,
            0.012499999999999956,
            -0.006481481481481449,
            0.02239583333333328,
            0.037962962962962976
        ]
    ],
    "original_data": [
        {
            "time_step": 1,
            "original_data_path": "/content/drive/Othercomputers/\ub0b4 \ub178\ud2b8\ubd81/Forked_Models/Validation/Validation/_\ub77c\ubca8_General_val_C/district/3. \ud6c4\ubc29 \ubc29\ud5a5 \uc774\ubbf8\uc9c0/[district]day_608C/[district]day_608C_195.json",
            "id": 1
        },
        {
            "time_step": 2,
            "original_data_path": "/content/drive/Othercomputers/\ub0b4 \ub178\ud2b8\ubd81/Forked_Models/Validation/Validation/_\ub77c\ubca8_General_val_C/district/3. \ud6c4\ubc29 \ubc29\ud5a5 \uc774\ubbf8\uc9c0/[district]day_608C/[district]day_608C_200.json",
            "id": 1
        },
        {
            "time_step": 3,
            "original_data_path": "/content/drive/Othercomputers/\ub0b4 \ub178\ud2b8\ubd81/Forked_Models/Validation/Validation/_\ub77c\ubca8_General_val_C/district/3. \ud6c4\ubc29 \ubc29\ud5a5 \uc774\ubbf8\uc9c0/[district]day_608C/[district]day_608C_205.json",
            "id": 1
        }
    ],
    "label": 1
}