{
    "data": [
        [
            0.3572916666666667,
            0.587037037037037,
            -0.016666666666666663,
            -0.05740740740740735,
            -0.029166666666666674,
            -0.05555555555555558,
            0.04791666666666666,
            -0.04907407407407405
        ],
        [
            0.3572916666666667,
            0.587037037037037,
            -0.016666666666666663,
            -0.05740740740740735,
            -0.029166666666666674,
            -0.05555555555555558,
            0.047395833333333304,
            -0.042592592592592626
        ],
        [
            0.3572916666666667,
            0.587037037037037,
            -0.009375000000000022,
            -0.06388888888888888,
            -0.029166666666666674,
            -0.05555555555555558,
            0.047395833333333304,
            -0.042592592592592626
        ]
    ],
    "original_data": [
        {
            "time_step": 1,
            "original_data_path": "/content/drive/Othercomputers/\ub0b4 \ub178\ud2b8\ubd81/Forked_Models/Validation/Validation/_\ub77c\ubca8_General_val_C/district/3. \ud6c4\ubc29 \ubc29\ud5a5 \uc774\ubbf8\uc9c0/[district]night_620C/[district]night_620C_80.json",
            "id": 3
        },
        {
            "time_step": 2,
            "original_data_path": "/content/drive/Othercomputers/\ub0b4 \ub178\ud2b8\ubd81/Forked_Models/Validation/Validation/_\ub77c\ubca8_General_val_C/district/3. \ud6c4\ubc29 \ubc29\ud5a5 \uc774\ubbf8\uc9c0/[district]night_620C/[district]night_620C_85.json",
            "id": 3
        },
        {
            "time_step": 3,
            "original_data_path": "/content/drive/Othercomputers/\ub0b4 \ub178\ud2b8\ubd81/Forked_Models/Validation/Validation/_\ub77c\ubca8_General_val_C/district/3. \ud6c4\ubc29 \ubc29\ud5a5 \uc774\ubbf8\uc9c0/[district]night_620C/[district]night_620C_90.json",
            "id": 3
        }
    ],
    "label": 1
}