{
    "data": [
        [
            0.4354166666666667,
            0.12037037037037036,
            -0.027083333333333348,
            -0.008333333333333331,
            0.07291666666666663,
            -0.024999999999999994,
            0.010937499999999989,
            0.07962962962962965
        ],
        [
            0.3885416666666667,
            0.20462962962962963,
            -0.024479166666666663,
            0.009259259259259245,
            0.06145833333333334,
            -0.04351851851851851,
            0.014583333333333337,
            0.027777777777777762
        ],
        [
            0.3463541666666667,
            0.287962962962963,
            -0.018229166666666685,
            0.0009259259259258856,
            0.0625,
            -0.05740740740740741,
            0.014583333333333337,
            0.029629629629629617
        ]
    ],
    "original_data": [
        {
            "time_step": 1,
            "original_data_path": "/content/drive/Othercomputers/\ub0b4 \ub178\ud2b8\ubd81/Forked_Models/Validation/Validation/_\ub77c\ubca8_General_val_C/district/3. \ud6c4\ubc29 \ubc29\ud5a5 \uc774\ubbf8\uc9c0/[district]attend_024C/[district]attend_024C_98.json",
            "id": 1
        },
        {
            "time_step": 2,
            "original_data_path": "/content/drive/Othercomputers/\ub0b4 \ub178\ud2b8\ubd81/Forked_Models/Validation/Validation/_\ub77c\ubca8_General_val_C/district/3. \ud6c4\ubc29 \ubc29\ud5a5 \uc774\ubbf8\uc9c0/[district]attend_024C/[district]attend_024C_100.json",
            "id": 1
        },
        {
            "time_step": 3,
            "original_data_path": "/content/drive/Othercomputers/\ub0b4 \ub178\ud2b8\ubd81/Forked_Models/Validation/Validation/_\ub77c\ubca8_General_val_C/district/3. \ud6c4\ubc29 \ubc29\ud5a5 \uc774\ubbf8\uc9c0/[district]attend_024C/[district]attend_024C_102.json",
            "id": 1
        }
    ],
    "label": 1
}