{
    "data": [
        [
            0.3828125,
            0.5925925925925926,
            -0.01614583333333336,
            -0.030555555555555558,
            -0.01510416666666664,
            -0.012962962962962954,
            0.028645833333333315,
            0.02777777777777779
        ],
        [
            0.3958333333333333,
            0.575,
            -0.017708333333333326,
            -0.010185185185185186,
            -0.028124999999999956,
            0.0018518518518518823,
            0.015625,
            0.040740740740740744
        ],
        [
            0.38958333333333334,
            0.5851851851851851,
            -0.011458333333333348,
            -0.020370370370370372,
            -0.021874999999999978,
            -0.008333333333333304,
            0.02291666666666664,
            0.062962962962963
        ]
    ],
    "original_data": [
        {
            "time_step": 1,
            "original_data_path": "/content/drive/Othercomputers/\ub0b4 \ub178\ud2b8\ubd81/Forked_Models/Validation/Validation/_\ub77c\ubca8_General_val_C/district/3. \ud6c4\ubc29 \ubc29\ud5a5 \uc774\ubbf8\uc9c0/[district]day_570C/[district]day_570C_70.json",
            "id": 3
        },
        {
            "time_step": 2,
            "original_data_path": "/content/drive/Othercomputers/\ub0b4 \ub178\ud2b8\ubd81/Forked_Models/Validation/Validation/_\ub77c\ubca8_General_val_C/district/3. \ud6c4\ubc29 \ubc29\ud5a5 \uc774\ubbf8\uc9c0/[district]day_570C/[district]day_570C_75.json",
            "id": 3
        },
        {
            "time_step": 3,
            "original_data_path": "/content/drive/Othercomputers/\ub0b4 \ub178\ud2b8\ubd81/Forked_Models/Validation/Validation/_\ub77c\ubca8_General_val_C/district/3. \ud6c4\ubc29 \ubc29\ud5a5 \uc774\ubbf8\uc9c0/[district]day_570C/[district]day_570C_80.json",
            "id": 3
        }
    ],
    "label": 1
}