{
    "data": [
        [
            0.5932291666666667,
            0.2324074074074074,
            -0.011979166666666652,
            -0.027777777777777762,
            0.016666666666666607,
            0.030555555555555558,
            -0.009375000000000022,
            0.0851851851851852
        ],
        [
            0.5947916666666667,
            0.2351851851851852,
            -0.010937500000000044,
            -0.02777777777777779,
            0.02239583333333328,
            0.023148148148148168,
            -0.0067708333333333925,
            0.08518518518518517
        ],
        [
            0.5984375,
            0.24074074074074073,
            -0.01302083333333326,
            -0.03425925925925924,
            0.017708333333333326,
            0.023148148148148168,
            -0.011979166666666652,
            0.08055555555555557
        ]
    ],
    "original_data": [
        {
            "time_step": 1,
            "original_data_path": "/content/drive/Othercomputers/\ub0b4 \ub178\ud2b8\ubd81/Forked_Models/Validation/Validation/_\ub77c\ubca8_General_val_C/district/3. \ud6c4\ubc29 \ubc29\ud5a5 \uc774\ubbf8\uc9c0/[district]morning_979C/[district]morning_979C_130.json",
            "id": 2
        },
        {
            "time_step": 2,
            "original_data_path": "/content/drive/Othercomputers/\ub0b4 \ub178\ud2b8\ubd81/Forked_Models/Validation/Validation/_\ub77c\ubca8_General_val_C/district/3. \ud6c4\ubc29 \ubc29\ud5a5 \uc774\ubbf8\uc9c0/[district]morning_979C/[district]morning_979C_135.json",
            "id": 2
        },
        {
            "time_step": 3,
            "original_data_path": "/content/drive/Othercomputers/\ub0b4 \ub178\ud2b8\ubd81/Forked_Models/Validation/Validation/_\ub77c\ubca8_General_val_C/district/3. \ud6c4\ubc29 \ubc29\ud5a5 \uc774\ubbf8\uc9c0/[district]morning_979C/[district]morning_979C_140.json",
            "id": 2
        }
    ],
    "label": 1
}