{
    "data": [
        [
            0.4859375,
            0.35833333333333334,
            -0.0031250000000000444,
            -0.04259259259259257,
            -0.016666666666666663,
            -0.014814814814814836,
            0.004166666666666652,
            0.05277777777777776
        ],
        [
            0.48541666666666666,
            0.3537037037037037,
            0.001041666666666663,
            -0.033333333333333326,
            -0.017708333333333326,
            -0.004629629629629595,
            0.004687500000000011,
            0.05740740740740741
        ],
        [
            0.48489583333333336,
            0.3537037037037037,
            -0.00520833333333337,
            -0.03796296296296292,
            -0.02083333333333337,
            -0.002777777777777768,
            0.005208333333333315,
            0.05740740740740741
        ]
    ],
    "original_data": [
        {
            "time_step": 1,
            "original_data_path": "/content/drive/Othercomputers/\ub0b4 \ub178\ud2b8\ubd81/Forked_Models/Validation/Validation/_\ub77c\ubca8_General_val_C/district/3. \ud6c4\ubc29 \ubc29\ud5a5 \uc774\ubbf8\uc9c0/[district]day_567C/[district]day_567C_55.json",
            "id": 2
        },
        {
            "time_step": 2,
            "original_data_path": "/content/drive/Othercomputers/\ub0b4 \ub178\ud2b8\ubd81/Forked_Models/Validation/Validation/_\ub77c\ubca8_General_val_C/district/3. \ud6c4\ubc29 \ubc29\ud5a5 \uc774\ubbf8\uc9c0/[district]day_567C/[district]day_567C_60.json",
            "id": 2
        },
        {
            "time_step": 3,
            "original_data_path": "/content/drive/Othercomputers/\ub0b4 \ub178\ud2b8\ubd81/Forked_Models/Validation/Validation/_\ub77c\ubca8_General_val_C/district/3. \ud6c4\ubc29 \ubc29\ud5a5 \uc774\ubbf8\uc9c0/[district]day_567C/[district]day_567C_65.json",
            "id": 2
        }
    ],
    "label": 1
}