{
    "data": [
        [
            0.3328125,
            0.36574074074074076,
            -0.011458333333333348,
            -0.037962962962962976,
            0.06145833333333334,
            0.005555555555555536,
            -0.03229166666666666,
            0.07037037037037036
        ],
        [
            0.32916666666666666,
            0.3648148148148148,
            -0.013020833333333315,
            -0.03425925925925927,
            0.05520833333333336,
            0.006481481481481477,
            -0.017708333333333326,
            0.09166666666666667
        ],
        [
            0.3307291666666667,
            0.3592592592592593,
            -0.01302083333333337,
            -0.03518518518518521,
            0.05729166666666663,
            0.01944444444444443,
            -0.022395833333333337,
            0.10925925925925922
        ]
    ],
    "original_data": [
        {
            "time_step": 1,
            "original_data_path": "/content/drive/Othercomputers/\ub0b4 \ub178\ud2b8\ubd81/Forked_Models/Validation/Validation/_\ub77c\ubca8_General_val_C/district/3. \ud6c4\ubc29 \ubc29\ud5a5 \uc774\ubbf8\uc9c0/[district]night_624C/[district]night_624C_100.json",
            "id": 2
        },
        {
            "time_step": 2,
            "original_data_path": "/content/drive/Othercomputers/\ub0b4 \ub178\ud2b8\ubd81/Forked_Models/Validation/Validation/_\ub77c\ubca8_General_val_C/district/3. \ud6c4\ubc29 \ubc29\ud5a5 \uc774\ubbf8\uc9c0/[district]night_624C/[district]night_624C_105.json",
            "id": 2
        },
        {
            "time_step": 3,
            "original_data_path": "/content/drive/Othercomputers/\ub0b4 \ub178\ud2b8\ubd81/Forked_Models/Validation/Validation/_\ub77c\ubca8_General_val_C/district/3. \ud6c4\ubc29 \ubc29\ud5a5 \uc774\ubbf8\uc9c0/[district]night_624C/[district]night_624C_110.json",
            "id": 2
        }
    ],
    "label": 1
}