{
    "data": [
        [
            0.42135416666666664,
            0.27870370370370373,
            0.002604166666666685,
            -0.021296296296296313,
            -0.027604166666666652,
            0.009259259259259245,
            0.021875000000000033,
            0.021296296296296258
        ],
        [
            0.4114583333333333,
            0.2740740740740741,
            -0.0005208333333333037,
            -0.020370370370370372,
            -0.021874999999999978,
            0.020370370370370372,
            0.027604166666666707,
            0.012037037037037013
        ],
        [
            0.4114583333333333,
            0.2740740740740741,
            -0.0005208333333333037,
            -0.020370370370370372,
            -0.024479166666666663,
            0.020370370370370372,
            0.022916666666666696,
            0.00462962962962965
        ]
    ],
    "original_data": [
        {
            "time_step": 1,
            "original_data_path": "/content/drive/Othercomputers/\ub0b4 \ub178\ud2b8\ubd81/Forked_Models/Validation/Validation/_\ub77c\ubca8_General_val_C/district/3. \ud6c4\ubc29 \ubc29\ud5a5 \uc774\ubbf8\uc9c0/[district]morning_516C/[district]morning_516C_65.json",
            "id": 0
        },
        {
            "time_step": 2,
            "original_data_path": "/content/drive/Othercomputers/\ub0b4 \ub178\ud2b8\ubd81/Forked_Models/Validation/Validation/_\ub77c\ubca8_General_val_C/district/3. \ud6c4\ubc29 \ubc29\ud5a5 \uc774\ubbf8\uc9c0/[district]morning_516C/[district]morning_516C_70.json",
            "id": 0
        },
        {
            "time_step": 3,
            "original_data_path": "/content/drive/Othercomputers/\ub0b4 \ub178\ud2b8\ubd81/Forked_Models/Validation/Validation/_\ub77c\ubca8_General_val_C/district/3. \ud6c4\ubc29 \ubc29\ud5a5 \uc774\ubbf8\uc9c0/[district]morning_516C/[district]morning_516C_75.json",
            "id": 0
        }
    ],
    "label": 1
}