{
    "data": [
        [
            0.4921875,
            0.15648148148148147,
            0.0005208333333333592,
            -0.030555555555555558,
            -0.01510416666666664,
            0.00462962962962965,
            0.018750000000000044,
            0.01203703703703704
        ],
        [
            0.49583333333333335,
            0.1574074074074074,
            -0.003124999999999989,
            -0.0314814814814815,
            -0.01614583333333336,
            0.0046296296296296224,
            0.019791666666666652,
            0.008333333333333331
        ],
        [
            0.49583333333333335,
            0.1574074074074074,
            -0.003124999999999989,
            -0.0314814814814815,
            -0.019270833333333348,
            0.005555555555555564,
            0.017708333333333326,
            0.014814814814814808
        ]
    ],
    "original_data": [
        {
            "time_step": 1,
            "original_data_path": "/content/drive/Othercomputers/\ub0b4 \ub178\ud2b8\ubd81/Forked_Models/Validation/Validation/_\ub77c\ubca8_General_val_C/district/3. \ud6c4\ubc29 \ubc29\ud5a5 \uc774\ubbf8\uc9c0/[district]day_608C/[district]day_608C_180.json",
            "id": 2
        },
        {
            "time_step": 2,
            "original_data_path": "/content/drive/Othercomputers/\ub0b4 \ub178\ud2b8\ubd81/Forked_Models/Validation/Validation/_\ub77c\ubca8_General_val_C/district/3. \ud6c4\ubc29 \ubc29\ud5a5 \uc774\ubbf8\uc9c0/[district]day_608C/[district]day_608C_185.json",
            "id": 2
        },
        {
            "time_step": 3,
            "original_data_path": "/content/drive/Othercomputers/\ub0b4 \ub178\ud2b8\ubd81/Forked_Models/Validation/Validation/_\ub77c\ubca8_General_val_C/district/3. \ud6c4\ubc29 \ubc29\ud5a5 \uc774\ubbf8\uc9c0/[district]day_608C/[district]day_608C_190.json",
            "id": 2
        }
    ],
    "label": 1
}