{
    "data": [
        [
            0.5401041666666667,
            0.6259259259259259,
            0.004687499999999956,
            -0.06388888888888888,
            0.06614583333333324,
            0.12870370370370376,
            -0.06927083333333339,
            -0.0037037037037036535
        ],
        [
            0.5302083333333333,
            0.6425925925925926,
            0.00520833333333337,
            -0.061111111111111116,
            0.07343750000000004,
            0.12222222222222223,
            -0.0786458333333333,
            0.024074074074074026
        ],
        [
            0.5229166666666667,
            0.6314814814814815,
            -0.0015625000000000222,
            -0.059259259259259345,
            0.07552083333333326,
            0.12592592592592589,
            -0.07812500000000006,
            0.06018518518518512
        ]
    ],
    "original_data": [
        {
            "time_step": 1,
            "original_data_path": "/content/drive/Othercomputers/\ub0b4 \ub178\ud2b8\ubd81/Forked_Models/Validation/Validation/_\ub77c\ubca8_General_val_C/district/3. \ud6c4\ubc29 \ubc29\ud5a5 \uc774\ubbf8\uc9c0/[district]day_570C/[district]day_570C_10.json",
            "id": 2
        },
        {
            "time_step": 2,
            "original_data_path": "/content/drive/Othercomputers/\ub0b4 \ub178\ud2b8\ubd81/Forked_Models/Validation/Validation/_\ub77c\ubca8_General_val_C/district/3. \ud6c4\ubc29 \ubc29\ud5a5 \uc774\ubbf8\uc9c0/[district]day_570C/[district]day_570C_15.json",
            "id": 2
        },
        {
            "time_step": 3,
            "original_data_path": "/content/drive/Othercomputers/\ub0b4 \ub178\ud2b8\ubd81/Forked_Models/Validation/Validation/_\ub77c\ubca8_General_val_C/district/3. \ud6c4\ubc29 \ubc29\ud5a5 \uc774\ubbf8\uc9c0/[district]day_570C/[district]day_570C_20.json",
            "id": 2
        }
    ],
    "label": 1
}