{
    "data": [
        [
            0.3484375,
            0.4601851851851852,
            -0.02864583333333337,
            -0.06203703703703706,
            0.02291666666666664,
            0.024999999999999967,
            0.012500000000000011,
            0.13611111111111113
        ],
        [
            0.36302083333333335,
            0.44814814814814813,
            -0.03177083333333336,
            -0.0444444444444444,
            0.01874999999999999,
            0.025000000000000022,
            0.008333333333333304,
            0.14074074074074078
        ],
        [
            0.36302083333333335,
            0.44814814814814813,
            -0.02395833333333336,
            -0.0537037037037037,
            0.021874999999999978,
            0.013888888888888895,
            0.01874999999999999,
            0.14074074074074078
        ]
    ],
    "original_data": [
        {
            "time_step": 1,
            "original_data_path": "/content/drive/Othercomputers/\ub0b4 \ub178\ud2b8\ubd81/Forked_Models/Validation/Validation/_\ub77c\ubca8_General_val_C/district/3. \ud6c4\ubc29 \ubc29\ud5a5 \uc774\ubbf8\uc9c0/[district]leave_1078C/[district]leave_1078C_225.json",
            "id": 0
        },
        {
            "time_step": 2,
            "original_data_path": "/content/drive/Othercomputers/\ub0b4 \ub178\ud2b8\ubd81/Forked_Models/Validation/Validation/_\ub77c\ubca8_General_val_C/district/3. \ud6c4\ubc29 \ubc29\ud5a5 \uc774\ubbf8\uc9c0/[district]leave_1078C/[district]leave_1078C_230.json",
            "id": 0
        },
        {
            "time_step": 3,
            "original_data_path": "/content/drive/Othercomputers/\ub0b4 \ub178\ud2b8\ubd81/Forked_Models/Validation/Validation/_\ub77c\ubca8_General_val_C/district/3. \ud6c4\ubc29 \ubc29\ud5a5 \uc774\ubbf8\uc9c0/[district]leave_1078C/[district]leave_1078C_235.json",
            "id": 0
        }
    ],
    "label": 1
}