{
    "data": [
        [
            0.465625,
            0.625,
            0.010937499999999989,
            -0.0981481481481481,
            0.07500000000000001,
            0.06666666666666665,
            -0.05989583333333337,
            0.02777777777777779
        ],
        [
            0.45989583333333334,
            0.5064814814814815,
            0.004166666666666652,
            -0.08888888888888896,
            0.0390625,
            0.08518518518518514,
            -0.04010416666666666,
            0.01388888888888884
        ],
        [
            0.46927083333333336,
            0.4638888888888889,
            0.0026041666666666297,
            -0.07500000000000001,
            0.054687499999999944,
            0.08240740740740737,
            -0.04010416666666672,
            0.01481481481481478
        ]
    ],
    "original_data": [
        {
            "time_step": 1,
            "original_data_path": "/content/drive/Othercomputers/\ub0b4 \ub178\ud2b8\ubd81/Forked_Models/Validation/Validation/_\ub77c\ubca8_General_val_C/district/3. \ud6c4\ubc29 \ubc29\ud5a5 \uc774\ubbf8\uc9c0/[district]day_963C/[district]day_963C_350.json",
            "id": 4
        },
        {
            "time_step": 2,
            "original_data_path": "/content/drive/Othercomputers/\ub0b4 \ub178\ud2b8\ubd81/Forked_Models/Validation/Validation/_\ub77c\ubca8_General_val_C/district/3. \ud6c4\ubc29 \ubc29\ud5a5 \uc774\ubbf8\uc9c0/[district]day_963C/[district]day_963C_355.json",
            "id": 4
        },
        {
            "time_step": 3,
            "original_data_path": "/content/drive/Othercomputers/\ub0b4 \ub178\ud2b8\ubd81/Forked_Models/Validation/Validation/_\ub77c\ubca8_General_val_C/district/3. \ud6c4\ubc29 \ubc29\ud5a5 \uc774\ubbf8\uc9c0/[district]day_963C/[district]day_963C_360.json",
            "id": 4
        }
    ],
    "label": 0
}