{
    "data": [
        [
            0.39427083333333335,
            0.5092592592592593,
            -0.015625,
            -0.042592592592592626,
            0.017187499999999967,
            -0.0018518518518518823,
            -0.02812500000000001,
            0.07777777777777772
        ],
        [
            0.3619791666666667,
            0.5175925925925926,
            -0.014583333333333337,
            -0.05185185185185187,
            0.021874999999999978,
            -0.014814814814814836,
            -0.026041666666666685,
            0.06018518518518512
        ],
        [
            0.35260416666666666,
            0.5009259259259259,
            -0.02031250000000001,
            -0.050925925925925875,
            0.015625,
            -0.016666666666666607,
            -0.022395833333333337,
            0.06203703703703711
        ]
    ],
    "original_data": [
        {
            "time_step": 1,
            "original_data_path": "/content/drive/Othercomputers/\ub0b4 \ub178\ud2b8\ubd81/Forked_Models/Validation/Validation/_\ub77c\ubca8_General_val_C/district/3. \ud6c4\ubc29 \ubc29\ud5a5 \uc774\ubbf8\uc9c0/[district]leave_461C/[district]leave_461C_255.json",
            "id": 4
        },
        {
            "time_step": 2,
            "original_data_path": "/content/drive/Othercomputers/\ub0b4 \ub178\ud2b8\ubd81/Forked_Models/Validation/Validation/_\ub77c\ubca8_General_val_C/district/3. \ud6c4\ubc29 \ubc29\ud5a5 \uc774\ubbf8\uc9c0/[district]leave_461C/[district]leave_461C_260.json",
            "id": 4
        },
        {
            "time_step": 3,
            "original_data_path": "/content/drive/Othercomputers/\ub0b4 \ub178\ud2b8\ubd81/Forked_Models/Validation/Validation/_\ub77c\ubca8_General_val_C/district/3. \ud6c4\ubc29 \ubc29\ud5a5 \uc774\ubbf8\uc9c0/[district]leave_461C/[district]leave_461C_265.json",
            "id": 4
        }
    ],
    "label": 1
}