{
    "data": [
        [
            0.4197916666666667,
            0.5046296296296297,
            -0.028645833333333315,
            -0.0712962962962963,
            0.024479166666666663,
            -0.03425925925925927,
            0.016666666666666663,
            0.08796296296296291
        ],
        [
            0.41302083333333334,
            0.48703703703703705,
            -0.028645833333333315,
            -0.07500000000000001,
            0.029166666666666674,
            -0.025925925925925908,
            0.013541666666666674,
            0.06851851851851853
        ],
        [
            0.40572916666666664,
            0.46296296296296297,
            -0.02291666666666664,
            -0.05740740740740741,
            0.036979166666666674,
            -0.013888888888888895,
            0.02447916666666672,
            0.06296296296296294
        ]
    ],
    "original_data": [
        {
            "time_step": 1,
            "original_data_path": "/content/drive/Othercomputers/\ub0b4 \ub178\ud2b8\ubd81/Forked_Models/Validation/Validation/_\ub77c\ubca8_General_val_C/district/3. \ud6c4\ubc29 \ubc29\ud5a5 \uc774\ubbf8\uc9c0/[district]leave_485C/[district]leave_485C_85.json",
            "id": 3
        },
        {
            "time_step": 2,
            "original_data_path": "/content/drive/Othercomputers/\ub0b4 \ub178\ud2b8\ubd81/Forked_Models/Validation/Validation/_\ub77c\ubca8_General_val_C/district/3. \ud6c4\ubc29 \ubc29\ud5a5 \uc774\ubbf8\uc9c0/[district]leave_485C/[district]leave_485C_90.json",
            "id": 3
        },
        {
            "time_step": 3,
            "original_data_path": "/content/drive/Othercomputers/\ub0b4 \ub178\ud2b8\ubd81/Forked_Models/Validation/Validation/_\ub77c\ubca8_General_val_C/district/3. \ud6c4\ubc29 \ubc29\ud5a5 \uc774\ubbf8\uc9c0/[district]leave_485C/[district]leave_485C_95.json",
            "id": 3
        }
    ],
    "label": 1
}