{
    "data": [
        [
            0.48020833333333335,
            0.2074074074074074,
            -0.004166666666666707,
            -0.03148148148148147,
            -0.03177083333333336,
            0.023148148148148168,
            0.01874999999999999,
            0.0009259259259259411
        ],
        [
            0.48125,
            0.22037037037037038,
            -0.004166666666666652,
            -0.03240740740740741,
            -0.03281250000000002,
            0.020370370370370344,
            0.024479166666666663,
            0.0
        ],
        [
            0.4875,
            0.2361111111111111,
            -0.006770833333333337,
            -0.03425925925925924,
            -0.029687499999999978,
            0.017592592592592604,
            0.033854166666666685,
            0.016666666666666663
        ]
    ],
    "original_data": [
        {
            "time_step": 1,
            "original_data_path": "/content/drive/Othercomputers/\ub0b4 \ub178\ud2b8\ubd81/Forked_Models/Validation/Validation/_\ub77c\ubca8_General_val_C/district/3. \ud6c4\ubc29 \ubc29\ud5a5 \uc774\ubbf8\uc9c0/[district]leave_1056C/[district]leave_1056C_260.json",
            "id": 2
        },
        {
            "time_step": 2,
            "original_data_path": "/content/drive/Othercomputers/\ub0b4 \ub178\ud2b8\ubd81/Forked_Models/Validation/Validation/_\ub77c\ubca8_General_val_C/district/3. \ud6c4\ubc29 \ubc29\ud5a5 \uc774\ubbf8\uc9c0/[district]leave_1056C/[district]leave_1056C_265.json",
            "id": 2
        },
        {
            "time_step": 3,
            "original_data_path": "/content/drive/Othercomputers/\ub0b4 \ub178\ud2b8\ubd81/Forked_Models/Validation/Validation/_\ub77c\ubca8_General_val_C/district/3. \ud6c4\ubc29 \ubc29\ud5a5 \uc774\ubbf8\uc9c0/[district]leave_1056C/[district]leave_1056C_270.json",
            "id": 2
        }
    ],
    "label": 1
}