{
    "data": [
        [
            0.5479166666666667,
            0.33240740740740743,
            -0.012500000000000067,
            -0.040740740740740744,
            0.011458333333333237,
            -0.0018518518518518823,
            0.009895833333333326,
            0.04259259259259257
        ],
        [
            0.5546875,
            0.33796296296296297,
            -0.013541666666666674,
            -0.04629629629629628,
            0.008333333333333304,
            -0.007407407407407418,
            0.019791666666666652,
            0.028703703703703676
        ],
        [
            0.5520833333333334,
            0.33796296296296297,
            -0.011979166666666652,
            -0.04444444444444445,
            0.01041666666666663,
            -0.0018518518518518268,
            0.013541666666666674,
            0.02685185185185185
        ]
    ],
    "original_data": [
        {
            "time_step": 1,
            "original_data_path": "/content/drive/Othercomputers/\ub0b4 \ub178\ud2b8\ubd81/Forked_Models/Validation/Validation/_\ub77c\ubca8_General_val_C/district/3. \ud6c4\ubc29 \ubc29\ud5a5 \uc774\ubbf8\uc9c0/[district]attend_484C/[district]attend_484C_210.json",
            "id": 1
        },
        {
            "time_step": 2,
            "original_data_path": "/content/drive/Othercomputers/\ub0b4 \ub178\ud2b8\ubd81/Forked_Models/Validation/Validation/_\ub77c\ubca8_General_val_C/district/3. \ud6c4\ubc29 \ubc29\ud5a5 \uc774\ubbf8\uc9c0/[district]attend_484C/[district]attend_484C_215.json",
            "id": 1
        },
        {
            "time_step": 3,
            "original_data_path": "/content/drive/Othercomputers/\ub0b4 \ub178\ud2b8\ubd81/Forked_Models/Validation/Validation/_\ub77c\ubca8_General_val_C/district/3. \ud6c4\ubc29 \ubc29\ud5a5 \uc774\ubbf8\uc9c0/[district]attend_484C/[district]attend_484C_220.json",
            "id": 1
        }
    ],
    "label": 1
}