{
    "data": [
        [
            0.5333333333333333,
            0.28703703703703703,
            -0.0015625000000000222,
            -0.025925925925925908,
            -0.022916666666666696,
            0.014814814814814836,
            0.034375000000000044,
            -0.0009259259259259411
        ],
        [
            0.5302083333333333,
            0.28703703703703703,
            -0.0015624999999999112,
            -0.025925925925925908,
            -0.026562499999999933,
            0.002777777777777768,
            0.03593750000000007,
            -0.0009259259259259411
        ],
        [
            0.5197916666666667,
            0.2759259259259259,
            0.0015625000000000222,
            -0.02685185185185182,
            -0.016145833333333304,
            0.013888888888888895,
            0.046354166666666696,
            0.010185185185185186
        ]
    ],
    "original_data": [
        {
            "time_step": 1,
            "original_data_path": "/content/drive/Othercomputers/\ub0b4 \ub178\ud2b8\ubd81/Forked_Models/Validation/Validation/_\ub77c\ubca8_General_val_C/district/3. \ud6c4\ubc29 \ubc29\ud5a5 \uc774\ubbf8\uc9c0/[district]night_631C/[district]night_631C_115.json",
            "id": 1
        },
        {
            "time_step": 2,
            "original_data_path": "/content/drive/Othercomputers/\ub0b4 \ub178\ud2b8\ubd81/Forked_Models/Validation/Validation/_\ub77c\ubca8_General_val_C/district/3. \ud6c4\ubc29 \ubc29\ud5a5 \uc774\ubbf8\uc9c0/[district]night_631C/[district]night_631C_120.json",
            "id": 1
        },
        {
            "time_step": 3,
            "original_data_path": "/content/drive/Othercomputers/\ub0b4 \ub178\ud2b8\ubd81/Forked_Models/Validation/Validation/_\ub77c\ubca8_General_val_C/district/3. \ud6c4\ubc29 \ubc29\ud5a5 \uc774\ubbf8\uc9c0/[district]night_631C/[district]night_631C_125.json",
            "id": 1
        }
    ],
    "label": 1
}