{
    "data": [
        [
            0.5041666666666667,
            0.19444444444444445,
            -0.004166666666666652,
            -0.07592592592592592,
            0.03802083333333339,
            0.005555555555555564,
            0.002083333333333326,
            0.05833333333333332
        ],
        [
            0.5041666666666667,
            0.19444444444444445,
            -0.004166666666666652,
            -0.07592592592592592,
            0.03802083333333339,
            0.005555555555555564,
            0.002083333333333326,
            0.05833333333333332
        ],
        [
            0.5130208333333334,
            0.17222222222222222,
            -0.01302083333333337,
            -0.05925925925925926,
            0.02864583333333326,
            0.01574074074074075,
            -0.011979166666666652,
            0.07314814814814816
        ]
    ],
    "original_data": [
        {
            "time_step": 1,
            "original_data_path": "/content/drive/Othercomputers/\ub0b4 \ub178\ud2b8\ubd81/Forked_Models/Validation/Validation/_\ub77c\ubca8_General_val_C/district/3. \ud6c4\ubc29 \ubc29\ud5a5 \uc774\ubbf8\uc9c0/[district]morning_071C/[district]morning_071C_22.json",
            "id": 0
        },
        {
            "time_step": 2,
            "original_data_path": "/content/drive/Othercomputers/\ub0b4 \ub178\ud2b8\ubd81/Forked_Models/Validation/Validation/_\ub77c\ubca8_General_val_C/district/3. \ud6c4\ubc29 \ubc29\ud5a5 \uc774\ubbf8\uc9c0/[district]morning_071C/[district]morning_071C_24.json",
            "id": 0
        },
        {
            "time_step": 3,
            "original_data_path": "/content/drive/Othercomputers/\ub0b4 \ub178\ud2b8\ubd81/Forked_Models/Validation/Validation/_\ub77c\ubca8_General_val_C/district/3. \ud6c4\ubc29 \ubc29\ud5a5 \uc774\ubbf8\uc9c0/[district]morning_071C/[district]morning_071C_26.json",
            "id": 0
        }
    ],
    "label": 1
}