{
    "data": [
        [
            0.34322916666666664,
            0.5268518518518519,
            -0.014583333333333282,
            -0.027777777777777846,
            0.03593750000000001,
            0.0064814814814814214,
            -0.006249999999999978,
            0.08425925925925926
        ],
        [
            0.3265625,
            0.549074074074074,
            -0.011458333333333293,
            -0.033333333333333326,
            0.026562500000000044,
            -0.008333333333333304,
            -0.011979166666666652,
            0.062962962962963
        ],
        [
            0.29375,
            0.549074074074074,
            -0.011458333333333348,
            -0.030555555555555558,
            0.02604166666666663,
            -0.00462962962962965,
            -0.01302083333333337,
            0.06666666666666665
        ]
    ],
    "original_data": [
        {
            "time_step": 1,
            "original_data_path": "/content/drive/Othercomputers/\ub0b4 \ub178\ud2b8\ubd81/Forked_Models/Validation/Validation/_\ub77c\ubca8_General_val_C/district/3. \ud6c4\ubc29 \ubc29\ud5a5 \uc774\ubbf8\uc9c0/[district]day_708C/[district]day_708C_65.json",
            "id": 6
        },
        {
            "time_step": 2,
            "original_data_path": "/content/drive/Othercomputers/\ub0b4 \ub178\ud2b8\ubd81/Forked_Models/Validation/Validation/_\ub77c\ubca8_General_val_C/district/3. \ud6c4\ubc29 \ubc29\ud5a5 \uc774\ubbf8\uc9c0/[district]day_708C/[district]day_708C_70.json",
            "id": 6
        },
        {
            "time_step": 3,
            "original_data_path": "/content/drive/Othercomputers/\ub0b4 \ub178\ud2b8\ubd81/Forked_Models/Validation/Validation/_\ub77c\ubca8_General_val_C/district/3. \ud6c4\ubc29 \ubc29\ud5a5 \uc774\ubbf8\uc9c0/[district]day_708C/[district]day_708C_75.json",
            "id": 6
        }
    ],
    "label": 1
}