{
    "data": [
        [
            0.34270833333333334,
            0.287962962962963,
            -0.005729166666666674,
            -0.015740740740740777,
            -0.021354166666666674,
            0.009259259259259245,
            0.02812500000000001,
            0.008333333333333304
        ],
        [
            0.3421875,
            0.28703703703703703,
            -0.005208333333333315,
            -0.013888888888888895,
            -0.020833333333333315,
            0.010185185185185186,
            0.02864583333333337,
            0.009259259259259245
        ],
        [
            0.3421875,
            0.287962962962963,
            -0.005208333333333315,
            -0.014814814814814836,
            -0.020833333333333315,
            0.009259259259259245,
            0.02864583333333337,
            0.008333333333333304
        ]
    ],
    "original_data": [
        {
            "time_step": 1,
            "original_data_path": "/content/drive/Othercomputers/\ub0b4 \ub178\ud2b8\ubd81/Forked_Models/Validation/Validation/_\ub77c\ubca8_General_val_C/district/3. \ud6c4\ubc29 \ubc29\ud5a5 \uc774\ubbf8\uc9c0/[district]attend_560C/[district]attend_560C_130.json",
            "id": 0
        },
        {
            "time_step": 2,
            "original_data_path": "/content/drive/Othercomputers/\ub0b4 \ub178\ud2b8\ubd81/Forked_Models/Validation/Validation/_\ub77c\ubca8_General_val_C/district/3. \ud6c4\ubc29 \ubc29\ud5a5 \uc774\ubbf8\uc9c0/[district]attend_560C/[district]attend_560C_135.json",
            "id": 0
        },
        {
            "time_step": 3,
            "original_data_path": "/content/drive/Othercomputers/\ub0b4 \ub178\ud2b8\ubd81/Forked_Models/Validation/Validation/_\ub77c\ubca8_General_val_C/district/3. \ud6c4\ubc29 \ubc29\ud5a5 \uc774\ubbf8\uc9c0/[district]attend_560C/[district]attend_560C_140.json",
            "id": 0
        }
    ],
    "label": 1
}