{
    "data": [
        [
            0.46979166666666666,
            0.3435185185185185,
            -0.015625,
            -0.03796296296296292,
            0.0234375,
            0.020370370370370372,
            -0.002083333333333326,
            0.05185185185185187
        ],
        [
            0.45208333333333334,
            0.35833333333333334,
            -0.016666666666666663,
            -0.02685185185185185,
            0.03072916666666664,
            0.020370370370370372,
            0.003124999999999989,
            0.05462962962962964
        ],
        [
            0.41822916666666665,
            0.42592592592592593,
            -0.01874999999999999,
            -0.025925925925925908,
            -0.005208333333333315,
            0.0314814814814815,
            0.003124999999999989,
            0.020370370370370372
        ]
    ],
    "original_data": [
        {
            "time_step": 1,
            "original_data_path": "/content/drive/Othercomputers/\ub0b4 \ub178\ud2b8\ubd81/Forked_Models/Validation/Validation/_\ub77c\ubca8_General_val_C/district/3. \ud6c4\ubc29 \ubc29\ud5a5 \uc774\ubbf8\uc9c0/[district]attend_1081C/[district]attend_1081C_255.json",
            "id": 0
        },
        {
            "time_step": 2,
            "original_data_path": "/content/drive/Othercomputers/\ub0b4 \ub178\ud2b8\ubd81/Forked_Models/Validation/Validation/_\ub77c\ubca8_General_val_C/district/3. \ud6c4\ubc29 \ubc29\ud5a5 \uc774\ubbf8\uc9c0/[district]attend_1081C/[district]attend_1081C_260.json",
            "id": 0
        },
        {
            "time_step": 3,
            "original_data_path": "/content/drive/Othercomputers/\ub0b4 \ub178\ud2b8\ubd81/Forked_Models/Validation/Validation/_\ub77c\ubca8_General_val_C/district/3. \ud6c4\ubc29 \ubc29\ud5a5 \uc774\ubbf8\uc9c0/[district]attend_1081C/[district]attend_1081C_265.json",
            "id": 0
        }
    ],
    "label": 1
}