{
    "data": [
        [
            0.46041666666666664,
            0.3388888888888889,
            -0.0067708333333332815,
            -0.0314814814814815,
            -0.016666666666666663,
            0.016666666666666663,
            0.03125,
            0.02407407407407408
        ],
        [
            0.4197916666666667,
            0.37037037037037035,
            -0.00833333333333336,
            -0.030555555555555558,
            -0.015625,
            0.014814814814814836,
            0.03437499999999999,
            0.02407407407407408
        ],
        [
            0.37135416666666665,
            0.42407407407407405,
            -0.011458333333333293,
            -0.033333333333333326,
            -0.011458333333333293,
            0.02777777777777779,
            0.024479166666666663,
            0.023148148148148195
        ]
    ],
    "original_data": [
        {
            "time_step": 1,
            "original_data_path": "/content/drive/Othercomputers/\ub0b4 \ub178\ud2b8\ubd81/Forked_Models/Validation/Validation/_\ub77c\ubca8_General_val_C/district/3. \ud6c4\ubc29 \ubc29\ud5a5 \uc774\ubbf8\uc9c0/[district]morning_512C/[district]morning_512C_305.json",
            "id": 1
        },
        {
            "time_step": 2,
            "original_data_path": "/content/drive/Othercomputers/\ub0b4 \ub178\ud2b8\ubd81/Forked_Models/Validation/Validation/_\ub77c\ubca8_General_val_C/district/3. \ud6c4\ubc29 \ubc29\ud5a5 \uc774\ubbf8\uc9c0/[district]morning_512C/[district]morning_512C_310.json",
            "id": 1
        },
        {
            "time_step": 3,
            "original_data_path": "/content/drive/Othercomputers/\ub0b4 \ub178\ud2b8\ubd81/Forked_Models/Validation/Validation/_\ub77c\ubca8_General_val_C/district/3. \ud6c4\ubc29 \ubc29\ud5a5 \uc774\ubbf8\uc9c0/[district]morning_512C/[district]morning_512C_315.json",
            "id": 1
        }
    ],
    "label": 1
}