{
    "data": [
        [
            0.6302083333333334,
            0.11851851851851852,
            -0.0015625000000000222,
            -0.023148148148148154,
            -0.019270833333333348,
            0.018518518518518517,
            0.020312499999999956,
            0.0111111111111111
        ],
        [
            0.6302083333333334,
            0.11851851851851852,
            -0.0015625000000000222,
            -0.023148148148148154,
            -0.019270833333333348,
            0.018518518518518517,
            0.020312499999999956,
            0.0111111111111111
        ],
        [
            0.6302083333333334,
            0.12222222222222222,
            -0.0015625000000000222,
            -0.02314814814814814,
            -0.019270833333333348,
            0.01851851851851853,
            0.020312499999999956,
            0.011111111111111113
        ]
    ],
    "original_data": [
        {
            "time_step": 1,
            "original_data_path": "/content/drive/Othercomputers/\ub0b4 \ub178\ud2b8\ubd81/Forked_Models/Validation/Validation/_\ub77c\ubca8_General_val_C/district/3. \ud6c4\ubc29 \ubc29\ud5a5 \uc774\ubbf8\uc9c0/[district]leave_047C/[district]leave_047C_190.json",
            "id": 11
        },
        {
            "time_step": 2,
            "original_data_path": "/content/drive/Othercomputers/\ub0b4 \ub178\ud2b8\ubd81/Forked_Models/Validation/Validation/_\ub77c\ubca8_General_val_C/district/3. \ud6c4\ubc29 \ubc29\ud5a5 \uc774\ubbf8\uc9c0/[district]leave_047C/[district]leave_047C_192.json",
            "id": 11
        },
        {
            "time_step": 3,
            "original_data_path": "/content/drive/Othercomputers/\ub0b4 \ub178\ud2b8\ubd81/Forked_Models/Validation/Validation/_\ub77c\ubca8_General_val_C/district/3. \ud6c4\ubc29 \ubc29\ud5a5 \uc774\ubbf8\uc9c0/[district]leave_047C/[district]leave_047C_194.json",
            "id": 11
        }
    ],
    "label": 0
}