{
    "data": [
        [
            0.6885416666666667,
            0.08333333333333333,
            0.021354166666666563,
            -0.037962962962962955,
            -0.09010416666666676,
            0.03981481481481482,
            0.015104166666666585,
            0.07314814814814814
        ],
        [
            0.6625,
            0.09351851851851851,
            0.029166666666666674,
            -0.046296296296296294,
            -0.08750000000000002,
            0.04166666666666667,
            0.03802083333333339,
            0.06296296296296296
        ],
        [
            0.6625,
            0.09351851851851851,
            0.029166666666666674,
            -0.046296296296296294,
            -0.09531250000000002,
            0.06666666666666667,
            0.03802083333333339,
            0.06296296296296296
        ]
    ],
    "original_data": [
        {
            "time_step": 1,
            "original_data_path": "/content/drive/Othercomputers/\ub0b4 \ub178\ud2b8\ubd81/Forked_Models/Validation/Validation/_\ub77c\ubca8_General_val_C/district/3. \ud6c4\ubc29 \ubc29\ud5a5 \uc774\ubbf8\uc9c0/[district]leave_007C/[district]leave_007C_0.json",
            "id": 0
        },
        {
            "time_step": 2,
            "original_data_path": "/content/drive/Othercomputers/\ub0b4 \ub178\ud2b8\ubd81/Forked_Models/Validation/Validation/_\ub77c\ubca8_General_val_C/district/3. \ud6c4\ubc29 \ubc29\ud5a5 \uc774\ubbf8\uc9c0/[district]leave_007C/[district]leave_007C_2.json",
            "id": 0
        },
        {
            "time_step": 3,
            "original_data_path": "/content/drive/Othercomputers/\ub0b4 \ub178\ud2b8\ubd81/Forked_Models/Validation/Validation/_\ub77c\ubca8_General_val_C/district/3. \ud6c4\ubc29 \ubc29\ud5a5 \uc774\ubbf8\uc9c0/[district]leave_007C/[district]leave_007C_4.json",
            "id": 0
        }
    ],
    "label": 1
}