{
    "data": [
        [
            0.51875,
            0.1962962962962963,
            -0.017187500000000022,
            -0.017592592592592604,
            0.03020833333333328,
            -0.007407407407407418,
            -0.013541666666666674,
            0.07037037037037036
        ],
        [
            0.465625,
            0.22407407407407406,
            -0.011458333333333348,
            -0.0009259259259259134,
            0.04270833333333329,
            -0.005555555555555536,
            -0.002083333333333326,
            0.0648148148148148
        ],
        [
            0.43697916666666664,
            0.31574074074074077,
            -0.017187499999999967,
            -0.0064814814814815325,
            0.033854166666666685,
            -0.017592592592592604,
            0.003645833333333348,
            0.060185185185185175
        ]
    ],
    "original_data": [
        {
            "time_step": 1,
            "original_data_path": "/content/drive/Othercomputers/\ub0b4 \ub178\ud2b8\ubd81/Forked_Models/Validation/Validation/_\ub77c\ubca8_General_val_C/district/3. \ud6c4\ubc29 \ubc29\ud5a5 \uc774\ubbf8\uc9c0/[district]morning_1057C/[district]morning_1057C_255.json",
            "id": 0
        },
        {
            "time_step": 2,
            "original_data_path": "/content/drive/Othercomputers/\ub0b4 \ub178\ud2b8\ubd81/Forked_Models/Validation/Validation/_\ub77c\ubca8_General_val_C/district/3. \ud6c4\ubc29 \ubc29\ud5a5 \uc774\ubbf8\uc9c0/[district]morning_1057C/[district]morning_1057C_260.json",
            "id": 0
        },
        {
            "time_step": 3,
            "original_data_path": "/content/drive/Othercomputers/\ub0b4 \ub178\ud2b8\ubd81/Forked_Models/Validation/Validation/_\ub77c\ubca8_General_val_C/district/3. \ud6c4\ubc29 \ubc29\ud5a5 \uc774\ubbf8\uc9c0/[district]morning_1057C/[district]morning_1057C_265.json",
            "id": 0
        }
    ],
    "label": 1
}