{
    "data": [
        [
            0.43697916666666664,
            0.4388888888888889,
            -0.004687499999999956,
            -0.03518518518518515,
            0.026041666666666685,
            0.007407407407407418,
            0.006770833333333337,
            0.11944444444444446
        ],
        [
            0.42864583333333334,
            0.44537037037037036,
            -0.011979166666666652,
            -0.04444444444444445,
            0.023958333333333304,
            0.002777777777777768,
            0.002604166666666685,
            0.1111111111111111
        ],
        [
            0.41875,
            0.45092592592592595,
            -0.010416666666666685,
            -0.05185185185185187,
            0.022395833333333337,
            0.009259259259259245,
            0.006770833333333337,
            0.08981481481481479
        ]
    ],
    "original_data": [
        {
            "time_step": 1,
            "original_data_path": "/content/drive/Othercomputers/\ub0b4 \ub178\ud2b8\ubd81/Forked_Models/Validation/Validation/_\ub77c\ubca8_General_val_C/district/3. \ud6c4\ubc29 \ubc29\ud5a5 \uc774\ubbf8\uc9c0/[district]night_629C/[district]night_629C_215.json",
            "id": 1
        },
        {
            "time_step": 2,
            "original_data_path": "/content/drive/Othercomputers/\ub0b4 \ub178\ud2b8\ubd81/Forked_Models/Validation/Validation/_\ub77c\ubca8_General_val_C/district/3. \ud6c4\ubc29 \ubc29\ud5a5 \uc774\ubbf8\uc9c0/[district]night_629C/[district]night_629C_220.json",
            "id": 1
        },
        {
            "time_step": 3,
            "original_data_path": "/content/drive/Othercomputers/\ub0b4 \ub178\ud2b8\ubd81/Forked_Models/Validation/Validation/_\ub77c\ubca8_General_val_C/district/3. \ud6c4\ubc29 \ubc29\ud5a5 \uc774\ubbf8\uc9c0/[district]night_629C/[district]night_629C_225.json",
            "id": 1
        }
    ],
    "label": 1
}