{
    "data": [
        [
            0.7677083333333333,
            0.2796296296296296,
            0.004166666666666652,
            -0.033333333333333326,
            -0.016666666666666607,
            0.002777777777777768,
            0.0234375,
            0.022222222222222254
        ],
        [
            0.7677083333333333,
            0.2796296296296296,
            0.004166666666666652,
            -0.033333333333333326,
            -0.018750000000000044,
            0.009259259259259245,
            0.019270833333333348,
            0.01944444444444443
        ],
        [
            0.7630208333333334,
            0.2796296296296296,
            0.0005208333333333037,
            -0.01944444444444443,
            -0.017708333333333326,
            0.009259259259259245,
            0.02083333333333326,
            0.017592592592592604
        ]
    ],
    "original_data": [
        {
            "time_step": 1,
            "original_data_path": "/content/drive/Othercomputers/\ub0b4 \ub178\ud2b8\ubd81/Forked_Models/Validation/Validation/_\ub77c\ubca8_General_val_C/district/3. \ud6c4\ubc29 \ubc29\ud5a5 \uc774\ubbf8\uc9c0/[district]attend_1048C/[district]attend_1048C_15.json",
            "id": 1
        },
        {
            "time_step": 2,
            "original_data_path": "/content/drive/Othercomputers/\ub0b4 \ub178\ud2b8\ubd81/Forked_Models/Validation/Validation/_\ub77c\ubca8_General_val_C/district/3. \ud6c4\ubc29 \ubc29\ud5a5 \uc774\ubbf8\uc9c0/[district]attend_1048C/[district]attend_1048C_20.json",
            "id": 1
        },
        {
            "time_step": 3,
            "original_data_path": "/content/drive/Othercomputers/\ub0b4 \ub178\ud2b8\ubd81/Forked_Models/Validation/Validation/_\ub77c\ubca8_General_val_C/district/3. \ud6c4\ubc29 \ubc29\ud5a5 \uc774\ubbf8\uc9c0/[district]attend_1048C/[district]attend_1048C_25.json",
            "id": 1
        }
    ],
    "label": 1
}