{
    "data": [
        [
            0.7083333333333334,
            0.14722222222222223,
            0.022916666666666585,
            -0.06481481481481483,
            -0.08750000000000002,
            0.0712962962962963,
            0.01041666666666663,
            0.036111111111111094
        ],
        [
            0.7083333333333334,
            0.14722222222222223,
            0.022916666666666585,
            -0.06481481481481483,
            -0.08750000000000002,
            0.0712962962962963,
            0.01041666666666663,
            0.036111111111111094
        ],
        [
            0.6833333333333333,
            0.12685185185185185,
            0.02239583333333328,
            -0.05925925925925926,
            -0.07604166666666667,
            0.08518518518518517,
            0.016145833333333304,
            0.05555555555555555
        ]
    ],
    "original_data": [
        {
            "time_step": 1,
            "original_data_path": "/content/drive/Othercomputers/\ub0b4 \ub178\ud2b8\ubd81/Forked_Models/Validation/Validation/_\ub77c\ubca8_General_val_C/district/3. \ud6c4\ubc29 \ubc29\ud5a5 \uc774\ubbf8\uc9c0/[district]leave_007C/[district]leave_007C_72.json",
            "id": 0
        },
        {
            "time_step": 2,
            "original_data_path": "/content/drive/Othercomputers/\ub0b4 \ub178\ud2b8\ubd81/Forked_Models/Validation/Validation/_\ub77c\ubca8_General_val_C/district/3. \ud6c4\ubc29 \ubc29\ud5a5 \uc774\ubbf8\uc9c0/[district]leave_007C/[district]leave_007C_74.json",
            "id": 0
        },
        {
            "time_step": 3,
            "original_data_path": "/content/drive/Othercomputers/\ub0b4 \ub178\ud2b8\ubd81/Forked_Models/Validation/Validation/_\ub77c\ubca8_General_val_C/district/3. \ud6c4\ubc29 \ubc29\ud5a5 \uc774\ubbf8\uc9c0/[district]leave_007C/[district]leave_007C_76.json",
            "id": 0
        }
    ],
    "label": 1
}