{
    "data": [
        [
            0.709375,
            0.20277777777777778,
            0.023958333333333304,
            -0.04166666666666666,
            -0.05052083333333335,
            0.08703703703703702,
            -0.024479166666666607,
            0.04351851851851851
        ],
        [
            0.771875,
            0.22037037037037038,
            0.014583333333333393,
            -0.05000000000000002,
            -0.06406250000000002,
            0.04814814814814816,
            0.009895833333333326,
            0.021296296296296285
        ],
        [
            0.8171875,
            0.26851851851851855,
            0.0026041666666667407,
            -0.037962962962962976,
            -0.07499999999999996,
            0.0444444444444444,
            0.02968750000000009,
            0.028703703703703676
        ]
    ],
    "original_data": [
        {
            "time_step": 1,
            "original_data_path": "/content/drive/Othercomputers/\ub0b4 \ub178\ud2b8\ubd81/Forked_Models/Validation/Validation/_\ub77c\ubca8_General_val_C/district/3. \ud6c4\ubc29 \ubc29\ud5a5 \uc774\ubbf8\uc9c0/[district]attend_057C/[district]attend_057C_134.json",
            "id": 4
        },
        {
            "time_step": 2,
            "original_data_path": "/content/drive/Othercomputers/\ub0b4 \ub178\ud2b8\ubd81/Forked_Models/Validation/Validation/_\ub77c\ubca8_General_val_C/district/3. \ud6c4\ubc29 \ubc29\ud5a5 \uc774\ubbf8\uc9c0/[district]attend_057C/[district]attend_057C_136.json",
            "id": 4
        },
        {
            "time_step": 3,
            "original_data_path": "/content/drive/Othercomputers/\ub0b4 \ub178\ud2b8\ubd81/Forked_Models/Validation/Validation/_\ub77c\ubca8_General_val_C/district/3. \ud6c4\ubc29 \ubc29\ud5a5 \uc774\ubbf8\uc9c0/[district]attend_057C/[district]attend_057C_138.json",
            "id": 4
        }
    ],
    "label": 0
}