{
    "data": [
        [
            0.22083333333333333,
            0.8787037037037037,
            -0.03802083333333334,
            -0.07407407407407407,
            0.049479166666666685,
            -0.04907407407407405,
            -0.052604166666666646,
            0.06759259259259265
        ],
        [
            0.22083333333333333,
            0.8787037037037037,
            -0.027604166666666652,
            -0.10185185185185175,
            0.07135416666666666,
            -0.07407407407407407,
            -0.052604166666666646,
            0.06759259259259265
        ],
        [
            0.2296875,
            0.8518518518518519,
            -0.03229166666666666,
            -0.07777777777777783,
            0.04791666666666666,
            -0.059259259259259234,
            -0.05781249999999999,
            0.061111111111111116
        ]
    ],
    "original_data": [
        {
            "time_step": 1,
            "original_data_path": "/content/drive/Othercomputers/\ub0b4 \ub178\ud2b8\ubd81/Forked_Models/Validation/Validation/_\ub77c\ubca8_General_val_C/district/3. \ud6c4\ubc29 \ubc29\ud5a5 \uc774\ubbf8\uc9c0/[district]day_990C/[district]day_990C_130.json",
            "id": 4
        },
        {
            "time_step": 2,
            "original_data_path": "/content/drive/Othercomputers/\ub0b4 \ub178\ud2b8\ubd81/Forked_Models/Validation/Validation/_\ub77c\ubca8_General_val_C/district/3. \ud6c4\ubc29 \ubc29\ud5a5 \uc774\ubbf8\uc9c0/[district]day_990C/[district]day_990C_135.json",
            "id": 4
        },
        {
            "time_step": 3,
            "original_data_path": "/content/drive/Othercomputers/\ub0b4 \ub178\ud2b8\ubd81/Forked_Models/Validation/Validation/_\ub77c\ubca8_General_val_C/district/3. \ud6c4\ubc29 \ubc29\ud5a5 \uc774\ubbf8\uc9c0/[district]day_990C/[district]day_990C_140.json",
            "id": 4
        }
    ],
    "label": 1
}