{
    "data": [
        [
            0.4005208333333333,
            0.5611111111111111,
            -0.02291666666666664,
            -0.040740740740740744,
            -0.0234375,
            0.01388888888888884,
            0.038541666666666696,
            0.040740740740740744
        ],
        [
            0.4005208333333333,
            0.5611111111111111,
            -0.02291666666666664,
            -0.040740740740740744,
            -0.0234375,
            0.01388888888888884,
            0.038541666666666696,
            0.040740740740740744
        ],
        [
            0.4005208333333333,
            0.5611111111111111,
            -0.02291666666666664,
            -0.040740740740740744,
            -0.0234375,
            0.01388888888888884,
            0.038541666666666696,
            0.040740740740740744
        ]
    ],
    "original_data": [
        {
            "time_step": 1,
            "original_data_path": "/content/drive/Othercomputers/\ub0b4 \ub178\ud2b8\ubd81/Forked_Models/Validation/Validation/_\ub77c\ubca8_General_val_C/district/3. \ud6c4\ubc29 \ubc29\ud5a5 \uc774\ubbf8\uc9c0/[district]day_424C/[district]day_424C_175.json",
            "id": 1
        },
        {
            "time_step": 2,
            "original_data_path": "/content/drive/Othercomputers/\ub0b4 \ub178\ud2b8\ubd81/Forked_Models/Validation/Validation/_\ub77c\ubca8_General_val_C/district/3. \ud6c4\ubc29 \ubc29\ud5a5 \uc774\ubbf8\uc9c0/[district]day_424C/[district]day_424C_180.json",
            "id": 1
        },
        {
            "time_step": 3,
            "original_data_path": "/content/drive/Othercomputers/\ub0b4 \ub178\ud2b8\ubd81/Forked_Models/Validation/Validation/_\ub77c\ubca8_General_val_C/district/3. \ud6c4\ubc29 \ubc29\ud5a5 \uc774\ubbf8\uc9c0/[district]day_424C/[district]day_424C_185.json",
            "id": 1
        }
    ],
    "label": 1
}