{
    "data": [
        [
            0.48125,
            0.32222222222222224,
            -0.015625,
            -0.014814814814814836,
            0.02395833333333336,
            -0.0018518518518518823,
            0.02031250000000001,
            0.0398148148148148
        ],
        [
            0.47291666666666665,
            0.35185185185185186,
            -0.013541666666666674,
            -0.014814814814814836,
            0.017708333333333326,
            -0.012962962962962954,
            0.017187500000000022,
            0.041666666666666685
        ],
        [
            0.4479166666666667,
            0.36666666666666664,
            -0.014583333333333337,
            -0.01759259259259255,
            0.030208333333333337,
            -0.01851851851851849,
            0.011979166666666652,
            0.06018518518518523
        ]
    ],
    "original_data": [
        {
            "time_step": 1,
            "original_data_path": "/content/drive/Othercomputers/\ub0b4 \ub178\ud2b8\ubd81/Forked_Models/Validation/Validation/_\ub77c\ubca8_General_val_C/district/3. \ud6c4\ubc29 \ubc29\ud5a5 \uc774\ubbf8\uc9c0/[district]night_632C/[district]night_632C_280.json",
            "id": 1
        },
        {
            "time_step": 2,
            "original_data_path": "/content/drive/Othercomputers/\ub0b4 \ub178\ud2b8\ubd81/Forked_Models/Validation/Validation/_\ub77c\ubca8_General_val_C/district/3. \ud6c4\ubc29 \ubc29\ud5a5 \uc774\ubbf8\uc9c0/[district]night_632C/[district]night_632C_285.json",
            "id": 1
        },
        {
            "time_step": 3,
            "original_data_path": "/content/drive/Othercomputers/\ub0b4 \ub178\ud2b8\ubd81/Forked_Models/Validation/Validation/_\ub77c\ubca8_General_val_C/district/3. \ud6c4\ubc29 \ubc29\ud5a5 \uc774\ubbf8\uc9c0/[district]night_632C/[district]night_632C_290.json",
            "id": 1
        }
    ],
    "label": 1
}