{
    "data": [
        [
            0.0359375,
            0.6166666666666667,
            -0.014062499999999999,
            -0.040740740740740744,
            -0.012499999999999997,
            0.0444444444444444,
            0.034895833333333334,
            -0.017592592592592604
        ],
        [
            0.08854166666666667,
            0.5398148148148149,
            -0.00989583333333334,
            -0.0407407407407408,
            -0.01822916666666667,
            0.059259259259259234,
            0.03437499999999999,
            -0.012962962962962954
        ],
        [
            0.12916666666666668,
            0.4898148148148148,
            -0.00989583333333334,
            -0.040740740740740744,
            -0.018229166666666685,
            0.059259259259259234,
            0.03437499999999999,
            -0.012962962962962954
        ]
    ],
    "original_data": [
        {
            "time_step": 1,
            "original_data_path": "/content/drive/Othercomputers/\ub0b4 \ub178\ud2b8\ubd81/Forked_Models/Validation/Validation/_\ub77c\ubca8_General_val_C/district/3. \ud6c4\ubc29 \ubc29\ud5a5 \uc774\ubbf8\uc9c0/[district]attend_037C/[district]attend_037C_82.json",
            "id": 4
        },
        {
            "time_step": 2,
            "original_data_path": "/content/drive/Othercomputers/\ub0b4 \ub178\ud2b8\ubd81/Forked_Models/Validation/Validation/_\ub77c\ubca8_General_val_C/district/3. \ud6c4\ubc29 \ubc29\ud5a5 \uc774\ubbf8\uc9c0/[district]attend_037C/[district]attend_037C_84.json",
            "id": 4
        },
        {
            "time_step": 3,
            "original_data_path": "/content/drive/Othercomputers/\ub0b4 \ub178\ud2b8\ubd81/Forked_Models/Validation/Validation/_\ub77c\ubca8_General_val_C/district/3. \ud6c4\ubc29 \ubc29\ud5a5 \uc774\ubbf8\uc9c0/[district]attend_037C/[district]attend_037C_86.json",
            "id": 4
        }
    ],
    "label": 0
}