{
    "data": [
        [
            0.37083333333333335,
            0.5787037037037037,
            -0.02031250000000001,
            -0.029629629629629672,
            -0.0005208333333333592,
            -0.05833333333333335,
            0.04583333333333334,
            0.08796296296296291
        ],
        [
            0.3515625,
            0.5388888888888889,
            -0.019270833333333348,
            -0.0064814814814814214,
            -0.005208333333333315,
            -0.02962962962962956,
            0.052083333333333315,
            0.04907407407407405
        ],
        [
            0.3380208333333333,
            0.5509259259259259,
            -0.014062499999999978,
            -0.015740740740740722,
            -0.023958333333333304,
            -0.028703703703703676,
            0.05520833333333336,
            0.010185185185185186
        ]
    ],
    "original_data": [
        {
            "time_step": 1,
            "original_data_path": "/content/drive/Othercomputers/\ub0b4 \ub178\ud2b8\ubd81/Forked_Models/Validation/Validation/_\ub77c\ubca8_General_val_C/district/3. \ud6c4\ubc29 \ubc29\ud5a5 \uc774\ubbf8\uc9c0/[district]night_620C/[district]night_620C_20.json",
            "id": 3
        },
        {
            "time_step": 2,
            "original_data_path": "/content/drive/Othercomputers/\ub0b4 \ub178\ud2b8\ubd81/Forked_Models/Validation/Validation/_\ub77c\ubca8_General_val_C/district/3. \ud6c4\ubc29 \ubc29\ud5a5 \uc774\ubbf8\uc9c0/[district]night_620C/[district]night_620C_25.json",
            "id": 3
        },
        {
            "time_step": 3,
            "original_data_path": "/content/drive/Othercomputers/\ub0b4 \ub178\ud2b8\ubd81/Forked_Models/Validation/Validation/_\ub77c\ubca8_General_val_C/district/3. \ud6c4\ubc29 \ubc29\ud5a5 \uc774\ubbf8\uc9c0/[district]night_620C/[district]night_620C_30.json",
            "id": 3
        }
    ],
    "label": 1
}