{
    "data": [
        [
            0.48385416666666664,
            0.33055555555555555,
            -0.007291666666666641,
            -0.0398148148148148,
            -0.015625,
            0.00462962962962965,
            0.01302083333333337,
            0.04444444444444445
        ],
        [
            0.48385416666666664,
            0.33055555555555555,
            -0.007291666666666641,
            -0.0398148148148148,
            -0.015625,
            0.00462962962962965,
            0.01302083333333337,
            0.04444444444444445
        ],
        [
            0.48385416666666664,
            0.33055555555555555,
            -0.007291666666666641,
            -0.0398148148148148,
            -0.015625,
            0.00462962962962965,
            0.01302083333333337,
            0.04444444444444445
        ]
    ],
    "original_data": [
        {
            "time_step": 1,
            "original_data_path": "/content/drive/Othercomputers/\ub0b4 \ub178\ud2b8\ubd81/Forked_Models/Validation/Validation/_\ub77c\ubca8_General_val_C/district/3. \ud6c4\ubc29 \ubc29\ud5a5 \uc774\ubbf8\uc9c0/[district]day_567C/[district]day_567C_185.json",
            "id": 2
        },
        {
            "time_step": 2,
            "original_data_path": "/content/drive/Othercomputers/\ub0b4 \ub178\ud2b8\ubd81/Forked_Models/Validation/Validation/_\ub77c\ubca8_General_val_C/district/3. \ud6c4\ubc29 \ubc29\ud5a5 \uc774\ubbf8\uc9c0/[district]day_567C/[district]day_567C_190.json",
            "id": 2
        },
        {
            "time_step": 3,
            "original_data_path": "/content/drive/Othercomputers/\ub0b4 \ub178\ud2b8\ubd81/Forked_Models/Validation/Validation/_\ub77c\ubca8_General_val_C/district/3. \ud6c4\ubc29 \ubc29\ud5a5 \uc774\ubbf8\uc9c0/[district]day_567C/[district]day_567C_195.json",
            "id": 2
        }
    ],
    "label": 1
}