{
    "data": [
        [
            0.39427083333333335,
            0.3648148148148148,
            -0.022395833333333337,
            -0.037962962962962976,
            0.025520833333333326,
            -0.002777777777777768,
            0.0036458333333332926,
            0.09907407407407409
        ],
        [
            0.40677083333333336,
            0.3574074074074074,
            -0.019270833333333348,
            -0.037037037037037035,
            0.025520833333333326,
            -0.006481481481481477,
            0.004687499999999956,
            0.10648148148148151
        ],
        [
            0.421875,
            0.3648148148148148,
            -0.02031250000000001,
            -0.040740740740740744,
            0.02291666666666664,
            -0.010185185185185186,
            0.008854166666666663,
            0.1074074074074074
        ]
    ],
    "original_data": [
        {
            "time_step": 1,
            "original_data_path": "/content/drive/Othercomputers/\ub0b4 \ub178\ud2b8\ubd81/Forked_Models/Validation/Validation/_\ub77c\ubca8_General_val_C/district/3. \ud6c4\ubc29 \ubc29\ud5a5 \uc774\ubbf8\uc9c0/[district]leave_1070C/[district]leave_1070C_30.json",
            "id": 0
        },
        {
            "time_step": 2,
            "original_data_path": "/content/drive/Othercomputers/\ub0b4 \ub178\ud2b8\ubd81/Forked_Models/Validation/Validation/_\ub77c\ubca8_General_val_C/district/3. \ud6c4\ubc29 \ubc29\ud5a5 \uc774\ubbf8\uc9c0/[district]leave_1070C/[district]leave_1070C_35.json",
            "id": 0
        },
        {
            "time_step": 3,
            "original_data_path": "/content/drive/Othercomputers/\ub0b4 \ub178\ud2b8\ubd81/Forked_Models/Validation/Validation/_\ub77c\ubca8_General_val_C/district/3. \ud6c4\ubc29 \ubc29\ud5a5 \uc774\ubbf8\uc9c0/[district]leave_1070C/[district]leave_1070C_40.json",
            "id": 0
        }
    ],
    "label": 1
}