{
    "data": [
        [
            0.37916666666666665,
            0.5175925925925926,
            -0.007291666666666641,
            -0.06203703703703706,
            -0.03385416666666663,
            0.03518518518518521,
            0.017187500000000022,
            0.07870370370370372
        ],
        [
            0.38229166666666664,
            0.5203703703703704,
            -0.007291666666666641,
            -0.05555555555555558,
            -0.03697916666666662,
            0.03240740740740744,
            0.022395833333333337,
            0.07314814814814818
        ],
        [
            0.3848958333333333,
            0.5185185185185185,
            -0.008333333333333304,
            -0.06111111111111106,
            -0.03229166666666666,
            0.025000000000000022,
            0.019791666666666652,
            0.07500000000000007
        ]
    ],
    "original_data": [
        {
            "time_step": 1,
            "original_data_path": "/content/drive/Othercomputers/\ub0b4 \ub178\ud2b8\ubd81/Forked_Models/Validation/Validation/_\ub77c\ubca8_General_val_C/district/3. \ud6c4\ubc29 \ubc29\ud5a5 \uc774\ubbf8\uc9c0/[district]day_955C/[district]day_955C_170.json",
            "id": 0
        },
        {
            "time_step": 2,
            "original_data_path": "/content/drive/Othercomputers/\ub0b4 \ub178\ud2b8\ubd81/Forked_Models/Validation/Validation/_\ub77c\ubca8_General_val_C/district/3. \ud6c4\ubc29 \ubc29\ud5a5 \uc774\ubbf8\uc9c0/[district]day_955C/[district]day_955C_175.json",
            "id": 0
        },
        {
            "time_step": 3,
            "original_data_path": "/content/drive/Othercomputers/\ub0b4 \ub178\ud2b8\ubd81/Forked_Models/Validation/Validation/_\ub77c\ubca8_General_val_C/district/3. \ud6c4\ubc29 \ubc29\ud5a5 \uc774\ubbf8\uc9c0/[district]day_955C/[district]day_955C_180.json",
            "id": 0
        }
    ],
    "label": 1
}