{
    "data": [
        [
            0.4083333333333333,
            0.5685185185185185,
            -0.0078125,
            -0.04166666666666663,
            -0.026041666666666685,
            -0.021296296296296258,
            0.03229166666666666,
            0.06851851851851853
        ],
        [
            0.4046875,
            0.5666666666666667,
            -0.005208333333333315,
            -0.045370370370370394,
            -0.02291666666666664,
            -0.01851851851851849,
            0.030729166666666696,
            0.06666666666666665
        ],
        [
            0.4046875,
            0.5638888888888889,
            -0.0057291666666666186,
            -0.042592592592592626,
            -0.02291666666666664,
            -0.019444444444444486,
            0.03177083333333336,
            0.0712962962962963
        ]
    ],
    "original_data": [
        {
            "time_step": 1,
            "original_data_path": "/content/drive/Othercomputers/\ub0b4 \ub178\ud2b8\ubd81/Forked_Models/Validation/Validation/_\ub77c\ubca8_General_val_C/district/3. \ud6c4\ubc29 \ubc29\ud5a5 \uc774\ubbf8\uc9c0/[district]day_712C/[district]day_712C_10.json",
            "id": 6
        },
        {
            "time_step": 2,
            "original_data_path": "/content/drive/Othercomputers/\ub0b4 \ub178\ud2b8\ubd81/Forked_Models/Validation/Validation/_\ub77c\ubca8_General_val_C/district/3. \ud6c4\ubc29 \ubc29\ud5a5 \uc774\ubbf8\uc9c0/[district]day_712C/[district]day_712C_15.json",
            "id": 6
        },
        {
            "time_step": 3,
            "original_data_path": "/content/drive/Othercomputers/\ub0b4 \ub178\ud2b8\ubd81/Forked_Models/Validation/Validation/_\ub77c\ubca8_General_val_C/district/3. \ud6c4\ubc29 \ubc29\ud5a5 \uc774\ubbf8\uc9c0/[district]day_712C/[district]day_712C_20.json",
            "id": 6
        }
    ],
    "label": 1
}