{
    "data": [
        [
            0.3703125,
            0.3814814814814815,
            -0.02291666666666664,
            -0.041666666666666685,
            0.04270833333333335,
            -0.015740740740740722,
            -0.0078125,
            0.10185185185185186
        ],
        [
            0.37135416666666665,
            0.3675925925925926,
            -0.025520833333333326,
            -0.021296296296296313,
            0.027083333333333348,
            -0.01851851851851849,
            0.0005208333333333592,
            0.07870370370370372
        ],
        [
            0.37604166666666666,
            0.3675925925925926,
            -0.021354166666666674,
            -0.033333333333333326,
            0.04999999999999999,
            -0.004629629629629595,
            0.002604166666666685,
            0.09629629629629632
        ]
    ],
    "original_data": [
        {
            "time_step": 1,
            "original_data_path": "/content/drive/Othercomputers/\ub0b4 \ub178\ud2b8\ubd81/Forked_Models/Validation/Validation/_\ub77c\ubca8_General_val_C/district/3. \ud6c4\ubc29 \ubc29\ud5a5 \uc774\ubbf8\uc9c0/[district]leave_075C/[district]leave_075C_74.json",
            "id": 2
        },
        {
            "time_step": 2,
            "original_data_path": "/content/drive/Othercomputers/\ub0b4 \ub178\ud2b8\ubd81/Forked_Models/Validation/Validation/_\ub77c\ubca8_General_val_C/district/3. \ud6c4\ubc29 \ubc29\ud5a5 \uc774\ubbf8\uc9c0/[district]leave_075C/[district]leave_075C_76.json",
            "id": 2
        },
        {
            "time_step": 3,
            "original_data_path": "/content/drive/Othercomputers/\ub0b4 \ub178\ud2b8\ubd81/Forked_Models/Validation/Validation/_\ub77c\ubca8_General_val_C/district/3. \ud6c4\ubc29 \ubc29\ud5a5 \uc774\ubbf8\uc9c0/[district]leave_075C/[district]leave_075C_78.json",
            "id": 2
        }
    ],
    "label": 1
}