{
    "data": [
        [
            0.6354166666666666,
            0.537962962962963,
            -0.0005208333333333037,
            -0.025000000000000022,
            -0.018749999999999933,
            -0.015740740740740722,
            0.039583333333333415,
            0.007407407407407418
        ],
        [
            0.6307291666666667,
            0.5370370370370371,
            -0.004687499999999956,
            -0.02592592592592602,
            -0.014062499999999978,
            -0.014814814814814836,
            0.04427083333333337,
            0.008333333333333304
        ],
        [
            0.628125,
            0.5407407407407407,
            -0.0026041666666667407,
            -0.025925925925925908,
            -0.011458333333333348,
            -0.01851851851851849,
            0.046875,
            0.00462962962962965
        ]
    ],
    "original_data": [
        {
            "time_step": 1,
            "original_data_path": "/content/drive/Othercomputers/\ub0b4 \ub178\ud2b8\ubd81/Forked_Models/Validation/Validation/_\ub77c\ubca8_General_val_C/district/3. \ud6c4\ubc29 \ubc29\ud5a5 \uc774\ubbf8\uc9c0/[district]morning_649C/[district]morning_649C_5.json",
            "id": 3
        },
        {
            "time_step": 2,
            "original_data_path": "/content/drive/Othercomputers/\ub0b4 \ub178\ud2b8\ubd81/Forked_Models/Validation/Validation/_\ub77c\ubca8_General_val_C/district/3. \ud6c4\ubc29 \ubc29\ud5a5 \uc774\ubbf8\uc9c0/[district]morning_649C/[district]morning_649C_10.json",
            "id": 3
        },
        {
            "time_step": 3,
            "original_data_path": "/content/drive/Othercomputers/\ub0b4 \ub178\ud2b8\ubd81/Forked_Models/Validation/Validation/_\ub77c\ubca8_General_val_C/district/3. \ud6c4\ubc29 \ubc29\ud5a5 \uc774\ubbf8\uc9c0/[district]morning_649C/[district]morning_649C_15.json",
            "id": 3
        }
    ],
    "label": 1
}