{
    "data": [
        [
            0.48125,
            0.3592592592592593,
            -0.003645833333333348,
            -0.041666666666666685,
            -0.017708333333333326,
            -0.017592592592592604,
            0.008854166666666663,
            0.051851851851851816
        ],
        [
            0.4791666666666667,
            0.3574074074074074,
            -0.003645833333333348,
            -0.04444444444444445,
            -0.0031250000000000444,
            -0.012962962962962954,
            0.007291666666666641,
            0.05185185185185187
        ],
        [
            0.47552083333333334,
            0.35185185185185186,
            -0.0078125,
            -0.041666666666666685,
            -0.006770833333333337,
            -0.00462962962962965,
            0.004687500000000011,
            0.056481481481481466
        ]
    ],
    "original_data": [
        {
            "time_step": 1,
            "original_data_path": "/content/drive/Othercomputers/\ub0b4 \ub178\ud2b8\ubd81/Forked_Models/Validation/Validation/_\ub77c\ubca8_General_val_C/district/3. \ud6c4\ubc29 \ubc29\ud5a5 \uc774\ubbf8\uc9c0/[district]day_567C/[district]day_567C_90.json",
            "id": 2
        },
        {
            "time_step": 2,
            "original_data_path": "/content/drive/Othercomputers/\ub0b4 \ub178\ud2b8\ubd81/Forked_Models/Validation/Validation/_\ub77c\ubca8_General_val_C/district/3. \ud6c4\ubc29 \ubc29\ud5a5 \uc774\ubbf8\uc9c0/[district]day_567C/[district]day_567C_95.json",
            "id": 2
        },
        {
            "time_step": 3,
            "original_data_path": "/content/drive/Othercomputers/\ub0b4 \ub178\ud2b8\ubd81/Forked_Models/Validation/Validation/_\ub77c\ubca8_General_val_C/district/3. \ud6c4\ubc29 \ubc29\ud5a5 \uc774\ubbf8\uc9c0/[district]day_567C/[district]day_567C_100.json",
            "id": 2
        }
    ],
    "label": 1
}