{
    "data": [
        [
            0.6125,
            0.23703703703703705,
            -0.01822916666666674,
            -0.02777777777777779,
            0.01822916666666663,
            0.025925925925925908,
            -0.009375000000000022,
            0.08611111111111108
        ],
        [
            0.609375,
            0.23981481481481481,
            -0.017708333333333326,
            -0.02407407407407408,
            0.016145833333333304,
            0.020370370370370372,
            -0.008333333333333304,
            0.0796296296296296
        ],
        [
            0.60625,
            0.23796296296296296,
            -0.01822916666666663,
            -0.030555555555555558,
            0.02083333333333337,
            0.026851851851851877,
            -0.01041666666666663,
            0.08148148148148146
        ]
    ],
    "original_data": [
        {
            "time_step": 1,
            "original_data_path": "/content/drive/Othercomputers/\ub0b4 \ub178\ud2b8\ubd81/Forked_Models/Validation/Validation/_\ub77c\ubca8_General_val_C/district/3. \ud6c4\ubc29 \ubc29\ud5a5 \uc774\ubbf8\uc9c0/[district]morning_979C/[district]morning_979C_85.json",
            "id": 2
        },
        {
            "time_step": 2,
            "original_data_path": "/content/drive/Othercomputers/\ub0b4 \ub178\ud2b8\ubd81/Forked_Models/Validation/Validation/_\ub77c\ubca8_General_val_C/district/3. \ud6c4\ubc29 \ubc29\ud5a5 \uc774\ubbf8\uc9c0/[district]morning_979C/[district]morning_979C_90.json",
            "id": 2
        },
        {
            "time_step": 3,
            "original_data_path": "/content/drive/Othercomputers/\ub0b4 \ub178\ud2b8\ubd81/Forked_Models/Validation/Validation/_\ub77c\ubca8_General_val_C/district/3. \ud6c4\ubc29 \ubc29\ud5a5 \uc774\ubbf8\uc9c0/[district]morning_979C/[district]morning_979C_95.json",
            "id": 2
        }
    ],
    "label": 1
}