{
    "data": [
        [
            0.5828125,
            0.2537037037037037,
            -0.012499999999999956,
            -0.04351851851851851,
            0.004687500000000067,
            0.02685185185185185,
            0.030208333333333393,
            0.0888888888888889
        ],
        [
            0.6145833333333334,
            0.2611111111111111,
            -0.008333333333333415,
            -0.05925925925925926,
            -0.0078125,
            0.01944444444444443,
            0.03281249999999991,
            0.06481481481481483
        ],
        [
            0.6171875,
            0.25555555555555554,
            -0.0078125,
            -0.04722222222222219,
            -0.01041666666666663,
            0.025000000000000022,
            0.03020833333333328,
            0.07037037037037042
        ]
    ],
    "original_data": [
        {
            "time_step": 1,
            "original_data_path": "/content/drive/Othercomputers/\ub0b4 \ub178\ud2b8\ubd81/Forked_Models/Validation/Validation/_\ub77c\ubca8_General_val_C/district/3. \ud6c4\ubc29 \ubc29\ud5a5 \uc774\ubbf8\uc9c0/[district]morning_1057C/[district]morning_1057C_130.json",
            "id": 1
        },
        {
            "time_step": 2,
            "original_data_path": "/content/drive/Othercomputers/\ub0b4 \ub178\ud2b8\ubd81/Forked_Models/Validation/Validation/_\ub77c\ubca8_General_val_C/district/3. \ud6c4\ubc29 \ubc29\ud5a5 \uc774\ubbf8\uc9c0/[district]morning_1057C/[district]morning_1057C_135.json",
            "id": 1
        },
        {
            "time_step": 3,
            "original_data_path": "/content/drive/Othercomputers/\ub0b4 \ub178\ud2b8\ubd81/Forked_Models/Validation/Validation/_\ub77c\ubca8_General_val_C/district/3. \ud6c4\ubc29 \ubc29\ud5a5 \uc774\ubbf8\uc9c0/[district]morning_1057C/[district]morning_1057C_140.json",
            "id": 1
        }
    ],
    "label": 1
}