{
    "data": [
        [
            0.196875,
            0.4203703703703704,
            -0.014062500000000006,
            -0.03888888888888892,
            0.026041666666666685,
            0.009259259259259245,
            -0.001041666666666663,
            0.06574074074074071
        ],
        [
            0.16302083333333334,
            0.425,
            -0.00416666666666668,
            -0.032407407407407385,
            0.024479166666666663,
            0.00833333333333336,
            -0.014583333333333337,
            0.03518518518518521
        ],
        [
            0.14427083333333332,
            0.4074074074074074,
            -0.0026041666666666574,
            -0.029629629629629617,
            0.018229166666666685,
            0.007407407407407418,
            -0.010937499999999989,
            0.02870370370370373
        ]
    ],
    "original_data": [
        {
            "time_step": 1,
            "original_data_path": "/content/drive/Othercomputers/\ub0b4 \ub178\ud2b8\ubd81/Forked_Models/Validation/Validation/_\ub77c\ubca8_General_val_C/district/3. \ud6c4\ubc29 \ubc29\ud5a5 \uc774\ubbf8\uc9c0/[district]leave_001C/[district]leave_001C_114.json",
            "id": 0
        },
        {
            "time_step": 2,
            "original_data_path": "/content/drive/Othercomputers/\ub0b4 \ub178\ud2b8\ubd81/Forked_Models/Validation/Validation/_\ub77c\ubca8_General_val_C/district/3. \ud6c4\ubc29 \ubc29\ud5a5 \uc774\ubbf8\uc9c0/[district]leave_001C/[district]leave_001C_116.json",
            "id": 0
        },
        {
            "time_step": 3,
            "original_data_path": "/content/drive/Othercomputers/\ub0b4 \ub178\ud2b8\ubd81/Forked_Models/Validation/Validation/_\ub77c\ubca8_General_val_C/district/3. \ud6c4\ubc29 \ubc29\ud5a5 \uc774\ubbf8\uc9c0/[district]leave_001C/[district]leave_001C_118.json",
            "id": 0
        }
    ],
    "label": 1
}