{
    "data": [
        [
            0.396875,
            0.2916666666666667,
            -0.0015624999999999667,
            -0.030555555555555558,
            -0.012499999999999956,
            0.005555555555555536,
            0.029687500000000033,
            0.005555555555555536
        ],
        [
            0.396875,
            0.2916666666666667,
            -0.0015624999999999667,
            -0.030555555555555558,
            -0.014062499999999978,
            0.005555555555555536,
            0.03333333333333338,
            0.013888888888888895
        ],
        [
            0.396875,
            0.2916666666666667,
            -0.0015624999999999667,
            -0.030555555555555558,
            -0.013541666666666619,
            0.0018518518518518268,
            0.027604166666666707,
            0.003703703703703709
        ]
    ],
    "original_data": [
        {
            "time_step": 1,
            "original_data_path": "/content/drive/Othercomputers/\ub0b4 \ub178\ud2b8\ubd81/Forked_Models/Validation/Validation/_\ub77c\ubca8_General_val_C/district/3. \ud6c4\ubc29 \ubc29\ud5a5 \uc774\ubbf8\uc9c0/[district]day_608C/[district]day_608C_65.json",
            "id": 0
        },
        {
            "time_step": 2,
            "original_data_path": "/content/drive/Othercomputers/\ub0b4 \ub178\ud2b8\ubd81/Forked_Models/Validation/Validation/_\ub77c\ubca8_General_val_C/district/3. \ud6c4\ubc29 \ubc29\ud5a5 \uc774\ubbf8\uc9c0/[district]day_608C/[district]day_608C_70.json",
            "id": 0
        },
        {
            "time_step": 3,
            "original_data_path": "/content/drive/Othercomputers/\ub0b4 \ub178\ud2b8\ubd81/Forked_Models/Validation/Validation/_\ub77c\ubca8_General_val_C/district/3. \ud6c4\ubc29 \ubc29\ud5a5 \uc774\ubbf8\uc9c0/[district]day_608C/[district]day_608C_75.json",
            "id": 0
        }
    ],
    "label": 1
}