{
    "data": [
        [
            0.40520833333333334,
            0.29444444444444445,
            0.001041666666666663,
            -0.025925925925925908,
            -0.02031250000000001,
            0.005555555555555536,
            0.029687499999999978,
            0.010185185185185186
        ],
        [
            0.40260416666666665,
            0.2916666666666667,
            -0.0015624999999999667,
            -0.02407407407407408,
            -0.01822916666666663,
            0.008333333333333304,
            0.027604166666666707,
            0.013888888888888895
        ],
        [
            0.4010416666666667,
            0.2953703703703704,
            -0.002604166666666685,
            -0.02870370370370373,
            -0.019270833333333348,
            0.005555555555555536,
            0.027083333333333293,
            0.007407407407407363
        ]
    ],
    "original_data": [
        {
            "time_step": 1,
            "original_data_path": "/content/drive/Othercomputers/\ub0b4 \ub178\ud2b8\ubd81/Forked_Models/Validation/Validation/_\ub77c\ubca8_General_val_C/district/3. \ud6c4\ubc29 \ubc29\ud5a5 \uc774\ubbf8\uc9c0/[district]day_608C/[district]day_608C_50.json",
            "id": 0
        },
        {
            "time_step": 2,
            "original_data_path": "/content/drive/Othercomputers/\ub0b4 \ub178\ud2b8\ubd81/Forked_Models/Validation/Validation/_\ub77c\ubca8_General_val_C/district/3. \ud6c4\ubc29 \ubc29\ud5a5 \uc774\ubbf8\uc9c0/[district]day_608C/[district]day_608C_55.json",
            "id": 0
        },
        {
            "time_step": 3,
            "original_data_path": "/content/drive/Othercomputers/\ub0b4 \ub178\ud2b8\ubd81/Forked_Models/Validation/Validation/_\ub77c\ubca8_General_val_C/district/3. \ud6c4\ubc29 \ubc29\ud5a5 \uc774\ubbf8\uc9c0/[district]day_608C/[district]day_608C_60.json",
            "id": 0
        }
    ],
    "label": 1
}