{
    "data": [
        [
            0.6130208333333333,
            0.23148148148148148,
            -0.01822916666666663,
            -0.05925925925925926,
            -0.017708333333333326,
            0.07777777777777775,
            0.05312499999999998,
            0.05555555555555555
        ],
        [
            0.6119791666666666,
            0.2351851851851852,
            -0.018749999999999933,
            -0.0601851851851852,
            -0.01041666666666663,
            0.06944444444444445,
            0.05364583333333339,
            0.05462962962962961
        ],
        [
            0.60625,
            0.2212962962962963,
            -0.019270833333333237,
            -0.061111111111111116,
            -0.010937499999999933,
            0.07129629629629627,
            0.055208333333333415,
            0.056481481481481494
        ]
    ],
    "original_data": [
        {
            "time_step": 1,
            "original_data_path": "/content/drive/Othercomputers/\ub0b4 \ub178\ud2b8\ubd81/Forked_Models/Validation/Validation/_\ub77c\ubca8_General_val_C/district/3. \ud6c4\ubc29 \ubc29\ud5a5 \uc774\ubbf8\uc9c0/[district]attend_057C/[district]attend_057C_70.json",
            "id": 3
        },
        {
            "time_step": 2,
            "original_data_path": "/content/drive/Othercomputers/\ub0b4 \ub178\ud2b8\ubd81/Forked_Models/Validation/Validation/_\ub77c\ubca8_General_val_C/district/3. \ud6c4\ubc29 \ubc29\ud5a5 \uc774\ubbf8\uc9c0/[district]attend_057C/[district]attend_057C_72.json",
            "id": 3
        },
        {
            "time_step": 3,
            "original_data_path": "/content/drive/Othercomputers/\ub0b4 \ub178\ud2b8\ubd81/Forked_Models/Validation/Validation/_\ub77c\ubca8_General_val_C/district/3. \ud6c4\ubc29 \ubc29\ud5a5 \uc774\ubbf8\uc9c0/[district]attend_057C/[district]attend_057C_74.json",
            "id": 3
        }
    ],
    "label": 1
}