{
    "data": [
        [
            0.5567708333333333,
            0.2824074074074074,
            0.00520833333333337,
            -0.030555555555555558,
            -0.021354166666666674,
            0.006481481481481477,
            0.02864583333333337,
            -0.0037037037037036535
        ],
        [
            0.5567708333333333,
            0.2824074074074074,
            0.00520833333333337,
            -0.030555555555555558,
            -0.017187500000000022,
            0.010185185185185186,
            0.02864583333333337,
            -0.0037037037037036535
        ],
        [
            0.5515625,
            0.2898148148148148,
            -0.0015624999999999112,
            -0.037037037037037035,
            -0.015625,
            -0.004629629629629595,
            0.03385416666666674,
            -0.011111111111111072
        ]
    ],
    "original_data": [
        {
            "time_step": 1,
            "original_data_path": "/content/drive/Othercomputers/\ub0b4 \ub178\ud2b8\ubd81/Forked_Models/Validation/Validation/_\ub77c\ubca8_General_val_C/district/3. \ud6c4\ubc29 \ubc29\ud5a5 \uc774\ubbf8\uc9c0/[district]day_704C/[district]day_704C_125.json",
            "id": 1
        },
        {
            "time_step": 2,
            "original_data_path": "/content/drive/Othercomputers/\ub0b4 \ub178\ud2b8\ubd81/Forked_Models/Validation/Validation/_\ub77c\ubca8_General_val_C/district/3. \ud6c4\ubc29 \ubc29\ud5a5 \uc774\ubbf8\uc9c0/[district]day_704C/[district]day_704C_130.json",
            "id": 1
        },
        {
            "time_step": 3,
            "original_data_path": "/content/drive/Othercomputers/\ub0b4 \ub178\ud2b8\ubd81/Forked_Models/Validation/Validation/_\ub77c\ubca8_General_val_C/district/3. \ud6c4\ubc29 \ubc29\ud5a5 \uc774\ubbf8\uc9c0/[district]day_704C/[district]day_704C_135.json",
            "id": 1
        }
    ],
    "label": 1
}