{
    "data": [
        [
            0.4557291666666667,
            0.31296296296296294,
            -0.005729166666666674,
            -0.0398148148148148,
            -0.00520833333333337,
            0.037962962962962976,
            0.015625,
            0.12222222222222223
        ],
        [
            0.4557291666666667,
            0.31296296296296294,
            -0.005729166666666674,
            -0.0398148148148148,
            -0.00520833333333337,
            0.029629629629629672,
            0.012499999999999956,
            0.12685185185185188
        ],
        [
            0.4557291666666667,
            0.31296296296296294,
            -0.012500000000000011,
            -0.03518518518518515,
            -0.00520833333333337,
            0.029629629629629672,
            0.012499999999999956,
            0.12685185185185188
        ]
    ],
    "original_data": [
        {
            "time_step": 1,
            "original_data_path": "/content/drive/Othercomputers/\ub0b4 \ub178\ud2b8\ubd81/Forked_Models/Validation/Validation/_\ub77c\ubca8_General_val_C/district/3. \ud6c4\ubc29 \ubc29\ud5a5 \uc774\ubbf8\uc9c0/[district]day_963C/[district]day_963C_10.json",
            "id": 1
        },
        {
            "time_step": 2,
            "original_data_path": "/content/drive/Othercomputers/\ub0b4 \ub178\ud2b8\ubd81/Forked_Models/Validation/Validation/_\ub77c\ubca8_General_val_C/district/3. \ud6c4\ubc29 \ubc29\ud5a5 \uc774\ubbf8\uc9c0/[district]day_963C/[district]day_963C_15.json",
            "id": 1
        },
        {
            "time_step": 3,
            "original_data_path": "/content/drive/Othercomputers/\ub0b4 \ub178\ud2b8\ubd81/Forked_Models/Validation/Validation/_\ub77c\ubca8_General_val_C/district/3. \ud6c4\ubc29 \ubc29\ud5a5 \uc774\ubbf8\uc9c0/[district]day_963C/[district]day_963C_20.json",
            "id": 1
        }
    ],
    "label": 1
}