{
    "data": [
        [
            0.4114583333333333,
            0.35462962962962963,
            -0.022395833333333337,
            -0.04814814814814816,
            0.04843750000000002,
            -0.00833333333333336,
            -0.015625,
            0.09722222222222221
        ],
        [
            0.35833333333333334,
            0.3296296296296296,
            -0.017187500000000022,
            -0.04351851851851851,
            0.047395833333333304,
            -0.012962962962962954,
            -0.012500000000000011,
            0.06481481481481483
        ],
        [
            0.3140625,
            0.3296296296296296,
            -0.012500000000000011,
            -0.012037037037037013,
            0.025520833333333326,
            0.0064814814814815325,
            -0.019791666666666707,
            0.07777777777777778
        ]
    ],
    "original_data": [
        {
            "time_step": 1,
            "original_data_path": "/content/drive/Othercomputers/\ub0b4 \ub178\ud2b8\ubd81/Forked_Models/Validation/Validation/_\ub77c\ubca8_General_val_C/district/3. \ud6c4\ubc29 \ubc29\ud5a5 \uc774\ubbf8\uc9c0/[district]leave_075C/[district]leave_075C_98.json",
            "id": 2
        },
        {
            "time_step": 2,
            "original_data_path": "/content/drive/Othercomputers/\ub0b4 \ub178\ud2b8\ubd81/Forked_Models/Validation/Validation/_\ub77c\ubca8_General_val_C/district/3. \ud6c4\ubc29 \ubc29\ud5a5 \uc774\ubbf8\uc9c0/[district]leave_075C/[district]leave_075C_100.json",
            "id": 2
        },
        {
            "time_step": 3,
            "original_data_path": "/content/drive/Othercomputers/\ub0b4 \ub178\ud2b8\ubd81/Forked_Models/Validation/Validation/_\ub77c\ubca8_General_val_C/district/3. \ud6c4\ubc29 \ubc29\ud5a5 \uc774\ubbf8\uc9c0/[district]leave_075C/[district]leave_075C_102.json",
            "id": 2
        }
    ],
    "label": 1
}