{
    "data": [
        [
            0.4734375,
            0.2962962962962963,
            -0.0234375,
            -0.029629629629629617,
            0.03489583333333329,
            0.022222222222222254,
            0.0005208333333333037,
            0.05277777777777781
        ],
        [
            0.44583333333333336,
            0.3148148148148148,
            -0.0234375,
            -0.029629629629629617,
            0.03489583333333329,
            0.0222222222222222,
            0.007291666666666641,
            0.07777777777777778
        ],
        [
            0.4296875,
            0.3675925925925926,
            -0.0234375,
            -0.029629629629629617,
            0.03541666666666665,
            0.061111111111111116,
            0.003645833333333348,
            0.10092592592592592
        ]
    ],
    "original_data": [
        {
            "time_step": 1,
            "original_data_path": "/content/drive/Othercomputers/\ub0b4 \ub178\ud2b8\ubd81/Forked_Models/Validation/Validation/_\ub77c\ubca8_General_val_C/district/3. \ud6c4\ubc29 \ubc29\ud5a5 \uc774\ubbf8\uc9c0/[district]day_950C/[district]day_950C_270.json",
            "id": 4
        },
        {
            "time_step": 2,
            "original_data_path": "/content/drive/Othercomputers/\ub0b4 \ub178\ud2b8\ubd81/Forked_Models/Validation/Validation/_\ub77c\ubca8_General_val_C/district/3. \ud6c4\ubc29 \ubc29\ud5a5 \uc774\ubbf8\uc9c0/[district]day_950C/[district]day_950C_275.json",
            "id": 4
        },
        {
            "time_step": 3,
            "original_data_path": "/content/drive/Othercomputers/\ub0b4 \ub178\ud2b8\ubd81/Forked_Models/Validation/Validation/_\ub77c\ubca8_General_val_C/district/3. \ud6c4\ubc29 \ubc29\ud5a5 \uc774\ubbf8\uc9c0/[district]day_950C/[district]day_950C_280.json",
            "id": 4
        }
    ],
    "label": 1
}