{
    "data": [
        [
            0.36302083333333335,
            0.45,
            -0.025000000000000022,
            -0.05277777777777781,
            0.016666666666666663,
            0.031481481481481444,
            0.011458333333333293,
            0.11851851851851852
        ],
        [
            0.35833333333333334,
            0.4305555555555556,
            -0.022916666666666696,
            -0.04722222222222222,
            0.023958333333333304,
            0.033333333333333326,
            0.019791666666666652,
            0.13518518518518519
        ],
        [
            0.34270833333333334,
            0.42962962962962964,
            -0.030208333333333337,
            -0.04722222222222222,
            0.01874999999999999,
            0.021296296296296313,
            0.0078125,
            0.11666666666666664
        ]
    ],
    "original_data": [
        {
            "time_step": 1,
            "original_data_path": "/content/drive/Othercomputers/\ub0b4 \ub178\ud2b8\ubd81/Forked_Models/Validation/Validation/_\ub77c\ubca8_General_val_C/district/3. \ud6c4\ubc29 \ubc29\ud5a5 \uc774\ubbf8\uc9c0/[district]leave_1078C/[district]leave_1078C_255.json",
            "id": 0
        },
        {
            "time_step": 2,
            "original_data_path": "/content/drive/Othercomputers/\ub0b4 \ub178\ud2b8\ubd81/Forked_Models/Validation/Validation/_\ub77c\ubca8_General_val_C/district/3. \ud6c4\ubc29 \ubc29\ud5a5 \uc774\ubbf8\uc9c0/[district]leave_1078C/[district]leave_1078C_260.json",
            "id": 0
        },
        {
            "time_step": 3,
            "original_data_path": "/content/drive/Othercomputers/\ub0b4 \ub178\ud2b8\ubd81/Forked_Models/Validation/Validation/_\ub77c\ubca8_General_val_C/district/3. \ud6c4\ubc29 \ubc29\ud5a5 \uc774\ubbf8\uc9c0/[district]leave_1078C/[district]leave_1078C_265.json",
            "id": 0
        }
    ],
    "label": 1
}