{
    "data": [
        [
            0.26927083333333335,
            0.36666666666666664,
            -0.013541666666666674,
            -0.029629629629629617,
            0.047395833333333304,
            0.03240740740740744,
            -0.006250000000000033,
            0.09259259259259262
        ],
        [
            0.2484375,
            0.3731481481481482,
            -0.0072916666666666685,
            -0.022222222222222254,
            0.047916666666666635,
            0.01759259259259255,
            -0.0072916666666666685,
            0.07222222222222219
        ],
        [
            0.23125,
            0.37962962962962965,
            -0.018750000000000017,
            -0.029629629629629672,
            0.04531249999999998,
            0.01944444444444443,
            -0.005729166666666674,
            0.061111111111111116
        ]
    ],
    "original_data": [
        {
            "time_step": 1,
            "original_data_path": "/content/drive/Othercomputers/\ub0b4 \ub178\ud2b8\ubd81/Forked_Models/Validation/Validation/_\ub77c\ubca8_General_val_C/district/3. \ud6c4\ubc29 \ubc29\ud5a5 \uc774\ubbf8\uc9c0/[district]night_624C/[district]night_624C_250.json",
            "id": 2
        },
        {
            "time_step": 2,
            "original_data_path": "/content/drive/Othercomputers/\ub0b4 \ub178\ud2b8\ubd81/Forked_Models/Validation/Validation/_\ub77c\ubca8_General_val_C/district/3. \ud6c4\ubc29 \ubc29\ud5a5 \uc774\ubbf8\uc9c0/[district]night_624C/[district]night_624C_255.json",
            "id": 2
        },
        {
            "time_step": 3,
            "original_data_path": "/content/drive/Othercomputers/\ub0b4 \ub178\ud2b8\ubd81/Forked_Models/Validation/Validation/_\ub77c\ubca8_General_val_C/district/3. \ud6c4\ubc29 \ubc29\ud5a5 \uc774\ubbf8\uc9c0/[district]night_624C/[district]night_624C_260.json",
            "id": 2
        }
    ],
    "label": 1
}