{
    "data": [
        [
            0.5348958333333333,
            0.053703703703703705,
            -0.021874999999999978,
            -0.013888888888888888,
            0.05625000000000002,
            0.017592592592592597,
            0.014583333333333282,
            0.08796296296296297
        ],
        [
            0.5130208333333334,
            0.05555555555555555,
            -0.030208333333333393,
            -0.01759259259259259,
            0.0630208333333333,
            0.012962962962962968,
            0.016666666666666607,
            0.08703703703703705
        ],
        [
            0.48541666666666666,
            0.06388888888888888,
            -0.03125,
            -0.009259259259259252,
            0.06197916666666664,
            0.007407407407407418,
            0.013541666666666674,
            0.07777777777777778
        ]
    ],
    "original_data": [
        {
            "time_step": 1,
            "original_data_path": "/content/drive/Othercomputers/\ub0b4 \ub178\ud2b8\ubd81/Forked_Models/Validation/Validation/_\ub77c\ubca8_General_val_C/district/3. \ud6c4\ubc29 \ubc29\ud5a5 \uc774\ubbf8\uc9c0/[district]attend_024C/[district]attend_024C_92.json",
            "id": 1
        },
        {
            "time_step": 2,
            "original_data_path": "/content/drive/Othercomputers/\ub0b4 \ub178\ud2b8\ubd81/Forked_Models/Validation/Validation/_\ub77c\ubca8_General_val_C/district/3. \ud6c4\ubc29 \ubc29\ud5a5 \uc774\ubbf8\uc9c0/[district]attend_024C/[district]attend_024C_94.json",
            "id": 1
        },
        {
            "time_step": 3,
            "original_data_path": "/content/drive/Othercomputers/\ub0b4 \ub178\ud2b8\ubd81/Forked_Models/Validation/Validation/_\ub77c\ubca8_General_val_C/district/3. \ud6c4\ubc29 \ubc29\ud5a5 \uc774\ubbf8\uc9c0/[district]attend_024C/[district]attend_024C_96.json",
            "id": 1
        }
    ],
    "label": 1
}