{
    "data": [
        [
            0.6463541666666667,
            0.1935185185185185,
            -0.009375000000000022,
            -0.03425925925925924,
            -0.02083333333333337,
            -0.0018518518518518268,
            0.02083333333333337,
            0.0425925925925926
        ],
        [
            0.6359375,
            0.19814814814814816,
            -0.009375000000000022,
            -0.04351851851851854,
            -0.014583333333333393,
            -0.0027777777777777957,
            0.02499999999999991,
            0.04259259259259257
        ],
        [
            0.628125,
            0.20925925925925926,
            -0.011458333333333348,
            -0.03240740740740741,
            -0.007291666666666696,
            0.0009259259259259411,
            0.02083333333333326,
            0.03518518518518518
        ]
    ],
    "original_data": [
        {
            "time_step": 1,
            "original_data_path": "/content/drive/Othercomputers/\ub0b4 \ub178\ud2b8\ubd81/Forked_Models/Validation/Validation/_\ub77c\ubca8_General_val_C/district/3. \ud6c4\ubc29 \ubc29\ud5a5 \uc774\ubbf8\uc9c0/[district]attend_966C/[district]attend_966C_180.json",
            "id": 0
        },
        {
            "time_step": 2,
            "original_data_path": "/content/drive/Othercomputers/\ub0b4 \ub178\ud2b8\ubd81/Forked_Models/Validation/Validation/_\ub77c\ubca8_General_val_C/district/3. \ud6c4\ubc29 \ubc29\ud5a5 \uc774\ubbf8\uc9c0/[district]attend_966C/[district]attend_966C_185.json",
            "id": 0
        },
        {
            "time_step": 3,
            "original_data_path": "/content/drive/Othercomputers/\ub0b4 \ub178\ud2b8\ubd81/Forked_Models/Validation/Validation/_\ub77c\ubca8_General_val_C/district/3. \ud6c4\ubc29 \ubc29\ud5a5 \uc774\ubbf8\uc9c0/[district]attend_966C/[district]attend_966C_190.json",
            "id": 0
        }
    ],
    "label": 1
}