{
    "data": [
        [
            0.6098958333333333,
            0.03518518518518519,
            0.014583333333333393,
            -0.01666666666666667,
            -0.017708333333333326,
            -0.007407407407407411,
            0.018750000000000044,
            0.006481481481481477
        ],
        [
            0.6171875,
            0.03148148148148148,
            0.009895833333333326,
            -0.020370370370370365,
            -0.021354166666666674,
            -0.003703703703703702,
            0.017708333333333326,
            0.004629629629629629
        ],
        [
            0.6255208333333333,
            0.020370370370370372,
            0.011458333333333348,
            -0.011111111111111113,
            -0.017708333333333326,
            0.003703703703703702,
            0.010937500000000044,
            0.018518518518518517
        ]
    ],
    "original_data": [
        {
            "time_step": 1,
            "original_data_path": "/content/drive/Othercomputers/\ub0b4 \ub178\ud2b8\ubd81/Forked_Models/Validation/Validation/_\ub77c\ubca8_General_val_C/district/3. \ud6c4\ubc29 \ubc29\ud5a5 \uc774\ubbf8\uc9c0/[district]attend_1048C/[district]attend_1048C_460.json",
            "id": 3
        },
        {
            "time_step": 2,
            "original_data_path": "/content/drive/Othercomputers/\ub0b4 \ub178\ud2b8\ubd81/Forked_Models/Validation/Validation/_\ub77c\ubca8_General_val_C/district/3. \ud6c4\ubc29 \ubc29\ud5a5 \uc774\ubbf8\uc9c0/[district]attend_1048C/[district]attend_1048C_465.json",
            "id": 3
        },
        {
            "time_step": 3,
            "original_data_path": "/content/drive/Othercomputers/\ub0b4 \ub178\ud2b8\ubd81/Forked_Models/Validation/Validation/_\ub77c\ubca8_General_val_C/district/3. \ud6c4\ubc29 \ubc29\ud5a5 \uc774\ubbf8\uc9c0/[district]attend_1048C/[district]attend_1048C_470.json",
            "id": 3
        }
    ],
    "label": 2
}