{
    "data": [
        [
            0.34375,
            0.2814814814814815,
            -0.002083333333333326,
            -0.04444444444444445,
            -0.01874999999999999,
            -0.014814814814814836,
            0.03125,
            0.005555555555555536
        ],
        [
            0.33958333333333335,
            0.2851851851851852,
            -0.004166666666666707,
            -0.04074074074074077,
            -0.014583333333333337,
            -0.018518518518518545,
            0.03541666666666665,
            0.0018518518518518268
        ],
        [
            0.33958333333333335,
            0.2851851851851852,
            -0.004687500000000011,
            -0.0314814814814815,
            -0.014583333333333337,
            -0.018518518518518545,
            0.03541666666666665,
            0.0018518518518518268
        ]
    ],
    "original_data": [
        {
            "time_step": 1,
            "original_data_path": "/content/drive/Othercomputers/\ub0b4 \ub178\ud2b8\ubd81/Forked_Models/Validation/Validation/_\ub77c\ubca8_General_val_C/district/3. \ud6c4\ubc29 \ubc29\ud5a5 \uc774\ubbf8\uc9c0/[district]day_420C/[district]day_420C_365.json",
            "id": 0
        },
        {
            "time_step": 2,
            "original_data_path": "/content/drive/Othercomputers/\ub0b4 \ub178\ud2b8\ubd81/Forked_Models/Validation/Validation/_\ub77c\ubca8_General_val_C/district/3. \ud6c4\ubc29 \ubc29\ud5a5 \uc774\ubbf8\uc9c0/[district]day_420C/[district]day_420C_370.json",
            "id": 0
        },
        {
            "time_step": 3,
            "original_data_path": "/content/drive/Othercomputers/\ub0b4 \ub178\ud2b8\ubd81/Forked_Models/Validation/Validation/_\ub77c\ubca8_General_val_C/district/3. \ud6c4\ubc29 \ubc29\ud5a5 \uc774\ubbf8\uc9c0/[district]day_420C/[district]day_420C_375.json",
            "id": 0
        }
    ],
    "label": 2
}