{
    "data": [
        [
            0.6489583333333333,
            0.8425925925925926,
            0.04166666666666674,
            -0.002777777777777768,
            -0.04583333333333328,
            0.13055555555555554,
            -0.03749999999999998,
            -0.061111111111111116
        ],
        [
            0.6526041666666667,
            0.8518518518518519,
            0.039583333333333304,
            -0.002777777777777768,
            -0.04947916666666663,
            0.12129629629629624,
            -0.041145833333333326,
            -0.07037037037037042
        ],
        [
            0.6546875,
            0.8583333333333333,
            0.041145833333333326,
            -0.0009259259259258856,
            -0.051562499999999956,
            0.11481481481481481,
            -0.04322916666666665,
            -0.07685185185185184
        ]
    ],
    "original_data": [
        {
            "time_step": 1,
            "original_data_path": "/content/drive/Othercomputers/\ub0b4 \ub178\ud2b8\ubd81/Forked_Models/Validation/Validation/_\ub77c\ubca8_General_val_C/district/3. \ud6c4\ubc29 \ubc29\ud5a5 \uc774\ubbf8\uc9c0/[district]day_420C/[district]day_420C_165.json",
            "id": 6
        },
        {
            "time_step": 2,
            "original_data_path": "/content/drive/Othercomputers/\ub0b4 \ub178\ud2b8\ubd81/Forked_Models/Validation/Validation/_\ub77c\ubca8_General_val_C/district/3. \ud6c4\ubc29 \ubc29\ud5a5 \uc774\ubbf8\uc9c0/[district]day_420C/[district]day_420C_170.json",
            "id": 6
        },
        {
            "time_step": 3,
            "original_data_path": "/content/drive/Othercomputers/\ub0b4 \ub178\ud2b8\ubd81/Forked_Models/Validation/Validation/_\ub77c\ubca8_General_val_C/district/3. \ud6c4\ubc29 \ubc29\ud5a5 \uc774\ubbf8\uc9c0/[district]day_420C/[district]day_420C_175.json",
            "id": 6
        }
    ],
    "label": 2
}