{
    "data": [
        [
            0.5005208333333333,
            0.06481481481481481,
            0.0,
            -0.010185185185185179,
            0.015625,
            0.018518518518518517,
            -0.01822916666666663,
            0.009259259259259259
        ],
        [
            0.4859375,
            0.05092592592592592,
            -0.00520833333333337,
            -0.011111111111111106,
            0.014062499999999978,
            0.008333333333333338,
            -0.010937500000000044,
            0.015740740740740743
        ],
        [
            0.465625,
            0.04537037037037037,
            -0.004687500000000011,
            -0.010185185185185186,
            0.015625,
            0.007407407407407404,
            -0.006250000000000033,
            0.013888888888888888
        ]
    ],
    "original_data": [
        {
            "time_step": 1,
            "original_data_path": "/content/drive/Othercomputers/\ub0b4 \ub178\ud2b8\ubd81/Forked_Models/Validation/Validation/_\ub77c\ubca8_General_val_C/district/3. \ud6c4\ubc29 \ubc29\ud5a5 \uc774\ubbf8\uc9c0/[district]morning_957C/[district]morning_957C_460.json",
            "id": 3
        },
        {
            "time_step": 2,
            "original_data_path": "/content/drive/Othercomputers/\ub0b4 \ub178\ud2b8\ubd81/Forked_Models/Validation/Validation/_\ub77c\ubca8_General_val_C/district/3. \ud6c4\ubc29 \ubc29\ud5a5 \uc774\ubbf8\uc9c0/[district]morning_957C/[district]morning_957C_465.json",
            "id": 3
        },
        {
            "time_step": 3,
            "original_data_path": "/content/drive/Othercomputers/\ub0b4 \ub178\ud2b8\ubd81/Forked_Models/Validation/Validation/_\ub77c\ubca8_General_val_C/district/3. \ud6c4\ubc29 \ubc29\ud5a5 \uc774\ubbf8\uc9c0/[district]morning_957C/[district]morning_957C_470.json",
            "id": 3
        }
    ],
    "label": 2
}