{
    "data": [
        [
            0.8,
            0.20185185185185187,
            0.004687499999999956,
            -0.03981481481481483,
            -0.036979166666666674,
            0.024999999999999994,
            0.029687499999999978,
            0.024074074074074053
        ],
        [
            0.7859375,
            0.19166666666666668,
            -0.003645833333333237,
            -0.041666666666666685,
            -0.030729166666666585,
            0.028703703703703703,
            0.029166666666666674,
            0.020370370370370344
        ],
        [
            0.7869791666666667,
            0.19814814814814816,
            -0.00520833333333337,
            -0.03425925925925927,
            -0.029166666666666674,
            0.03240740740740741,
            0.03281250000000002,
            0.01944444444444443
        ]
    ],
    "original_data": [
        {
            "time_step": 1,
            "original_data_path": "/content/drive/Othercomputers/\ub0b4 \ub178\ud2b8\ubd81/Forked_Models/Validation/Validation/_\ub77c\ubca8_General_val_C/district/3. \ud6c4\ubc29 \ubc29\ud5a5 \uc774\ubbf8\uc9c0/[district]attend_044C/[district]attend_044C_74.json",
            "id": 0
        },
        {
            "time_step": 2,
            "original_data_path": "/content/drive/Othercomputers/\ub0b4 \ub178\ud2b8\ubd81/Forked_Models/Validation/Validation/_\ub77c\ubca8_General_val_C/district/3. \ud6c4\ubc29 \ubc29\ud5a5 \uc774\ubbf8\uc9c0/[district]attend_044C/[district]attend_044C_76.json",
            "id": 0
        },
        {
            "time_step": 3,
            "original_data_path": "/content/drive/Othercomputers/\ub0b4 \ub178\ud2b8\ubd81/Forked_Models/Validation/Validation/_\ub77c\ubca8_General_val_C/district/3. \ud6c4\ubc29 \ubc29\ud5a5 \uc774\ubbf8\uc9c0/[district]attend_044C/[district]attend_044C_78.json",
            "id": 0
        }
    ],
    "label": 2
}