{
    "data": [
        [
            0.6463541666666667,
            0.4861111111111111,
            -0.0010416666666667185,
            -0.036111111111111094,
            -0.023958333333333304,
            -0.008333333333333304,
            0.03385416666666663,
            0.002777777777777768
        ],
        [
            0.6442708333333333,
            0.4842592592592593,
            -0.0010416666666667185,
            -0.042592592592592626,
            -0.021874999999999978,
            -0.006481481481481477,
            0.035937499999999956,
            0.004629629629629595
        ],
        [
            0.6442708333333333,
            0.4842592592592593,
            -0.004687500000000067,
            -0.03611111111111115,
            -0.021874999999999978,
            -0.006481481481481477,
            0.035937499999999956,
            0.004629629629629595
        ]
    ],
    "original_data": [
        {
            "time_step": 1,
            "original_data_path": "/content/drive/Othercomputers/\ub0b4 \ub178\ud2b8\ubd81/Forked_Models/Validation/Validation/_\ub77c\ubca8_General_val_C/district/3. \ud6c4\ubc29 \ubc29\ud5a5 \uc774\ubbf8\uc9c0/[district]leave_438C/[district]leave_438C_450.json",
            "id": 2
        },
        {
            "time_step": 2,
            "original_data_path": "/content/drive/Othercomputers/\ub0b4 \ub178\ud2b8\ubd81/Forked_Models/Validation/Validation/_\ub77c\ubca8_General_val_C/district/3. \ud6c4\ubc29 \ubc29\ud5a5 \uc774\ubbf8\uc9c0/[district]leave_438C/[district]leave_438C_455.json",
            "id": 2
        },
        {
            "time_step": 3,
            "original_data_path": "/content/drive/Othercomputers/\ub0b4 \ub178\ud2b8\ubd81/Forked_Models/Validation/Validation/_\ub77c\ubca8_General_val_C/district/3. \ud6c4\ubc29 \ubc29\ud5a5 \uc774\ubbf8\uc9c0/[district]leave_438C/[district]leave_438C_460.json",
            "id": 2
        }
    ],
    "label": 2
}