{
    "data": [
        [
            0.6307291666666667,
            0.49444444444444446,
            0.0,
            -0.030555555555555558,
            -0.02604166666666663,
            0.010185185185185186,
            0.03281250000000002,
            0.002777777777777768
        ],
        [
            0.6307291666666667,
            0.49444444444444446,
            0.0,
            -0.030555555555555558,
            -0.02604166666666663,
            0.010185185185185186,
            0.03281250000000002,
            0.002777777777777768
        ],
        [
            0.6375,
            0.4935185185185185,
            0.002083333333333326,
            -0.025925925925925908,
            -0.03020833333333328,
            0.005555555555555536,
            0.028125000000000067,
            0.005555555555555536
        ]
    ],
    "original_data": [
        {
            "time_step": 1,
            "original_data_path": "/content/drive/Othercomputers/\ub0b4 \ub178\ud2b8\ubd81/Forked_Models/Validation/Validation/_\ub77c\ubca8_General_val_C/district/3. \ud6c4\ubc29 \ubc29\ud5a5 \uc774\ubbf8\uc9c0/[district]leave_1056C/[district]leave_1056C_135.json",
            "id": 0
        },
        {
            "time_step": 2,
            "original_data_path": "/content/drive/Othercomputers/\ub0b4 \ub178\ud2b8\ubd81/Forked_Models/Validation/Validation/_\ub77c\ubca8_General_val_C/district/3. \ud6c4\ubc29 \ubc29\ud5a5 \uc774\ubbf8\uc9c0/[district]leave_1056C/[district]leave_1056C_140.json",
            "id": 0
        },
        {
            "time_step": 3,
            "original_data_path": "/content/drive/Othercomputers/\ub0b4 \ub178\ud2b8\ubd81/Forked_Models/Validation/Validation/_\ub77c\ubca8_General_val_C/district/3. \ud6c4\ubc29 \ubc29\ud5a5 \uc774\ubbf8\uc9c0/[district]leave_1056C/[district]leave_1056C_145.json",
            "id": 0
        }
    ],
    "label": 2
}