{
    "data": [
        [
            0.4083333333333333,
            0.3731481481481482,
            -0.010416666666666685,
            -0.05462962962962964,
            0.011458333333333348,
            0.0398148148148148,
            0.0234375,
            0.1018518518518518
        ],
        [
            0.4083333333333333,
            0.3731481481481482,
            -0.010416666666666685,
            -0.05462962962962964,
            0.011458333333333348,
            0.0398148148148148,
            0.027604166666666652,
            0.0981481481481481
        ],
        [
            0.4083333333333333,
            0.3731481481481482,
            -0.005729166666666674,
            -0.05740740740740741,
            0.011458333333333348,
            0.0398148148148148,
            0.027604166666666652,
            0.10925925925925922
        ]
    ],
    "original_data": [
        {
            "time_step": 1,
            "original_data_path": "/content/drive/Othercomputers/\ub0b4 \ub178\ud2b8\ubd81/Forked_Models/Validation/Validation/_\ub77c\ubca8_General_val_C/district/3. \ud6c4\ubc29 \ubc29\ud5a5 \uc774\ubbf8\uc9c0/[district]leave_1078C/[district]leave_1078C_495.json",
            "id": 4
        },
        {
            "time_step": 2,
            "original_data_path": "/content/drive/Othercomputers/\ub0b4 \ub178\ud2b8\ubd81/Forked_Models/Validation/Validation/_\ub77c\ubca8_General_val_C/district/3. \ud6c4\ubc29 \ubc29\ud5a5 \uc774\ubbf8\uc9c0/[district]leave_1078C/[district]leave_1078C_500.json",
            "id": 4
        },
        {
            "time_step": 3,
            "original_data_path": "/content/drive/Othercomputers/\ub0b4 \ub178\ud2b8\ubd81/Forked_Models/Validation/Validation/_\ub77c\ubca8_General_val_C/district/3. \ud6c4\ubc29 \ubc29\ud5a5 \uc774\ubbf8\uc9c0/[district]leave_1078C/[district]leave_1078C_505.json",
            "id": 4
        }
    ],
    "label": 2
}