{
    "data": [
        [
            0.4171875,
            0.29907407407407405,
            -0.0015624999999999667,
            -0.04629629629629628,
            -0.02604166666666663,
            0.007407407407407418,
            0.03229166666666666,
            0.01296296296296301
        ],
        [
            0.4171875,
            0.29907407407407405,
            -0.0015624999999999667,
            -0.04629629629629628,
            -0.02604166666666663,
            0.007407407407407418,
            0.03229166666666666,
            0.01296296296296301
        ],
        [
            0.4171875,
            0.29907407407407405,
            -0.0015624999999999667,
            -0.04629629629629628,
            -0.02604166666666663,
            0.007407407407407418,
            0.03229166666666666,
            0.01296296296296301
        ]
    ],
    "original_data": [
        {
            "time_step": 1,
            "original_data_path": "/content/drive/Othercomputers/\ub0b4 \ub178\ud2b8\ubd81/Forked_Models/Validation/Validation/_\ub77c\ubca8_General_val_C/district/3. \ud6c4\ubc29 \ubc29\ud5a5 \uc774\ubbf8\uc9c0/[district]day_731C/[district]day_731C_5.json",
            "id": 1
        },
        {
            "time_step": 2,
            "original_data_path": "/content/drive/Othercomputers/\ub0b4 \ub178\ud2b8\ubd81/Forked_Models/Validation/Validation/_\ub77c\ubca8_General_val_C/district/3. \ud6c4\ubc29 \ubc29\ud5a5 \uc774\ubbf8\uc9c0/[district]day_731C/[district]day_731C_10.json",
            "id": 1
        },
        {
            "time_step": 3,
            "original_data_path": "/content/drive/Othercomputers/\ub0b4 \ub178\ud2b8\ubd81/Forked_Models/Validation/Validation/_\ub77c\ubca8_General_val_C/district/3. \ud6c4\ubc29 \ubc29\ud5a5 \uc774\ubbf8\uc9c0/[district]day_731C/[district]day_731C_15.json",
            "id": 1
        }
    ],
    "label": 2
}