{
    "data": [
        [
            0.37447916666666664,
            0.26944444444444443,
            0.007291666666666696,
            -0.036111111111111094,
            -0.03125,
            -0.01851851851851849,
            0.02395833333333336,
            0.014814814814814836
        ],
        [
            0.37447916666666664,
            0.26944444444444443,
            0.007291666666666696,
            -0.036111111111111094,
            -0.03125,
            -0.01851851851851849,
            0.02395833333333336,
            0.014814814814814836
        ],
        [
            0.3765625,
            0.2722222222222222,
            0.0078125,
            -0.03703703703703701,
            -0.03333333333333338,
            -0.021296296296296258,
            0.021874999999999978,
            0.012037037037037068
        ]
    ],
    "original_data": [
        {
            "time_step": 1,
            "original_data_path": "/content/drive/Othercomputers/\ub0b4 \ub178\ud2b8\ubd81/Forked_Models/Validation/Validation/_\ub77c\ubca8_General_val_C/district/3. \ud6c4\ubc29 \ubc29\ud5a5 \uc774\ubbf8\uc9c0/[district]day_420C/[district]day_420C_330.json",
            "id": 0
        },
        {
            "time_step": 2,
            "original_data_path": "/content/drive/Othercomputers/\ub0b4 \ub178\ud2b8\ubd81/Forked_Models/Validation/Validation/_\ub77c\ubca8_General_val_C/district/3. \ud6c4\ubc29 \ubc29\ud5a5 \uc774\ubbf8\uc9c0/[district]day_420C/[district]day_420C_335.json",
            "id": 0
        },
        {
            "time_step": 3,
            "original_data_path": "/content/drive/Othercomputers/\ub0b4 \ub178\ud2b8\ubd81/Forked_Models/Validation/Validation/_\ub77c\ubca8_General_val_C/district/3. \ud6c4\ubc29 \ubc29\ud5a5 \uc774\ubbf8\uc9c0/[district]day_420C/[district]day_420C_340.json",
            "id": 0
        }
    ],
    "label": 2
}