{
    "data": [
        [
            0.7083333333333334,
            0.7092592592592593,
            0.010937499999999933,
            -0.029629629629629672,
            -0.052604166666666674,
            -0.036111111111111094,
            0.028124999999999956,
            0.03703703703703709
        ],
        [
            0.7083333333333334,
            0.7092592592592593,
            0.010937499999999933,
            -0.029629629629629672,
            -0.04375000000000007,
            -0.036111111111111094,
            0.031770833333333304,
            0.03240740740740744
        ],
        [
            0.7041666666666667,
            0.7148148148148148,
            0.014062499999999978,
            -0.030555555555555558,
            -0.039583333333333415,
            -0.033333333333333326,
            0.03802083333333328,
            0.02314814814814814
        ]
    ],
    "original_data": [
        {
            "time_step": 1,
            "original_data_path": "/content/drive/Othercomputers/\ub0b4 \ub178\ud2b8\ubd81/Forked_Models/Validation/Validation/_\ub77c\ubca8_General_val_C/district/3. \ud6c4\ubc29 \ubc29\ud5a5 \uc774\ubbf8\uc9c0/[district]night_632C/[district]night_632C_505.json",
            "id": 2
        },
        {
            "time_step": 2,
            "original_data_path": "/content/drive/Othercomputers/\ub0b4 \ub178\ud2b8\ubd81/Forked_Models/Validation/Validation/_\ub77c\ubca8_General_val_C/district/3. \ud6c4\ubc29 \ubc29\ud5a5 \uc774\ubbf8\uc9c0/[district]night_632C/[district]night_632C_510.json",
            "id": 2
        },
        {
            "time_step": 3,
            "original_data_path": "/content/drive/Othercomputers/\ub0b4 \ub178\ud2b8\ubd81/Forked_Models/Validation/Validation/_\ub77c\ubca8_General_val_C/district/3. \ud6c4\ubc29 \ubc29\ud5a5 \uc774\ubbf8\uc9c0/[district]night_632C/[district]night_632C_515.json",
            "id": 2
        }
    ],
    "label": 2
}