{
    "data": [
        [
            0.5838541666666667,
            0.4083333333333333,
            0.008333333333333304,
            -0.033333333333333326,
            -0.0026041666666666297,
            0.09629629629629632,
            -0.016145833333333304,
            -0.015740740740740722
        ],
        [
            0.5947916666666667,
            0.4185185185185185,
            0.009895833333333326,
            -0.0398148148148148,
            -0.013541666666666674,
            0.08611111111111114,
            -0.011979166666666763,
            -0.01481481481481478
        ],
        [
            0.596875,
            0.4212962962962963,
            0.01302083333333326,
            -0.04259259259259257,
            -0.015625,
            0.08333333333333337,
            -0.014062500000000089,
            -0.01759259259259255
        ]
    ],
    "original_data": [
        {
            "time_step": 1,
            "original_data_path": "/content/drive/Othercomputers/\ub0b4 \ub178\ud2b8\ubd81/Forked_Models/Validation/Validation/_\ub77c\ubca8_General_val_C/district/3. \ud6c4\ubc29 \ubc29\ud5a5 \uc774\ubbf8\uc9c0/[district]day_712C/[district]day_712C_80.json",
            "id": 4
        },
        {
            "time_step": 2,
            "original_data_path": "/content/drive/Othercomputers/\ub0b4 \ub178\ud2b8\ubd81/Forked_Models/Validation/Validation/_\ub77c\ubca8_General_val_C/district/3. \ud6c4\ubc29 \ubc29\ud5a5 \uc774\ubbf8\uc9c0/[district]day_712C/[district]day_712C_85.json",
            "id": 4
        },
        {
            "time_step": 3,
            "original_data_path": "/content/drive/Othercomputers/\ub0b4 \ub178\ud2b8\ubd81/Forked_Models/Validation/Validation/_\ub77c\ubca8_General_val_C/district/3. \ud6c4\ubc29 \ubc29\ud5a5 \uc774\ubbf8\uc9c0/[district]day_712C/[district]day_712C_90.json",
            "id": 4
        }
    ],
    "label": 2
}