{
    "data": [
        [
            0.4546875,
            0.4759259259259259,
            0.0026041666666666297,
            -0.06851851851851853,
            -0.029687500000000033,
            0.013888888888888895,
            0.03489583333333329,
            0.0407407407407408
        ],
        [
            0.4546875,
            0.4759259259259259,
            0.0026041666666666297,
            -0.06851851851851853,
            -0.029687500000000033,
            0.013888888888888895,
            0.03489583333333329,
            0.0407407407407408
        ],
        [
            0.4546875,
            0.4759259259259259,
            0.0026041666666666297,
            -0.06851851851851853,
            -0.029687500000000033,
            0.013888888888888895,
            0.03489583333333329,
            0.0407407407407408
        ]
    ],
    "original_data": [
        {
            "time_step": 1,
            "original_data_path": "/content/drive/Othercomputers/\ub0b4 \ub178\ud2b8\ubd81/Forked_Models/Validation/Validation/_\ub77c\ubca8_General_val_C/district/3. \ud6c4\ubc29 \ubc29\ud5a5 \uc774\ubbf8\uc9c0/[district]day_567C/[district]day_567C_295.json",
            "id": 3
        },
        {
            "time_step": 2,
            "original_data_path": "/content/drive/Othercomputers/\ub0b4 \ub178\ud2b8\ubd81/Forked_Models/Validation/Validation/_\ub77c\ubca8_General_val_C/district/3. \ud6c4\ubc29 \ubc29\ud5a5 \uc774\ubbf8\uc9c0/[district]day_567C/[district]day_567C_300.json",
            "id": 3
        },
        {
            "time_step": 3,
            "original_data_path": "/content/drive/Othercomputers/\ub0b4 \ub178\ud2b8\ubd81/Forked_Models/Validation/Validation/_\ub77c\ubca8_General_val_C/district/3. \ud6c4\ubc29 \ubc29\ud5a5 \uc774\ubbf8\uc9c0/[district]day_567C/[district]day_567C_305.json",
            "id": 3
        }
    ],
    "label": 2
}