{
    "data": [
        [
            0.4203125,
            0.2759259259259259,
            0.0031250000000000444,
            -0.03518518518518518,
            -0.028124999999999956,
            -0.003703703703703709,
            0.01770833333333338,
            -0.004629629629629595
        ],
        [
            0.4203125,
            0.2759259259259259,
            0.0031250000000000444,
            -0.03518518518518518,
            -0.028124999999999956,
            -0.003703703703703709,
            0.01770833333333338,
            -0.004629629629629595
        ],
        [
            0.42135416666666664,
            0.27037037037037037,
            0.003645833333333348,
            -0.03611111111111112,
            -0.02916666666666662,
            0.0018518518518518268,
            0.01666666666666672,
            0.0009259259259259411
        ]
    ],
    "original_data": [
        {
            "time_step": 1,
            "original_data_path": "/content/drive/Othercomputers/\ub0b4 \ub178\ud2b8\ubd81/Forked_Models/Validation/Validation/_\ub77c\ubca8_General_val_C/district/3. \ud6c4\ubc29 \ubc29\ud5a5 \uc774\ubbf8\uc9c0/[district]day_683C/[district]day_683C_370.json",
            "id": 1
        },
        {
            "time_step": 2,
            "original_data_path": "/content/drive/Othercomputers/\ub0b4 \ub178\ud2b8\ubd81/Forked_Models/Validation/Validation/_\ub77c\ubca8_General_val_C/district/3. \ud6c4\ubc29 \ubc29\ud5a5 \uc774\ubbf8\uc9c0/[district]day_683C/[district]day_683C_375.json",
            "id": 1
        },
        {
            "time_step": 3,
            "original_data_path": "/content/drive/Othercomputers/\ub0b4 \ub178\ud2b8\ubd81/Forked_Models/Validation/Validation/_\ub77c\ubca8_General_val_C/district/3. \ud6c4\ubc29 \ubc29\ud5a5 \uc774\ubbf8\uc9c0/[district]day_683C/[district]day_683C_380.json",
            "id": 1
        }
    ],
    "label": 2
}