{
    "data": [
        [
            0.3625,
            0.44537037037037036,
            -0.021874999999999978,
            -0.0537037037037037,
            0.021354166666666674,
            0.02777777777777779,
            0.015625,
            0.05462962962962964
        ],
        [
            0.3625,
            0.44537037037037036,
            -0.021874999999999978,
            -0.0537037037037037,
            0.021354166666666674,
            0.02777777777777779,
            0.015625,
            0.05462962962962964
        ],
        [
            0.3625,
            0.44537037037037036,
            -0.021874999999999978,
            -0.0537037037037037,
            0.021354166666666674,
            0.02777777777777779,
            0.015625,
            0.05462962962962964
        ]
    ],
    "original_data": [
        {
            "time_step": 1,
            "original_data_path": "/content/drive/Othercomputers/\ub0b4 \ub178\ud2b8\ubd81/Forked_Models/Validation/Validation/_\ub77c\ubca8_General_val_C/district/3. \ud6c4\ubc29 \ubc29\ud5a5 \uc774\ubbf8\uc9c0/[district]leave_1078C/[district]leave_1078C_900.json",
            "id": 4
        },
        {
            "time_step": 2,
            "original_data_path": "/content/drive/Othercomputers/\ub0b4 \ub178\ud2b8\ubd81/Forked_Models/Validation/Validation/_\ub77c\ubca8_General_val_C/district/3. \ud6c4\ubc29 \ubc29\ud5a5 \uc774\ubbf8\uc9c0/[district]leave_1078C/[district]leave_1078C_905.json",
            "id": 4
        },
        {
            "time_step": 3,
            "original_data_path": "/content/drive/Othercomputers/\ub0b4 \ub178\ud2b8\ubd81/Forked_Models/Validation/Validation/_\ub77c\ubca8_General_val_C/district/3. \ud6c4\ubc29 \ubc29\ud5a5 \uc774\ubbf8\uc9c0/[district]leave_1078C/[district]leave_1078C_910.json",
            "id": 4
        }
    ],
    "label": 2
}