{
    "data": [
        [
            0.6234375,
            0.2796296296296296,
            -0.0005208333333333037,
            -0.02685185185185185,
            -0.021354166666666674,
            0.011111111111111127,
            0.026562500000000044,
            0.01944444444444443
        ],
        [
            0.625,
            0.28055555555555556,
            -0.0005208333333333037,
            -0.02685185185185185,
            -0.022916666666666696,
            0.010185185185185186,
            0.025000000000000022,
            0.01851851851851849
        ],
        [
            0.6260416666666667,
            0.28055555555555556,
            -0.0005208333333334147,
            -0.025000000000000022,
            -0.0234375,
            0.010185185185185186,
            0.025520833333333326,
            0.01851851851851849
        ]
    ],
    "original_data": [
        {
            "time_step": 1,
            "original_data_path": "/content/drive/Othercomputers/\ub0b4 \ub178\ud2b8\ubd81/Forked_Models/Validation/Validation/_\ub77c\ubca8_General_val_C/district/3. \ud6c4\ubc29 \ubc29\ud5a5 \uc774\ubbf8\uc9c0/[district]day_420C/[district]day_420C_235.json",
            "id": 2
        },
        {
            "time_step": 2,
            "original_data_path": "/content/drive/Othercomputers/\ub0b4 \ub178\ud2b8\ubd81/Forked_Models/Validation/Validation/_\ub77c\ubca8_General_val_C/district/3. \ud6c4\ubc29 \ubc29\ud5a5 \uc774\ubbf8\uc9c0/[district]day_420C/[district]day_420C_240.json",
            "id": 2
        },
        {
            "time_step": 3,
            "original_data_path": "/content/drive/Othercomputers/\ub0b4 \ub178\ud2b8\ubd81/Forked_Models/Validation/Validation/_\ub77c\ubca8_General_val_C/district/3. \ud6c4\ubc29 \ubc29\ud5a5 \uc774\ubbf8\uc9c0/[district]day_420C/[district]day_420C_245.json",
            "id": 2
        }
    ],
    "label": 2
}