{
    "data": [
        [
            0.5046875,
            0.06851851851851852,
            0.0005208333333334147,
            -0.018518518518518517,
            -0.027083333333333293,
            0.010185185185185186,
            0.013541666666666674,
            0.015740740740740736
        ],
        [
            0.5052083333333334,
            0.06574074074074074,
            0.004166666666666652,
            -0.015740740740740736,
            -0.027604166666666707,
            0.012962962962962968,
            0.01302083333333326,
            0.018518518518518517
        ],
        [
            0.5052083333333334,
            0.06574074074074074,
            0.004166666666666652,
            -0.015740740740740736,
            -0.022395833333333393,
            0.010185185185185186,
            0.016145833333333304,
            0.02685185185185185
        ]
    ],
    "original_data": [
        {
            "time_step": 1,
            "original_data_path": "/content/drive/Othercomputers/\ub0b4 \ub178\ud2b8\ubd81/Forked_Models/Validation/Validation/_\ub77c\ubca8_General_val_C/district/3. \ud6c4\ubc29 \ubc29\ud5a5 \uc774\ubbf8\uc9c0/[district]leave_075C/[district]leave_075C_220.json",
            "id": 0
        },
        {
            "time_step": 2,
            "original_data_path": "/content/drive/Othercomputers/\ub0b4 \ub178\ud2b8\ubd81/Forked_Models/Validation/Validation/_\ub77c\ubca8_General_val_C/district/3. \ud6c4\ubc29 \ubc29\ud5a5 \uc774\ubbf8\uc9c0/[district]leave_075C/[district]leave_075C_222.json",
            "id": 0
        },
        {
            "time_step": 3,
            "original_data_path": "/content/drive/Othercomputers/\ub0b4 \ub178\ud2b8\ubd81/Forked_Models/Validation/Validation/_\ub77c\ubca8_General_val_C/district/3. \ud6c4\ubc29 \ubc29\ud5a5 \uc774\ubbf8\uc9c0/[district]leave_075C/[district]leave_075C_224.json",
            "id": 0
        }
    ],
    "label": 2
}