{
    "data": [
        [
            0.6510416666666666,
            0.48518518518518516,
            -0.0010416666666666075,
            -0.04722222222222222,
            -0.02864583333333326,
            -0.007407407407407363,
            0.029166666666666674,
            0.003703703703703709
        ],
        [
            0.6458333333333334,
            0.48703703703703705,
            0.004166666666666652,
            -0.0490740740740741,
            -0.0234375,
            -0.009259259259259245,
            0.03437499999999993,
            0.0018518518518518268
        ],
        [
            0.6463541666666667,
            0.4861111111111111,
            -0.0010416666666667185,
            -0.036111111111111094,
            -0.023958333333333304,
            -0.008333333333333304,
            0.03385416666666663,
            0.002777777777777768
        ]
    ],
    "original_data": [
        {
            "time_step": 1,
            "original_data_path": "/content/drive/Othercomputers/\ub0b4 \ub178\ud2b8\ubd81/Forked_Models/Validation/Validation/_\ub77c\ubca8_General_val_C/district/3. \ud6c4\ubc29 \ubc29\ud5a5 \uc774\ubbf8\uc9c0/[district]leave_438C/[district]leave_438C_440.json",
            "id": 2
        },
        {
            "time_step": 2,
            "original_data_path": "/content/drive/Othercomputers/\ub0b4 \ub178\ud2b8\ubd81/Forked_Models/Validation/Validation/_\ub77c\ubca8_General_val_C/district/3. \ud6c4\ubc29 \ubc29\ud5a5 \uc774\ubbf8\uc9c0/[district]leave_438C/[district]leave_438C_445.json",
            "id": 2
        },
        {
            "time_step": 3,
            "original_data_path": "/content/drive/Othercomputers/\ub0b4 \ub178\ud2b8\ubd81/Forked_Models/Validation/Validation/_\ub77c\ubca8_General_val_C/district/3. \ud6c4\ubc29 \ubc29\ud5a5 \uc774\ubbf8\uc9c0/[district]leave_438C/[district]leave_438C_450.json",
            "id": 2
        }
    ],
    "label": 2
}