{
    "data": [
        [
            0.6296875,
            0.11851851851851852,
            0.0,
            -0.0212962962962963,
            -0.013541666666666674,
            0.022222222222222227,
            0.020312500000000067,
            0.021296296296296285
        ],
        [
            0.6276041666666666,
            0.1175925925925926,
            0.0,
            -0.016666666666666663,
            -0.011458333333333348,
            0.023148148148148154,
            0.019270833333333348,
            0.027777777777777776
        ],
        [
            0.6307291666666667,
            0.11574074074074074,
            -0.0015625000000000222,
            -0.022222222222222227,
            -0.014583333333333393,
            0.02500000000000001,
            0.019270833333333348,
            0.024074074074074067
        ]
    ],
    "original_data": [
        {
            "time_step": 1,
            "original_data_path": "/content/drive/Othercomputers/\ub0b4 \ub178\ud2b8\ubd81/Forked_Models/Validation/Validation/_\ub77c\ubca8_General_val_C/district/3. \ud6c4\ubc29 \ubc29\ud5a5 \uc774\ubbf8\uc9c0/[district]attend_057C/[district]attend_057C_32.json",
            "id": 0
        },
        {
            "time_step": 2,
            "original_data_path": "/content/drive/Othercomputers/\ub0b4 \ub178\ud2b8\ubd81/Forked_Models/Validation/Validation/_\ub77c\ubca8_General_val_C/district/3. \ud6c4\ubc29 \ubc29\ud5a5 \uc774\ubbf8\uc9c0/[district]attend_057C/[district]attend_057C_34.json",
            "id": 0
        },
        {
            "time_step": 3,
            "original_data_path": "/content/drive/Othercomputers/\ub0b4 \ub178\ud2b8\ubd81/Forked_Models/Validation/Validation/_\ub77c\ubca8_General_val_C/district/3. \ud6c4\ubc29 \ubc29\ud5a5 \uc774\ubbf8\uc9c0/[district]attend_057C/[district]attend_057C_36.json",
            "id": 0
        }
    ],
    "label": 2
}