{
    "data": [
        [
            0.6375,
            0.2972222222222222,
            -0.0067708333333332815,
            -0.028703703703703676,
            -0.027604166666666652,
            -0.006481481481481477,
            0.019270833333333348,
            0.005555555555555536
        ],
        [
            0.6375,
            0.2972222222222222,
            -0.0015624999999999112,
            -0.028703703703703676,
            -0.027604166666666652,
            -0.006481481481481477,
            0.019270833333333348,
            0.005555555555555536
        ],
        [
            0.6375,
            0.2972222222222222,
            0.004687500000000067,
            -0.0314814814814815,
            -0.027604166666666652,
            -0.006481481481481477,
            0.019270833333333348,
            0.005555555555555536
        ]
    ],
    "original_data": [
        {
            "time_step": 1,
            "original_data_path": "/content/drive/Othercomputers/\ub0b4 \ub178\ud2b8\ubd81/Forked_Models/Validation/Validation/_\ub77c\ubca8_General_val_C/district/3. \ud6c4\ubc29 \ubc29\ud5a5 \uc774\ubbf8\uc9c0/[district]leave_438C/[district]leave_438C_360.json",
            "id": 1
        },
        {
            "time_step": 2,
            "original_data_path": "/content/drive/Othercomputers/\ub0b4 \ub178\ud2b8\ubd81/Forked_Models/Validation/Validation/_\ub77c\ubca8_General_val_C/district/3. \ud6c4\ubc29 \ubc29\ud5a5 \uc774\ubbf8\uc9c0/[district]leave_438C/[district]leave_438C_365.json",
            "id": 1
        },
        {
            "time_step": 3,
            "original_data_path": "/content/drive/Othercomputers/\ub0b4 \ub178\ud2b8\ubd81/Forked_Models/Validation/Validation/_\ub77c\ubca8_General_val_C/district/3. \ud6c4\ubc29 \ubc29\ud5a5 \uc774\ubbf8\uc9c0/[district]leave_438C/[district]leave_438C_370.json",
            "id": 1
        }
    ],
    "label": 2
}