{
    "data": [
        [
            0.6822916666666666,
            0.6472222222222223,
            0.009375000000000022,
            -0.03888888888888897,
            -0.043749999999999956,
            -0.0064814814814815325,
            0.0234375,
            0.002777777777777768
        ],
        [
            0.6838541666666667,
            0.6601851851851852,
            0.008333333333333304,
            -0.02777777777777779,
            -0.04427083333333337,
            -0.011111111111111183,
            0.027083333333333348,
            -0.0009259259259259967
        ],
        [
            0.6802083333333333,
            0.687037037037037,
            0.013541666666666674,
            -0.022222222222222143,
            -0.04166666666666663,
            -0.01851851851851849,
            0.03541666666666665,
            -0.008333333333333304
        ]
    ],
    "original_data": [
        {
            "time_step": 1,
            "original_data_path": "/content/drive/Othercomputers/\ub0b4 \ub178\ud2b8\ubd81/Forked_Models/Validation/Validation/_\ub77c\ubca8_General_val_C/district/3. \ud6c4\ubc29 \ubc29\ud5a5 \uc774\ubbf8\uc9c0/[district]day_420C/[district]day_420C_500.json",
            "id": 6
        },
        {
            "time_step": 2,
            "original_data_path": "/content/drive/Othercomputers/\ub0b4 \ub178\ud2b8\ubd81/Forked_Models/Validation/Validation/_\ub77c\ubca8_General_val_C/district/3. \ud6c4\ubc29 \ubc29\ud5a5 \uc774\ubbf8\uc9c0/[district]day_420C/[district]day_420C_505.json",
            "id": 6
        },
        {
            "time_step": 3,
            "original_data_path": "/content/drive/Othercomputers/\ub0b4 \ub178\ud2b8\ubd81/Forked_Models/Validation/Validation/_\ub77c\ubca8_General_val_C/district/3. \ud6c4\ubc29 \ubc29\ud5a5 \uc774\ubbf8\uc9c0/[district]day_420C/[district]day_420C_510.json",
            "id": 6
        }
    ],
    "label": 2
}