{
    "data": [
        [
            0.3984375,
            0.27870370370370373,
            0.001041666666666663,
            -0.017592592592592604,
            -0.029166666666666674,
            0.025925925925925908,
            0.019791666666666652,
            0.03518518518518515
        ],
        [
            0.3927083333333333,
            0.28425925925925927,
            0.006250000000000033,
            -0.022222222222222254,
            -0.0234375,
            0.017592592592592604,
            0.027604166666666652,
            0.037037037037037035
        ],
        [
            0.39375,
            0.2833333333333333,
            0.002604166666666685,
            -0.028703703703703676,
            -0.024479166666666663,
            0.021296296296296313,
            0.024479166666666663,
            0.030555555555555558
        ]
    ],
    "original_data": [
        {
            "time_step": 1,
            "original_data_path": "/content/drive/Othercomputers/\ub0b4 \ub178\ud2b8\ubd81/Forked_Models/Validation/Validation/_\ub77c\ubca8_General_val_C/district/3. \ud6c4\ubc29 \ubc29\ud5a5 \uc774\ubbf8\uc9c0/[district]leave_075C/[district]leave_075C_60.json",
            "id": 1
        },
        {
            "time_step": 2,
            "original_data_path": "/content/drive/Othercomputers/\ub0b4 \ub178\ud2b8\ubd81/Forked_Models/Validation/Validation/_\ub77c\ubca8_General_val_C/district/3. \ud6c4\ubc29 \ubc29\ud5a5 \uc774\ubbf8\uc9c0/[district]leave_075C/[district]leave_075C_62.json",
            "id": 1
        },
        {
            "time_step": 3,
            "original_data_path": "/content/drive/Othercomputers/\ub0b4 \ub178\ud2b8\ubd81/Forked_Models/Validation/Validation/_\ub77c\ubca8_General_val_C/district/3. \ud6c4\ubc29 \ubc29\ud5a5 \uc774\ubbf8\uc9c0/[district]leave_075C/[district]leave_075C_64.json",
            "id": 1
        }
    ],
    "label": 2
}