{
    "data": [
        [
            0.8052083333333333,
            0.3861111111111111,
            0.002083333333333326,
            -0.02777777777777779,
            -0.03489583333333335,
            0.006481481481481477,
            0.03385416666666674,
            0.027777777777777735
        ],
        [
            0.80625,
            0.3907407407407407,
            0.0005208333333333037,
            -0.028703703703703676,
            -0.03802083333333339,
            0.005555555555555591,
            0.029166666666666674,
            0.025925925925925963
        ],
        [
            0.8041666666666667,
            0.38796296296296295,
            0.0,
            -0.030555555555555558,
            -0.03489583333333335,
            0.006481481481481477,
            0.03281250000000002,
            0.02870370370370373
        ]
    ],
    "original_data": [
        {
            "time_step": 1,
            "original_data_path": "/content/drive/Othercomputers/\ub0b4 \ub178\ud2b8\ubd81/Forked_Models/Validation/Validation/_\ub77c\ubca8_General_val_C/district/3. \ud6c4\ubc29 \ubc29\ud5a5 \uc774\ubbf8\uc9c0/[district]day_950C/[district]day_950C_480.json",
            "id": 2
        },
        {
            "time_step": 2,
            "original_data_path": "/content/drive/Othercomputers/\ub0b4 \ub178\ud2b8\ubd81/Forked_Models/Validation/Validation/_\ub77c\ubca8_General_val_C/district/3. \ud6c4\ubc29 \ubc29\ud5a5 \uc774\ubbf8\uc9c0/[district]day_950C/[district]day_950C_485.json",
            "id": 2
        },
        {
            "time_step": 3,
            "original_data_path": "/content/drive/Othercomputers/\ub0b4 \ub178\ud2b8\ubd81/Forked_Models/Validation/Validation/_\ub77c\ubca8_General_val_C/district/3. \ud6c4\ubc29 \ubc29\ud5a5 \uc774\ubbf8\uc9c0/[district]day_950C/[district]day_950C_490.json",
            "id": 2
        }
    ],
    "label": 2
}