{
    "data": [
        [
            0.41041666666666665,
            0.25092592592592594,
            0.002083333333333326,
            -0.03888888888888892,
            -0.022395833333333337,
            0.0009259259259258856,
            0.02812500000000001,
            0.012962962962962954
        ],
        [
            0.41041666666666665,
            0.25092592592592594,
            0.005729166666666674,
            -0.03981481481481483,
            -0.022395833333333337,
            0.0009259259259258856,
            0.02812500000000001,
            0.012962962962962954
        ],
        [
            0.41041666666666665,
            0.25092592592592594,
            0.0078125,
            -0.040740740740740744,
            -0.022395833333333337,
            0.0009259259259258856,
            0.02812500000000001,
            0.012962962962962954
        ]
    ],
    "original_data": [
        {
            "time_step": 1,
            "original_data_path": "/content/drive/Othercomputers/\ub0b4 \ub178\ud2b8\ubd81/Forked_Models/Validation/Validation/_\ub77c\ubca8_General_val_C/district/3. \ud6c4\ubc29 \ubc29\ud5a5 \uc774\ubbf8\uc9c0/[district]leave_598C/[district]leave_598C_75.json",
            "id": 0
        },
        {
            "time_step": 2,
            "original_data_path": "/content/drive/Othercomputers/\ub0b4 \ub178\ud2b8\ubd81/Forked_Models/Validation/Validation/_\ub77c\ubca8_General_val_C/district/3. \ud6c4\ubc29 \ubc29\ud5a5 \uc774\ubbf8\uc9c0/[district]leave_598C/[district]leave_598C_80.json",
            "id": 0
        },
        {
            "time_step": 3,
            "original_data_path": "/content/drive/Othercomputers/\ub0b4 \ub178\ud2b8\ubd81/Forked_Models/Validation/Validation/_\ub77c\ubca8_General_val_C/district/3. \ud6c4\ubc29 \ubc29\ud5a5 \uc774\ubbf8\uc9c0/[district]leave_598C/[district]leave_598C_85.json",
            "id": 0
        }
    ],
    "label": 2
}