{
    "data": [
        [
            0.7255208333333333,
            0.2037037037037037,
            -0.004687499999999956,
            -0.049074074074074076,
            -0.03125,
            0.014814814814814836,
            0.03541666666666676,
            0.026851851851851877
        ],
        [
            0.7260416666666667,
            0.20462962962962963,
            -0.007291666666666696,
            -0.04444444444444445,
            -0.031770833333333415,
            0.013888888888888895,
            0.03489583333333335,
            0.025925925925925936
        ],
        [
            0.7244791666666667,
            0.2037037037037037,
            -0.0067708333333333925,
            -0.05185185185185184,
            -0.030208333333333393,
            0.018518518518518517,
            0.034375000000000044,
            0.025000000000000022
        ]
    ],
    "original_data": [
        {
            "time_step": 1,
            "original_data_path": "/content/drive/Othercomputers/\ub0b4 \ub178\ud2b8\ubd81/Forked_Models/Validation/Validation/_\ub77c\ubca8_General_val_C/district/3. \ud6c4\ubc29 \ubc29\ud5a5 \uc774\ubbf8\uc9c0/[district]day_025C/[district]day_025C_230.json",
            "id": 0
        },
        {
            "time_step": 2,
            "original_data_path": "/content/drive/Othercomputers/\ub0b4 \ub178\ud2b8\ubd81/Forked_Models/Validation/Validation/_\ub77c\ubca8_General_val_C/district/3. \ud6c4\ubc29 \ubc29\ud5a5 \uc774\ubbf8\uc9c0/[district]day_025C/[district]day_025C_232.json",
            "id": 0
        },
        {
            "time_step": 3,
            "original_data_path": "/content/drive/Othercomputers/\ub0b4 \ub178\ud2b8\ubd81/Forked_Models/Validation/Validation/_\ub77c\ubca8_General_val_C/district/3. \ud6c4\ubc29 \ubc29\ud5a5 \uc774\ubbf8\uc9c0/[district]day_025C/[district]day_025C_234.json",
            "id": 0
        }
    ],
    "label": 2
}