{
    "data": [
        [
            0.8114583333333333,
            0.19444444444444445,
            0.002083333333333437,
            -0.037962962962962976,
            -0.03645833333333326,
            0.028703703703703703,
            0.031770833333333415,
            0.037037037037037035
        ],
        [
            0.8135416666666667,
            0.1935185185185185,
            0.0015624999999999112,
            -0.03796296296296295,
            -0.036979166666666674,
            0.028703703703703703,
            0.03125,
            0.03703703703703706
        ],
        [
            0.8135416666666667,
            0.19444444444444445,
            0.0015624999999999112,
            -0.037962962962962976,
            -0.036979166666666674,
            0.028703703703703703,
            0.03125,
            0.037037037037037035
        ]
    ],
    "original_data": [
        {
            "time_step": 1,
            "original_data_path": "/content/drive/Othercomputers/\ub0b4 \ub178\ud2b8\ubd81/Forked_Models/Validation/Validation/_\ub77c\ubca8_General_val_C/district/3. \ud6c4\ubc29 \ubc29\ud5a5 \uc774\ubbf8\uc9c0/[district]leave_007C/[district]leave_007C_40.json",
            "id": 2
        },
        {
            "time_step": 2,
            "original_data_path": "/content/drive/Othercomputers/\ub0b4 \ub178\ud2b8\ubd81/Forked_Models/Validation/Validation/_\ub77c\ubca8_General_val_C/district/3. \ud6c4\ubc29 \ubc29\ud5a5 \uc774\ubbf8\uc9c0/[district]leave_007C/[district]leave_007C_42.json",
            "id": 2
        },
        {
            "time_step": 3,
            "original_data_path": "/content/drive/Othercomputers/\ub0b4 \ub178\ud2b8\ubd81/Forked_Models/Validation/Validation/_\ub77c\ubca8_General_val_C/district/3. \ud6c4\ubc29 \ubc29\ud5a5 \uc774\ubbf8\uc9c0/[district]leave_007C/[district]leave_007C_44.json",
            "id": 2
        }
    ],
    "label": 2
}