{
    "data": [
        [
            0.41875,
            0.275,
            0.0015624999999999667,
            -0.03981481481481483,
            -0.026041666666666685,
            0.01481481481481478,
            0.02031250000000001,
            0.0222222222222222
        ],
        [
            0.41875,
            0.275,
            0.0015624999999999667,
            -0.03981481481481483,
            -0.026041666666666685,
            0.012962962962962954,
            0.020833333333333315,
            0.0222222222222222
        ],
        [
            0.41875,
            0.275,
            0.0015624999999999667,
            -0.03981481481481483,
            -0.02656249999999999,
            0.012037037037037013,
            0.02031250000000001,
            0.020370370370370372
        ]
    ],
    "original_data": [
        {
            "time_step": 1,
            "original_data_path": "/content/drive/Othercomputers/\ub0b4 \ub178\ud2b8\ubd81/Forked_Models/Validation/Validation/_\ub77c\ubca8_General_val_C/district/3. \ud6c4\ubc29 \ubc29\ud5a5 \uc774\ubbf8\uc9c0/[district]leave_485C/[district]leave_485C_190.json",
            "id": 0
        },
        {
            "time_step": 2,
            "original_data_path": "/content/drive/Othercomputers/\ub0b4 \ub178\ud2b8\ubd81/Forked_Models/Validation/Validation/_\ub77c\ubca8_General_val_C/district/3. \ud6c4\ubc29 \ubc29\ud5a5 \uc774\ubbf8\uc9c0/[district]leave_485C/[district]leave_485C_195.json",
            "id": 0
        },
        {
            "time_step": 3,
            "original_data_path": "/content/drive/Othercomputers/\ub0b4 \ub178\ud2b8\ubd81/Forked_Models/Validation/Validation/_\ub77c\ubca8_General_val_C/district/3. \ud6c4\ubc29 \ubc29\ud5a5 \uc774\ubbf8\uc9c0/[district]leave_485C/[district]leave_485C_200.json",
            "id": 0
        }
    ],
    "label": 2
}