{
    "data": [
        [
            0.5661458333333333,
            0.21203703703703702,
            0.004166666666666652,
            -0.033333333333333326,
            -0.030208333333333393,
            0.007407407407407418,
            0.027083333333333348,
            0.014814814814814836
        ],
        [
            0.5630208333333333,
            0.21388888888888888,
            -0.0067708333333332815,
            -0.030555555555555558,
            -0.024479166666666607,
            0.009259259259259273,
            0.030208333333333393,
            0.014814814814814836
        ],
        [
            0.5666666666666667,
            0.2111111111111111,
            0.0,
            -0.03240740740740741,
            -0.030729166666666696,
            0.008333333333333331,
            0.026562500000000044,
            0.01574074074074075
        ]
    ],
    "original_data": [
        {
            "time_step": 1,
            "original_data_path": "/content/drive/Othercomputers/\ub0b4 \ub178\ud2b8\ubd81/Forked_Models/Validation/Validation/_\ub77c\ubca8_General_val_C/district/3. \ud6c4\ubc29 \ubc29\ud5a5 \uc774\ubbf8\uc9c0/[district]attend_013C/[district]attend_013C_70.json",
            "id": 1
        },
        {
            "time_step": 2,
            "original_data_path": "/content/drive/Othercomputers/\ub0b4 \ub178\ud2b8\ubd81/Forked_Models/Validation/Validation/_\ub77c\ubca8_General_val_C/district/3. \ud6c4\ubc29 \ubc29\ud5a5 \uc774\ubbf8\uc9c0/[district]attend_013C/[district]attend_013C_72.json",
            "id": 1
        },
        {
            "time_step": 3,
            "original_data_path": "/content/drive/Othercomputers/\ub0b4 \ub178\ud2b8\ubd81/Forked_Models/Validation/Validation/_\ub77c\ubca8_General_val_C/district/3. \ud6c4\ubc29 \ubc29\ud5a5 \uc774\ubbf8\uc9c0/[district]attend_013C/[district]attend_013C_74.json",
            "id": 1
        }
    ],
    "label": 2
}