{
    "data": [
        [
            0.6453125,
            0.28055555555555556,
            0.003645833333333348,
            -0.0222222222222222,
            -0.03125,
            0.002777777777777768,
            0.016145833333333415,
            0.01944444444444443
        ],
        [
            0.6453125,
            0.28055555555555556,
            0.003645833333333348,
            -0.0222222222222222,
            -0.03125,
            0.002777777777777768,
            0.016145833333333415,
            0.01944444444444443
        ],
        [
            0.6453125,
            0.28055555555555556,
            0.003645833333333348,
            -0.0222222222222222,
            -0.03125,
            0.002777777777777768,
            0.016145833333333415,
            0.01944444444444443
        ]
    ],
    "original_data": [
        {
            "time_step": 1,
            "original_data_path": "/content/drive/Othercomputers/\ub0b4 \ub178\ud2b8\ubd81/Forked_Models/Validation/Validation/_\ub77c\ubca8_General_val_C/district/3. \ud6c4\ubc29 \ubc29\ud5a5 \uc774\ubbf8\uc9c0/[district]day_708C/[district]day_708C_320.json",
            "id": 2
        },
        {
            "time_step": 2,
            "original_data_path": "/content/drive/Othercomputers/\ub0b4 \ub178\ud2b8\ubd81/Forked_Models/Validation/Validation/_\ub77c\ubca8_General_val_C/district/3. \ud6c4\ubc29 \ubc29\ud5a5 \uc774\ubbf8\uc9c0/[district]day_708C/[district]day_708C_325.json",
            "id": 2
        },
        {
            "time_step": 3,
            "original_data_path": "/content/drive/Othercomputers/\ub0b4 \ub178\ud2b8\ubd81/Forked_Models/Validation/Validation/_\ub77c\ubca8_General_val_C/district/3. \ud6c4\ubc29 \ubc29\ud5a5 \uc774\ubbf8\uc9c0/[district]day_708C/[district]day_708C_330.json",
            "id": 2
        }
    ],
    "label": 2
}