{
    "data": [
        [
            0.6286458333333333,
            0.2851851851851852,
            -0.0005208333333333037,
            -0.02407407407407408,
            -0.026562500000000044,
            0.004629629629629595,
            0.02083333333333337,
            0.012962962962962954
        ],
        [
            0.6286458333333333,
            0.2851851851851852,
            0.0015625000000000222,
            -0.02870370370370373,
            -0.026562500000000044,
            0.004629629629629595,
            0.02083333333333337,
            0.012962962962962954
        ],
        [
            0.6260416666666667,
            0.2833333333333333,
            0.0,
            -0.0314814814814815,
            -0.023958333333333415,
            0.006481481481481477,
            0.0234375,
            0.014814814814814836
        ]
    ],
    "original_data": [
        {
            "time_step": 1,
            "original_data_path": "/content/drive/Othercomputers/\ub0b4 \ub178\ud2b8\ubd81/Forked_Models/Validation/Validation/_\ub77c\ubca8_General_val_C/district/3. \ud6c4\ubc29 \ubc29\ud5a5 \uc774\ubbf8\uc9c0/[district]day_420C/[district]day_420C_405.json",
            "id": 2
        },
        {
            "time_step": 2,
            "original_data_path": "/content/drive/Othercomputers/\ub0b4 \ub178\ud2b8\ubd81/Forked_Models/Validation/Validation/_\ub77c\ubca8_General_val_C/district/3. \ud6c4\ubc29 \ubc29\ud5a5 \uc774\ubbf8\uc9c0/[district]day_420C/[district]day_420C_410.json",
            "id": 2
        },
        {
            "time_step": 3,
            "original_data_path": "/content/drive/Othercomputers/\ub0b4 \ub178\ud2b8\ubd81/Forked_Models/Validation/Validation/_\ub77c\ubca8_General_val_C/district/3. \ud6c4\ubc29 \ubc29\ud5a5 \uc774\ubbf8\uc9c0/[district]day_420C/[district]day_420C_415.json",
            "id": 2
        }
    ],
    "label": 2
}