{
    "data": [
        [
            0.5494791666666666,
            0.2712962962962963,
            -0.0031249999999999334,
            -0.040740740740740744,
            -0.02083333333333326,
            0.012037037037037013,
            0.033333333333333326,
            0.01481481481481478
        ],
        [
            0.5489583333333333,
            0.2657407407407407,
            -0.003645833333333348,
            -0.04166666666666666,
            -0.020312499999999956,
            0.017592592592592604,
            0.030729166666666696,
            0.017592592592592604
        ],
        [
            0.5489583333333333,
            0.2657407407407407,
            -0.003645833333333348,
            -0.04166666666666666,
            -0.020312499999999956,
            0.017592592592592604,
            0.030729166666666696,
            0.017592592592592604
        ]
    ],
    "original_data": [
        {
            "time_step": 1,
            "original_data_path": "/content/drive/Othercomputers/\ub0b4 \ub178\ud2b8\ubd81/Forked_Models/Validation/Validation/_\ub77c\ubca8_General_val_C/district/3. \ud6c4\ubc29 \ubc29\ud5a5 \uc774\ubbf8\uc9c0/[district]day_683C/[district]day_683C_145.json",
            "id": 3
        },
        {
            "time_step": 2,
            "original_data_path": "/content/drive/Othercomputers/\ub0b4 \ub178\ud2b8\ubd81/Forked_Models/Validation/Validation/_\ub77c\ubca8_General_val_C/district/3. \ud6c4\ubc29 \ubc29\ud5a5 \uc774\ubbf8\uc9c0/[district]day_683C/[district]day_683C_150.json",
            "id": 3
        },
        {
            "time_step": 3,
            "original_data_path": "/content/drive/Othercomputers/\ub0b4 \ub178\ud2b8\ubd81/Forked_Models/Validation/Validation/_\ub77c\ubca8_General_val_C/district/3. \ud6c4\ubc29 \ubc29\ud5a5 \uc774\ubbf8\uc9c0/[district]day_683C/[district]day_683C_155.json",
            "id": 3
        }
    ],
    "label": 2
}