{
    "data": [
        [
            0.7890625,
            0.8148148148148148,
            0.013541666666666674,
            -0.026851851851851793,
            -0.05312499999999998,
            0.02592592592592602,
            0.04583333333333328,
            0.015740740740740833
        ],
        [
            0.7942708333333334,
            0.8203703703703704,
            0.008333333333333304,
            -0.03240740740740744,
            -0.05833333333333335,
            0.020370370370370372,
            0.04062499999999991,
            0.010185185185185186
        ],
        [
            0.7947916666666667,
            0.8203703703703704,
            0.005729166666666674,
            -0.03518518518518521,
            -0.05729166666666663,
            0.020370370370370372,
            0.04010416666666661,
            0.010185185185185186
        ]
    ],
    "original_data": [
        {
            "time_step": 1,
            "original_data_path": "/content/drive/Othercomputers/\ub0b4 \ub178\ud2b8\ubd81/Forked_Models/Validation/Validation/_\ub77c\ubca8_General_val_C/district/3. \ud6c4\ubc29 \ubc29\ud5a5 \uc774\ubbf8\uc9c0/[district]leave_075C/[district]leave_075C_250.json",
            "id": 4
        },
        {
            "time_step": 2,
            "original_data_path": "/content/drive/Othercomputers/\ub0b4 \ub178\ud2b8\ubd81/Forked_Models/Validation/Validation/_\ub77c\ubca8_General_val_C/district/3. \ud6c4\ubc29 \ubc29\ud5a5 \uc774\ubbf8\uc9c0/[district]leave_075C/[district]leave_075C_252.json",
            "id": 4
        },
        {
            "time_step": 3,
            "original_data_path": "/content/drive/Othercomputers/\ub0b4 \ub178\ud2b8\ubd81/Forked_Models/Validation/Validation/_\ub77c\ubca8_General_val_C/district/3. \ud6c4\ubc29 \ubc29\ud5a5 \uc774\ubbf8\uc9c0/[district]leave_075C/[district]leave_075C_254.json",
            "id": 4
        }
    ],
    "label": 2
}