{
    "data": [
        [
            0.4421875,
            0.6601851851851852,
            -0.02395833333333336,
            -0.037962962962962976,
            0.0234375,
            -0.06944444444444442,
            0.04999999999999999,
            0.13703703703703707
        ],
        [
            0.4421875,
            0.6601851851851852,
            -0.02395833333333336,
            -0.04907407407407405,
            0.0234375,
            -0.06944444444444442,
            0.04999999999999999,
            0.13703703703703707
        ],
        [
            0.4421875,
            0.6601851851851852,
            -0.025000000000000022,
            -0.04444444444444451,
            0.0234375,
            -0.06944444444444442,
            0.052604166666666674,
            0.12129629629629624
        ]
    ],
    "original_data": [
        {
            "time_step": 1,
            "original_data_path": "/content/drive/Othercomputers/\ub0b4 \ub178\ud2b8\ubd81/Forked_Models/Validation/Validation/_\ub77c\ubca8_General_val_C/district/3. \ud6c4\ubc29 \ubc29\ud5a5 \uc774\ubbf8\uc9c0/[district]morning_649C/[district]morning_649C_460.json",
            "id": 4
        },
        {
            "time_step": 2,
            "original_data_path": "/content/drive/Othercomputers/\ub0b4 \ub178\ud2b8\ubd81/Forked_Models/Validation/Validation/_\ub77c\ubca8_General_val_C/district/3. \ud6c4\ubc29 \ubc29\ud5a5 \uc774\ubbf8\uc9c0/[district]morning_649C/[district]morning_649C_465.json",
            "id": 4
        },
        {
            "time_step": 3,
            "original_data_path": "/content/drive/Othercomputers/\ub0b4 \ub178\ud2b8\ubd81/Forked_Models/Validation/Validation/_\ub77c\ubca8_General_val_C/district/3. \ud6c4\ubc29 \ubc29\ud5a5 \uc774\ubbf8\uc9c0/[district]morning_649C/[district]morning_649C_470.json",
            "id": 4
        }
    ],
    "label": 2
}