{
    "data": [
        [
            0.6583333333333333,
            0.23425925925925925,
            -0.009375000000000022,
            -0.03425925925925924,
            -0.02864583333333337,
            0.03796296296296295,
            0.023958333333333304,
            0.024999999999999994
        ],
        [
            0.6567708333333333,
            0.25277777777777777,
            -0.009895833333333326,
            -0.029629629629629617,
            0.008333333333333415,
            0.014814814814814836,
            0.017187500000000022,
            0.033333333333333326
        ],
        [
            0.6276041666666666,
            0.2675925925925926,
            -0.012499999999999956,
            -0.03981481481481483,
            0.0078125,
            0.012962962962962954,
            0.0031250000000000444,
            0.06851851851851853
        ]
    ],
    "original_data": [
        {
            "time_step": 1,
            "original_data_path": "/content/drive/Othercomputers/\ub0b4 \ub178\ud2b8\ubd81/Forked_Models/Validation/Validation/_\ub77c\ubca8_General_val_C/district/3. \ud6c4\ubc29 \ubc29\ud5a5 \uc774\ubbf8\uc9c0/[district]attend_1048C/[district]attend_1048C_575.json",
            "id": 4
        },
        {
            "time_step": 2,
            "original_data_path": "/content/drive/Othercomputers/\ub0b4 \ub178\ud2b8\ubd81/Forked_Models/Validation/Validation/_\ub77c\ubca8_General_val_C/district/3. \ud6c4\ubc29 \ubc29\ud5a5 \uc774\ubbf8\uc9c0/[district]attend_1048C/[district]attend_1048C_580.json",
            "id": 4
        },
        {
            "time_step": 3,
            "original_data_path": "/content/drive/Othercomputers/\ub0b4 \ub178\ud2b8\ubd81/Forked_Models/Validation/Validation/_\ub77c\ubca8_General_val_C/district/3. \ud6c4\ubc29 \ubc29\ud5a5 \uc774\ubbf8\uc9c0/[district]attend_1048C/[district]attend_1048C_585.json",
            "id": 4
        }
    ],
    "label": 2
}