{
    "data": [
        [
            0.8489583333333334,
            0.575,
            0.0067708333333332815,
            -0.02499999999999991,
            -0.039583333333333415,
            -0.00925925925925919,
            0.03229166666666661,
            0.03981481481481486
        ],
        [
            0.8458333333333333,
            0.575,
            0.0078125,
            -0.03240740740740733,
            -0.03645833333333337,
            -0.00925925925925919,
            0.03489583333333335,
            0.03981481481481486
        ],
        [
            0.8473958333333333,
            0.5851851851851851,
            0.007291666666666696,
            -0.03703703703703698,
            -0.03802083333333339,
            -0.019444444444444375,
            0.03385416666666663,
            0.029629629629629672
        ]
    ],
    "original_data": [
        {
            "time_step": 1,
            "original_data_path": "/content/drive/Othercomputers/\ub0b4 \ub178\ud2b8\ubd81/Forked_Models/Validation/Validation/_\ub77c\ubca8_General_val_C/district/3. \ud6c4\ubc29 \ubc29\ud5a5 \uc774\ubbf8\uc9c0/[district]day_950C/[district]day_950C_260.json",
            "id": 3
        },
        {
            "time_step": 2,
            "original_data_path": "/content/drive/Othercomputers/\ub0b4 \ub178\ud2b8\ubd81/Forked_Models/Validation/Validation/_\ub77c\ubca8_General_val_C/district/3. \ud6c4\ubc29 \ubc29\ud5a5 \uc774\ubbf8\uc9c0/[district]day_950C/[district]day_950C_265.json",
            "id": 3
        },
        {
            "time_step": 3,
            "original_data_path": "/content/drive/Othercomputers/\ub0b4 \ub178\ud2b8\ubd81/Forked_Models/Validation/Validation/_\ub77c\ubca8_General_val_C/district/3. \ud6c4\ubc29 \ubc29\ud5a5 \uc774\ubbf8\uc9c0/[district]day_950C/[district]day_950C_270.json",
            "id": 3
        }
    ],
    "label": 2
}