{
    "data": [
        [
            0.6270833333333333,
            0.2777777777777778,
            -0.0005208333333333037,
            -0.02407407407407408,
            -0.021354166666666674,
            0.010185185185185186,
            0.02604166666666663,
            0.021296296296296258
        ],
        [
            0.6270833333333333,
            0.2777777777777778,
            -0.002083333333333326,
            -0.02407407407407408,
            -0.02083333333333337,
            0.012962962962962954,
            0.02604166666666663,
            0.021296296296296258
        ],
        [
            0.6270833333333333,
            0.2777777777777778,
            0.0,
            -0.025000000000000022,
            -0.02083333333333337,
            0.012962962962962954,
            0.02604166666666663,
            0.021296296296296258
        ]
    ],
    "original_data": [
        {
            "time_step": 1,
            "original_data_path": "/content/drive/Othercomputers/\ub0b4 \ub178\ud2b8\ubd81/Forked_Models/Validation/Validation/_\ub77c\ubca8_General_val_C/district/3. \ud6c4\ubc29 \ubc29\ud5a5 \uc774\ubbf8\uc9c0/[district]day_420C/[district]day_420C_105.json",
            "id": 2
        },
        {
            "time_step": 2,
            "original_data_path": "/content/drive/Othercomputers/\ub0b4 \ub178\ud2b8\ubd81/Forked_Models/Validation/Validation/_\ub77c\ubca8_General_val_C/district/3. \ud6c4\ubc29 \ubc29\ud5a5 \uc774\ubbf8\uc9c0/[district]day_420C/[district]day_420C_110.json",
            "id": 2
        },
        {
            "time_step": 3,
            "original_data_path": "/content/drive/Othercomputers/\ub0b4 \ub178\ud2b8\ubd81/Forked_Models/Validation/Validation/_\ub77c\ubca8_General_val_C/district/3. \ud6c4\ubc29 \ubc29\ud5a5 \uc774\ubbf8\uc9c0/[district]day_420C/[district]day_420C_115.json",
            "id": 2
        }
    ],
    "label": 2
}