{
    "data": [
        [
            0.3875,
            0.2851851851851852,
            -0.002604166666666685,
            -0.013888888888888895,
            -0.019791666666666652,
            0.01851851851851849,
            0.0390625,
            0.0222222222222222
        ],
        [
            0.3875,
            0.2851851851851852,
            -0.002604166666666685,
            -0.013888888888888895,
            -0.019791666666666652,
            0.01851851851851849,
            0.0390625,
            0.0222222222222222
        ],
        [
            0.3875,
            0.2851851851851852,
            -0.002604166666666685,
            -0.013888888888888895,
            -0.019791666666666652,
            0.01851851851851849,
            0.0390625,
            0.0222222222222222
        ]
    ],
    "original_data": [
        {
            "time_step": 1,
            "original_data_path": "/content/drive/Othercomputers/\ub0b4 \ub178\ud2b8\ubd81/Forked_Models/Validation/Validation/_\ub77c\ubca8_General_val_C/district/3. \ud6c4\ubc29 \ubc29\ud5a5 \uc774\ubbf8\uc9c0/[district]day_431C/[district]day_431C_78.json",
            "id": 0
        },
        {
            "time_step": 2,
            "original_data_path": "/content/drive/Othercomputers/\ub0b4 \ub178\ud2b8\ubd81/Forked_Models/Validation/Validation/_\ub77c\ubca8_General_val_C/district/3. \ud6c4\ubc29 \ubc29\ud5a5 \uc774\ubbf8\uc9c0/[district]day_431C/[district]day_431C_80.json",
            "id": 0
        },
        {
            "time_step": 3,
            "original_data_path": "/content/drive/Othercomputers/\ub0b4 \ub178\ud2b8\ubd81/Forked_Models/Validation/Validation/_\ub77c\ubca8_General_val_C/district/3. \ud6c4\ubc29 \ubc29\ud5a5 \uc774\ubbf8\uc9c0/[district]day_431C/[district]day_431C_82.json",
            "id": 0
        }
    ],
    "label": 2
}