{
    "data": [
        [
            0.40625,
            0.27314814814814814,
            0.003124999999999989,
            -0.027777777777777762,
            -0.020833333333333315,
            0.010185185185185186,
            0.021874999999999978,
            0.007407407407407418
        ],
        [
            0.40625,
            0.27314814814814814,
            0.003124999999999989,
            -0.027777777777777762,
            -0.020833333333333315,
            0.010185185185185186,
            0.021874999999999978,
            0.007407407407407418
        ],
        [
            0.40625,
            0.27314814814814814,
            0.003124999999999989,
            -0.027777777777777762,
            -0.020833333333333315,
            0.010185185185185186,
            0.021874999999999978,
            0.007407407407407418
        ]
    ],
    "original_data": [
        {
            "time_step": 1,
            "original_data_path": "/content/drive/Othercomputers/\ub0b4 \ub178\ud2b8\ubd81/Forked_Models/Validation/Validation/_\ub77c\ubca8_General_val_C/district/3. \ud6c4\ubc29 \ubc29\ud5a5 \uc774\ubbf8\uc9c0/[district]attend_548C/[district]attend_548C_300.json",
            "id": 1
        },
        {
            "time_step": 2,
            "original_data_path": "/content/drive/Othercomputers/\ub0b4 \ub178\ud2b8\ubd81/Forked_Models/Validation/Validation/_\ub77c\ubca8_General_val_C/district/3. \ud6c4\ubc29 \ubc29\ud5a5 \uc774\ubbf8\uc9c0/[district]attend_548C/[district]attend_548C_305.json",
            "id": 1
        },
        {
            "time_step": 3,
            "original_data_path": "/content/drive/Othercomputers/\ub0b4 \ub178\ud2b8\ubd81/Forked_Models/Validation/Validation/_\ub77c\ubca8_General_val_C/district/3. \ud6c4\ubc29 \ubc29\ud5a5 \uc774\ubbf8\uc9c0/[district]attend_548C/[district]attend_548C_310.json",
            "id": 1
        }
    ],
    "label": 2
}