{
    "data": [
        [
            0.7869791666666667,
            0.19814814814814816,
            -0.00520833333333337,
            -0.03425925925925927,
            -0.029166666666666674,
            0.03240740740740741,
            0.03281250000000002,
            0.01944444444444443
        ],
        [
            0.7838541666666666,
            0.19814814814814816,
            0.0,
            -0.033333333333333354,
            -0.030729166666666585,
            0.03240740740740741,
            0.03385416666666674,
            0.01944444444444443
        ],
        [
            0.7895833333333333,
            0.19537037037037036,
            0.0005208333333334147,
            -0.03425925925925924,
            -0.03229166666666661,
            0.03425925925925927,
            0.029687499999999978,
            0.021296296296296313
        ]
    ],
    "original_data": [
        {
            "time_step": 1,
            "original_data_path": "/content/drive/Othercomputers/\ub0b4 \ub178\ud2b8\ubd81/Forked_Models/Validation/Validation/_\ub77c\ubca8_General_val_C/district/3. \ud6c4\ubc29 \ubc29\ud5a5 \uc774\ubbf8\uc9c0/[district]attend_044C/[district]attend_044C_80.json",
            "id": 0
        },
        {
            "time_step": 2,
            "original_data_path": "/content/drive/Othercomputers/\ub0b4 \ub178\ud2b8\ubd81/Forked_Models/Validation/Validation/_\ub77c\ubca8_General_val_C/district/3. \ud6c4\ubc29 \ubc29\ud5a5 \uc774\ubbf8\uc9c0/[district]attend_044C/[district]attend_044C_82.json",
            "id": 0
        },
        {
            "time_step": 3,
            "original_data_path": "/content/drive/Othercomputers/\ub0b4 \ub178\ud2b8\ubd81/Forked_Models/Validation/Validation/_\ub77c\ubca8_General_val_C/district/3. \ud6c4\ubc29 \ubc29\ud5a5 \uc774\ubbf8\uc9c0/[district]attend_044C/[district]attend_044C_84.json",
            "id": 0
        }
    ],
    "label": 2
}