{
    "data": [
        [
            0.7984375,
            0.30185185185185187,
            -0.0005208333333333037,
            -0.017592592592592604,
            -0.01666666666666672,
            0.012962962962962954,
            0.015104166666666696,
            0.01759259259259255
        ],
        [
            0.7984375,
            0.30185185185185187,
            -0.0005208333333333037,
            -0.017592592592592604,
            -0.01666666666666672,
            0.012962962962962954,
            0.015104166666666696,
            0.01759259259259255
        ],
        [
            0.7984375,
            0.30185185185185187,
            -0.0005208333333333037,
            -0.017592592592592604,
            -0.01666666666666672,
            0.012962962962962954,
            0.015104166666666696,
            0.01759259259259255
        ]
    ],
    "original_data": [
        {
            "time_step": 1,
            "original_data_path": "/content/drive/Othercomputers/\ub0b4 \ub178\ud2b8\ubd81/Forked_Models/Validation/Validation/_\ub77c\ubca8_General_val_C/district/3. \ud6c4\ubc29 \ubc29\ud5a5 \uc774\ubbf8\uc9c0/[district]attend_1081C/[district]attend_1081C_480.json",
            "id": 1
        },
        {
            "time_step": 2,
            "original_data_path": "/content/drive/Othercomputers/\ub0b4 \ub178\ud2b8\ubd81/Forked_Models/Validation/Validation/_\ub77c\ubca8_General_val_C/district/3. \ud6c4\ubc29 \ubc29\ud5a5 \uc774\ubbf8\uc9c0/[district]attend_1081C/[district]attend_1081C_485.json",
            "id": 1
        },
        {
            "time_step": 3,
            "original_data_path": "/content/drive/Othercomputers/\ub0b4 \ub178\ud2b8\ubd81/Forked_Models/Validation/Validation/_\ub77c\ubca8_General_val_C/district/3. \ud6c4\ubc29 \ubc29\ud5a5 \uc774\ubbf8\uc9c0/[district]attend_1081C/[district]attend_1081C_490.json",
            "id": 1
        }
    ],
    "label": 2
}