{
    "data": [
        [
            0.33645833333333336,
            0.287962962962963,
            -0.004687500000000011,
            -0.02407407407407408,
            -0.017187500000000022,
            0.015740740740740722,
            0.027083333333333293,
            0.01481481481481478
        ],
        [
            0.33697916666666666,
            0.2851851851851852,
            -0.002083333333333326,
            -0.022222222222222254,
            -0.017708333333333326,
            0.01851851851851849,
            0.02656249999999999,
            0.01759259259259255
        ],
        [
            0.3390625,
            0.2814814814814815,
            -0.001041666666666663,
            -0.02314814814814814,
            -0.019791666666666652,
            0.0222222222222222,
            0.024479166666666663,
            0.021296296296296258
        ]
    ],
    "original_data": [
        {
            "time_step": 1,
            "original_data_path": "/content/drive/Othercomputers/\ub0b4 \ub178\ud2b8\ubd81/Forked_Models/Validation/Validation/_\ub77c\ubca8_General_val_C/district/3. \ud6c4\ubc29 \ubc29\ud5a5 \uc774\ubbf8\uc9c0/[district]day_712C/[district]day_712C_525.json",
            "id": 3
        },
        {
            "time_step": 2,
            "original_data_path": "/content/drive/Othercomputers/\ub0b4 \ub178\ud2b8\ubd81/Forked_Models/Validation/Validation/_\ub77c\ubca8_General_val_C/district/3. \ud6c4\ubc29 \ubc29\ud5a5 \uc774\ubbf8\uc9c0/[district]day_712C/[district]day_712C_530.json",
            "id": 3
        },
        {
            "time_step": 3,
            "original_data_path": "/content/drive/Othercomputers/\ub0b4 \ub178\ud2b8\ubd81/Forked_Models/Validation/Validation/_\ub77c\ubca8_General_val_C/district/3. \ud6c4\ubc29 \ubc29\ud5a5 \uc774\ubbf8\uc9c0/[district]day_712C/[district]day_712C_535.json",
            "id": 3
        }
    ],
    "label": 2
}