{
    "data": [
        [
            0.44947916666666665,
            0.46111111111111114,
            0.0005208333333333592,
            -0.06481481481481483,
            -0.024479166666666663,
            0.028703703703703676,
            0.04010416666666666,
            0.05555555555555558
        ],
        [
            0.44947916666666665,
            0.46111111111111114,
            0.0005208333333333592,
            -0.06481481481481483,
            -0.024479166666666663,
            0.028703703703703676,
            0.04010416666666666,
            0.05555555555555558
        ],
        [
            0.44947916666666665,
            0.46111111111111114,
            0.0005208333333333592,
            -0.06481481481481483,
            -0.024479166666666663,
            0.028703703703703676,
            0.04010416666666666,
            0.05555555555555558
        ]
    ],
    "original_data": [
        {
            "time_step": 1,
            "original_data_path": "/content/drive/Othercomputers/\ub0b4 \ub178\ud2b8\ubd81/Forked_Models/Validation/Validation/_\ub77c\ubca8_General_val_C/district/3. \ud6c4\ubc29 \ubc29\ud5a5 \uc774\ubbf8\uc9c0/[district]day_567C/[district]day_567C_175.json",
            "id": 3
        },
        {
            "time_step": 2,
            "original_data_path": "/content/drive/Othercomputers/\ub0b4 \ub178\ud2b8\ubd81/Forked_Models/Validation/Validation/_\ub77c\ubca8_General_val_C/district/3. \ud6c4\ubc29 \ubc29\ud5a5 \uc774\ubbf8\uc9c0/[district]day_567C/[district]day_567C_180.json",
            "id": 3
        },
        {
            "time_step": 3,
            "original_data_path": "/content/drive/Othercomputers/\ub0b4 \ub178\ud2b8\ubd81/Forked_Models/Validation/Validation/_\ub77c\ubca8_General_val_C/district/3. \ud6c4\ubc29 \ubc29\ud5a5 \uc774\ubbf8\uc9c0/[district]day_567C/[district]day_567C_185.json",
            "id": 3
        }
    ],
    "label": 2
}