{
    "data": [
        [
            0.784375,
            0.28425925925925927,
            0.006249999999999978,
            -0.018518518518518545,
            -0.03125,
            0.02407407407407408,
            0.01718749999999991,
            -0.00462962962962965
        ],
        [
            0.78125,
            0.2861111111111111,
            0.006249999999999978,
            -0.028703703703703676,
            -0.03125,
            0.006481481481481477,
            0.018750000000000044,
            0.0018518518518518823
        ],
        [
            0.7828125,
            0.2814814814814815,
            0.0026041666666666297,
            -0.025925925925925963,
            -0.03281250000000002,
            0.006481481481481477,
            0.023958333333333304,
            0.007407407407407363
        ]
    ],
    "original_data": [
        {
            "time_step": 1,
            "original_data_path": "/content/drive/Othercomputers/\ub0b4 \ub178\ud2b8\ubd81/Forked_Models/Validation/Validation/_\ub77c\ubca8_General_val_C/district/3. \ud6c4\ubc29 \ubc29\ud5a5 \uc774\ubbf8\uc9c0/[district]morning_1119C/[district]morning_1119C_130.json",
            "id": 2
        },
        {
            "time_step": 2,
            "original_data_path": "/content/drive/Othercomputers/\ub0b4 \ub178\ud2b8\ubd81/Forked_Models/Validation/Validation/_\ub77c\ubca8_General_val_C/district/3. \ud6c4\ubc29 \ubc29\ud5a5 \uc774\ubbf8\uc9c0/[district]morning_1119C/[district]morning_1119C_135.json",
            "id": 2
        },
        {
            "time_step": 3,
            "original_data_path": "/content/drive/Othercomputers/\ub0b4 \ub178\ud2b8\ubd81/Forked_Models/Validation/Validation/_\ub77c\ubca8_General_val_C/district/3. \ud6c4\ubc29 \ubc29\ud5a5 \uc774\ubbf8\uc9c0/[district]morning_1119C/[district]morning_1119C_140.json",
            "id": 2
        }
    ],
    "label": 2
}