{
    "data": [
        [
            0.659375,
            0.462037037037037,
            0.003645833333333237,
            -0.03425925925925927,
            -0.03125,
            -0.002777777777777768,
            0.03020833333333328,
            0.062037037037037
        ],
        [
            0.6614583333333334,
            0.462037037037037,
            0.0031249999999999334,
            -0.032407407407407385,
            -0.03281250000000002,
            0.003703703703703709,
            0.033333333333333326,
            0.062037037037037
        ],
        [
            0.6583333333333333,
            0.4666666666666667,
            0.0026041666666666297,
            -0.041666666666666685,
            -0.029687499999999978,
            -0.0009259259259259411,
            0.03281250000000002,
            0.0537037037037037
        ]
    ],
    "original_data": [
        {
            "time_step": 1,
            "original_data_path": "/content/drive/Othercomputers/\ub0b4 \ub178\ud2b8\ubd81/Forked_Models/Validation/Validation/_\ub77c\ubca8_General_val_C/district/3. \ud6c4\ubc29 \ubc29\ud5a5 \uc774\ubbf8\uc9c0/[district]day_712C/[district]day_712C_30.json",
            "id": 5
        },
        {
            "time_step": 2,
            "original_data_path": "/content/drive/Othercomputers/\ub0b4 \ub178\ud2b8\ubd81/Forked_Models/Validation/Validation/_\ub77c\ubca8_General_val_C/district/3. \ud6c4\ubc29 \ubc29\ud5a5 \uc774\ubbf8\uc9c0/[district]day_712C/[district]day_712C_35.json",
            "id": 5
        },
        {
            "time_step": 3,
            "original_data_path": "/content/drive/Othercomputers/\ub0b4 \ub178\ud2b8\ubd81/Forked_Models/Validation/Validation/_\ub77c\ubca8_General_val_C/district/3. \ud6c4\ubc29 \ubc29\ud5a5 \uc774\ubbf8\uc9c0/[district]day_712C/[district]day_712C_40.json",
            "id": 5
        }
    ],
    "label": 2
}