{
    "data": [
        [
            0.625,
            0.49444444444444446,
            -0.01041666666666663,
            -0.046296296296296335,
            -0.03125,
            0.017592592592592604,
            0.03645833333333337,
            -0.006481481481481477
        ],
        [
            0.625,
            0.49444444444444446,
            -0.01041666666666663,
            -0.046296296296296335,
            -0.03125,
            0.017592592592592604,
            0.03645833333333337,
            -0.006481481481481477
        ],
        [
            0.625,
            0.49444444444444446,
            -0.01041666666666663,
            -0.046296296296296335,
            -0.03125,
            0.017592592592592604,
            0.03645833333333337,
            -0.006481481481481477
        ]
    ],
    "original_data": [
        {
            "time_step": 1,
            "original_data_path": "/content/drive/Othercomputers/\ub0b4 \ub178\ud2b8\ubd81/Forked_Models/Validation/Validation/_\ub77c\ubca8_General_val_C/district/3. \ud6c4\ubc29 \ubc29\ud5a5 \uc774\ubbf8\uc9c0/[district]day_990C/[district]day_990C_150.json",
            "id": 2
        },
        {
            "time_step": 2,
            "original_data_path": "/content/drive/Othercomputers/\ub0b4 \ub178\ud2b8\ubd81/Forked_Models/Validation/Validation/_\ub77c\ubca8_General_val_C/district/3. \ud6c4\ubc29 \ubc29\ud5a5 \uc774\ubbf8\uc9c0/[district]day_990C/[district]day_990C_155.json",
            "id": 2
        },
        {
            "time_step": 3,
            "original_data_path": "/content/drive/Othercomputers/\ub0b4 \ub178\ud2b8\ubd81/Forked_Models/Validation/Validation/_\ub77c\ubca8_General_val_C/district/3. \ud6c4\ubc29 \ubc29\ud5a5 \uc774\ubbf8\uc9c0/[district]day_990C/[district]day_990C_160.json",
            "id": 2
        }
    ],
    "label": 2
}