{
    "data": [
        [
            0.5520833333333334,
            0.2740740740740741,
            0.0015624999999999112,
            -0.02777777777777779,
            -0.013541666666666674,
            0.013888888888888895,
            0.02499999999999991,
            0.017592592592592604
        ],
        [
            0.5541666666666667,
            0.26944444444444443,
            0.0015625000000000222,
            -0.027777777777777762,
            -0.012500000000000067,
            0.014814814814814836,
            0.0234375,
            0.018518518518518545
        ],
        [
            0.5541666666666667,
            0.26944444444444443,
            0.0,
            -0.028703703703703703,
            -0.012500000000000067,
            0.014814814814814836,
            0.0234375,
            0.018518518518518545
        ]
    ],
    "original_data": [
        {
            "time_step": 1,
            "original_data_path": "/content/drive/Othercomputers/\ub0b4 \ub178\ud2b8\ubd81/Forked_Models/Validation/Validation/_\ub77c\ubca8_General_val_C/district/3. \ud6c4\ubc29 \ubc29\ud5a5 \uc774\ubbf8\uc9c0/[district]day_420C/[district]day_420C_180.json",
            "id": 1
        },
        {
            "time_step": 2,
            "original_data_path": "/content/drive/Othercomputers/\ub0b4 \ub178\ud2b8\ubd81/Forked_Models/Validation/Validation/_\ub77c\ubca8_General_val_C/district/3. \ud6c4\ubc29 \ubc29\ud5a5 \uc774\ubbf8\uc9c0/[district]day_420C/[district]day_420C_185.json",
            "id": 1
        },
        {
            "time_step": 3,
            "original_data_path": "/content/drive/Othercomputers/\ub0b4 \ub178\ud2b8\ubd81/Forked_Models/Validation/Validation/_\ub77c\ubca8_General_val_C/district/3. \ud6c4\ubc29 \ubc29\ud5a5 \uc774\ubbf8\uc9c0/[district]day_420C/[district]day_420C_190.json",
            "id": 1
        }
    ],
    "label": 2
}