{
    "data": [
        [
            0.3359375,
            0.287962962962963,
            -0.002083333333333326,
            -0.022222222222222254,
            -0.016666666666666663,
            0.015740740740740722,
            0.027604166666666652,
            0.01481481481481478
        ],
        [
            0.3359375,
            0.287962962962963,
            -0.002083333333333326,
            -0.022222222222222254,
            -0.016666666666666663,
            0.015740740740740722,
            0.027604166666666652,
            0.01481481481481478
        ],
        [
            0.3359375,
            0.287962962962963,
            -0.002083333333333326,
            -0.022222222222222254,
            -0.016666666666666663,
            0.015740740740740722,
            0.027604166666666652,
            0.01481481481481478
        ]
    ],
    "original_data": [
        {
            "time_step": 1,
            "original_data_path": "/content/drive/Othercomputers/\ub0b4 \ub178\ud2b8\ubd81/Forked_Models/Validation/Validation/_\ub77c\ubca8_General_val_C/district/3. \ud6c4\ubc29 \ubc29\ud5a5 \uc774\ubbf8\uc9c0/[district]day_712C/[district]day_712C_140.json",
            "id": 3
        },
        {
            "time_step": 2,
            "original_data_path": "/content/drive/Othercomputers/\ub0b4 \ub178\ud2b8\ubd81/Forked_Models/Validation/Validation/_\ub77c\ubca8_General_val_C/district/3. \ud6c4\ubc29 \ubc29\ud5a5 \uc774\ubbf8\uc9c0/[district]day_712C/[district]day_712C_145.json",
            "id": 3
        },
        {
            "time_step": 3,
            "original_data_path": "/content/drive/Othercomputers/\ub0b4 \ub178\ud2b8\ubd81/Forked_Models/Validation/Validation/_\ub77c\ubca8_General_val_C/district/3. \ud6c4\ubc29 \ubc29\ud5a5 \uc774\ubbf8\uc9c0/[district]day_712C/[district]day_712C_150.json",
            "id": 3
        }
    ],
    "label": 2
}