{
    "data": [
        [
            0.503125,
            0.05740740740740741,
            0.0010416666666666075,
            -0.01296296296296296,
            -0.021875000000000033,
            0.023148148148148154,
            0.015625,
            0.02962962962962963
        ],
        [
            0.5026041666666666,
            0.06111111111111111,
            0.0015625000000000222,
            -0.016666666666666663,
            -0.02135416666666662,
            0.01944444444444445,
            0.016145833333333415,
            0.02592592592592593
        ],
        [
            0.5010416666666667,
            0.06388888888888888,
            0.0031249999999999334,
            -0.019444444444444438,
            -0.019791666666666707,
            0.016666666666666677,
            0.017708333333333326,
            0.023148148148148154
        ]
    ],
    "original_data": [
        {
            "time_step": 1,
            "original_data_path": "/content/drive/Othercomputers/\ub0b4 \ub178\ud2b8\ubd81/Forked_Models/Validation/Validation/_\ub77c\ubca8_General_val_C/district/3. \ud6c4\ubc29 \ubc29\ud5a5 \uc774\ubbf8\uc9c0/[district]leave_075C/[district]leave_075C_120.json",
            "id": 0
        },
        {
            "time_step": 2,
            "original_data_path": "/content/drive/Othercomputers/\ub0b4 \ub178\ud2b8\ubd81/Forked_Models/Validation/Validation/_\ub77c\ubca8_General_val_C/district/3. \ud6c4\ubc29 \ubc29\ud5a5 \uc774\ubbf8\uc9c0/[district]leave_075C/[district]leave_075C_122.json",
            "id": 0
        },
        {
            "time_step": 3,
            "original_data_path": "/content/drive/Othercomputers/\ub0b4 \ub178\ud2b8\ubd81/Forked_Models/Validation/Validation/_\ub77c\ubca8_General_val_C/district/3. \ud6c4\ubc29 \ubc29\ud5a5 \uc774\ubbf8\uc9c0/[district]leave_075C/[district]leave_075C_124.json",
            "id": 0
        }
    ],
    "label": 2
}