{
    "data": [
        [
            0.6375,
            0.30648148148148147,
            0.011458333333333348,
            -0.04444444444444445,
            -0.0234375,
            -0.011111111111111072,
            0.022916666666666696,
            -0.0009259259259258856
        ],
        [
            0.6359375,
            0.30462962962962964,
            0.005729166666666674,
            -0.03518518518518521,
            -0.02447916666666672,
            -0.011111111111111127,
            0.02239583333333328,
            0.0009259259259259411
        ],
        [
            0.6317708333333333,
            0.3074074074074074,
            0.002083333333333437,
            -0.02314814814814814,
            -0.023958333333333304,
            -0.007407407407407418,
            0.02447916666666672,
            -0.003703703703703709
        ]
    ],
    "original_data": [
        {
            "time_step": 1,
            "original_data_path": "/content/drive/Othercomputers/\ub0b4 \ub178\ud2b8\ubd81/Forked_Models/Validation/Validation/_\ub77c\ubca8_General_val_C/district/3. \ud6c4\ubc29 \ubc29\ud5a5 \uc774\ubbf8\uc9c0/[district]morning_649C/[district]morning_649C_0.json",
            "id": 2
        },
        {
            "time_step": 2,
            "original_data_path": "/content/drive/Othercomputers/\ub0b4 \ub178\ud2b8\ubd81/Forked_Models/Validation/Validation/_\ub77c\ubca8_General_val_C/district/3. \ud6c4\ubc29 \ubc29\ud5a5 \uc774\ubbf8\uc9c0/[district]morning_649C/[district]morning_649C_5.json",
            "id": 2
        },
        {
            "time_step": 3,
            "original_data_path": "/content/drive/Othercomputers/\ub0b4 \ub178\ud2b8\ubd81/Forked_Models/Validation/Validation/_\ub77c\ubca8_General_val_C/district/3. \ud6c4\ubc29 \ubc29\ud5a5 \uc774\ubbf8\uc9c0/[district]morning_649C/[district]morning_649C_10.json",
            "id": 2
        }
    ],
    "label": 2
}