{
    "data": [
        [
            0.5526041666666667,
            0.27870370370370373,
            -0.003645833333333348,
            -0.02777777777777779,
            -0.012499999999999956,
            0.006481481481481477,
            0.024479166666666607,
            0.01018518518518513
        ],
        [
            0.55,
            0.27685185185185185,
            -0.0015625000000000222,
            -0.02685185185185185,
            -0.009895833333333326,
            0.00833333333333336,
            0.027083333333333237,
            0.012037037037037013
        ],
        [
            0.5489583333333333,
            0.27685185185185185,
            0.0015625000000000222,
            -0.02685185185185185,
            -0.008854166666666607,
            0.00833333333333336,
            0.028124999999999956,
            0.012037037037037013
        ]
    ],
    "original_data": [
        {
            "time_step": 1,
            "original_data_path": "/content/drive/Othercomputers/\ub0b4 \ub178\ud2b8\ubd81/Forked_Models/Validation/Validation/_\ub77c\ubca8_General_val_C/district/3. \ud6c4\ubc29 \ubc29\ud5a5 \uc774\ubbf8\uc9c0/[district]day_420C/[district]day_420C_230.json",
            "id": 1
        },
        {
            "time_step": 2,
            "original_data_path": "/content/drive/Othercomputers/\ub0b4 \ub178\ud2b8\ubd81/Forked_Models/Validation/Validation/_\ub77c\ubca8_General_val_C/district/3. \ud6c4\ubc29 \ubc29\ud5a5 \uc774\ubbf8\uc9c0/[district]day_420C/[district]day_420C_235.json",
            "id": 1
        },
        {
            "time_step": 3,
            "original_data_path": "/content/drive/Othercomputers/\ub0b4 \ub178\ud2b8\ubd81/Forked_Models/Validation/Validation/_\ub77c\ubca8_General_val_C/district/3. \ud6c4\ubc29 \ubc29\ud5a5 \uc774\ubbf8\uc9c0/[district]day_420C/[district]day_420C_240.json",
            "id": 1
        }
    ],
    "label": 2
}