{
    "data": [
        [
            0.6338541666666667,
            0.10833333333333334,
            -0.0015625000000000222,
            -0.01574074074074075,
            -0.01041666666666674,
            0.028703703703703703,
            0.019791666666666652,
            0.020370370370370372
        ],
        [
            0.6338541666666667,
            0.10833333333333334,
            -0.0015625000000000222,
            -0.01574074074074075,
            -0.01041666666666674,
            0.028703703703703703,
            0.019791666666666652,
            0.020370370370370372
        ],
        [
            0.6338541666666667,
            0.10833333333333334,
            -0.0015625000000000222,
            -0.01574074074074075,
            -0.01041666666666674,
            0.028703703703703703,
            0.019791666666666652,
            0.020370370370370372
        ]
    ],
    "original_data": [
        {
            "time_step": 1,
            "original_data_path": "/content/drive/Othercomputers/\ub0b4 \ub178\ud2b8\ubd81/Forked_Models/Validation/Validation/_\ub77c\ubca8_General_val_C/district/3. \ud6c4\ubc29 \ubc29\ud5a5 \uc774\ubbf8\uc9c0/[district]attend_024C/[district]attend_024C_174.json",
            "id": 0
        },
        {
            "time_step": 2,
            "original_data_path": "/content/drive/Othercomputers/\ub0b4 \ub178\ud2b8\ubd81/Forked_Models/Validation/Validation/_\ub77c\ubca8_General_val_C/district/3. \ud6c4\ubc29 \ubc29\ud5a5 \uc774\ubbf8\uc9c0/[district]attend_024C/[district]attend_024C_176.json",
            "id": 0
        },
        {
            "time_step": 3,
            "original_data_path": "/content/drive/Othercomputers/\ub0b4 \ub178\ud2b8\ubd81/Forked_Models/Validation/Validation/_\ub77c\ubca8_General_val_C/district/3. \ud6c4\ubc29 \ubc29\ud5a5 \uc774\ubbf8\uc9c0/[district]attend_024C/[district]attend_024C_178.json",
            "id": 0
        }
    ],
    "label": 2
}