{
    "data": [
        [
            0.5463541666666667,
            0.06666666666666667,
            0.0015625000000000222,
            -0.015740740740740743,
            -0.019270833333333348,
            0.002777777777777782,
            0.02083333333333326,
            0.023148148148148154
        ],
        [
            0.5557291666666667,
            0.06944444444444445,
            0.0005208333333333037,
            -0.015740740740740743,
            -0.020312500000000067,
            0.0009259259259259273,
            0.01822916666666663,
            0.02314814814814814
        ],
        [
            0.5677083333333334,
            0.07685185185185185,
            0.0026041666666666297,
            -0.02222222222222222,
            -0.015104166666666696,
            -0.004629629629629636,
            0.016145833333333304,
            0.022222222222222227
        ]
    ],
    "original_data": [
        {
            "time_step": 1,
            "original_data_path": "/content/drive/Othercomputers/\ub0b4 \ub178\ud2b8\ubd81/Forked_Models/Validation/Validation/_\ub77c\ubca8_General_val_C/district/3. \ud6c4\ubc29 \ubc29\ud5a5 \uc774\ubbf8\uc9c0/[district]leave_075C/[district]leave_075C_238.json",
            "id": 0
        },
        {
            "time_step": 2,
            "original_data_path": "/content/drive/Othercomputers/\ub0b4 \ub178\ud2b8\ubd81/Forked_Models/Validation/Validation/_\ub77c\ubca8_General_val_C/district/3. \ud6c4\ubc29 \ubc29\ud5a5 \uc774\ubbf8\uc9c0/[district]leave_075C/[district]leave_075C_240.json",
            "id": 0
        },
        {
            "time_step": 3,
            "original_data_path": "/content/drive/Othercomputers/\ub0b4 \ub178\ud2b8\ubd81/Forked_Models/Validation/Validation/_\ub77c\ubca8_General_val_C/district/3. \ud6c4\ubc29 \ubc29\ud5a5 \uc774\ubbf8\uc9c0/[district]leave_075C/[district]leave_075C_242.json",
            "id": 0
        }
    ],
    "label": 2
}