{
    "data": [
        [
            0.740625,
            0.1962962962962963,
            0.0005208333333333037,
            -0.03888888888888889,
            -0.03749999999999998,
            0.018518518518518517,
            0.028125000000000067,
            0.03240740740740741
        ],
        [
            0.7395833333333334,
            0.19537037037037036,
            -0.005729166666666674,
            -0.037037037037037035,
            -0.03645833333333337,
            0.022222222222222227,
            0.029166666666666674,
            0.03518518518518521
        ],
        [
            0.7390625,
            0.19444444444444445,
            -0.004687499999999956,
            -0.03425925925925927,
            -0.035937499999999956,
            0.02407407407407408,
            0.02968750000000009,
            0.037037037037037035
        ]
    ],
    "original_data": [
        {
            "time_step": 1,
            "original_data_path": "/content/drive/Othercomputers/\ub0b4 \ub178\ud2b8\ubd81/Forked_Models/Validation/Validation/_\ub77c\ubca8_General_val_C/district/3. \ud6c4\ubc29 \ubc29\ud5a5 \uc774\ubbf8\uc9c0/[district]day_025C/[district]day_025C_180.json",
            "id": 0
        },
        {
            "time_step": 2,
            "original_data_path": "/content/drive/Othercomputers/\ub0b4 \ub178\ud2b8\ubd81/Forked_Models/Validation/Validation/_\ub77c\ubca8_General_val_C/district/3. \ud6c4\ubc29 \ubc29\ud5a5 \uc774\ubbf8\uc9c0/[district]day_025C/[district]day_025C_182.json",
            "id": 0
        },
        {
            "time_step": 3,
            "original_data_path": "/content/drive/Othercomputers/\ub0b4 \ub178\ud2b8\ubd81/Forked_Models/Validation/Validation/_\ub77c\ubca8_General_val_C/district/3. \ud6c4\ubc29 \ubc29\ud5a5 \uc774\ubbf8\uc9c0/[district]day_025C/[district]day_025C_184.json",
            "id": 0
        }
    ],
    "label": 2
}