{
    "data": [
        [
            0.63125,
            0.29074074074074074,
            0.006249999999999978,
            -0.02407407407407408,
            -0.0234375,
            0.009259259259259245,
            0.025000000000000022,
            0.012962962962962954
        ],
        [
            0.63125,
            0.29074074074074074,
            0.003645833333333348,
            -0.025925925925925908,
            -0.0234375,
            0.009259259259259245,
            0.025000000000000022,
            0.012962962962962954
        ],
        [
            0.63125,
            0.29074074074074074,
            0.0026041666666667407,
            -0.02685185185185185,
            -0.0234375,
            0.009259259259259245,
            0.025000000000000022,
            0.012962962962962954
        ]
    ],
    "original_data": [
        {
            "time_step": 1,
            "original_data_path": "/content/drive/Othercomputers/\ub0b4 \ub178\ud2b8\ubd81/Forked_Models/Validation/Validation/_\ub77c\ubca8_General_val_C/district/3. \ud6c4\ubc29 \ubc29\ud5a5 \uc774\ubbf8\uc9c0/[district]morning_649C/[district]morning_649C_500.json",
            "id": 2
        },
        {
            "time_step": 2,
            "original_data_path": "/content/drive/Othercomputers/\ub0b4 \ub178\ud2b8\ubd81/Forked_Models/Validation/Validation/_\ub77c\ubca8_General_val_C/district/3. \ud6c4\ubc29 \ubc29\ud5a5 \uc774\ubbf8\uc9c0/[district]morning_649C/[district]morning_649C_505.json",
            "id": 2
        },
        {
            "time_step": 3,
            "original_data_path": "/content/drive/Othercomputers/\ub0b4 \ub178\ud2b8\ubd81/Forked_Models/Validation/Validation/_\ub77c\ubca8_General_val_C/district/3. \ud6c4\ubc29 \ubc29\ud5a5 \uc774\ubbf8\uc9c0/[district]morning_649C/[district]morning_649C_510.json",
            "id": 2
        }
    ],
    "label": 2
}