{
    "data": [
        [
            0.6833333333333333,
            0.7222222222222222,
            0.012499999999999956,
            -0.03888888888888886,
            0.007291666666666696,
            -0.062962962962963,
            0.028124999999999956,
            0.07222222222222219
        ],
        [
            0.690625,
            0.6925925925925925,
            0.004166666666666652,
            -0.0444444444444444,
            0.008333333333333304,
            -0.07407407407407407,
            0.028124999999999956,
            0.08518518518518525
        ],
        [
            0.6729166666666667,
            0.6712962962962963,
            -0.003645833333333348,
            -0.0444444444444444,
            0.005208333333333259,
            -0.062037037037037,
            0.03645833333333326,
            0.0712962962962963
        ]
    ],
    "original_data": [
        {
            "time_step": 1,
            "original_data_path": "/content/drive/Othercomputers/\ub0b4 \ub178\ud2b8\ubd81/Forked_Models/Validation/Validation/_\ub77c\ubca8_General_val_C/district/3. \ud6c4\ubc29 \ubc29\ud5a5 \uc774\ubbf8\uc9c0/[district]day_420C/[district]day_420C_345.json",
            "id": 10
        },
        {
            "time_step": 2,
            "original_data_path": "/content/drive/Othercomputers/\ub0b4 \ub178\ud2b8\ubd81/Forked_Models/Validation/Validation/_\ub77c\ubca8_General_val_C/district/3. \ud6c4\ubc29 \ubc29\ud5a5 \uc774\ubbf8\uc9c0/[district]day_420C/[district]day_420C_350.json",
            "id": 10
        },
        {
            "time_step": 3,
            "original_data_path": "/content/drive/Othercomputers/\ub0b4 \ub178\ud2b8\ubd81/Forked_Models/Validation/Validation/_\ub77c\ubca8_General_val_C/district/3. \ud6c4\ubc29 \ubc29\ud5a5 \uc774\ubbf8\uc9c0/[district]day_420C/[district]day_420C_355.json",
            "id": 10
        }
    ],
    "label": 2
}