{
    "data": [
        [
            0.6307291666666667,
            0.11666666666666667,
            0.002083333333333326,
            -0.01759259259259259,
            -0.014583333333333393,
            0.02407407407407408,
            0.02083333333333337,
            0.02685185185185185
        ],
        [
            0.6307291666666667,
            0.11666666666666667,
            0.0015625000000000222,
            -0.020370370370370372,
            -0.014583333333333393,
            0.02407407407407408,
            0.02083333333333337,
            0.02685185185185185
        ],
        [
            0.6348958333333333,
            0.11203703703703703,
            0.0010416666666667185,
            -0.018518518518518517,
            -0.018750000000000044,
            0.028703703703703717,
            0.015104166666666696,
            0.027777777777777776
        ]
    ],
    "original_data": [
        {
            "time_step": 1,
            "original_data_path": "/content/drive/Othercomputers/\ub0b4 \ub178\ud2b8\ubd81/Forked_Models/Validation/Validation/_\ub77c\ubca8_General_val_C/district/3. \ud6c4\ubc29 \ubc29\ud5a5 \uc774\ubbf8\uc9c0/[district]attend_057C/[district]attend_057C_20.json",
            "id": 0
        },
        {
            "time_step": 2,
            "original_data_path": "/content/drive/Othercomputers/\ub0b4 \ub178\ud2b8\ubd81/Forked_Models/Validation/Validation/_\ub77c\ubca8_General_val_C/district/3. \ud6c4\ubc29 \ubc29\ud5a5 \uc774\ubbf8\uc9c0/[district]attend_057C/[district]attend_057C_22.json",
            "id": 0
        },
        {
            "time_step": 3,
            "original_data_path": "/content/drive/Othercomputers/\ub0b4 \ub178\ud2b8\ubd81/Forked_Models/Validation/Validation/_\ub77c\ubca8_General_val_C/district/3. \ud6c4\ubc29 \ubc29\ud5a5 \uc774\ubbf8\uc9c0/[district]attend_057C/[district]attend_057C_24.json",
            "id": 0
        }
    ],
    "label": 2
}