{
    "data": [
        [
            0.7807291666666667,
            0.2611111111111111,
            0.0015625000000000222,
            -0.025925925925925936,
            -0.03229166666666672,
            0.0222222222222222,
            0.02864583333333326,
            0.029629629629629617
        ],
        [
            0.7828125,
            0.2638888888888889,
            0.0026041666666666297,
            -0.02685185185185185,
            -0.03385416666666674,
            0.021296296296296313,
            0.026562499999999933,
            0.02685185185185185
        ],
        [
            0.7828125,
            0.2638888888888889,
            0.0031249999999999334,
            -0.01944444444444446,
            -0.03385416666666674,
            0.021296296296296313,
            0.026562499999999933,
            0.02685185185185185
        ]
    ],
    "original_data": [
        {
            "time_step": 1,
            "original_data_path": "/content/drive/Othercomputers/\ub0b4 \ub178\ud2b8\ubd81/Forked_Models/Validation/Validation/_\ub77c\ubca8_General_val_C/district/3. \ud6c4\ubc29 \ubc29\ud5a5 \uc774\ubbf8\uc9c0/[district]morning_1119C/[district]morning_1119C_160.json",
            "id": 2
        },
        {
            "time_step": 2,
            "original_data_path": "/content/drive/Othercomputers/\ub0b4 \ub178\ud2b8\ubd81/Forked_Models/Validation/Validation/_\ub77c\ubca8_General_val_C/district/3. \ud6c4\ubc29 \ubc29\ud5a5 \uc774\ubbf8\uc9c0/[district]morning_1119C/[district]morning_1119C_165.json",
            "id": 2
        },
        {
            "time_step": 3,
            "original_data_path": "/content/drive/Othercomputers/\ub0b4 \ub178\ud2b8\ubd81/Forked_Models/Validation/Validation/_\ub77c\ubca8_General_val_C/district/3. \ud6c4\ubc29 \ubc29\ud5a5 \uc774\ubbf8\uc9c0/[district]morning_1119C/[district]morning_1119C_170.json",
            "id": 2
        }
    ],
    "label": 2
}