{
    "data": [
        [
            0.5505208333333333,
            0.3101851851851852,
            -0.0010416666666667185,
            -0.016666666666666663,
            -0.02864583333333337,
            -0.003703703703703709,
            0.04270833333333335,
            0.002777777777777768
        ],
        [
            0.5515625,
            0.3111111111111111,
            -0.0015624999999999112,
            -0.015740740740740722,
            -0.029687499999999978,
            -0.00462962962962965,
            0.04166666666666674,
            0.0018518518518518268
        ],
        [
            0.5536458333333333,
            0.3138888888888889,
            0.0005208333333334147,
            -0.013888888888888895,
            -0.031770833333333304,
            -0.007407407407407418,
            0.039583333333333415,
            -0.0009259259259259411
        ]
    ],
    "original_data": [
        {
            "time_step": 1,
            "original_data_path": "/content/drive/Othercomputers/\ub0b4 \ub178\ud2b8\ubd81/Forked_Models/Validation/Validation/_\ub77c\ubca8_General_val_C/district/3. \ud6c4\ubc29 \ubc29\ud5a5 \uc774\ubbf8\uc9c0/[district]night_623C/[district]night_623C_0.json",
            "id": 3
        },
        {
            "time_step": 2,
            "original_data_path": "/content/drive/Othercomputers/\ub0b4 \ub178\ud2b8\ubd81/Forked_Models/Validation/Validation/_\ub77c\ubca8_General_val_C/district/3. \ud6c4\ubc29 \ubc29\ud5a5 \uc774\ubbf8\uc9c0/[district]night_623C/[district]night_623C_5.json",
            "id": 3
        },
        {
            "time_step": 3,
            "original_data_path": "/content/drive/Othercomputers/\ub0b4 \ub178\ud2b8\ubd81/Forked_Models/Validation/Validation/_\ub77c\ubca8_General_val_C/district/3. \ud6c4\ubc29 \ubc29\ud5a5 \uc774\ubbf8\uc9c0/[district]night_623C/[district]night_623C_10.json",
            "id": 3
        }
    ],
    "label": 2
}