{
    "data": [
        [
            0.7098958333333333,
            0.7166666666666667,
            0.02083333333333337,
            -0.0018518518518518823,
            -0.05260416666666656,
            -0.03703703703703709,
            0.022395833333333393,
            0.011111111111111072
        ],
        [
            0.70625,
            0.6851851851851852,
            0.021354166666666674,
            -0.005555555555555647,
            -0.047395833333333415,
            -0.01388888888888895,
            0.023958333333333304,
            0.015740740740740722
        ],
        [
            0.6989583333333333,
            0.6611111111111111,
            0.019791666666666652,
            -0.0064814814814814214,
            -0.05156250000000007,
            -0.00925925925925919,
            0.021874999999999978,
            0.01666666666666672
        ]
    ],
    "original_data": [
        {
            "time_step": 1,
            "original_data_path": "/content/drive/Othercomputers/\ub0b4 \ub178\ud2b8\ubd81/Forked_Models/Validation/Validation/_\ub77c\ubca8_General_val_C/district/3. \ud6c4\ubc29 \ubc29\ud5a5 \uc774\ubbf8\uc9c0/[district]day_420C/[district]day_420C_480.json",
            "id": 6
        },
        {
            "time_step": 2,
            "original_data_path": "/content/drive/Othercomputers/\ub0b4 \ub178\ud2b8\ubd81/Forked_Models/Validation/Validation/_\ub77c\ubca8_General_val_C/district/3. \ud6c4\ubc29 \ubc29\ud5a5 \uc774\ubbf8\uc9c0/[district]day_420C/[district]day_420C_485.json",
            "id": 6
        },
        {
            "time_step": 3,
            "original_data_path": "/content/drive/Othercomputers/\ub0b4 \ub178\ud2b8\ubd81/Forked_Models/Validation/Validation/_\ub77c\ubca8_General_val_C/district/3. \ud6c4\ubc29 \ubc29\ud5a5 \uc774\ubbf8\uc9c0/[district]day_420C/[district]day_420C_490.json",
            "id": 6
        }
    ],
    "label": 2
}