{
    "data": [
        [
            0.5130208333333334,
            0.25,
            0.0005208333333333037,
            -0.029629629629629617,
            -0.014062500000000033,
            0.02777777777777779,
            0.017708333333333326,
            0.01944444444444443
        ],
        [
            0.5130208333333334,
            0.25,
            0.0005208333333333037,
            -0.029629629629629617,
            -0.014062500000000033,
            0.02777777777777779,
            0.017708333333333326,
            0.01944444444444443
        ],
        [
            0.5130208333333334,
            0.25,
            -0.0026041666666667407,
            -0.029629629629629617,
            -0.014062500000000033,
            0.02777777777777779,
            0.016145833333333304,
            0.016666666666666663
        ]
    ],
    "original_data": [
        {
            "time_step": 1,
            "original_data_path": "/content/drive/Othercomputers/\ub0b4 \ub178\ud2b8\ubd81/Forked_Models/Validation/Validation/_\ub77c\ubca8_General_val_C/district/3. \ud6c4\ubc29 \ubc29\ud5a5 \uc774\ubbf8\uc9c0/[district]attend_1048C/[district]attend_1048C_50.json",
            "id": 2
        },
        {
            "time_step": 2,
            "original_data_path": "/content/drive/Othercomputers/\ub0b4 \ub178\ud2b8\ubd81/Forked_Models/Validation/Validation/_\ub77c\ubca8_General_val_C/district/3. \ud6c4\ubc29 \ubc29\ud5a5 \uc774\ubbf8\uc9c0/[district]attend_1048C/[district]attend_1048C_55.json",
            "id": 2
        },
        {
            "time_step": 3,
            "original_data_path": "/content/drive/Othercomputers/\ub0b4 \ub178\ud2b8\ubd81/Forked_Models/Validation/Validation/_\ub77c\ubca8_General_val_C/district/3. \ud6c4\ubc29 \ubc29\ud5a5 \uc774\ubbf8\uc9c0/[district]attend_1048C/[district]attend_1048C_60.json",
            "id": 2
        }
    ],
    "label": 2
}