{
    "data": [
        [
            0.37552083333333336,
            0.43148148148148147,
            -0.015625,
            -0.05092592592592593,
            0.0234375,
            0.03425925925925927,
            0.013541666666666619,
            0.08611111111111114
        ],
        [
            0.3734375,
            0.4361111111111111,
            -0.017187499999999967,
            -0.05555555555555558,
            0.02552083333333338,
            0.029629629629629617,
            0.013541666666666674,
            0.07592592592592595
        ],
        [
            0.36770833333333336,
            0.44074074074074077,
            -0.015625,
            -0.061111111111111116,
            0.03125,
            0.021296296296296258,
            0.015625,
            0.06851851851851853
        ]
    ],
    "original_data": [
        {
            "time_step": 1,
            "original_data_path": "/content/drive/Othercomputers/\ub0b4 \ub178\ud2b8\ubd81/Forked_Models/Validation/Validation/_\ub77c\ubca8_General_val_C/district/3. \ud6c4\ubc29 \ubc29\ud5a5 \uc774\ubbf8\uc9c0/[district]leave_1078C/[district]leave_1078C_565.json",
            "id": 4
        },
        {
            "time_step": 2,
            "original_data_path": "/content/drive/Othercomputers/\ub0b4 \ub178\ud2b8\ubd81/Forked_Models/Validation/Validation/_\ub77c\ubca8_General_val_C/district/3. \ud6c4\ubc29 \ubc29\ud5a5 \uc774\ubbf8\uc9c0/[district]leave_1078C/[district]leave_1078C_570.json",
            "id": 4
        },
        {
            "time_step": 3,
            "original_data_path": "/content/drive/Othercomputers/\ub0b4 \ub178\ud2b8\ubd81/Forked_Models/Validation/Validation/_\ub77c\ubca8_General_val_C/district/3. \ud6c4\ubc29 \ubc29\ud5a5 \uc774\ubbf8\uc9c0/[district]leave_1078C/[district]leave_1078C_575.json",
            "id": 4
        }
    ],
    "label": 2
}