{
    "data": [
        [
            0.846875,
            0.5731481481481482,
            0.0031249999999999334,
            -0.025000000000000022,
            -0.04427083333333337,
            -0.0185185185185186,
            0.02499999999999991,
            0.021296296296296258
        ],
        [
            0.8458333333333333,
            0.5722222222222222,
            0.004166666666666652,
            -0.024074074074074026,
            -0.04322916666666665,
            -0.01851851851851849,
            0.030208333333333393,
            0.017592592592592604
        ],
        [
            0.84375,
            0.5796296296296296,
            0.006249999999999978,
            -0.031481481481481444,
            -0.04270833333333335,
            -0.021296296296296258,
            0.03229166666666672,
            0.010185185185185186
        ]
    ],
    "original_data": [
        {
            "time_step": 1,
            "original_data_path": "/content/drive/Othercomputers/\ub0b4 \ub178\ud2b8\ubd81/Forked_Models/Validation/Validation/_\ub77c\ubca8_General_val_C/district/3. \ud6c4\ubc29 \ubc29\ud5a5 \uc774\ubbf8\uc9c0/[district]day_950C/[district]day_950C_355.json",
            "id": 3
        },
        {
            "time_step": 2,
            "original_data_path": "/content/drive/Othercomputers/\ub0b4 \ub178\ud2b8\ubd81/Forked_Models/Validation/Validation/_\ub77c\ubca8_General_val_C/district/3. \ud6c4\ubc29 \ubc29\ud5a5 \uc774\ubbf8\uc9c0/[district]day_950C/[district]day_950C_360.json",
            "id": 3
        },
        {
            "time_step": 3,
            "original_data_path": "/content/drive/Othercomputers/\ub0b4 \ub178\ud2b8\ubd81/Forked_Models/Validation/Validation/_\ub77c\ubca8_General_val_C/district/3. \ud6c4\ubc29 \ubc29\ud5a5 \uc774\ubbf8\uc9c0/[district]day_950C/[district]day_950C_365.json",
            "id": 3
        }
    ],
    "label": 2
}