{
    "data": [
        [
            0.4041666666666667,
            0.37592592592592594,
            -0.02031250000000001,
            -0.033333333333333326,
            0.014583333333333337,
            0.0398148148148148,
            0.010937499999999989,
            0.08333333333333331
        ],
        [
            0.4041666666666667,
            0.37592592592592594,
            -0.024479166666666663,
            -0.02685185185185185,
            0.014583333333333337,
            0.0398148148148148,
            0.010937499999999989,
            0.08333333333333331
        ],
        [
            0.4010416666666667,
            0.3824074074074074,
            -0.025520833333333326,
            -0.021296296296296313,
            0.017708333333333326,
            0.033333333333333326,
            0.014062499999999978,
            0.07685185185185184
        ]
    ],
    "original_data": [
        {
            "time_step": 1,
            "original_data_path": "/content/drive/Othercomputers/\ub0b4 \ub178\ud2b8\ubd81/Forked_Models/Validation/Validation/_\ub77c\ubca8_General_val_C/district/3. \ud6c4\ubc29 \ubc29\ud5a5 \uc774\ubbf8\uc9c0/[district]leave_1078C/[district]leave_1078C_530.json",
            "id": 4
        },
        {
            "time_step": 2,
            "original_data_path": "/content/drive/Othercomputers/\ub0b4 \ub178\ud2b8\ubd81/Forked_Models/Validation/Validation/_\ub77c\ubca8_General_val_C/district/3. \ud6c4\ubc29 \ubc29\ud5a5 \uc774\ubbf8\uc9c0/[district]leave_1078C/[district]leave_1078C_535.json",
            "id": 4
        },
        {
            "time_step": 3,
            "original_data_path": "/content/drive/Othercomputers/\ub0b4 \ub178\ud2b8\ubd81/Forked_Models/Validation/Validation/_\ub77c\ubca8_General_val_C/district/3. \ud6c4\ubc29 \ubc29\ud5a5 \uc774\ubbf8\uc9c0/[district]leave_1078C/[district]leave_1078C_540.json",
            "id": 4
        }
    ],
    "label": 2
}