{
    "data": [
        [
            0.5020833333333333,
            0.06851851851851852,
            0.0031250000000000444,
            -0.0212962962962963,
            -0.020833333333333315,
            0.006481481481481477,
            0.019791666666666652,
            0.019444444444444445
        ],
        [
            0.5015625,
            0.06944444444444445,
            0.0015625000000000222,
            -0.015740740740740743,
            -0.02031250000000001,
            0.007407407407407404,
            0.017187500000000022,
            0.01759259259259259
        ],
        [
            0.49947916666666664,
            0.06759259259259259,
            0.0020833333333333814,
            -0.020370370370370372,
            -0.01822916666666663,
            0.012962962962962968,
            0.019270833333333404,
            0.019444444444444445
        ]
    ],
    "original_data": [
        {
            "time_step": 1,
            "original_data_path": "/content/drive/Othercomputers/\ub0b4 \ub178\ud2b8\ubd81/Forked_Models/Validation/Validation/_\ub77c\ubca8_General_val_C/district/3. \ud6c4\ubc29 \ubc29\ud5a5 \uc774\ubbf8\uc9c0/[district]leave_075C/[district]leave_075C_110.json",
            "id": 0
        },
        {
            "time_step": 2,
            "original_data_path": "/content/drive/Othercomputers/\ub0b4 \ub178\ud2b8\ubd81/Forked_Models/Validation/Validation/_\ub77c\ubca8_General_val_C/district/3. \ud6c4\ubc29 \ubc29\ud5a5 \uc774\ubbf8\uc9c0/[district]leave_075C/[district]leave_075C_112.json",
            "id": 0
        },
        {
            "time_step": 3,
            "original_data_path": "/content/drive/Othercomputers/\ub0b4 \ub178\ud2b8\ubd81/Forked_Models/Validation/Validation/_\ub77c\ubca8_General_val_C/district/3. \ud6c4\ubc29 \ubc29\ud5a5 \uc774\ubbf8\uc9c0/[district]leave_075C/[district]leave_075C_114.json",
            "id": 0
        }
    ],
    "label": 2
}