{
    "data": [
        [
            0.6520833333333333,
            0.5194444444444445,
            0.0067708333333332815,
            -0.03425925925925932,
            -0.034375000000000044,
            0.0009259259259258856,
            0.027604166666666652,
            0.012037037037036957
        ],
        [
            0.6572916666666667,
            0.5194444444444445,
            0.009895833333333326,
            -0.03333333333333338,
            -0.039583333333333415,
            0.0009259259259258856,
            0.029166666666666563,
            0.00925925925925919
        ],
        [
            0.6604166666666667,
            0.5138888888888888,
            0.006249999999999978,
            -0.027777777777777735,
            -0.04270833333333335,
            0.0064814814814815325,
            0.019270833333333348,
            0.017592592592592604
        ]
    ],
    "original_data": [
        {
            "time_step": 1,
            "original_data_path": "/content/drive/Othercomputers/\ub0b4 \ub178\ud2b8\ubd81/Forked_Models/Validation/Validation/_\ub77c\ubca8_General_val_C/district/3. \ud6c4\ubc29 \ubc29\ud5a5 \uc774\ubbf8\uc9c0/[district]leave_1056C/[district]leave_1056C_240.json",
            "id": 0
        },
        {
            "time_step": 2,
            "original_data_path": "/content/drive/Othercomputers/\ub0b4 \ub178\ud2b8\ubd81/Forked_Models/Validation/Validation/_\ub77c\ubca8_General_val_C/district/3. \ud6c4\ubc29 \ubc29\ud5a5 \uc774\ubbf8\uc9c0/[district]leave_1056C/[district]leave_1056C_245.json",
            "id": 0
        },
        {
            "time_step": 3,
            "original_data_path": "/content/drive/Othercomputers/\ub0b4 \ub178\ud2b8\ubd81/Forked_Models/Validation/Validation/_\ub77c\ubca8_General_val_C/district/3. \ud6c4\ubc29 \ubc29\ud5a5 \uc774\ubbf8\uc9c0/[district]leave_1056C/[district]leave_1056C_250.json",
            "id": 0
        }
    ],
    "label": 2
}