{
    "data": [
        [
            0.4161458333333333,
            0.36944444444444446,
            -0.002604166666666685,
            -0.04722222222222222,
            0.02812500000000001,
            0.011111111111111072,
            -0.019791666666666652,
            0.036111111111111094
        ],
        [
            0.42135416666666664,
            0.3712962962962963,
            -0.0078125,
            -0.04907407407407405,
            0.027083333333333348,
            0.012962962962962954,
            -0.010937499999999989,
            0.04814814814814816
        ],
        [
            0.42135416666666664,
            0.3712962962962963,
            -0.0078125,
            -0.04907407407407405,
            0.027083333333333348,
            0.012962962962962954,
            -0.010937499999999989,
            0.04814814814814816
        ]
    ],
    "original_data": [
        {
            "time_step": 1,
            "original_data_path": "/content/drive/Othercomputers/\ub0b4 \ub178\ud2b8\ubd81/Forked_Models/Validation/Validation/_\ub77c\ubca8_General_val_C/district/3. \ud6c4\ubc29 \ubc29\ud5a5 \uc774\ubbf8\uc9c0/[district]day_731C/[district]day_731C_395.json",
            "id": 3
        },
        {
            "time_step": 2,
            "original_data_path": "/content/drive/Othercomputers/\ub0b4 \ub178\ud2b8\ubd81/Forked_Models/Validation/Validation/_\ub77c\ubca8_General_val_C/district/3. \ud6c4\ubc29 \ubc29\ud5a5 \uc774\ubbf8\uc9c0/[district]day_731C/[district]day_731C_400.json",
            "id": 3
        },
        {
            "time_step": 3,
            "original_data_path": "/content/drive/Othercomputers/\ub0b4 \ub178\ud2b8\ubd81/Forked_Models/Validation/Validation/_\ub77c\ubca8_General_val_C/district/3. \ud6c4\ubc29 \ubc29\ud5a5 \uc774\ubbf8\uc9c0/[district]day_731C/[district]day_731C_405.json",
            "id": 3
        }
    ],
    "label": 2
}