{
    "data": [
        [
            0.3390625,
            0.2759259259259259,
            -0.0026041666666666297,
            -0.029629629629629617,
            -0.0234375,
            0.0027777777777778234,
            0.03541666666666665,
            -0.003703703703703709
        ],
        [
            0.33645833333333336,
            0.275,
            -0.002604166666666685,
            -0.029629629629629645,
            -0.021875000000000033,
            0.002777777777777768,
            0.03697916666666662,
            -0.003703703703703709
        ],
        [
            0.33645833333333336,
            0.275,
            -0.002604166666666685,
            -0.029629629629629645,
            -0.021875000000000033,
            0.002777777777777768,
            0.03697916666666662,
            -0.003703703703703709
        ]
    ],
    "original_data": [
        {
            "time_step": 1,
            "original_data_path": "/content/drive/Othercomputers/\ub0b4 \ub178\ud2b8\ubd81/Forked_Models/Validation/Validation/_\ub77c\ubca8_General_val_C/district/3. \ud6c4\ubc29 \ubc29\ud5a5 \uc774\ubbf8\uc9c0/[district]day_420C/[district]day_420C_115.json",
            "id": 0
        },
        {
            "time_step": 2,
            "original_data_path": "/content/drive/Othercomputers/\ub0b4 \ub178\ud2b8\ubd81/Forked_Models/Validation/Validation/_\ub77c\ubca8_General_val_C/district/3. \ud6c4\ubc29 \ubc29\ud5a5 \uc774\ubbf8\uc9c0/[district]day_420C/[district]day_420C_120.json",
            "id": 0
        },
        {
            "time_step": 3,
            "original_data_path": "/content/drive/Othercomputers/\ub0b4 \ub178\ud2b8\ubd81/Forked_Models/Validation/Validation/_\ub77c\ubca8_General_val_C/district/3. \ud6c4\ubc29 \ubc29\ud5a5 \uc774\ubbf8\uc9c0/[district]day_420C/[district]day_420C_125.json",
            "id": 0
        }
    ],
    "label": 2
}