{
    "data": [
        [
            0.4822916666666667,
            0.7027777777777777,
            -0.002604166666666685,
            -0.059259259259259234,
            0.025520833333333326,
            0.0805555555555556,
            -0.02395833333333336,
            -0.024074074074074026
        ],
        [
            0.4734375,
            0.7111111111111111,
            -0.0015625000000000222,
            -0.04629629629629628,
            0.03072916666666664,
            0.0796296296296296,
            -0.021354166666666674,
            -0.00462962962962965
        ],
        [
            0.4734375,
            0.7111111111111111,
            -0.0015625000000000222,
            -0.04629629629629628,
            0.05052083333333329,
            0.08796296296296291,
            -0.021354166666666674,
            -0.00462962962962965
        ]
    ],
    "original_data": [
        {
            "time_step": 1,
            "original_data_path": "/content/drive/Othercomputers/\ub0b4 \ub178\ud2b8\ubd81/Forked_Models/Validation/Validation/_\ub77c\ubca8_General_val_C/district/3. \ud6c4\ubc29 \ubc29\ud5a5 \uc774\ubbf8\uc9c0/[district]day_712C/[district]day_712C_500.json",
            "id": 12
        },
        {
            "time_step": 2,
            "original_data_path": "/content/drive/Othercomputers/\ub0b4 \ub178\ud2b8\ubd81/Forked_Models/Validation/Validation/_\ub77c\ubca8_General_val_C/district/3. \ud6c4\ubc29 \ubc29\ud5a5 \uc774\ubbf8\uc9c0/[district]day_712C/[district]day_712C_505.json",
            "id": 12
        },
        {
            "time_step": 3,
            "original_data_path": "/content/drive/Othercomputers/\ub0b4 \ub178\ud2b8\ubd81/Forked_Models/Validation/Validation/_\ub77c\ubca8_General_val_C/district/3. \ud6c4\ubc29 \ubc29\ud5a5 \uc774\ubbf8\uc9c0/[district]day_712C/[district]day_712C_510.json",
            "id": 12
        }
    ],
    "label": 2
}