{
    "data": [
        [
            0.4473958333333333,
            0.4546296296296296,
            -0.014583333333333337,
            -0.06111111111111106,
            -0.018229166666666685,
            -0.01388888888888884,
            0.009895833333333326,
            0.11018518518518516
        ],
        [
            0.4348958333333333,
            0.4425925925925926,
            -0.013020833333333315,
            -0.0398148148148148,
            0.018229166666666685,
            -0.011111111111111127,
            0.016666666666666663,
            0.10833333333333334
        ],
        [
            0.44479166666666664,
            0.45185185185185184,
            -0.011979166666666652,
            -0.05833333333333329,
            -0.015625,
            -0.011111111111111072,
            0.012500000000000011,
            0.11296296296296293
        ]
    ],
    "original_data": [
        {
            "time_step": 1,
            "original_data_path": "/content/drive/Othercomputers/\ub0b4 \ub178\ud2b8\ubd81/Forked_Models/Validation/Validation/_\ub77c\ubca8_General_val_C/district/3. \ud6c4\ubc29 \ubc29\ud5a5 \uc774\ubbf8\uc9c0/[district]leave_075C/[district]leave_075C_192.json",
            "id": 5
        },
        {
            "time_step": 2,
            "original_data_path": "/content/drive/Othercomputers/\ub0b4 \ub178\ud2b8\ubd81/Forked_Models/Validation/Validation/_\ub77c\ubca8_General_val_C/district/3. \ud6c4\ubc29 \ubc29\ud5a5 \uc774\ubbf8\uc9c0/[district]leave_075C/[district]leave_075C_194.json",
            "id": 5
        },
        {
            "time_step": 3,
            "original_data_path": "/content/drive/Othercomputers/\ub0b4 \ub178\ud2b8\ubd81/Forked_Models/Validation/Validation/_\ub77c\ubca8_General_val_C/district/3. \ud6c4\ubc29 \ubc29\ud5a5 \uc774\ubbf8\uc9c0/[district]leave_075C/[district]leave_075C_196.json",
            "id": 5
        }
    ],
    "label": 2
}