{
    "data": [
        [
            0.8005208333333333,
            0.1925925925925926,
            -0.006249999999999978,
            -0.022222222222222227,
            -0.029166666666666674,
            0.03611111111111112,
            0.04270833333333335,
            0.04444444444444445
        ],
        [
            0.8005208333333333,
            0.1925925925925926,
            -0.006249999999999978,
            -0.022222222222222227,
            -0.029166666666666674,
            0.03611111111111112,
            0.04270833333333335,
            0.04444444444444445
        ],
        [
            0.8005208333333333,
            0.1925925925925926,
            -0.006249999999999978,
            -0.022222222222222227,
            -0.029166666666666674,
            0.03611111111111112,
            0.04270833333333335,
            0.04444444444444445
        ]
    ],
    "original_data": [
        {
            "time_step": 1,
            "original_data_path": "/content/drive/Othercomputers/\ub0b4 \ub178\ud2b8\ubd81/Forked_Models/Validation/Validation/_\ub77c\ubca8_General_val_C/district/3. \ud6c4\ubc29 \ubc29\ud5a5 \uc774\ubbf8\uc9c0/[district]leave_007C/[district]leave_007C_206.json",
            "id": 2
        },
        {
            "time_step": 2,
            "original_data_path": "/content/drive/Othercomputers/\ub0b4 \ub178\ud2b8\ubd81/Forked_Models/Validation/Validation/_\ub77c\ubca8_General_val_C/district/3. \ud6c4\ubc29 \ubc29\ud5a5 \uc774\ubbf8\uc9c0/[district]leave_007C/[district]leave_007C_208.json",
            "id": 2
        },
        {
            "time_step": 3,
            "original_data_path": "/content/drive/Othercomputers/\ub0b4 \ub178\ud2b8\ubd81/Forked_Models/Validation/Validation/_\ub77c\ubca8_General_val_C/district/3. \ud6c4\ubc29 \ubc29\ud5a5 \uc774\ubbf8\uc9c0/[district]leave_007C/[district]leave_007C_210.json",
            "id": 2
        }
    ],
    "label": 2
}