{
    "data": [
        [
            0.7260416666666667,
            0.2537037037037037,
            0.0026041666666666297,
            -0.02685185185185185,
            -0.021874999999999978,
            0.013888888888888895,
            0.029166666666666674,
            0.012962962962962954
        ],
        [
            0.7260416666666667,
            0.2490740740740741,
            0.0015625000000000222,
            -0.02407407407407408,
            -0.021874999999999978,
            0.018518518518518517,
            0.03020833333333328,
            0.021296296296296285
        ],
        [
            0.7276041666666667,
            0.25,
            0.0031249999999999334,
            -0.020370370370370372,
            -0.0234375,
            0.017592592592592604,
            0.03020833333333328,
            0.021296296296296313
        ]
    ],
    "original_data": [
        {
            "time_step": 1,
            "original_data_path": "/content/drive/Othercomputers/\ub0b4 \ub178\ud2b8\ubd81/Forked_Models/Validation/Validation/_\ub77c\ubca8_General_val_C/district/3. \ud6c4\ubc29 \ubc29\ud5a5 \uc774\ubbf8\uc9c0/[district]morning_979C/[district]morning_979C_480.json",
            "id": 0
        },
        {
            "time_step": 2,
            "original_data_path": "/content/drive/Othercomputers/\ub0b4 \ub178\ud2b8\ubd81/Forked_Models/Validation/Validation/_\ub77c\ubca8_General_val_C/district/3. \ud6c4\ubc29 \ubc29\ud5a5 \uc774\ubbf8\uc9c0/[district]morning_979C/[district]morning_979C_485.json",
            "id": 0
        },
        {
            "time_step": 3,
            "original_data_path": "/content/drive/Othercomputers/\ub0b4 \ub178\ud2b8\ubd81/Forked_Models/Validation/Validation/_\ub77c\ubca8_General_val_C/district/3. \ud6c4\ubc29 \ubc29\ud5a5 \uc774\ubbf8\uc9c0/[district]morning_979C/[district]morning_979C_490.json",
            "id": 0
        }
    ],
    "label": 2
}