{
    "data": [
        [
            0.3515625,
            0.28055555555555556,
            -0.006770833333333337,
            -0.02407407407407408,
            -0.02031250000000001,
            0.012037037037037013,
            0.030208333333333337,
            0.013888888888888895
        ],
        [
            0.3515625,
            0.28055555555555556,
            -0.007291666666666641,
            -0.02314814814814814,
            -0.02031250000000001,
            0.012037037037037013,
            0.030208333333333337,
            0.013888888888888895
        ],
        [
            0.35104166666666664,
            0.27685185185185185,
            -0.0067708333333332815,
            -0.021296296296296313,
            -0.019791666666666652,
            0.015740740740740722,
            0.030729166666666696,
            0.017592592592592604
        ]
    ],
    "original_data": [
        {
            "time_step": 1,
            "original_data_path": "/content/drive/Othercomputers/\ub0b4 \ub178\ud2b8\ubd81/Forked_Models/Validation/Validation/_\ub77c\ubca8_General_val_C/district/3. \ud6c4\ubc29 \ubc29\ud5a5 \uc774\ubbf8\uc9c0/[district]morning_957C/[district]morning_957C_570.json",
            "id": 0
        },
        {
            "time_step": 2,
            "original_data_path": "/content/drive/Othercomputers/\ub0b4 \ub178\ud2b8\ubd81/Forked_Models/Validation/Validation/_\ub77c\ubca8_General_val_C/district/3. \ud6c4\ubc29 \ubc29\ud5a5 \uc774\ubbf8\uc9c0/[district]morning_957C/[district]morning_957C_575.json",
            "id": 0
        },
        {
            "time_step": 3,
            "original_data_path": "/content/drive/Othercomputers/\ub0b4 \ub178\ud2b8\ubd81/Forked_Models/Validation/Validation/_\ub77c\ubca8_General_val_C/district/3. \ud6c4\ubc29 \ubc29\ud5a5 \uc774\ubbf8\uc9c0/[district]morning_957C/[district]morning_957C_580.json",
            "id": 0
        }
    ],
    "label": 2
}