{
    "data": [
        [
            0.3572916666666667,
            0.8444444444444444,
            -0.004687500000000011,
            -0.05740740740740735,
            0.05052083333333335,
            -0.06481481481481477,
            -0.011458333333333348,
            0.11851851851851847
        ],
        [
            0.3697916666666667,
            0.8527777777777777,
            -0.011458333333333348,
            -0.04907407407407405,
            0.039583333333333304,
            -0.0703703703703703,
            -0.019270833333333348,
            0.12129629629629635
        ],
        [
            0.3609375,
            0.8416666666666667,
            -0.009375000000000022,
            -0.047222222222222276,
            0.04479166666666662,
            -0.06481481481481477,
            0.005208333333333315,
            0.13703703703703707
        ]
    ],
    "original_data": [
        {
            "time_step": 1,
            "original_data_path": "/content/drive/Othercomputers/\ub0b4 \ub178\ud2b8\ubd81/Forked_Models/Validation/Validation/_\ub77c\ubca8_General_val_C/district/3. \ud6c4\ubc29 \ubc29\ud5a5 \uc774\ubbf8\uc9c0/[district]day_708C/[district]day_708C_60.json",
            "id": 8
        },
        {
            "time_step": 2,
            "original_data_path": "/content/drive/Othercomputers/\ub0b4 \ub178\ud2b8\ubd81/Forked_Models/Validation/Validation/_\ub77c\ubca8_General_val_C/district/3. \ud6c4\ubc29 \ubc29\ud5a5 \uc774\ubbf8\uc9c0/[district]day_708C/[district]day_708C_65.json",
            "id": 8
        },
        {
            "time_step": 3,
            "original_data_path": "/content/drive/Othercomputers/\ub0b4 \ub178\ud2b8\ubd81/Forked_Models/Validation/Validation/_\ub77c\ubca8_General_val_C/district/3. \ud6c4\ubc29 \ubc29\ud5a5 \uc774\ubbf8\uc9c0/[district]day_708C/[district]day_708C_70.json",
            "id": 8
        }
    ],
    "label": 2
}