{
    "data": [
        [
            0.3328125,
            0.26851851851851855,
            0.0005208333333333037,
            -0.025925925925925963,
            -0.010416666666666685,
            0.016666666666666663,
            0.03229166666666666,
            0.0037037037037036535
        ],
        [
            0.3385416666666667,
            0.26296296296296295,
            -0.00520833333333337,
            -0.020370370370370372,
            -0.01614583333333336,
            0.014814814814814836,
            0.021874999999999978,
            0.005555555555555591
        ],
        [
            0.3385416666666667,
            0.26296296296296295,
            -0.00520833333333337,
            -0.020370370370370372,
            -0.016666666666666663,
            0.017592592592592604,
            0.0234375,
            0.011111111111111127
        ]
    ],
    "original_data": [
        {
            "time_step": 1,
            "original_data_path": "/content/drive/Othercomputers/\ub0b4 \ub178\ud2b8\ubd81/Forked_Models/Validation/Validation/_\ub77c\ubca8_General_val_C/district/3. \ud6c4\ubc29 \ubc29\ud5a5 \uc774\ubbf8\uc9c0/[district]night_631C/[district]night_631C_580.json",
            "id": 0
        },
        {
            "time_step": 2,
            "original_data_path": "/content/drive/Othercomputers/\ub0b4 \ub178\ud2b8\ubd81/Forked_Models/Validation/Validation/_\ub77c\ubca8_General_val_C/district/3. \ud6c4\ubc29 \ubc29\ud5a5 \uc774\ubbf8\uc9c0/[district]night_631C/[district]night_631C_585.json",
            "id": 0
        },
        {
            "time_step": 3,
            "original_data_path": "/content/drive/Othercomputers/\ub0b4 \ub178\ud2b8\ubd81/Forked_Models/Validation/Validation/_\ub77c\ubca8_General_val_C/district/3. \ud6c4\ubc29 \ubc29\ud5a5 \uc774\ubbf8\uc9c0/[district]night_631C/[district]night_631C_590.json",
            "id": 0
        }
    ],
    "label": 2
}