{
    "data": [
        [
            0.4265625,
            0.7509259259259259,
            -0.003124999999999989,
            -0.09444444444444444,
            0.08281250000000001,
            0.11018518518518527,
            -0.07968750000000002,
            0.04629629629629639
        ],
        [
            0.44375,
            0.6222222222222222,
            -0.004687499999999956,
            -0.061111111111111116,
            0.07500000000000007,
            0.10092592592592586,
            -0.08177083333333329,
            0.07592592592592595
        ],
        [
            0.46875,
            0.5324074074074074,
            -0.002604166666666685,
            -0.062962962962963,
            0.06822916666666667,
            0.08333333333333326,
            -0.06874999999999998,
            0.10462962962962963
        ]
    ],
    "original_data": [
        {
            "time_step": 1,
            "original_data_path": "/content/drive/Othercomputers/\ub0b4 \ub178\ud2b8\ubd81/Forked_Models/Validation/Validation/_\ub77c\ubca8_General_val_C/district/3. \ud6c4\ubc29 \ubc29\ud5a5 \uc774\ubbf8\uc9c0/[district]attend_534C/[district]attend_534C_410.json",
            "id": 5
        },
        {
            "time_step": 2,
            "original_data_path": "/content/drive/Othercomputers/\ub0b4 \ub178\ud2b8\ubd81/Forked_Models/Validation/Validation/_\ub77c\ubca8_General_val_C/district/3. \ud6c4\ubc29 \ubc29\ud5a5 \uc774\ubbf8\uc9c0/[district]attend_534C/[district]attend_534C_415.json",
            "id": 5
        },
        {
            "time_step": 3,
            "original_data_path": "/content/drive/Othercomputers/\ub0b4 \ub178\ud2b8\ubd81/Forked_Models/Validation/Validation/_\ub77c\ubca8_General_val_C/district/3. \ud6c4\ubc29 \ubc29\ud5a5 \uc774\ubbf8\uc9c0/[district]attend_534C/[district]attend_534C_420.json",
            "id": 5
        }
    ],
    "label": 2
}