{
    "data": [
        [
            0.46822916666666664,
            0.40925925925925927,
            -0.0036458333333332926,
            -0.0398148148148148,
            0.007291666666666696,
            0.0018518518518518268,
            -0.009895833333333326,
            0.11203703703703699
        ],
        [
            0.46041666666666664,
            0.41759259259259257,
            -0.004687499999999956,
            -0.054629629629629584,
            0.010416666666666685,
            -0.008333333333333304,
            -0.0036458333333332926,
            0.10648148148148145
        ],
        [
            0.45,
            0.41759259259259257,
            -0.003645833333333348,
            -0.04999999999999999,
            0.006770833333333337,
            -0.008333333333333304,
            0.0015624999999999667,
            0.10555555555555557
        ]
    ],
    "original_data": [
        {
            "time_step": 1,
            "original_data_path": "/content/drive/Othercomputers/\ub0b4 \ub178\ud2b8\ubd81/Forked_Models/Validation/Validation/_\ub77c\ubca8_General_val_C/district/3. \ud6c4\ubc29 \ubc29\ud5a5 \uc774\ubbf8\uc9c0/[district]leave_075C/[district]leave_075C_206.json",
            "id": 5
        },
        {
            "time_step": 2,
            "original_data_path": "/content/drive/Othercomputers/\ub0b4 \ub178\ud2b8\ubd81/Forked_Models/Validation/Validation/_\ub77c\ubca8_General_val_C/district/3. \ud6c4\ubc29 \ubc29\ud5a5 \uc774\ubbf8\uc9c0/[district]leave_075C/[district]leave_075C_208.json",
            "id": 5
        },
        {
            "time_step": 3,
            "original_data_path": "/content/drive/Othercomputers/\ub0b4 \ub178\ud2b8\ubd81/Forked_Models/Validation/Validation/_\ub77c\ubca8_General_val_C/district/3. \ud6c4\ubc29 \ubc29\ud5a5 \uc774\ubbf8\uc9c0/[district]leave_075C/[district]leave_075C_210.json",
            "id": 5
        }
    ],
    "label": 2
}