{
    "data": [
        [
            0.40729166666666666,
            0.4777777777777778,
            -0.006249999999999978,
            -0.061111111111111116,
            -0.013020833333333315,
            0.002777777777777768,
            0.011458333333333348,
            0.08333333333333331
        ],
        [
            0.40729166666666666,
            0.4777777777777778,
            -0.006249999999999978,
            -0.061111111111111116,
            -0.013020833333333315,
            0.0,
            0.011458333333333348,
            0.08333333333333331
        ],
        [
            0.40729166666666666,
            0.4777777777777778,
            -0.006249999999999978,
            -0.061111111111111116,
            -0.013020833333333315,
            0.0,
            0.01874999999999999,
            0.07500000000000001
        ]
    ],
    "original_data": [
        {
            "time_step": 1,
            "original_data_path": "/content/drive/Othercomputers/\ub0b4 \ub178\ud2b8\ubd81/Forked_Models/Validation/Validation/_\ub77c\ubca8_General_val_C/district/3. \ud6c4\ubc29 \ubc29\ud5a5 \uc774\ubbf8\uc9c0/[district]day_567C/[district]day_567C_500.json",
            "id": 3
        },
        {
            "time_step": 2,
            "original_data_path": "/content/drive/Othercomputers/\ub0b4 \ub178\ud2b8\ubd81/Forked_Models/Validation/Validation/_\ub77c\ubca8_General_val_C/district/3. \ud6c4\ubc29 \ubc29\ud5a5 \uc774\ubbf8\uc9c0/[district]day_567C/[district]day_567C_505.json",
            "id": 3
        },
        {
            "time_step": 3,
            "original_data_path": "/content/drive/Othercomputers/\ub0b4 \ub178\ud2b8\ubd81/Forked_Models/Validation/Validation/_\ub77c\ubca8_General_val_C/district/3. \ud6c4\ubc29 \ubc29\ud5a5 \uc774\ubbf8\uc9c0/[district]day_567C/[district]day_567C_510.json",
            "id": 3
        }
    ],
    "label": 2
}