{
    "data": [
        [
            0.3572916666666667,
            0.44722222222222224,
            -0.015104166666666696,
            -0.06759259259259259,
            0.022395833333333337,
            0.012037037037037013,
            0.020833333333333315,
            0.05277777777777776
        ],
        [
            0.3536458333333333,
            0.45925925925925926,
            -0.023958333333333304,
            -0.06481481481481483,
            0.019791666666666652,
            0.007407407407407418,
            0.024479166666666663,
            0.040740740740740744
        ],
        [
            0.35208333333333336,
            0.4564814814814815,
            -0.022395833333333337,
            -0.06851851851851853,
            0.02135416666666662,
            0.010185185185185186,
            0.02604166666666663,
            0.04351851851851851
        ]
    ],
    "original_data": [
        {
            "time_step": 1,
            "original_data_path": "/content/drive/Othercomputers/\ub0b4 \ub178\ud2b8\ubd81/Forked_Models/Validation/Validation/_\ub77c\ubca8_General_val_C/district/3. \ud6c4\ubc29 \ubc29\ud5a5 \uc774\ubbf8\uc9c0/[district]leave_1078C/[district]leave_1078C_750.json",
            "id": 4
        },
        {
            "time_step": 2,
            "original_data_path": "/content/drive/Othercomputers/\ub0b4 \ub178\ud2b8\ubd81/Forked_Models/Validation/Validation/_\ub77c\ubca8_General_val_C/district/3. \ud6c4\ubc29 \ubc29\ud5a5 \uc774\ubbf8\uc9c0/[district]leave_1078C/[district]leave_1078C_755.json",
            "id": 4
        },
        {
            "time_step": 3,
            "original_data_path": "/content/drive/Othercomputers/\ub0b4 \ub178\ud2b8\ubd81/Forked_Models/Validation/Validation/_\ub77c\ubca8_General_val_C/district/3. \ud6c4\ubc29 \ubc29\ud5a5 \uc774\ubbf8\uc9c0/[district]leave_1078C/[district]leave_1078C_760.json",
            "id": 4
        }
    ],
    "label": 2
}