{
    "data": [
        [
            0.6661458333333333,
            0.487962962962963,
            0.002083333333333326,
            -0.0490740740740741,
            -0.036979166666666674,
            -0.0018518518518518823,
            0.023958333333333304,
            0.013888888888888895
        ],
        [
            0.6661458333333333,
            0.487962962962963,
            0.002083333333333326,
            -0.0490740740740741,
            -0.036979166666666674,
            -0.0018518518518518823,
            0.023958333333333304,
            0.013888888888888895
        ],
        [
            0.6661458333333333,
            0.487962962962963,
            0.002083333333333326,
            -0.0490740740740741,
            -0.036979166666666674,
            -0.0018518518518518823,
            0.023958333333333304,
            0.013888888888888895
        ]
    ],
    "original_data": [
        {
            "time_step": 1,
            "original_data_path": "/content/drive/Othercomputers/\ub0b4 \ub178\ud2b8\ubd81/Forked_Models/Validation/Validation/_\ub77c\ubca8_General_val_C/district/3. \ud6c4\ubc29 \ubc29\ud5a5 \uc774\ubbf8\uc9c0/[district]day_567C/[district]day_567C_390.json",
            "id": 4
        },
        {
            "time_step": 2,
            "original_data_path": "/content/drive/Othercomputers/\ub0b4 \ub178\ud2b8\ubd81/Forked_Models/Validation/Validation/_\ub77c\ubca8_General_val_C/district/3. \ud6c4\ubc29 \ubc29\ud5a5 \uc774\ubbf8\uc9c0/[district]day_567C/[district]day_567C_395.json",
            "id": 4
        },
        {
            "time_step": 3,
            "original_data_path": "/content/drive/Othercomputers/\ub0b4 \ub178\ud2b8\ubd81/Forked_Models/Validation/Validation/_\ub77c\ubca8_General_val_C/district/3. \ud6c4\ubc29 \ubc29\ud5a5 \uc774\ubbf8\uc9c0/[district]day_567C/[district]day_567C_400.json",
            "id": 4
        }
    ],
    "label": 2
}