{
    "data": [
        [
            0.6322916666666667,
            0.3101851851851852,
            0.0010416666666666075,
            -0.040740740740740744,
            -0.03281250000000002,
            -0.012037037037037013,
            0.02604166666666663,
            0.00833333333333336
        ],
        [
            0.6380208333333334,
            0.2898148148148148,
            0.0005208333333333037,
            -0.04999999999999999,
            -0.026562500000000044,
            -0.008333333333333304,
            0.021874999999999978,
            0.00462962962962965
        ],
        [
            0.6322916666666667,
            0.26666666666666666,
            0.0026041666666666297,
            -0.04166666666666666,
            -0.028125000000000067,
            0.006481481481481477,
            0.021354166666666674,
            0.016666666666666663
        ]
    ],
    "original_data": [
        {
            "time_step": 1,
            "original_data_path": "/content/drive/Othercomputers/\ub0b4 \ub178\ud2b8\ubd81/Forked_Models/Validation/Validation/_\ub77c\ubca8_General_val_C/district/3. \ud6c4\ubc29 \ubc29\ud5a5 \uc774\ubbf8\uc9c0/[district]day_731C/[district]day_731C_320.json",
            "id": 0
        },
        {
            "time_step": 2,
            "original_data_path": "/content/drive/Othercomputers/\ub0b4 \ub178\ud2b8\ubd81/Forked_Models/Validation/Validation/_\ub77c\ubca8_General_val_C/district/3. \ud6c4\ubc29 \ubc29\ud5a5 \uc774\ubbf8\uc9c0/[district]day_731C/[district]day_731C_325.json",
            "id": 0
        },
        {
            "time_step": 3,
            "original_data_path": "/content/drive/Othercomputers/\ub0b4 \ub178\ud2b8\ubd81/Forked_Models/Validation/Validation/_\ub77c\ubca8_General_val_C/district/3. \ud6c4\ubc29 \ubc29\ud5a5 \uc774\ubbf8\uc9c0/[district]day_731C/[district]day_731C_330.json",
            "id": 0
        }
    ],
    "label": 2
}