{
    "data": [
        [
            0.7932291666666667,
            0.8425925925925926,
            0.008333333333333304,
            -0.05092592592592593,
            -0.05052083333333335,
            -0.0018518518518517713,
            0.048958333333333326,
            -0.008333333333333304
        ],
        [
            0.7963541666666667,
            0.8222222222222222,
            0.0067708333333332815,
            -0.04629629629629628,
            -0.061979166666666696,
            0.017592592592592604,
            0.03437499999999993,
            0.017592592592592604
        ],
        [
            0.796875,
            0.825925925925926,
            0.007291666666666696,
            -0.050000000000000044,
            -0.0546875,
            0.022222222222222143,
            0.03229166666666672,
            -0.0009259259259259967
        ]
    ],
    "original_data": [
        {
            "time_step": 1,
            "original_data_path": "/content/drive/Othercomputers/\ub0b4 \ub178\ud2b8\ubd81/Forked_Models/Validation/Validation/_\ub77c\ubca8_General_val_C/district/3. \ud6c4\ubc29 \ubc29\ud5a5 \uc774\ubbf8\uc9c0/[district]leave_075C/[district]leave_075C_44.json",
            "id": 4
        },
        {
            "time_step": 2,
            "original_data_path": "/content/drive/Othercomputers/\ub0b4 \ub178\ud2b8\ubd81/Forked_Models/Validation/Validation/_\ub77c\ubca8_General_val_C/district/3. \ud6c4\ubc29 \ubc29\ud5a5 \uc774\ubbf8\uc9c0/[district]leave_075C/[district]leave_075C_46.json",
            "id": 4
        },
        {
            "time_step": 3,
            "original_data_path": "/content/drive/Othercomputers/\ub0b4 \ub178\ud2b8\ubd81/Forked_Models/Validation/Validation/_\ub77c\ubca8_General_val_C/district/3. \ud6c4\ubc29 \ubc29\ud5a5 \uc774\ubbf8\uc9c0/[district]leave_075C/[district]leave_075C_48.json",
            "id": 4
        }
    ],
    "label": 2
}