{
    "data": [
        [
            0.36666666666666664,
            0.1935185185185185,
            -0.016145833333333304,
            -0.0046296296296296224,
            -0.0234375,
            0.03518518518518521,
            0.029166666666666674,
            0.030555555555555558
        ],
        [
            0.36041666666666666,
            0.2064814814814815,
            -0.005208333333333315,
            -0.020370370370370372,
            -0.02656249999999999,
            0.024999999999999994,
            0.027604166666666652,
            0.025925925925925908
        ],
        [
            0.35833333333333334,
            0.23055555555555557,
            -0.003645833333333348,
            -0.02777777777777779,
            -0.0234375,
            0.021296296296296258,
            0.027604166666666652,
            0.028703703703703676
        ]
    ],
    "original_data": [
        {
            "time_step": 1,
            "original_data_path": "/content/drive/Othercomputers/\ub0b4 \ub178\ud2b8\ubd81/Forked_Models/Validation/Validation/_\ub77c\ubca8_General_val_C/district/3. \ud6c4\ubc29 \ubc29\ud5a5 \uc774\ubbf8\uc9c0/[district]night_632C/[district]night_632C_390.json",
            "id": 4
        },
        {
            "time_step": 2,
            "original_data_path": "/content/drive/Othercomputers/\ub0b4 \ub178\ud2b8\ubd81/Forked_Models/Validation/Validation/_\ub77c\ubca8_General_val_C/district/3. \ud6c4\ubc29 \ubc29\ud5a5 \uc774\ubbf8\uc9c0/[district]night_632C/[district]night_632C_395.json",
            "id": 4
        },
        {
            "time_step": 3,
            "original_data_path": "/content/drive/Othercomputers/\ub0b4 \ub178\ud2b8\ubd81/Forked_Models/Validation/Validation/_\ub77c\ubca8_General_val_C/district/3. \ud6c4\ubc29 \ubc29\ud5a5 \uc774\ubbf8\uc9c0/[district]night_632C/[district]night_632C_400.json",
            "id": 4
        }
    ],
    "label": 2
}