{
    "data": [
        [
            0.44895833333333335,
            0.4722222222222222,
            -0.008854166666666663,
            -0.05740740740740741,
            -0.03125,
            0.014814814814814836,
            0.041145833333333326,
            0.054629629629629695
        ],
        [
            0.4515625,
            0.46111111111111114,
            -0.004166666666666652,
            -0.05925925925925929,
            -0.03385416666666663,
            0.01759259259259255,
            0.038541666666666696,
            0.05833333333333335
        ],
        [
            0.4515625,
            0.46111111111111114,
            -0.004166666666666652,
            -0.05925925925925929,
            -0.03385416666666663,
            0.01759259259259255,
            0.038541666666666696,
            0.05833333333333335
        ]
    ],
    "original_data": [
        {
            "time_step": 1,
            "original_data_path": "/content/drive/Othercomputers/\ub0b4 \ub178\ud2b8\ubd81/Forked_Models/Validation/Validation/_\ub77c\ubca8_General_val_C/district/3. \ud6c4\ubc29 \ubc29\ud5a5 \uc774\ubbf8\uc9c0/[district]day_567C/[district]day_567C_400.json",
            "id": 3
        },
        {
            "time_step": 2,
            "original_data_path": "/content/drive/Othercomputers/\ub0b4 \ub178\ud2b8\ubd81/Forked_Models/Validation/Validation/_\ub77c\ubca8_General_val_C/district/3. \ud6c4\ubc29 \ubc29\ud5a5 \uc774\ubbf8\uc9c0/[district]day_567C/[district]day_567C_405.json",
            "id": 3
        },
        {
            "time_step": 3,
            "original_data_path": "/content/drive/Othercomputers/\ub0b4 \ub178\ud2b8\ubd81/Forked_Models/Validation/Validation/_\ub77c\ubca8_General_val_C/district/3. \ud6c4\ubc29 \ubc29\ud5a5 \uc774\ubbf8\uc9c0/[district]day_567C/[district]day_567C_410.json",
            "id": 3
        }
    ],
    "label": 2
}