{
    "data": [
        [
            0.7953125,
            0.15185185185185185,
            -0.0010416666666666075,
            -0.028703703703703703,
            -0.027083333333333348,
            0.01574074074074075,
            0.014062499999999978,
            0.025925925925925936
        ],
        [
            0.7953125,
            0.15185185185185185,
            -0.0010416666666666075,
            -0.028703703703703703,
            -0.027083333333333348,
            0.01574074074074075,
            0.014062499999999978,
            0.025925925925925936
        ],
        [
            0.7953125,
            0.14907407407407408,
            -0.0010416666666666075,
            -0.028703703703703717,
            -0.027083333333333348,
            0.015740740740740722,
            0.014062499999999978,
            0.025925925925925908
        ]
    ],
    "original_data": [
        {
            "time_step": 1,
            "original_data_path": "/content/drive/Othercomputers/\ub0b4 \ub178\ud2b8\ubd81/Forked_Models/Validation/Validation/_\ub77c\ubca8_General_val_C/district/3. \ud6c4\ubc29 \ubc29\ud5a5 \uc774\ubbf8\uc9c0/[district]attend_057C/[district]attend_057C_84.json",
            "id": 2
        },
        {
            "time_step": 2,
            "original_data_path": "/content/drive/Othercomputers/\ub0b4 \ub178\ud2b8\ubd81/Forked_Models/Validation/Validation/_\ub77c\ubca8_General_val_C/district/3. \ud6c4\ubc29 \ubc29\ud5a5 \uc774\ubbf8\uc9c0/[district]attend_057C/[district]attend_057C_86.json",
            "id": 2
        },
        {
            "time_step": 3,
            "original_data_path": "/content/drive/Othercomputers/\ub0b4 \ub178\ud2b8\ubd81/Forked_Models/Validation/Validation/_\ub77c\ubca8_General_val_C/district/3. \ud6c4\ubc29 \ubc29\ud5a5 \uc774\ubbf8\uc9c0/[district]attend_057C/[district]attend_057C_88.json",
            "id": 2
        }
    ],
    "label": 2
}