{
    "data": [
        [
            0.4088541666666667,
            0.7212962962962963,
            -0.016666666666666663,
            -0.03703703703703709,
            -0.03489583333333335,
            -0.056481481481481466,
            0.060416666666666674,
            0.08425925925925926
        ],
        [
            0.4088541666666667,
            0.7212962962962963,
            -0.016666666666666663,
            -0.03703703703703709,
            -0.03489583333333335,
            -0.056481481481481466,
            0.060416666666666674,
            0.08425925925925926
        ],
        [
            0.4088541666666667,
            0.7296296296296296,
            -0.016666666666666663,
            -0.03703703703703709,
            -0.03489583333333335,
            -0.056481481481481466,
            0.060416666666666674,
            0.08333333333333337
        ]
    ],
    "original_data": [
        {
            "time_step": 1,
            "original_data_path": "/content/drive/Othercomputers/\ub0b4 \ub178\ud2b8\ubd81/Forked_Models/Validation/Validation/_\ub77c\ubca8_General_val_C/district/3. \ud6c4\ubc29 \ubc29\ud5a5 \uc774\ubbf8\uc9c0/[district]morning_649C/[district]morning_649C_75.json",
            "id": 4
        },
        {
            "time_step": 2,
            "original_data_path": "/content/drive/Othercomputers/\ub0b4 \ub178\ud2b8\ubd81/Forked_Models/Validation/Validation/_\ub77c\ubca8_General_val_C/district/3. \ud6c4\ubc29 \ubc29\ud5a5 \uc774\ubbf8\uc9c0/[district]morning_649C/[district]morning_649C_80.json",
            "id": 4
        },
        {
            "time_step": 3,
            "original_data_path": "/content/drive/Othercomputers/\ub0b4 \ub178\ud2b8\ubd81/Forked_Models/Validation/Validation/_\ub77c\ubca8_General_val_C/district/3. \ud6c4\ubc29 \ubc29\ud5a5 \uc774\ubbf8\uc9c0/[district]morning_649C/[district]morning_649C_85.json",
            "id": 4
        }
    ],
    "label": 2
}