{
    "data": [
        [
            0.6369791666666667,
            0.4777777777777778,
            -0.0010416666666666075,
            -0.041666666666666685,
            -0.03385416666666663,
            0.004629629629629595,
            0.023958333333333304,
            0.006481481481481477
        ],
        [
            0.6369791666666667,
            0.4777777777777778,
            -0.0010416666666666075,
            -0.041666666666666685,
            -0.03385416666666663,
            0.004629629629629595,
            0.023958333333333304,
            0.006481481481481477
        ],
        [
            0.6385416666666667,
            0.4824074074074074,
            0.0005208333333333037,
            -0.040740740740740744,
            -0.03541666666666665,
            0.0,
            0.02239583333333328,
            0.0018518518518518823
        ]
    ],
    "original_data": [
        {
            "time_step": 1,
            "original_data_path": "/content/drive/Othercomputers/\ub0b4 \ub178\ud2b8\ubd81/Forked_Models/Validation/Validation/_\ub77c\ubca8_General_val_C/district/3. \ud6c4\ubc29 \ubc29\ud5a5 \uc774\ubbf8\uc9c0/[district]night_617C/[district]night_617C_505.json",
            "id": 2
        },
        {
            "time_step": 2,
            "original_data_path": "/content/drive/Othercomputers/\ub0b4 \ub178\ud2b8\ubd81/Forked_Models/Validation/Validation/_\ub77c\ubca8_General_val_C/district/3. \ud6c4\ubc29 \ubc29\ud5a5 \uc774\ubbf8\uc9c0/[district]night_617C/[district]night_617C_510.json",
            "id": 2
        },
        {
            "time_step": 3,
            "original_data_path": "/content/drive/Othercomputers/\ub0b4 \ub178\ud2b8\ubd81/Forked_Models/Validation/Validation/_\ub77c\ubca8_General_val_C/district/3. \ud6c4\ubc29 \ubc29\ud5a5 \uc774\ubbf8\uc9c0/[district]night_617C/[district]night_617C_515.json",
            "id": 2
        }
    ],
    "label": 2
}