{
    "data": [
        [
            0.634375,
            0.2953703703703704,
            0.0010416666666666075,
            -0.030555555555555558,
            -0.027083333333333348,
            0.0018518518518518268,
            0.019791666666666652,
            0.006481481481481477
        ],
        [
            0.634375,
            0.2953703703703704,
            0.0005208333333333037,
            -0.029629629629629672,
            -0.027083333333333348,
            0.0018518518518518268,
            0.019791666666666652,
            0.006481481481481477
        ],
        [
            0.6302083333333334,
            0.2898148148148148,
            -0.003645833333333348,
            -0.024999999999999967,
            -0.02447916666666672,
            0.002777777777777768,
            0.021354166666666674,
            0.007407407407407418
        ]
    ],
    "original_data": [
        {
            "time_step": 1,
            "original_data_path": "/content/drive/Othercomputers/\ub0b4 \ub178\ud2b8\ubd81/Forked_Models/Validation/Validation/_\ub77c\ubca8_General_val_C/district/3. \ud6c4\ubc29 \ubc29\ud5a5 \uc774\ubbf8\uc9c0/[district]leave_438C/[district]leave_438C_245.json",
            "id": 1
        },
        {
            "time_step": 2,
            "original_data_path": "/content/drive/Othercomputers/\ub0b4 \ub178\ud2b8\ubd81/Forked_Models/Validation/Validation/_\ub77c\ubca8_General_val_C/district/3. \ud6c4\ubc29 \ubc29\ud5a5 \uc774\ubbf8\uc9c0/[district]leave_438C/[district]leave_438C_250.json",
            "id": 1
        },
        {
            "time_step": 3,
            "original_data_path": "/content/drive/Othercomputers/\ub0b4 \ub178\ud2b8\ubd81/Forked_Models/Validation/Validation/_\ub77c\ubca8_General_val_C/district/3. \ud6c4\ubc29 \ubc29\ud5a5 \uc774\ubbf8\uc9c0/[district]leave_438C/[district]leave_438C_255.json",
            "id": 1
        }
    ],
    "label": 2
}