{
    "data": [
        [
            0.6427083333333333,
            0.49907407407407406,
            0.002083333333333326,
            -0.02777777777777779,
            -0.03749999999999998,
            0.004629629629629595,
            0.036979166666666674,
            0.010185185185185242
        ],
        [
            0.6427083333333333,
            0.49907407407407406,
            0.002083333333333326,
            -0.02777777777777779,
            -0.03749999999999998,
            0.004629629629629595,
            0.036979166666666674,
            0.010185185185185242
        ],
        [
            0.6427083333333333,
            0.49907407407407406,
            0.002083333333333326,
            -0.02777777777777779,
            -0.03749999999999998,
            0.004629629629629595,
            0.036979166666666674,
            0.010185185185185242
        ]
    ],
    "original_data": [
        {
            "time_step": 1,
            "original_data_path": "/content/drive/Othercomputers/\ub0b4 \ub178\ud2b8\ubd81/Forked_Models/Validation/Validation/_\ub77c\ubca8_General_val_C/district/3. \ud6c4\ubc29 \ubc29\ud5a5 \uc774\ubbf8\uc9c0/[district]attend_560C/[district]attend_560C_330.json",
            "id": 1
        },
        {
            "time_step": 2,
            "original_data_path": "/content/drive/Othercomputers/\ub0b4 \ub178\ud2b8\ubd81/Forked_Models/Validation/Validation/_\ub77c\ubca8_General_val_C/district/3. \ud6c4\ubc29 \ubc29\ud5a5 \uc774\ubbf8\uc9c0/[district]attend_560C/[district]attend_560C_335.json",
            "id": 1
        },
        {
            "time_step": 3,
            "original_data_path": "/content/drive/Othercomputers/\ub0b4 \ub178\ud2b8\ubd81/Forked_Models/Validation/Validation/_\ub77c\ubca8_General_val_C/district/3. \ud6c4\ubc29 \ubc29\ud5a5 \uc774\ubbf8\uc9c0/[district]attend_560C/[district]attend_560C_340.json",
            "id": 1
        }
    ],
    "label": 2
}