{
    "data": [
        [
            0.340625,
            0.8722222222222222,
            -0.011979166666666652,
            -0.059259259259259234,
            0.05729166666666663,
            -0.07314814814814818,
            0.0078125,
            0.11203703703703705
        ],
        [
            0.34322916666666664,
            0.9074074074074074,
            -0.01041666666666663,
            -0.06203703703703711,
            0.05677083333333338,
            -0.09907407407407409,
            0.00520833333333337,
            0.07685185185185184
        ],
        [
            0.334375,
            0.9296296296296296,
            -0.011979166666666652,
            -0.061111111111111116,
            0.061979166666666696,
            -0.10277777777777775,
            0.014062500000000033,
            0.054629629629629695
        ]
    ],
    "original_data": [
        {
            "time_step": 1,
            "original_data_path": "/content/drive/Othercomputers/\ub0b4 \ub178\ud2b8\ubd81/Forked_Models/Validation/Validation/_\ub77c\ubca8_General_val_C/district/3. \ud6c4\ubc29 \ubc29\ud5a5 \uc774\ubbf8\uc9c0/[district]day_708C/[district]day_708C_115.json",
            "id": 8
        },
        {
            "time_step": 2,
            "original_data_path": "/content/drive/Othercomputers/\ub0b4 \ub178\ud2b8\ubd81/Forked_Models/Validation/Validation/_\ub77c\ubca8_General_val_C/district/3. \ud6c4\ubc29 \ubc29\ud5a5 \uc774\ubbf8\uc9c0/[district]day_708C/[district]day_708C_120.json",
            "id": 8
        },
        {
            "time_step": 3,
            "original_data_path": "/content/drive/Othercomputers/\ub0b4 \ub178\ud2b8\ubd81/Forked_Models/Validation/Validation/_\ub77c\ubca8_General_val_C/district/3. \ud6c4\ubc29 \ubc29\ud5a5 \uc774\ubbf8\uc9c0/[district]day_708C/[district]day_708C_125.json",
            "id": 8
        }
    ],
    "label": 2
}