{
    "data": [
        [
            0.634375,
            0.4583333333333333,
            0.0015625000000000222,
            -0.02685185185185185,
            -0.03489583333333335,
            0.0,
            0.03437499999999993,
            0.0009259259259259411
        ],
        [
            0.634375,
            0.4583333333333333,
            0.0015625000000000222,
            -0.02685185185185185,
            -0.03489583333333335,
            0.0,
            0.03437499999999993,
            0.0009259259259259411
        ],
        [
            0.634375,
            0.4583333333333333,
            0.003645833333333348,
            -0.024999999999999967,
            -0.03489583333333335,
            0.0,
            0.03437499999999993,
            0.0009259259259259411
        ]
    ],
    "original_data": [
        {
            "time_step": 1,
            "original_data_path": "/content/drive/Othercomputers/\ub0b4 \ub178\ud2b8\ubd81/Forked_Models/Validation/Validation/_\ub77c\ubca8_General_val_C/district/3. \ud6c4\ubc29 \ubc29\ud5a5 \uc774\ubbf8\uc9c0/[district]morning_512C/[district]morning_512C_415.json",
            "id": 2
        },
        {
            "time_step": 2,
            "original_data_path": "/content/drive/Othercomputers/\ub0b4 \ub178\ud2b8\ubd81/Forked_Models/Validation/Validation/_\ub77c\ubca8_General_val_C/district/3. \ud6c4\ubc29 \ubc29\ud5a5 \uc774\ubbf8\uc9c0/[district]morning_512C/[district]morning_512C_420.json",
            "id": 2
        },
        {
            "time_step": 3,
            "original_data_path": "/content/drive/Othercomputers/\ub0b4 \ub178\ud2b8\ubd81/Forked_Models/Validation/Validation/_\ub77c\ubca8_General_val_C/district/3. \ud6c4\ubc29 \ubc29\ud5a5 \uc774\ubbf8\uc9c0/[district]morning_512C/[district]morning_512C_425.json",
            "id": 2
        }
    ],
    "label": 2
}