{
    "data": [
        [
            0.6421875,
            0.5074074074074074,
            0.004166666666666652,
            -0.029629629629629617,
            -0.036979166666666674,
            -0.0037037037037037646,
            0.03749999999999998,
            0.0018518518518518823
        ],
        [
            0.6421875,
            0.5074074074074074,
            0.004166666666666652,
            -0.029629629629629617,
            -0.036979166666666674,
            -0.0037037037037037646,
            0.03749999999999998,
            0.0018518518518518823
        ],
        [
            0.6421875,
            0.5074074074074074,
            0.0031249999999999334,
            -0.030555555555555558,
            -0.036979166666666674,
            -0.0037037037037037646,
            0.03749999999999998,
            0.0018518518518518823
        ]
    ],
    "original_data": [
        {
            "time_step": 1,
            "original_data_path": "/content/drive/Othercomputers/\ub0b4 \ub178\ud2b8\ubd81/Forked_Models/Validation/Validation/_\ub77c\ubca8_General_val_C/district/3. \ud6c4\ubc29 \ubc29\ud5a5 \uc774\ubbf8\uc9c0/[district]attend_560C/[district]attend_560C_270.json",
            "id": 1
        },
        {
            "time_step": 2,
            "original_data_path": "/content/drive/Othercomputers/\ub0b4 \ub178\ud2b8\ubd81/Forked_Models/Validation/Validation/_\ub77c\ubca8_General_val_C/district/3. \ud6c4\ubc29 \ubc29\ud5a5 \uc774\ubbf8\uc9c0/[district]attend_560C/[district]attend_560C_275.json",
            "id": 1
        },
        {
            "time_step": 3,
            "original_data_path": "/content/drive/Othercomputers/\ub0b4 \ub178\ud2b8\ubd81/Forked_Models/Validation/Validation/_\ub77c\ubca8_General_val_C/district/3. \ud6c4\ubc29 \ubc29\ud5a5 \uc774\ubbf8\uc9c0/[district]attend_560C/[district]attend_560C_280.json",
            "id": 1
        }
    ],
    "label": 2
}