{
    "data": [
        [
            0.3927083333333333,
            0.37407407407407406,
            -0.012500000000000011,
            -0.05092592592592593,
            0.017187500000000022,
            0.021296296296296313,
            0.019270833333333348,
            0.08981481481481485
        ],
        [
            0.3963541666666667,
            0.37407407407407406,
            -0.018229166666666685,
            -0.056481481481481466,
            0.009895833333333326,
            0.03888888888888892,
            0.019791666666666652,
            0.11296296296296299
        ],
        [
            0.3963541666666667,
            0.37407407407407406,
            -0.012500000000000011,
            -0.055555555555555525,
            0.009895833333333326,
            0.03888888888888892,
            0.026041666666666685,
            0.11574074074074076
        ]
    ],
    "original_data": [
        {
            "time_step": 1,
            "original_data_path": "/content/drive/Othercomputers/\ub0b4 \ub178\ud2b8\ubd81/Forked_Models/Validation/Validation/_\ub77c\ubca8_General_val_C/district/3. \ud6c4\ubc29 \ubc29\ud5a5 \uc774\ubbf8\uc9c0/[district]leave_1078C/[district]leave_1078C_470.json",
            "id": 4
        },
        {
            "time_step": 2,
            "original_data_path": "/content/drive/Othercomputers/\ub0b4 \ub178\ud2b8\ubd81/Forked_Models/Validation/Validation/_\ub77c\ubca8_General_val_C/district/3. \ud6c4\ubc29 \ubc29\ud5a5 \uc774\ubbf8\uc9c0/[district]leave_1078C/[district]leave_1078C_475.json",
            "id": 4
        },
        {
            "time_step": 3,
            "original_data_path": "/content/drive/Othercomputers/\ub0b4 \ub178\ud2b8\ubd81/Forked_Models/Validation/Validation/_\ub77c\ubca8_General_val_C/district/3. \ud6c4\ubc29 \ubc29\ud5a5 \uc774\ubbf8\uc9c0/[district]leave_1078C/[district]leave_1078C_480.json",
            "id": 4
        }
    ],
    "label": 2
}