{
    "data": [
        [
            0.5692708333333333,
            0.28055555555555556,
            0.0026041666666667407,
            -0.045370370370370366,
            -0.026562499999999933,
            0.002777777777777768,
            0.01666666666666672,
            -0.003703703703703709
        ],
        [
            0.5697916666666667,
            0.27685185185185185,
            0.009895833333333326,
            -0.04351851851851851,
            -0.027083333333333348,
            0.006481481481481477,
            0.016145833333333304,
            0.0
        ],
        [
            0.5692708333333333,
            0.28055555555555556,
            0.011979166666666763,
            -0.04166666666666666,
            -0.026562499999999933,
            0.002777777777777768,
            0.01666666666666672,
            -0.003703703703703709
        ]
    ],
    "original_data": [
        {
            "time_step": 1,
            "original_data_path": "/content/drive/Othercomputers/\ub0b4 \ub178\ud2b8\ubd81/Forked_Models/Validation/Validation/_\ub77c\ubca8_General_val_C/district/3. \ud6c4\ubc29 \ubc29\ud5a5 \uc774\ubbf8\uc9c0/[district]attend_534C/[district]attend_534C_460.json",
            "id": 1
        },
        {
            "time_step": 2,
            "original_data_path": "/content/drive/Othercomputers/\ub0b4 \ub178\ud2b8\ubd81/Forked_Models/Validation/Validation/_\ub77c\ubca8_General_val_C/district/3. \ud6c4\ubc29 \ubc29\ud5a5 \uc774\ubbf8\uc9c0/[district]attend_534C/[district]attend_534C_465.json",
            "id": 1
        },
        {
            "time_step": 3,
            "original_data_path": "/content/drive/Othercomputers/\ub0b4 \ub178\ud2b8\ubd81/Forked_Models/Validation/Validation/_\ub77c\ubca8_General_val_C/district/3. \ud6c4\ubc29 \ubc29\ud5a5 \uc774\ubbf8\uc9c0/[district]attend_534C/[district]attend_534C_470.json",
            "id": 1
        }
    ],
    "label": 2
}