{
    "data": [
        [
            0.5177083333333333,
            0.2462962962962963,
            -0.003645833333333348,
            -0.02407407407407408,
            -0.019270833333333348,
            0.030555555555555558,
            0.01302083333333337,
            0.02870370370370373
        ],
        [
            0.5166666666666667,
            0.2462962962962963,
            -0.007291666666666696,
            -0.022222222222222227,
            -0.01822916666666674,
            0.030555555555555558,
            0.016145833333333304,
            0.025000000000000022
        ],
        [
            0.5171875,
            0.24814814814814815,
            -0.004166666666666652,
            -0.017592592592592576,
            -0.018750000000000044,
            0.028703703703703703,
            0.012499999999999956,
            0.023148148148148168
        ]
    ],
    "original_data": [
        {
            "time_step": 1,
            "original_data_path": "/content/drive/Othercomputers/\ub0b4 \ub178\ud2b8\ubd81/Forked_Models/Validation/Validation/_\ub77c\ubca8_General_val_C/district/3. \ud6c4\ubc29 \ubc29\ud5a5 \uc774\ubbf8\uc9c0/[district]attend_1048C/[district]attend_1048C_210.json",
            "id": 2
        },
        {
            "time_step": 2,
            "original_data_path": "/content/drive/Othercomputers/\ub0b4 \ub178\ud2b8\ubd81/Forked_Models/Validation/Validation/_\ub77c\ubca8_General_val_C/district/3. \ud6c4\ubc29 \ubc29\ud5a5 \uc774\ubbf8\uc9c0/[district]attend_1048C/[district]attend_1048C_215.json",
            "id": 2
        },
        {
            "time_step": 3,
            "original_data_path": "/content/drive/Othercomputers/\ub0b4 \ub178\ud2b8\ubd81/Forked_Models/Validation/Validation/_\ub77c\ubca8_General_val_C/district/3. \ud6c4\ubc29 \ubc29\ud5a5 \uc774\ubbf8\uc9c0/[district]attend_1048C/[district]attend_1048C_220.json",
            "id": 2
        }
    ],
    "label": 2
}