{
    "data": [
        [
            0.6104166666666667,
            0.15648148148148147,
            -0.0010416666666667185,
            -0.025925925925925908,
            -0.022916666666666696,
            0.018518518518518517,
            0.010937499999999933,
            0.02685185185185185
        ],
        [
            0.5921875,
            0.16018518518518518,
            0.0010416666666667185,
            -0.02685185185185185,
            -0.011979166666666652,
            0.013888888888888895,
            0.025000000000000022,
            0.01574074074074075
        ],
        [
            0.5942708333333333,
            0.16111111111111112,
            -0.002083333333333326,
            -0.029629629629629645,
            -0.014062499999999978,
            0.012962962962962954,
            0.022916666666666696,
            0.014814814814814808
        ]
    ],
    "original_data": [
        {
            "time_step": 1,
            "original_data_path": "/content/drive/Othercomputers/\ub0b4 \ub178\ud2b8\ubd81/Forked_Models/Validation/Validation/_\ub77c\ubca8_General_val_C/district/3. \ud6c4\ubc29 \ubc29\ud5a5 \uc774\ubbf8\uc9c0/[district]attend_013C/[district]attend_013C_76.json",
            "id": 0
        },
        {
            "time_step": 2,
            "original_data_path": "/content/drive/Othercomputers/\ub0b4 \ub178\ud2b8\ubd81/Forked_Models/Validation/Validation/_\ub77c\ubca8_General_val_C/district/3. \ud6c4\ubc29 \ubc29\ud5a5 \uc774\ubbf8\uc9c0/[district]attend_013C/[district]attend_013C_78.json",
            "id": 0
        },
        {
            "time_step": 3,
            "original_data_path": "/content/drive/Othercomputers/\ub0b4 \ub178\ud2b8\ubd81/Forked_Models/Validation/Validation/_\ub77c\ubca8_General_val_C/district/3. \ud6c4\ubc29 \ubc29\ud5a5 \uc774\ubbf8\uc9c0/[district]attend_013C/[district]attend_013C_80.json",
            "id": 0
        }
    ],
    "label": 2
}