{
    "data": [
        [
            0.4088541666666667,
            0.27870370370370373,
            -0.004687500000000011,
            -0.029629629629629645,
            -0.018229166666666685,
            0.01018518518518513,
            0.020833333333333315,
            0.011111111111111072
        ],
        [
            0.41041666666666665,
            0.2712962962962963,
            -0.004166666666666652,
            -0.0314814814814815,
            -0.019791666666666652,
            0.013888888888888895,
            0.019270833333333348,
            0.01481481481481478
        ],
        [
            0.4088541666666667,
            0.28888888888888886,
            -0.004687500000000011,
            -0.03425925925925921,
            -0.018229166666666685,
            0.011111111111111127,
            0.020833333333333315,
            0.012037037037037068
        ]
    ],
    "original_data": [
        {
            "time_step": 1,
            "original_data_path": "/content/drive/Othercomputers/\ub0b4 \ub178\ud2b8\ubd81/Forked_Models/Validation/Validation/_\ub77c\ubca8_General_val_C/district/3. \ud6c4\ubc29 \ubc29\ud5a5 \uc774\ubbf8\uc9c0/[district]day_581C/[district]day_581C_255.json",
            "id": 2
        },
        {
            "time_step": 2,
            "original_data_path": "/content/drive/Othercomputers/\ub0b4 \ub178\ud2b8\ubd81/Forked_Models/Validation/Validation/_\ub77c\ubca8_General_val_C/district/3. \ud6c4\ubc29 \ubc29\ud5a5 \uc774\ubbf8\uc9c0/[district]day_581C/[district]day_581C_260.json",
            "id": 2
        },
        {
            "time_step": 3,
            "original_data_path": "/content/drive/Othercomputers/\ub0b4 \ub178\ud2b8\ubd81/Forked_Models/Validation/Validation/_\ub77c\ubca8_General_val_C/district/3. \ud6c4\ubc29 \ubc29\ud5a5 \uc774\ubbf8\uc9c0/[district]day_581C/[district]day_581C_265.json",
            "id": 2
        }
    ],
    "label": 2
}