{
    "data": [
        [
            0.6927083333333334,
            0.7509259259259259,
            0.01041666666666663,
            -0.0351851851851851,
            -0.052604166666666674,
            -0.0444444444444444,
            0.03749999999999998,
            0.010185185185185186
        ],
        [
            0.6979166666666666,
            0.7546296296296297,
            0.008333333333333415,
            -0.026851851851851904,
            -0.05624999999999991,
            -0.033333333333333326,
            0.03125,
            0.010185185185185186
        ],
        [
            0.6885416666666667,
            0.7583333333333333,
            0.01041666666666663,
            -0.03425925925925921,
            -0.05156250000000007,
            -0.04166666666666663,
            0.043749999999999956,
            0.0037037037037037646
        ]
    ],
    "original_data": [
        {
            "time_step": 1,
            "original_data_path": "/content/drive/Othercomputers/\ub0b4 \ub178\ud2b8\ubd81/Forked_Models/Validation/Validation/_\ub77c\ubca8_General_val_C/district/3. \ud6c4\ubc29 \ubc29\ud5a5 \uc774\ubbf8\uc9c0/[district]night_632C/[district]night_632C_570.json",
            "id": 2
        },
        {
            "time_step": 2,
            "original_data_path": "/content/drive/Othercomputers/\ub0b4 \ub178\ud2b8\ubd81/Forked_Models/Validation/Validation/_\ub77c\ubca8_General_val_C/district/3. \ud6c4\ubc29 \ubc29\ud5a5 \uc774\ubbf8\uc9c0/[district]night_632C/[district]night_632C_575.json",
            "id": 2
        },
        {
            "time_step": 3,
            "original_data_path": "/content/drive/Othercomputers/\ub0b4 \ub178\ud2b8\ubd81/Forked_Models/Validation/Validation/_\ub77c\ubca8_General_val_C/district/3. \ud6c4\ubc29 \ubc29\ud5a5 \uc774\ubbf8\uc9c0/[district]night_632C/[district]night_632C_580.json",
            "id": 2
        }
    ],
    "label": 2
}