{
    "data": [
        [
            0.5635416666666667,
            0.25925925925925924,
            0.0015624999999999112,
            -0.020370370370370344,
            -0.029166666666666674,
            0.012962962962962954,
            0.019791666666666652,
            0.022222222222222254
        ],
        [
            0.5635416666666667,
            0.25925925925925924,
            0.0015624999999999112,
            -0.020370370370370344,
            -0.029166666666666674,
            0.012962962962962954,
            0.019791666666666652,
            0.022222222222222254
        ],
        [
            0.5635416666666667,
            0.2611111111111111,
            0.0015624999999999112,
            -0.02407407407407408,
            -0.023958333333333415,
            -0.006481481481481477,
            0.02499999999999991,
            0.030555555555555558
        ]
    ],
    "original_data": [
        {
            "time_step": 1,
            "original_data_path": "/content/drive/Othercomputers/\ub0b4 \ub178\ud2b8\ubd81/Forked_Models/Validation/Validation/_\ub77c\ubca8_General_val_C/district/3. \ud6c4\ubc29 \ubc29\ud5a5 \uc774\ubbf8\uc9c0/[district]night_632C/[district]night_632C_525.json",
            "id": 0
        },
        {
            "time_step": 2,
            "original_data_path": "/content/drive/Othercomputers/\ub0b4 \ub178\ud2b8\ubd81/Forked_Models/Validation/Validation/_\ub77c\ubca8_General_val_C/district/3. \ud6c4\ubc29 \ubc29\ud5a5 \uc774\ubbf8\uc9c0/[district]night_632C/[district]night_632C_530.json",
            "id": 0
        },
        {
            "time_step": 3,
            "original_data_path": "/content/drive/Othercomputers/\ub0b4 \ub178\ud2b8\ubd81/Forked_Models/Validation/Validation/_\ub77c\ubca8_General_val_C/district/3. \ud6c4\ubc29 \ubc29\ud5a5 \uc774\ubbf8\uc9c0/[district]night_632C/[district]night_632C_535.json",
            "id": 0
        }
    ],
    "label": 2
}