{
    "data": [
        [
            0.40729166666666666,
            0.2759259259259259,
            0.011979166666666652,
            -0.021296296296296258,
            -0.024479166666666663,
            -0.0018518518518518268,
            0.030208333333333337,
            -0.004629629629629595
        ],
        [
            0.4088541666666667,
            0.2657407407407407,
            0.01041666666666663,
            -0.010185185185185186,
            -0.026041666666666685,
            0.00833333333333336,
            0.028645833333333315,
            0.005555555555555591
        ],
        [
            0.4078125,
            0.26666666666666666,
            0.011458333333333293,
            -0.015740740740740722,
            -0.025000000000000022,
            0.007407407407407418,
            0.029687499999999978,
            0.00462962962962965
        ]
    ],
    "original_data": [
        {
            "time_step": 1,
            "original_data_path": "/content/drive/Othercomputers/\ub0b4 \ub178\ud2b8\ubd81/Forked_Models/Validation/Validation/_\ub77c\ubca8_General_val_C/district/3. \ud6c4\ubc29 \ubc29\ud5a5 \uc774\ubbf8\uc9c0/[district]morning_649C/[district]morning_649C_465.json",
            "id": 0
        },
        {
            "time_step": 2,
            "original_data_path": "/content/drive/Othercomputers/\ub0b4 \ub178\ud2b8\ubd81/Forked_Models/Validation/Validation/_\ub77c\ubca8_General_val_C/district/3. \ud6c4\ubc29 \ubc29\ud5a5 \uc774\ubbf8\uc9c0/[district]morning_649C/[district]morning_649C_470.json",
            "id": 0
        },
        {
            "time_step": 3,
            "original_data_path": "/content/drive/Othercomputers/\ub0b4 \ub178\ud2b8\ubd81/Forked_Models/Validation/Validation/_\ub77c\ubca8_General_val_C/district/3. \ud6c4\ubc29 \ubc29\ud5a5 \uc774\ubbf8\uc9c0/[district]morning_649C/[district]morning_649C_475.json",
            "id": 0
        }
    ],
    "label": 2
}