{
    "data": [
        [
            0.5541666666666667,
            0.2759259259259259,
            0.0015625000000000222,
            -0.020370370370370372,
            -0.023958333333333415,
            0.00833333333333336,
            0.024479166666666607,
            0.0092592592592593
        ],
        [
            0.5541666666666667,
            0.2759259259259259,
            0.0015625000000000222,
            -0.020370370370370372,
            -0.023958333333333415,
            0.00833333333333336,
            0.024479166666666607,
            0.0092592592592593
        ],
        [
            0.5541666666666667,
            0.2759259259259259,
            0.0015625000000000222,
            -0.020370370370370372,
            -0.023958333333333415,
            0.00833333333333336,
            0.024479166666666607,
            0.0092592592592593
        ]
    ],
    "original_data": [
        {
            "time_step": 1,
            "original_data_path": "/content/drive/Othercomputers/\ub0b4 \ub178\ud2b8\ubd81/Forked_Models/Validation/Validation/_\ub77c\ubca8_General_val_C/district/3. \ud6c4\ubc29 \ubc29\ud5a5 \uc774\ubbf8\uc9c0/[district]day_708C/[district]day_708C_155.json",
            "id": 1
        },
        {
            "time_step": 2,
            "original_data_path": "/content/drive/Othercomputers/\ub0b4 \ub178\ud2b8\ubd81/Forked_Models/Validation/Validation/_\ub77c\ubca8_General_val_C/district/3. \ud6c4\ubc29 \ubc29\ud5a5 \uc774\ubbf8\uc9c0/[district]day_708C/[district]day_708C_160.json",
            "id": 1
        },
        {
            "time_step": 3,
            "original_data_path": "/content/drive/Othercomputers/\ub0b4 \ub178\ud2b8\ubd81/Forked_Models/Validation/Validation/_\ub77c\ubca8_General_val_C/district/3. \ud6c4\ubc29 \ubc29\ud5a5 \uc774\ubbf8\uc9c0/[district]day_708C/[district]day_708C_165.json",
            "id": 1
        }
    ],
    "label": 2
}