{
    "data": [
        [
            0.4109375,
            0.28888888888888886,
            -0.004687500000000011,
            -0.024074074074074026,
            -0.02031250000000001,
            0.005555555555555591,
            0.01874999999999999,
            0.0064814814814815325
        ],
        [
            0.41041666666666665,
            0.28703703703703703,
            -0.004166666666666652,
            -0.025000000000000022,
            -0.019791666666666652,
            0.007407407407407418,
            0.019270833333333348,
            0.00833333333333336
        ],
        [
            0.4114583333333333,
            0.29444444444444445,
            -0.0036458333333332926,
            -0.02777777777777779,
            -0.020833333333333315,
            0.0,
            0.018229166666666685,
            0.0009259259259259411
        ]
    ],
    "original_data": [
        {
            "time_step": 1,
            "original_data_path": "/content/drive/Othercomputers/\ub0b4 \ub178\ud2b8\ubd81/Forked_Models/Validation/Validation/_\ub77c\ubca8_General_val_C/district/3. \ud6c4\ubc29 \ubc29\ud5a5 \uc774\ubbf8\uc9c0/[district]day_581C/[district]day_581C_165.json",
            "id": 2
        },
        {
            "time_step": 2,
            "original_data_path": "/content/drive/Othercomputers/\ub0b4 \ub178\ud2b8\ubd81/Forked_Models/Validation/Validation/_\ub77c\ubca8_General_val_C/district/3. \ud6c4\ubc29 \ubc29\ud5a5 \uc774\ubbf8\uc9c0/[district]day_581C/[district]day_581C_170.json",
            "id": 2
        },
        {
            "time_step": 3,
            "original_data_path": "/content/drive/Othercomputers/\ub0b4 \ub178\ud2b8\ubd81/Forked_Models/Validation/Validation/_\ub77c\ubca8_General_val_C/district/3. \ud6c4\ubc29 \ubc29\ud5a5 \uc774\ubbf8\uc9c0/[district]day_581C/[district]day_581C_175.json",
            "id": 2
        }
    ],
    "label": 2
}