{
    "data": [
        [
            0.6619791666666667,
            0.6564814814814814,
            0.0067708333333332815,
            -0.02962962962962956,
            -0.03541666666666665,
            0.03981481481481486,
            0.04270833333333335,
            0.03240740740740744
        ],
        [
            0.6619791666666667,
            0.6601851851851852,
            0.0067708333333332815,
            -0.029629629629629672,
            -0.03541666666666665,
            0.03981481481481475,
            0.04270833333333335,
            0.03240740740740733
        ],
        [
            0.6619791666666667,
            0.6611111111111111,
            0.0067708333333332815,
            -0.02962962962962956,
            -0.03541666666666665,
            0.03888888888888886,
            0.04270833333333335,
            0.031481481481481444
        ]
    ],
    "original_data": [
        {
            "time_step": 1,
            "original_data_path": "/content/drive/Othercomputers/\ub0b4 \ub178\ud2b8\ubd81/Forked_Models/Validation/Validation/_\ub77c\ubca8_General_val_C/district/3. \ud6c4\ubc29 \ubc29\ud5a5 \uc774\ubbf8\uc9c0/[district]night_632C/[district]night_632C_170.json",
            "id": 2
        },
        {
            "time_step": 2,
            "original_data_path": "/content/drive/Othercomputers/\ub0b4 \ub178\ud2b8\ubd81/Forked_Models/Validation/Validation/_\ub77c\ubca8_General_val_C/district/3. \ud6c4\ubc29 \ubc29\ud5a5 \uc774\ubbf8\uc9c0/[district]night_632C/[district]night_632C_175.json",
            "id": 2
        },
        {
            "time_step": 3,
            "original_data_path": "/content/drive/Othercomputers/\ub0b4 \ub178\ud2b8\ubd81/Forked_Models/Validation/Validation/_\ub77c\ubca8_General_val_C/district/3. \ud6c4\ubc29 \ubc29\ud5a5 \uc774\ubbf8\uc9c0/[district]night_632C/[district]night_632C_180.json",
            "id": 2
        }
    ],
    "label": 2
}