{
    "data": [
        [
            0.4171875,
            0.2796296296296296,
            -0.003124999999999989,
            -0.02407407407407408,
            -0.02031250000000001,
            0.006481481481481477,
            0.022395833333333337,
            0.00462962962962965
        ],
        [
            0.41822916666666665,
            0.28055555555555556,
            -0.003124999999999989,
            -0.021296296296296313,
            -0.021354166666666674,
            0.005555555555555536,
            0.021354166666666674,
            0.003703703703703709
        ],
        [
            0.4203125,
            0.2814814814814815,
            -0.001041666666666663,
            -0.022222222222222254,
            -0.0234375,
            0.004629629629629595,
            0.019270833333333348,
            0.002777777777777768
        ]
    ],
    "original_data": [
        {
            "time_step": 1,
            "original_data_path": "/content/drive/Othercomputers/\ub0b4 \ub178\ud2b8\ubd81/Forked_Models/Validation/Validation/_\ub77c\ubca8_General_val_C/district/3. \ud6c4\ubc29 \ubc29\ud5a5 \uc774\ubbf8\uc9c0/[district]day_708C/[district]day_708C_20.json",
            "id": 0
        },
        {
            "time_step": 2,
            "original_data_path": "/content/drive/Othercomputers/\ub0b4 \ub178\ud2b8\ubd81/Forked_Models/Validation/Validation/_\ub77c\ubca8_General_val_C/district/3. \ud6c4\ubc29 \ubc29\ud5a5 \uc774\ubbf8\uc9c0/[district]day_708C/[district]day_708C_25.json",
            "id": 0
        },
        {
            "time_step": 3,
            "original_data_path": "/content/drive/Othercomputers/\ub0b4 \ub178\ud2b8\ubd81/Forked_Models/Validation/Validation/_\ub77c\ubca8_General_val_C/district/3. \ud6c4\ubc29 \ubc29\ud5a5 \uc774\ubbf8\uc9c0/[district]day_708C/[district]day_708C_30.json",
            "id": 0
        }
    ],
    "label": 2
}