{
    "data": [
        [
            0.721875,
            0.3314814814814815,
            0.002083333333333326,
            -0.012962962962962954,
            -0.031770833333333415,
            -0.02685185185185185,
            0.025520833333333326,
            -0.010185185185185186
        ],
        [
            0.7322916666666667,
            0.31851851851851853,
            0.002083333333333326,
            -0.013888888888888895,
            -0.03125,
            -0.02777777777777779,
            0.025520833333333326,
            -0.011111111111111127
        ],
        [
            0.7322916666666667,
            0.31851851851851853,
            0.002083333333333326,
            -0.013888888888888895,
            -0.03125,
            -0.02777777777777779,
            0.025520833333333326,
            -0.011111111111111127
        ]
    ],
    "original_data": [
        {
            "time_step": 1,
            "original_data_path": "/content/drive/Othercomputers/\ub0b4 \ub178\ud2b8\ubd81/Forked_Models/Validation/Validation/_\ub77c\ubca8_General_val_C/district/3. \ud6c4\ubc29 \ubc29\ud5a5 \uc774\ubbf8\uc9c0/[district]leave_047C/[district]leave_047C_104.json",
            "id": 6
        },
        {
            "time_step": 2,
            "original_data_path": "/content/drive/Othercomputers/\ub0b4 \ub178\ud2b8\ubd81/Forked_Models/Validation/Validation/_\ub77c\ubca8_General_val_C/district/3. \ud6c4\ubc29 \ubc29\ud5a5 \uc774\ubbf8\uc9c0/[district]leave_047C/[district]leave_047C_106.json",
            "id": 6
        },
        {
            "time_step": 3,
            "original_data_path": "/content/drive/Othercomputers/\ub0b4 \ub178\ud2b8\ubd81/Forked_Models/Validation/Validation/_\ub77c\ubca8_General_val_C/district/3. \ud6c4\ubc29 \ubc29\ud5a5 \uc774\ubbf8\uc9c0/[district]leave_047C/[district]leave_047C_108.json",
            "id": 6
        }
    ],
    "label": 2
}