{
    "data": [
        [
            0.34427083333333336,
            0.2953703703703704,
            0.001041666666666663,
            -0.021296296296296313,
            -0.02083333333333337,
            -0.00462962962962965,
            0.02135416666666662,
            -0.01296296296296301
        ],
        [
            0.34427083333333336,
            0.2916666666666667,
            0.001041666666666663,
            -0.017592592592592604,
            -0.02083333333333337,
            -0.0009259259259259411,
            0.02135416666666662,
            -0.0092592592592593
        ],
        [
            0.34479166666666666,
            0.29259259259259257,
            0.002604166666666685,
            -0.01759259259259255,
            -0.021354166666666674,
            -0.0018518518518518268,
            0.020833333333333315,
            -0.010185185185185186
        ]
    ],
    "original_data": [
        {
            "time_step": 1,
            "original_data_path": "/content/drive/Othercomputers/\ub0b4 \ub178\ud2b8\ubd81/Forked_Models/Validation/Validation/_\ub77c\ubca8_General_val_C/district/3. \ud6c4\ubc29 \ubc29\ud5a5 \uc774\ubbf8\uc9c0/[district]night_620C/[district]night_620C_410.json",
            "id": 1
        },
        {
            "time_step": 2,
            "original_data_path": "/content/drive/Othercomputers/\ub0b4 \ub178\ud2b8\ubd81/Forked_Models/Validation/Validation/_\ub77c\ubca8_General_val_C/district/3. \ud6c4\ubc29 \ubc29\ud5a5 \uc774\ubbf8\uc9c0/[district]night_620C/[district]night_620C_415.json",
            "id": 1
        },
        {
            "time_step": 3,
            "original_data_path": "/content/drive/Othercomputers/\ub0b4 \ub178\ud2b8\ubd81/Forked_Models/Validation/Validation/_\ub77c\ubca8_General_val_C/district/3. \ud6c4\ubc29 \ubc29\ud5a5 \uc774\ubbf8\uc9c0/[district]night_620C/[district]night_620C_420.json",
            "id": 1
        }
    ],
    "label": 2
}