{
    "data": [
        [
            0.5958333333333333,
            0.16203703703703703,
            -0.0010416666666666075,
            -0.029629629629629617,
            -0.015104166666666696,
            0.01203703703703704,
            0.01822916666666663,
            0.013888888888888895
        ],
        [
            0.5963541666666666,
            0.15833333333333333,
            0.0,
            -0.027777777777777762,
            -0.015625,
            0.01574074074074075,
            0.017708333333333326,
            0.017592592592592604
        ],
        [
            0.5963541666666666,
            0.15555555555555556,
            -0.0015624999999999112,
            -0.02407407407407408,
            -0.015625,
            0.018518518518518517,
            0.017708333333333326,
            0.020370370370370372
        ]
    ],
    "original_data": [
        {
            "time_step": 1,
            "original_data_path": "/content/drive/Othercomputers/\ub0b4 \ub178\ud2b8\ubd81/Forked_Models/Validation/Validation/_\ub77c\ubca8_General_val_C/district/3. \ud6c4\ubc29 \ubc29\ud5a5 \uc774\ubbf8\uc9c0/[district]attend_013C/[district]attend_013C_120.json",
            "id": 0
        },
        {
            "time_step": 2,
            "original_data_path": "/content/drive/Othercomputers/\ub0b4 \ub178\ud2b8\ubd81/Forked_Models/Validation/Validation/_\ub77c\ubca8_General_val_C/district/3. \ud6c4\ubc29 \ubc29\ud5a5 \uc774\ubbf8\uc9c0/[district]attend_013C/[district]attend_013C_122.json",
            "id": 0
        },
        {
            "time_step": 3,
            "original_data_path": "/content/drive/Othercomputers/\ub0b4 \ub178\ud2b8\ubd81/Forked_Models/Validation/Validation/_\ub77c\ubca8_General_val_C/district/3. \ud6c4\ubc29 \ubc29\ud5a5 \uc774\ubbf8\uc9c0/[district]attend_013C/[district]attend_013C_124.json",
            "id": 0
        }
    ],
    "label": 2
}