{
    "data": [
        [
            0.4,
            0.4777777777777778,
            -0.017187500000000022,
            -0.02777777777777779,
            0.010937499999999989,
            -0.0064814814814815325,
            0.012499999999999956,
            0.11018518518518511
        ],
        [
            0.40208333333333335,
            0.4722222222222222,
            -0.007291666666666696,
            -0.037037037037037035,
            0.008854166666666663,
            -0.0009259259259259411,
            0.016666666666666663,
            0.11018518518518516
        ],
        [
            0.40208333333333335,
            0.4722222222222222,
            -0.007291666666666696,
            -0.037037037037037035,
            0.008854166666666663,
            -0.0009259259259259411,
            0.005208333333333315,
            0.10925925925925928
        ]
    ],
    "original_data": [
        {
            "time_step": 1,
            "original_data_path": "/content/drive/Othercomputers/\ub0b4 \ub178\ud2b8\ubd81/Forked_Models/Validation/Validation/_\ub77c\ubca8_General_val_C/district/3. \ud6c4\ubc29 \ubc29\ud5a5 \uc774\ubbf8\uc9c0/[district]night_620C/[district]night_620C_390.json",
            "id": 5
        },
        {
            "time_step": 2,
            "original_data_path": "/content/drive/Othercomputers/\ub0b4 \ub178\ud2b8\ubd81/Forked_Models/Validation/Validation/_\ub77c\ubca8_General_val_C/district/3. \ud6c4\ubc29 \ubc29\ud5a5 \uc774\ubbf8\uc9c0/[district]night_620C/[district]night_620C_395.json",
            "id": 5
        },
        {
            "time_step": 3,
            "original_data_path": "/content/drive/Othercomputers/\ub0b4 \ub178\ud2b8\ubd81/Forked_Models/Validation/Validation/_\ub77c\ubca8_General_val_C/district/3. \ud6c4\ubc29 \ubc29\ud5a5 \uc774\ubbf8\uc9c0/[district]night_620C/[district]night_620C_400.json",
            "id": 5
        }
    ],
    "label": 2
}