{
    "data": [
        [
            0.7270833333333333,
            0.19814814814814816,
            0.002083333333333326,
            -0.04629629629629631,
            -0.0234375,
            0.01944444444444443,
            0.033333333333333326,
            0.02314814814814814
        ],
        [
            0.7229166666666667,
            0.1935185185185185,
            -0.003645833333333348,
            -0.0398148148148148,
            -0.02083333333333337,
            0.021296296296296313,
            0.03229166666666672,
            0.022222222222222227
        ],
        [
            0.7208333333333333,
            0.19907407407407407,
            -0.004687499999999956,
            -0.04999999999999999,
            -0.024479166666666607,
            0.017592592592592604,
            0.03281250000000002,
            0.020370370370370372
        ]
    ],
    "original_data": [
        {
            "time_step": 1,
            "original_data_path": "/content/drive/Othercomputers/\ub0b4 \ub178\ud2b8\ubd81/Forked_Models/Validation/Validation/_\ub77c\ubca8_General_val_C/district/3. \ud6c4\ubc29 \ubc29\ud5a5 \uc774\ubbf8\uc9c0/[district]day_025C/[district]day_025C_214.json",
            "id": 0
        },
        {
            "time_step": 2,
            "original_data_path": "/content/drive/Othercomputers/\ub0b4 \ub178\ud2b8\ubd81/Forked_Models/Validation/Validation/_\ub77c\ubca8_General_val_C/district/3. \ud6c4\ubc29 \ubc29\ud5a5 \uc774\ubbf8\uc9c0/[district]day_025C/[district]day_025C_216.json",
            "id": 0
        },
        {
            "time_step": 3,
            "original_data_path": "/content/drive/Othercomputers/\ub0b4 \ub178\ud2b8\ubd81/Forked_Models/Validation/Validation/_\ub77c\ubca8_General_val_C/district/3. \ud6c4\ubc29 \ubc29\ud5a5 \uc774\ubbf8\uc9c0/[district]day_025C/[district]day_025C_218.json",
            "id": 0
        }
    ],
    "label": 2
}