{
    "data": [
        [
            0.39791666666666664,
            0.5472222222222223,
            -0.021874999999999978,
            -0.03888888888888897,
            0.0010416666666667185,
            -0.0185185185185186,
            0.03645833333333337,
            0.059259259259259234
        ],
        [
            0.39375,
            0.5444444444444444,
            -0.017708333333333326,
            -0.036111111111111094,
            0.00520833333333337,
            -0.015740740740740722,
            0.04062500000000002,
            0.06203703703703711
        ],
        [
            0.39427083333333335,
            0.5509259259259259,
            -0.018229166666666685,
            -0.037962962962962976,
            0.020833333333333315,
            -0.022222222222222254,
            0.04062499999999997,
            0.061111111111111116
        ]
    ],
    "original_data": [
        {
            "time_step": 1,
            "original_data_path": "/content/drive/Othercomputers/\ub0b4 \ub178\ud2b8\ubd81/Forked_Models/Validation/Validation/_\ub77c\ubca8_General_val_C/district/3. \ud6c4\ubc29 \ubc29\ud5a5 \uc774\ubbf8\uc9c0/[district]day_420C/[district]day_420C_470.json",
            "id": 10
        },
        {
            "time_step": 2,
            "original_data_path": "/content/drive/Othercomputers/\ub0b4 \ub178\ud2b8\ubd81/Forked_Models/Validation/Validation/_\ub77c\ubca8_General_val_C/district/3. \ud6c4\ubc29 \ubc29\ud5a5 \uc774\ubbf8\uc9c0/[district]day_420C/[district]day_420C_475.json",
            "id": 10
        },
        {
            "time_step": 3,
            "original_data_path": "/content/drive/Othercomputers/\ub0b4 \ub178\ud2b8\ubd81/Forked_Models/Validation/Validation/_\ub77c\ubca8_General_val_C/district/3. \ud6c4\ubc29 \ubc29\ud5a5 \uc774\ubbf8\uc9c0/[district]day_420C/[district]day_420C_480.json",
            "id": 10
        }
    ],
    "label": 2
}