{
    "data": [
        [
            0.6338541666666667,
            0.29259259259259257,
            0.003645833333333237,
            -0.0222222222222222,
            -0.0234375,
            0.013888888888888895,
            0.021354166666666563,
            0.019444444444444486
        ],
        [
            0.6380208333333334,
            0.2962962962962963,
            0.004166666666666652,
            -0.029629629629629617,
            -0.022916666666666696,
            0.007407407407407418,
            0.02083333333333326,
            0.018518518518518545
        ],
        [
            0.6395833333333333,
            0.2953703703703704,
            0.003645833333333348,
            -0.025925925925925963,
            -0.022916666666666585,
            0.005555555555555536,
            0.02083333333333337,
            0.01481481481481478
        ]
    ],
    "original_data": [
        {
            "time_step": 1,
            "original_data_path": "/content/drive/Othercomputers/\ub0b4 \ub178\ud2b8\ubd81/Forked_Models/Validation/Validation/_\ub77c\ubca8_General_val_C/district/3. \ud6c4\ubc29 \ubc29\ud5a5 \uc774\ubbf8\uc9c0/[district]leave_461C/[district]leave_461C_505.json",
            "id": 1
        },
        {
            "time_step": 2,
            "original_data_path": "/content/drive/Othercomputers/\ub0b4 \ub178\ud2b8\ubd81/Forked_Models/Validation/Validation/_\ub77c\ubca8_General_val_C/district/3. \ud6c4\ubc29 \ubc29\ud5a5 \uc774\ubbf8\uc9c0/[district]leave_461C/[district]leave_461C_510.json",
            "id": 1
        },
        {
            "time_step": 3,
            "original_data_path": "/content/drive/Othercomputers/\ub0b4 \ub178\ud2b8\ubd81/Forked_Models/Validation/Validation/_\ub77c\ubca8_General_val_C/district/3. \ud6c4\ubc29 \ubc29\ud5a5 \uc774\ubbf8\uc9c0/[district]leave_461C/[district]leave_461C_515.json",
            "id": 1
        }
    ],
    "label": 2
}