{
    "data": [
        [
            0.7979166666666667,
            0.8175925925925925,
            0.005208333333333259,
            -0.031481481481481444,
            -0.05677083333333344,
            0.019444444444444486,
            0.046875,
            0.0092592592592593
        ],
        [
            0.790625,
            0.8240740740740741,
            0.004166666666666652,
            -0.03888888888888886,
            -0.0546875,
            0.01666666666666672,
            0.04427083333333326,
            0.0064814814814815325
        ],
        [
            0.7890625,
            0.8148148148148148,
            0.013541666666666674,
            -0.026851851851851793,
            -0.05312499999999998,
            0.02592592592592602,
            0.04583333333333328,
            0.015740740740740833
        ]
    ],
    "original_data": [
        {
            "time_step": 1,
            "original_data_path": "/content/drive/Othercomputers/\ub0b4 \ub178\ud2b8\ubd81/Forked_Models/Validation/Validation/_\ub77c\ubca8_General_val_C/district/3. \ud6c4\ubc29 \ubc29\ud5a5 \uc774\ubbf8\uc9c0/[district]leave_075C/[district]leave_075C_246.json",
            "id": 4
        },
        {
            "time_step": 2,
            "original_data_path": "/content/drive/Othercomputers/\ub0b4 \ub178\ud2b8\ubd81/Forked_Models/Validation/Validation/_\ub77c\ubca8_General_val_C/district/3. \ud6c4\ubc29 \ubc29\ud5a5 \uc774\ubbf8\uc9c0/[district]leave_075C/[district]leave_075C_248.json",
            "id": 4
        },
        {
            "time_step": 3,
            "original_data_path": "/content/drive/Othercomputers/\ub0b4 \ub178\ud2b8\ubd81/Forked_Models/Validation/Validation/_\ub77c\ubca8_General_val_C/district/3. \ud6c4\ubc29 \ubc29\ud5a5 \uc774\ubbf8\uc9c0/[district]leave_075C/[district]leave_075C_250.json",
            "id": 4
        }
    ],
    "label": 2
}