{
    "data": [
        [
            0.409375,
            0.8009259259259259,
            -0.021354166666666674,
            -0.07037037037037042,
            0.03593750000000001,
            -0.054629629629629584,
            -0.0026041666666666297,
            0.1342592592592593
        ],
        [
            0.4192708333333333,
            0.8018518518518518,
            -0.02604166666666663,
            -0.06851851851851853,
            0.030729166666666696,
            -0.06388888888888888,
            -0.01510416666666664,
            0.12407407407407411
        ],
        [
            0.4161458333333333,
            0.7138888888888889,
            -0.012500000000000011,
            -0.06666666666666665,
            0.038541666666666696,
            -0.033333333333333326,
            0.02395833333333336,
            0.1333333333333333
        ]
    ],
    "original_data": [
        {
            "time_step": 1,
            "original_data_path": "/content/drive/Othercomputers/\ub0b4 \ub178\ud2b8\ubd81/Forked_Models/Validation/Validation/_\ub77c\ubca8_General_val_C/district/3. \ud6c4\ubc29 \ubc29\ud5a5 \uc774\ubbf8\uc9c0/[district]day_683C/[district]day_683C_415.json",
            "id": 7
        },
        {
            "time_step": 2,
            "original_data_path": "/content/drive/Othercomputers/\ub0b4 \ub178\ud2b8\ubd81/Forked_Models/Validation/Validation/_\ub77c\ubca8_General_val_C/district/3. \ud6c4\ubc29 \ubc29\ud5a5 \uc774\ubbf8\uc9c0/[district]day_683C/[district]day_683C_420.json",
            "id": 7
        },
        {
            "time_step": 3,
            "original_data_path": "/content/drive/Othercomputers/\ub0b4 \ub178\ud2b8\ubd81/Forked_Models/Validation/Validation/_\ub77c\ubca8_General_val_C/district/3. \ud6c4\ubc29 \ubc29\ud5a5 \uc774\ubbf8\uc9c0/[district]day_683C/[district]day_683C_425.json",
            "id": 7
        }
    ],
    "label": 2
}