{
    "data": [
        [
            0.8057291666666667,
            0.1962962962962963,
            -0.002083333333333437,
            -0.02777777777777779,
            -0.03333333333333344,
            0.030555555555555558,
            0.03645833333333326,
            0.03425925925925927
        ],
        [
            0.8104166666666667,
            0.1935185185185185,
            0.0,
            -0.03518518518518518,
            -0.034375000000000044,
            0.028703703703703703,
            0.031770833333333304,
            0.03703703703703706
        ],
        [
            0.8119791666666667,
            0.1935185185185185,
            0.0015625000000000222,
            -0.03796296296296295,
            -0.03593750000000007,
            0.028703703703703703,
            0.030729166666666585,
            0.03703703703703706
        ]
    ],
    "original_data": [
        {
            "time_step": 1,
            "original_data_path": "/content/drive/Othercomputers/\ub0b4 \ub178\ud2b8\ubd81/Forked_Models/Validation/Validation/_\ub77c\ubca8_General_val_C/district/3. \ud6c4\ubc29 \ubc29\ud5a5 \uc774\ubbf8\uc9c0/[district]leave_007C/[district]leave_007C_2.json",
            "id": 2
        },
        {
            "time_step": 2,
            "original_data_path": "/content/drive/Othercomputers/\ub0b4 \ub178\ud2b8\ubd81/Forked_Models/Validation/Validation/_\ub77c\ubca8_General_val_C/district/3. \ud6c4\ubc29 \ubc29\ud5a5 \uc774\ubbf8\uc9c0/[district]leave_007C/[district]leave_007C_4.json",
            "id": 2
        },
        {
            "time_step": 3,
            "original_data_path": "/content/drive/Othercomputers/\ub0b4 \ub178\ud2b8\ubd81/Forked_Models/Validation/Validation/_\ub77c\ubca8_General_val_C/district/3. \ud6c4\ubc29 \ubc29\ud5a5 \uc774\ubbf8\uc9c0/[district]leave_007C/[district]leave_007C_6.json",
            "id": 2
        }
    ],
    "label": 2
}