{
    "data": [
        [
            0.6322916666666667,
            0.26944444444444443,
            0.0015625000000000222,
            -0.029629629629629617,
            -0.027083333333333348,
            0.025925925925925963,
            0.029166666666666674,
            0.037962962962962976
        ],
        [
            0.6328125,
            0.2675925925925926,
            0.0015625000000000222,
            -0.028703703703703703,
            -0.027604166666666652,
            0.02777777777777779,
            0.02864583333333337,
            0.0398148148148148
        ],
        [
            0.6322916666666667,
            0.2712962962962963,
            0.0010416666666666075,
            -0.029629629629629645,
            -0.027083333333333348,
            0.02407407407407408,
            0.029166666666666674,
            0.036111111111111094
        ]
    ],
    "original_data": [
        {
            "time_step": 1,
            "original_data_path": "/content/drive/Othercomputers/\ub0b4 \ub178\ud2b8\ubd81/Forked_Models/Validation/Validation/_\ub77c\ubca8_General_val_C/district/3. \ud6c4\ubc29 \ubc29\ud5a5 \uc774\ubbf8\uc9c0/[district]morning_957C/[district]morning_957C_460.json",
            "id": 1
        },
        {
            "time_step": 2,
            "original_data_path": "/content/drive/Othercomputers/\ub0b4 \ub178\ud2b8\ubd81/Forked_Models/Validation/Validation/_\ub77c\ubca8_General_val_C/district/3. \ud6c4\ubc29 \ubc29\ud5a5 \uc774\ubbf8\uc9c0/[district]morning_957C/[district]morning_957C_465.json",
            "id": 1
        },
        {
            "time_step": 3,
            "original_data_path": "/content/drive/Othercomputers/\ub0b4 \ub178\ud2b8\ubd81/Forked_Models/Validation/Validation/_\ub77c\ubca8_General_val_C/district/3. \ud6c4\ubc29 \ubc29\ud5a5 \uc774\ubbf8\uc9c0/[district]morning_957C/[district]morning_957C_470.json",
            "id": 1
        }
    ],
    "label": 2
}