{
    "data": [
        [
            0.6432291666666666,
            0.5009259259259259,
            0.00520833333333337,
            -0.04166666666666663,
            -0.03020833333333328,
            0.00462962962962965,
            0.031770833333333415,
            0.03888888888888897
        ],
        [
            0.6411458333333333,
            0.5009259259259259,
            0.004166666666666652,
            -0.03888888888888886,
            -0.03229166666666661,
            0.0018518518518518823,
            0.03385416666666674,
            0.03888888888888897
        ],
        [
            0.6411458333333333,
            0.5027777777777778,
            0.0026041666666667407,
            -0.029629629629629617,
            -0.035937499999999956,
            0.00462962962962965,
            0.03385416666666674,
            0.03703703703703709
        ]
    ],
    "original_data": [
        {
            "time_step": 1,
            "original_data_path": "/content/drive/Othercomputers/\ub0b4 \ub178\ud2b8\ubd81/Forked_Models/Validation/Validation/_\ub77c\ubca8_General_val_C/district/3. \ud6c4\ubc29 \ubc29\ud5a5 \uc774\ubbf8\uc9c0/[district]day_712C/[district]day_712C_410.json",
            "id": 5
        },
        {
            "time_step": 2,
            "original_data_path": "/content/drive/Othercomputers/\ub0b4 \ub178\ud2b8\ubd81/Forked_Models/Validation/Validation/_\ub77c\ubca8_General_val_C/district/3. \ud6c4\ubc29 \ubc29\ud5a5 \uc774\ubbf8\uc9c0/[district]day_712C/[district]day_712C_415.json",
            "id": 5
        },
        {
            "time_step": 3,
            "original_data_path": "/content/drive/Othercomputers/\ub0b4 \ub178\ud2b8\ubd81/Forked_Models/Validation/Validation/_\ub77c\ubca8_General_val_C/district/3. \ud6c4\ubc29 \ubc29\ud5a5 \uc774\ubbf8\uc9c0/[district]day_712C/[district]day_712C_420.json",
            "id": 5
        }
    ],
    "label": 2
}