{
    "data": [
        [
            0.35052083333333334,
            0.2759259259259259,
            -0.005729166666666674,
            -0.01759259259259255,
            -0.019270833333333348,
            0.016666666666666663,
            0.03125,
            0.018518518518518545
        ],
        [
            0.3515625,
            0.27685185185185185,
            -0.005208333333333315,
            -0.020370370370370372,
            -0.02031250000000001,
            0.015740740740740722,
            0.030208333333333337,
            0.017592592592592604
        ],
        [
            0.35052083333333334,
            0.275,
            -0.004166666666666652,
            -0.018518518518518545,
            -0.019270833333333348,
            0.01759259259259255,
            0.03125,
            0.01944444444444443
        ]
    ],
    "original_data": [
        {
            "time_step": 1,
            "original_data_path": "/content/drive/Othercomputers/\ub0b4 \ub178\ud2b8\ubd81/Forked_Models/Validation/Validation/_\ub77c\ubca8_General_val_C/district/3. \ud6c4\ubc29 \ubc29\ud5a5 \uc774\ubbf8\uc9c0/[district]morning_957C/[district]morning_957C_595.json",
            "id": 0
        },
        {
            "time_step": 2,
            "original_data_path": "/content/drive/Othercomputers/\ub0b4 \ub178\ud2b8\ubd81/Forked_Models/Validation/Validation/_\ub77c\ubca8_General_val_C/district/3. \ud6c4\ubc29 \ubc29\ud5a5 \uc774\ubbf8\uc9c0/[district]morning_957C/[district]morning_957C_600.json",
            "id": 0
        },
        {
            "time_step": 3,
            "original_data_path": "/content/drive/Othercomputers/\ub0b4 \ub178\ud2b8\ubd81/Forked_Models/Validation/Validation/_\ub77c\ubca8_General_val_C/district/3. \ud6c4\ubc29 \ubc29\ud5a5 \uc774\ubbf8\uc9c0/[district]morning_957C/[district]morning_957C_605.json",
            "id": 0
        }
    ],
    "label": 2
}