{
    "data": [
        [
            0.45625,
            0.4287037037037037,
            -0.01510416666666664,
            -0.04537037037037034,
            0.03750000000000003,
            -0.01944444444444443,
            0.003645833333333348,
            0.10370370370370374
        ],
        [
            0.44947916666666665,
            0.41944444444444445,
            -0.015625,
            -0.036111111111111094,
            0.046875,
            -0.01944444444444443,
            0.011458333333333348,
            0.09722222222222227
        ],
        [
            0.45729166666666665,
            0.4287037037037037,
            -0.012500000000000011,
            -0.04444444444444445,
            0.033333333333333326,
            -0.03425925925925927,
            0.006770833333333337,
            0.09444444444444444
        ]
    ],
    "original_data": [
        {
            "time_step": 1,
            "original_data_path": "/content/drive/Othercomputers/\ub0b4 \ub178\ud2b8\ubd81/Forked_Models/Validation/Validation/_\ub77c\ubca8_General_val_C/district/3. \ud6c4\ubc29 \ubc29\ud5a5 \uc774\ubbf8\uc9c0/[district]leave_075C/[district]leave_075C_244.json",
            "id": 5
        },
        {
            "time_step": 2,
            "original_data_path": "/content/drive/Othercomputers/\ub0b4 \ub178\ud2b8\ubd81/Forked_Models/Validation/Validation/_\ub77c\ubca8_General_val_C/district/3. \ud6c4\ubc29 \ubc29\ud5a5 \uc774\ubbf8\uc9c0/[district]leave_075C/[district]leave_075C_246.json",
            "id": 5
        },
        {
            "time_step": 3,
            "original_data_path": "/content/drive/Othercomputers/\ub0b4 \ub178\ud2b8\ubd81/Forked_Models/Validation/Validation/_\ub77c\ubca8_General_val_C/district/3. \ud6c4\ubc29 \ubc29\ud5a5 \uc774\ubbf8\uc9c0/[district]leave_075C/[district]leave_075C_248.json",
            "id": 5
        }
    ],
    "label": 2
}