{
    "data": [
        [
            0.6036458333333333,
            0.6101851851851852,
            0.015625,
            -0.03240740740740744,
            -0.03385416666666663,
            0.1527777777777778,
            -0.03541666666666665,
            -0.04166666666666663
        ],
        [
            0.5989583333333334,
            0.6092592592592593,
            0.011979166666666652,
            -0.03425925925925932,
            -0.03593750000000007,
            0.11759259259259258,
            -0.019791666666666652,
            0.0037037037037036535
        ],
        [
            0.5942708333333333,
            0.6324074074074074,
            0.0078125,
            -0.04351851851851851,
            -0.03125,
            0.12129629629629624,
            -0.031770833333333304,
            0.011111111111111072
        ]
    ],
    "original_data": [
        {
            "time_step": 1,
            "original_data_path": "/content/drive/Othercomputers/\ub0b4 \ub178\ud2b8\ubd81/Forked_Models/Validation/Validation/_\ub77c\ubca8_General_val_C/district/3. \ud6c4\ubc29 \ubc29\ud5a5 \uc774\ubbf8\uc9c0/[district]day_708C/[district]day_708C_260.json",
            "id": 9
        },
        {
            "time_step": 2,
            "original_data_path": "/content/drive/Othercomputers/\ub0b4 \ub178\ud2b8\ubd81/Forked_Models/Validation/Validation/_\ub77c\ubca8_General_val_C/district/3. \ud6c4\ubc29 \ubc29\ud5a5 \uc774\ubbf8\uc9c0/[district]day_708C/[district]day_708C_265.json",
            "id": 9
        },
        {
            "time_step": 3,
            "original_data_path": "/content/drive/Othercomputers/\ub0b4 \ub178\ud2b8\ubd81/Forked_Models/Validation/Validation/_\ub77c\ubca8_General_val_C/district/3. \ud6c4\ubc29 \ubc29\ud5a5 \uc774\ubbf8\uc9c0/[district]day_708C/[district]day_708C_270.json",
            "id": 9
        }
    ],
    "label": 2
}