{
    "data": [
        [
            0.5744791666666667,
            0.38333333333333336,
            0.0,
            -0.03518518518518521,
            -0.03229166666666661,
            0.004629629629629595,
            0.010937500000000044,
            0.01388888888888884
        ],
        [
            0.5744791666666667,
            0.38333333333333336,
            0.0015625000000000222,
            -0.037962962962962976,
            -0.03229166666666661,
            0.004629629629629595,
            0.010937500000000044,
            0.01388888888888884
        ],
        [
            0.5744791666666667,
            0.38333333333333336,
            0.0005208333333333037,
            -0.03240740740740744,
            -0.03229166666666661,
            0.004629629629629595,
            0.010937500000000044,
            0.01388888888888884
        ]
    ],
    "original_data": [
        {
            "time_step": 1,
            "original_data_path": "/content/drive/Othercomputers/\ub0b4 \ub178\ud2b8\ubd81/Forked_Models/Validation/Validation/_\ub77c\ubca8_General_val_C/district/3. \ud6c4\ubc29 \ubc29\ud5a5 \uc774\ubbf8\uc9c0/[district]day_708C/[district]day_708C_330.json",
            "id": 5
        },
        {
            "time_step": 2,
            "original_data_path": "/content/drive/Othercomputers/\ub0b4 \ub178\ud2b8\ubd81/Forked_Models/Validation/Validation/_\ub77c\ubca8_General_val_C/district/3. \ud6c4\ubc29 \ubc29\ud5a5 \uc774\ubbf8\uc9c0/[district]day_708C/[district]day_708C_335.json",
            "id": 5
        },
        {
            "time_step": 3,
            "original_data_path": "/content/drive/Othercomputers/\ub0b4 \ub178\ud2b8\ubd81/Forked_Models/Validation/Validation/_\ub77c\ubca8_General_val_C/district/3. \ud6c4\ubc29 \ubc29\ud5a5 \uc774\ubbf8\uc9c0/[district]day_708C/[district]day_708C_340.json",
            "id": 5
        }
    ],
    "label": 2
}