{
    "data": [
        [
            0.3421875,
            0.2935185185185185,
            0.002604166666666685,
            -0.025925925925925908,
            -0.022395833333333337,
            0.00462962962962965,
            0.02083333333333337,
            -0.006481481481481477
        ],
        [
            0.34270833333333334,
            0.2916666666666667,
            0.003645833333333348,
            -0.025000000000000022,
            -0.022916666666666696,
            0.006481481481481477,
            0.02031250000000001,
            -0.00462962962962965
        ],
        [
            0.34270833333333334,
            0.2861111111111111,
            0.003124999999999989,
            -0.020370370370370372,
            -0.022916666666666696,
            0.012037037037037068,
            0.02031250000000001,
            0.0009259259259259411
        ]
    ],
    "original_data": [
        {
            "time_step": 1,
            "original_data_path": "/content/drive/Othercomputers/\ub0b4 \ub178\ud2b8\ubd81/Forked_Models/Validation/Validation/_\ub77c\ubca8_General_val_C/district/3. \ud6c4\ubc29 \ubc29\ud5a5 \uc774\ubbf8\uc9c0/[district]night_620C/[district]night_620C_50.json",
            "id": 1
        },
        {
            "time_step": 2,
            "original_data_path": "/content/drive/Othercomputers/\ub0b4 \ub178\ud2b8\ubd81/Forked_Models/Validation/Validation/_\ub77c\ubca8_General_val_C/district/3. \ud6c4\ubc29 \ubc29\ud5a5 \uc774\ubbf8\uc9c0/[district]night_620C/[district]night_620C_55.json",
            "id": 1
        },
        {
            "time_step": 3,
            "original_data_path": "/content/drive/Othercomputers/\ub0b4 \ub178\ud2b8\ubd81/Forked_Models/Validation/Validation/_\ub77c\ubca8_General_val_C/district/3. \ud6c4\ubc29 \ubc29\ud5a5 \uc774\ubbf8\uc9c0/[district]night_620C/[district]night_620C_60.json",
            "id": 1
        }
    ],
    "label": 2
}