{
    "data": [
        [
            0.684375,
            0.5435185185185185,
            0.01302083333333337,
            -0.015740740740740722,
            -0.04218749999999993,
            -0.03518518518518521,
            0.025000000000000022,
            -0.017592592592592604
        ],
        [
            0.684375,
            0.5435185185185185,
            0.009895833333333326,
            -0.014814814814814836,
            -0.04218749999999993,
            -0.03518518518518521,
            0.025000000000000022,
            -0.017592592592592604
        ],
        [
            0.684375,
            0.5435185185185185,
            0.009895833333333326,
            -0.014814814814814836,
            -0.04218749999999993,
            -0.03518518518518521,
            0.025000000000000022,
            -0.017592592592592604
        ]
    ],
    "original_data": [
        {
            "time_step": 1,
            "original_data_path": "/content/drive/Othercomputers/\ub0b4 \ub178\ud2b8\ubd81/Forked_Models/Validation/Validation/_\ub77c\ubca8_General_val_C/district/3. \ud6c4\ubc29 \ubc29\ud5a5 \uc774\ubbf8\uc9c0/[district]day_420C/[district]day_420C_60.json",
            "id": 5
        },
        {
            "time_step": 2,
            "original_data_path": "/content/drive/Othercomputers/\ub0b4 \ub178\ud2b8\ubd81/Forked_Models/Validation/Validation/_\ub77c\ubca8_General_val_C/district/3. \ud6c4\ubc29 \ubc29\ud5a5 \uc774\ubbf8\uc9c0/[district]day_420C/[district]day_420C_65.json",
            "id": 5
        },
        {
            "time_step": 3,
            "original_data_path": "/content/drive/Othercomputers/\ub0b4 \ub178\ud2b8\ubd81/Forked_Models/Validation/Validation/_\ub77c\ubca8_General_val_C/district/3. \ud6c4\ubc29 \ubc29\ud5a5 \uc774\ubbf8\uc9c0/[district]day_420C/[district]day_420C_70.json",
            "id": 5
        }
    ],
    "label": 2
}