{
    "data": [
        [
            0.409375,
            0.2490740740740741,
            -0.0005208333333333037,
            -0.041666666666666685,
            -0.02656249999999999,
            0.0046296296296296224,
            0.027083333333333348,
            0.0046296296296296224
        ],
        [
            0.4083333333333333,
            0.2490740740740741,
            0.0005208333333333592,
            -0.041666666666666685,
            -0.025520833333333326,
            0.0046296296296296224,
            0.028645833333333315,
            0.0037037037037036813
        ],
        [
            0.40989583333333335,
            0.24722222222222223,
            -0.0005208333333333592,
            -0.041666666666666685,
            -0.027083333333333348,
            0.006481481481481477,
            0.02656249999999999,
            0.006481481481481477
        ]
    ],
    "original_data": [
        {
            "time_step": 1,
            "original_data_path": "/content/drive/Othercomputers/\ub0b4 \ub178\ud2b8\ubd81/Forked_Models/Validation/Validation/_\ub77c\ubca8_General_val_C/district/3. \ud6c4\ubc29 \ubc29\ud5a5 \uc774\ubbf8\uc9c0/[district]day_567C/[district]day_567C_330.json",
            "id": 0
        },
        {
            "time_step": 2,
            "original_data_path": "/content/drive/Othercomputers/\ub0b4 \ub178\ud2b8\ubd81/Forked_Models/Validation/Validation/_\ub77c\ubca8_General_val_C/district/3. \ud6c4\ubc29 \ubc29\ud5a5 \uc774\ubbf8\uc9c0/[district]day_567C/[district]day_567C_335.json",
            "id": 0
        },
        {
            "time_step": 3,
            "original_data_path": "/content/drive/Othercomputers/\ub0b4 \ub178\ud2b8\ubd81/Forked_Models/Validation/Validation/_\ub77c\ubca8_General_val_C/district/3. \ud6c4\ubc29 \ubc29\ud5a5 \uc774\ubbf8\uc9c0/[district]day_567C/[district]day_567C_340.json",
            "id": 0
        }
    ],
    "label": 2
}