{
    "data": [
        [
            0.340625,
            0.27037037037037037,
            -0.009895833333333326,
            -0.022222222222222227,
            -0.019791666666666652,
            0.02685185185185185,
            0.031770833333333304,
            0.015740740740740722
        ],
        [
            0.340625,
            0.27037037037037037,
            -0.009895833333333326,
            -0.022222222222222227,
            -0.019791666666666652,
            0.02685185185185185,
            0.031770833333333304,
            0.015740740740740722
        ],
        [
            0.340625,
            0.27037037037037037,
            -0.009895833333333326,
            -0.022222222222222227,
            -0.019791666666666652,
            0.02685185185185185,
            0.031770833333333304,
            0.015740740740740722
        ]
    ],
    "original_data": [
        {
            "time_step": 1,
            "original_data_path": "/content/drive/Othercomputers/\ub0b4 \ub178\ud2b8\ubd81/Forked_Models/Validation/Validation/_\ub77c\ubca8_General_val_C/district/3. \ud6c4\ubc29 \ubc29\ud5a5 \uc774\ubbf8\uc9c0/[district]leave_1056C/[district]leave_1056C_455.json",
            "id": 1
        },
        {
            "time_step": 2,
            "original_data_path": "/content/drive/Othercomputers/\ub0b4 \ub178\ud2b8\ubd81/Forked_Models/Validation/Validation/_\ub77c\ubca8_General_val_C/district/3. \ud6c4\ubc29 \ubc29\ud5a5 \uc774\ubbf8\uc9c0/[district]leave_1056C/[district]leave_1056C_460.json",
            "id": 1
        },
        {
            "time_step": 3,
            "original_data_path": "/content/drive/Othercomputers/\ub0b4 \ub178\ud2b8\ubd81/Forked_Models/Validation/Validation/_\ub77c\ubca8_General_val_C/district/3. \ud6c4\ubc29 \ubc29\ud5a5 \uc774\ubbf8\uc9c0/[district]leave_1056C/[district]leave_1056C_465.json",
            "id": 1
        }
    ],
    "label": 2
}