{
    "data": [
        [
            0.33229166666666665,
            0.2675925925925926,
            -0.0005208333333333037,
            -0.02407407407407408,
            -0.014062499999999978,
            0.037037037037037035,
            0.022916666666666696,
            0.004629629629629595
        ],
        [
            0.33229166666666665,
            0.2675925925925926,
            -0.0005208333333333037,
            -0.02407407407407408,
            -0.01822916666666663,
            0.03888888888888886,
            0.02395833333333336,
            0.005555555555555536
        ],
        [
            0.33229166666666665,
            0.2675925925925926,
            0.0005208333333333592,
            -0.025000000000000022,
            -0.01822916666666663,
            0.03888888888888886,
            0.02395833333333336,
            0.005555555555555536
        ]
    ],
    "original_data": [
        {
            "time_step": 1,
            "original_data_path": "/content/drive/Othercomputers/\ub0b4 \ub178\ud2b8\ubd81/Forked_Models/Validation/Validation/_\ub77c\ubca8_General_val_C/district/3. \ud6c4\ubc29 \ubc29\ud5a5 \uc774\ubbf8\uc9c0/[district]night_620C/[district]night_620C_215.json",
            "id": 1
        },
        {
            "time_step": 2,
            "original_data_path": "/content/drive/Othercomputers/\ub0b4 \ub178\ud2b8\ubd81/Forked_Models/Validation/Validation/_\ub77c\ubca8_General_val_C/district/3. \ud6c4\ubc29 \ubc29\ud5a5 \uc774\ubbf8\uc9c0/[district]night_620C/[district]night_620C_220.json",
            "id": 1
        },
        {
            "time_step": 3,
            "original_data_path": "/content/drive/Othercomputers/\ub0b4 \ub178\ud2b8\ubd81/Forked_Models/Validation/Validation/_\ub77c\ubca8_General_val_C/district/3. \ud6c4\ubc29 \ubc29\ud5a5 \uc774\ubbf8\uc9c0/[district]night_620C/[district]night_620C_225.json",
            "id": 1
        }
    ],
    "label": 2
}