{
    "data": [
        [
            0.6786458333333333,
            0.7129629629629629,
            0.006250000000000089,
            -0.015740740740740722,
            -0.039583333333333304,
            -0.028703703703703676,
            0.0390625,
            -0.021296296296296258
        ],
        [
            0.6817708333333333,
            0.7222222222222222,
            0.009895833333333326,
            -0.014814814814814836,
            -0.04270833333333335,
            -0.037962962962962976,
            0.04062500000000002,
            -0.014814814814814836
        ],
        [
            0.68125,
            0.7324074074074074,
            0.006249999999999978,
            -0.011111111111111072,
            -0.04166666666666674,
            -0.042592592592592626,
            0.044791666666666674,
            -0.0064814814814814214
        ]
    ],
    "original_data": [
        {
            "time_step": 1,
            "original_data_path": "/content/drive/Othercomputers/\ub0b4 \ub178\ud2b8\ubd81/Forked_Models/Validation/Validation/_\ub77c\ubca8_General_val_C/district/3. \ud6c4\ubc29 \ubc29\ud5a5 \uc774\ubbf8\uc9c0/[district]day_420C/[district]day_420C_555.json",
            "id": 6
        },
        {
            "time_step": 2,
            "original_data_path": "/content/drive/Othercomputers/\ub0b4 \ub178\ud2b8\ubd81/Forked_Models/Validation/Validation/_\ub77c\ubca8_General_val_C/district/3. \ud6c4\ubc29 \ubc29\ud5a5 \uc774\ubbf8\uc9c0/[district]day_420C/[district]day_420C_560.json",
            "id": 6
        },
        {
            "time_step": 3,
            "original_data_path": "/content/drive/Othercomputers/\ub0b4 \ub178\ud2b8\ubd81/Forked_Models/Validation/Validation/_\ub77c\ubca8_General_val_C/district/3. \ud6c4\ubc29 \ubc29\ud5a5 \uc774\ubbf8\uc9c0/[district]day_420C/[district]day_420C_565.json",
            "id": 6
        }
    ],
    "label": 2
}