{
    "data": [
        [
            0.6364583333333333,
            0.2740740740740741,
            0.005729166666666674,
            -0.02407407407407408,
            -0.03281250000000002,
            0.020370370370370372,
            0.014583333333333282,
            0.020370370370370372
        ],
        [
            0.634375,
            0.2759259259259259,
            0.005729166666666674,
            -0.029629629629629617,
            -0.030729166666666696,
            0.018518518518518545,
            0.016666666666666607,
            0.018518518518518545
        ],
        [
            0.634375,
            0.2740740740740741,
            0.0005208333333333037,
            -0.03518518518518518,
            -0.030729166666666696,
            0.020370370370370372,
            0.016666666666666607,
            0.020370370370370372
        ]
    ],
    "original_data": [
        {
            "time_step": 1,
            "original_data_path": "/content/drive/Othercomputers/\ub0b4 \ub178\ud2b8\ubd81/Forked_Models/Validation/Validation/_\ub77c\ubca8_General_val_C/district/3. \ud6c4\ubc29 \ubc29\ud5a5 \uc774\ubbf8\uc9c0/[district]day_581C/[district]day_581C_520.json",
            "id": 1
        },
        {
            "time_step": 2,
            "original_data_path": "/content/drive/Othercomputers/\ub0b4 \ub178\ud2b8\ubd81/Forked_Models/Validation/Validation/_\ub77c\ubca8_General_val_C/district/3. \ud6c4\ubc29 \ubc29\ud5a5 \uc774\ubbf8\uc9c0/[district]day_581C/[district]day_581C_525.json",
            "id": 1
        },
        {
            "time_step": 3,
            "original_data_path": "/content/drive/Othercomputers/\ub0b4 \ub178\ud2b8\ubd81/Forked_Models/Validation/Validation/_\ub77c\ubca8_General_val_C/district/3. \ud6c4\ubc29 \ubc29\ud5a5 \uc774\ubbf8\uc9c0/[district]day_581C/[district]day_581C_530.json",
            "id": 1
        }
    ],
    "label": 2
}