{
    "data": [
        [
            0.6302083333333334,
            0.4935185185185185,
            0.011979166666666652,
            -0.0398148148148148,
            -0.028125000000000067,
            0.012037037037037013,
            0.029166666666666674,
            0.009259259259259245
        ],
        [
            0.6322916666666667,
            0.49074074074074076,
            0.009895833333333326,
            -0.037962962962962976,
            -0.030208333333333393,
            0.01481481481481478,
            0.027083333333333348,
            0.012037037037037013
        ],
        [
            0.6354166666666666,
            0.4898148148148148,
            0.011979166666666652,
            -0.03888888888888886,
            -0.033333333333333326,
            0.015740740740740722,
            0.023958333333333415,
            0.012962962962962954
        ]
    ],
    "original_data": [
        {
            "time_step": 1,
            "original_data_path": "/content/drive/Othercomputers/\ub0b4 \ub178\ud2b8\ubd81/Forked_Models/Validation/Validation/_\ub77c\ubca8_General_val_C/district/3. \ud6c4\ubc29 \ubc29\ud5a5 \uc774\ubbf8\uc9c0/[district]leave_1078C/[district]leave_1078C_690.json",
            "id": 3
        },
        {
            "time_step": 2,
            "original_data_path": "/content/drive/Othercomputers/\ub0b4 \ub178\ud2b8\ubd81/Forked_Models/Validation/Validation/_\ub77c\ubca8_General_val_C/district/3. \ud6c4\ubc29 \ubc29\ud5a5 \uc774\ubbf8\uc9c0/[district]leave_1078C/[district]leave_1078C_695.json",
            "id": 3
        },
        {
            "time_step": 3,
            "original_data_path": "/content/drive/Othercomputers/\ub0b4 \ub178\ud2b8\ubd81/Forked_Models/Validation/Validation/_\ub77c\ubca8_General_val_C/district/3. \ud6c4\ubc29 \ubc29\ud5a5 \uc774\ubbf8\uc9c0/[district]leave_1078C/[district]leave_1078C_700.json",
            "id": 3
        }
    ],
    "label": 2
}