{
    "data": [
        [
            0.3390625,
            0.29444444444444445,
            -0.002083333333333326,
            -0.02870370370370373,
            -0.019791666666666652,
            0.009259259259259245,
            0.024479166666666663,
            0.008333333333333304
        ],
        [
            0.3390625,
            0.29444444444444445,
            -0.002083333333333326,
            -0.02870370370370373,
            -0.019791666666666652,
            0.009259259259259245,
            0.024479166666666663,
            0.008333333333333304
        ],
        [
            0.3375,
            0.2962962962962963,
            -0.0015625000000000222,
            -0.027777777777777735,
            -0.018229166666666685,
            0.007407407407407418,
            0.02604166666666663,
            0.006481481481481477
        ]
    ],
    "original_data": [
        {
            "time_step": 1,
            "original_data_path": "/content/drive/Othercomputers/\ub0b4 \ub178\ud2b8\ubd81/Forked_Models/Validation/Validation/_\ub77c\ubca8_General_val_C/district/3. \ud6c4\ubc29 \ubc29\ud5a5 \uc774\ubbf8\uc9c0/[district]day_712C/[district]day_712C_0.json",
            "id": 3
        },
        {
            "time_step": 2,
            "original_data_path": "/content/drive/Othercomputers/\ub0b4 \ub178\ud2b8\ubd81/Forked_Models/Validation/Validation/_\ub77c\ubca8_General_val_C/district/3. \ud6c4\ubc29 \ubc29\ud5a5 \uc774\ubbf8\uc9c0/[district]day_712C/[district]day_712C_5.json",
            "id": 3
        },
        {
            "time_step": 3,
            "original_data_path": "/content/drive/Othercomputers/\ub0b4 \ub178\ud2b8\ubd81/Forked_Models/Validation/Validation/_\ub77c\ubca8_General_val_C/district/3. \ud6c4\ubc29 \ubc29\ud5a5 \uc774\ubbf8\uc9c0/[district]day_712C/[district]day_712C_10.json",
            "id": 3
        }
    ],
    "label": 2
}