{
    "data": [
        [
            0.5703125,
            0.2111111111111111,
            0.0015625000000000222,
            -0.03240740740740741,
            -0.019791666666666652,
            0.02314814814814814,
            0.021874999999999978,
            0.02314814814814814
        ],
        [
            0.5703125,
            0.2111111111111111,
            0.0015625000000000222,
            -0.03240740740740741,
            -0.019791666666666652,
            0.02407407407407408,
            0.021874999999999978,
            0.02407407407407408
        ],
        [
            0.5671875,
            0.2111111111111111,
            0.005729166666666674,
            -0.03518518518518518,
            -0.019791666666666652,
            0.02407407407407408,
            0.02187500000000009,
            0.02407407407407408
        ]
    ],
    "original_data": [
        {
            "time_step": 1,
            "original_data_path": "/content/drive/Othercomputers/\ub0b4 \ub178\ud2b8\ubd81/Forked_Models/Validation/Validation/_\ub77c\ubca8_General_val_C/district/3. \ud6c4\ubc29 \ubc29\ud5a5 \uc774\ubbf8\uc9c0/[district]morning_071C/[district]morning_071C_76.json",
            "id": 1
        },
        {
            "time_step": 2,
            "original_data_path": "/content/drive/Othercomputers/\ub0b4 \ub178\ud2b8\ubd81/Forked_Models/Validation/Validation/_\ub77c\ubca8_General_val_C/district/3. \ud6c4\ubc29 \ubc29\ud5a5 \uc774\ubbf8\uc9c0/[district]morning_071C/[district]morning_071C_78.json",
            "id": 1
        },
        {
            "time_step": 3,
            "original_data_path": "/content/drive/Othercomputers/\ub0b4 \ub178\ud2b8\ubd81/Forked_Models/Validation/Validation/_\ub77c\ubca8_General_val_C/district/3. \ud6c4\ubc29 \ubc29\ud5a5 \uc774\ubbf8\uc9c0/[district]morning_071C/[district]morning_071C_80.json",
            "id": 1
        }
    ],
    "label": 2
}