{
    "data": [
        [
            0.5546875,
            0.27870370370370373,
            0.002083333333333326,
            -0.030555555555555586,
            -0.028124999999999956,
            0.024999999999999967,
            0.021354166666666674,
            0.027777777777777735
        ],
        [
            0.5546875,
            0.27870370370370373,
            0.002083333333333326,
            -0.030555555555555586,
            -0.028124999999999956,
            0.024999999999999967,
            0.021354166666666674,
            0.027777777777777735
        ],
        [
            0.5546875,
            0.27870370370370373,
            0.002083333333333326,
            -0.030555555555555586,
            -0.028124999999999956,
            0.024999999999999967,
            0.021354166666666674,
            0.027777777777777735
        ]
    ],
    "original_data": [
        {
            "time_step": 1,
            "original_data_path": "/content/drive/Othercomputers/\ub0b4 \ub178\ud2b8\ubd81/Forked_Models/Validation/Validation/_\ub77c\ubca8_General_val_C/district/3. \ud6c4\ubc29 \ubc29\ud5a5 \uc774\ubbf8\uc9c0/[district]day_712C/[district]day_712C_5.json",
            "id": 2
        },
        {
            "time_step": 2,
            "original_data_path": "/content/drive/Othercomputers/\ub0b4 \ub178\ud2b8\ubd81/Forked_Models/Validation/Validation/_\ub77c\ubca8_General_val_C/district/3. \ud6c4\ubc29 \ubc29\ud5a5 \uc774\ubbf8\uc9c0/[district]day_712C/[district]day_712C_10.json",
            "id": 2
        },
        {
            "time_step": 3,
            "original_data_path": "/content/drive/Othercomputers/\ub0b4 \ub178\ud2b8\ubd81/Forked_Models/Validation/Validation/_\ub77c\ubca8_General_val_C/district/3. \ud6c4\ubc29 \ubc29\ud5a5 \uc774\ubbf8\uc9c0/[district]day_712C/[district]day_712C_15.json",
            "id": 2
        }
    ],
    "label": 2
}