{
    "data": [
        [
            0.3984375,
            0.2537037037037037,
            -0.0015625000000000222,
            -0.025925925925925936,
            -0.017708333333333326,
            0.029629629629629617,
            0.02812500000000001,
            0.00462962962962965
        ],
        [
            0.409375,
            0.25092592592592594,
            0.004166666666666652,
            -0.0314814814814815,
            -0.024479166666666663,
            0.0222222222222222,
            0.022916666666666696,
            0.004629629629629595
        ],
        [
            0.4114583333333333,
            0.24537037037037038,
            0.006250000000000033,
            -0.03518518518518518,
            -0.02656249999999999,
            0.027777777777777762,
            0.02395833333333336,
            0.010185185185185158
        ]
    ],
    "original_data": [
        {
            "time_step": 1,
            "original_data_path": "/content/drive/Othercomputers/\ub0b4 \ub178\ud2b8\ubd81/Forked_Models/Validation/Validation/_\ub77c\ubca8_General_val_C/district/3. \ud6c4\ubc29 \ubc29\ud5a5 \uc774\ubbf8\uc9c0/[district]night_620C/[district]night_620C_450.json",
            "id": 0
        },
        {
            "time_step": 2,
            "original_data_path": "/content/drive/Othercomputers/\ub0b4 \ub178\ud2b8\ubd81/Forked_Models/Validation/Validation/_\ub77c\ubca8_General_val_C/district/3. \ud6c4\ubc29 \ubc29\ud5a5 \uc774\ubbf8\uc9c0/[district]night_620C/[district]night_620C_455.json",
            "id": 0
        },
        {
            "time_step": 3,
            "original_data_path": "/content/drive/Othercomputers/\ub0b4 \ub178\ud2b8\ubd81/Forked_Models/Validation/Validation/_\ub77c\ubca8_General_val_C/district/3. \ud6c4\ubc29 \ubc29\ud5a5 \uc774\ubbf8\uc9c0/[district]night_620C/[district]night_620C_460.json",
            "id": 0
        }
    ],
    "label": 2
}