{
    "data": [
        [
            0.38958333333333334,
            0.5712962962962963,
            -0.014062499999999978,
            -0.04814814814814816,
            0.008854166666666663,
            -0.02777777777777779,
            0.046875,
            0.05277777777777781
        ],
        [
            0.38958333333333334,
            0.5712962962962963,
            -0.014062499999999978,
            -0.04814814814814816,
            0.008854166666666663,
            -0.02777777777777779,
            0.04791666666666666,
            0.050000000000000044
        ],
        [
            0.39375,
            0.562962962962963,
            -0.017708333333333326,
            -0.03240740740740744,
            0.017708333333333326,
            -0.022222222222222254,
            0.04375000000000001,
            0.05740740740740735
        ]
    ],
    "original_data": [
        {
            "time_step": 1,
            "original_data_path": "/content/drive/Othercomputers/\ub0b4 \ub178\ud2b8\ubd81/Forked_Models/Validation/Validation/_\ub77c\ubca8_General_val_C/district/3. \ud6c4\ubc29 \ubc29\ud5a5 \uc774\ubbf8\uc9c0/[district]day_420C/[district]day_420C_445.json",
            "id": 10
        },
        {
            "time_step": 2,
            "original_data_path": "/content/drive/Othercomputers/\ub0b4 \ub178\ud2b8\ubd81/Forked_Models/Validation/Validation/_\ub77c\ubca8_General_val_C/district/3. \ud6c4\ubc29 \ubc29\ud5a5 \uc774\ubbf8\uc9c0/[district]day_420C/[district]day_420C_450.json",
            "id": 10
        },
        {
            "time_step": 3,
            "original_data_path": "/content/drive/Othercomputers/\ub0b4 \ub178\ud2b8\ubd81/Forked_Models/Validation/Validation/_\ub77c\ubca8_General_val_C/district/3. \ud6c4\ubc29 \ubc29\ud5a5 \uc774\ubbf8\uc9c0/[district]day_420C/[district]day_420C_455.json",
            "id": 10
        }
    ],
    "label": 2
}