{
    "data": [
        [
            0.6651041666666667,
            0.487962962962963,
            0.0,
            -0.04444444444444445,
            -0.03541666666666676,
            0.0009259259259258856,
            0.024479166666666607,
            0.018518518518518545
        ],
        [
            0.6651041666666667,
            0.487962962962963,
            0.0,
            -0.04444444444444445,
            -0.03541666666666676,
            0.0009259259259258856,
            0.024479166666666607,
            0.018518518518518545
        ],
        [
            0.6661458333333333,
            0.48518518518518516,
            -0.0010416666666666075,
            -0.04166666666666663,
            -0.03645833333333337,
            0.003703703703703709,
            0.0234375,
            0.02129629629629637
        ]
    ],
    "original_data": [
        {
            "time_step": 1,
            "original_data_path": "/content/drive/Othercomputers/\ub0b4 \ub178\ud2b8\ubd81/Forked_Models/Validation/Validation/_\ub77c\ubca8_General_val_C/district/3. \ud6c4\ubc29 \ubc29\ud5a5 \uc774\ubbf8\uc9c0/[district]day_567C/[district]day_567C_335.json",
            "id": 4
        },
        {
            "time_step": 2,
            "original_data_path": "/content/drive/Othercomputers/\ub0b4 \ub178\ud2b8\ubd81/Forked_Models/Validation/Validation/_\ub77c\ubca8_General_val_C/district/3. \ud6c4\ubc29 \ubc29\ud5a5 \uc774\ubbf8\uc9c0/[district]day_567C/[district]day_567C_340.json",
            "id": 4
        },
        {
            "time_step": 3,
            "original_data_path": "/content/drive/Othercomputers/\ub0b4 \ub178\ud2b8\ubd81/Forked_Models/Validation/Validation/_\ub77c\ubca8_General_val_C/district/3. \ud6c4\ubc29 \ubc29\ud5a5 \uc774\ubbf8\uc9c0/[district]day_567C/[district]day_567C_345.json",
            "id": 4
        }
    ],
    "label": 2
}