{
    "data": [
        [
            0.6453125,
            0.8453703703703703,
            0.046875,
            -0.0018518518518517713,
            -0.047395833333333304,
            0.12777777777777777,
            -0.03229166666666661,
            -0.0796296296296296
        ],
        [
            0.6453125,
            0.8453703703703703,
            0.047395833333333415,
            0.0009259259259259967,
            -0.047395833333333304,
            0.12777777777777777,
            -0.029166666666666674,
            -0.08333333333333326
        ],
        [
            0.6359375,
            0.8416666666666667,
            0.055208333333333304,
            -0.014814814814814836,
            -0.038541666666666696,
            0.12407407407407411,
            -0.022916666666666696,
            -0.08796296296296302
        ]
    ],
    "original_data": [
        {
            "time_step": 1,
            "original_data_path": "/content/drive/Othercomputers/\ub0b4 \ub178\ud2b8\ubd81/Forked_Models/Validation/Validation/_\ub77c\ubca8_General_val_C/district/3. \ud6c4\ubc29 \ubc29\ud5a5 \uc774\ubbf8\uc9c0/[district]day_420C/[district]day_420C_80.json",
            "id": 6
        },
        {
            "time_step": 2,
            "original_data_path": "/content/drive/Othercomputers/\ub0b4 \ub178\ud2b8\ubd81/Forked_Models/Validation/Validation/_\ub77c\ubca8_General_val_C/district/3. \ud6c4\ubc29 \ubc29\ud5a5 \uc774\ubbf8\uc9c0/[district]day_420C/[district]day_420C_85.json",
            "id": 6
        },
        {
            "time_step": 3,
            "original_data_path": "/content/drive/Othercomputers/\ub0b4 \ub178\ud2b8\ubd81/Forked_Models/Validation/Validation/_\ub77c\ubca8_General_val_C/district/3. \ud6c4\ubc29 \ubc29\ud5a5 \uc774\ubbf8\uc9c0/[district]day_420C/[district]day_420C_90.json",
            "id": 6
        }
    ],
    "label": 2
}