{
    "data": [
        [
            0.36770833333333336,
            0.44074074074074077,
            -0.02083333333333337,
            -0.05833333333333335,
            0.02604166666666663,
            0.01944444444444443,
            0.015625,
            0.06851851851851853
        ],
        [
            0.36770833333333336,
            0.44074074074074077,
            -0.015104166666666696,
            -0.06018518518518523,
            0.02604166666666663,
            0.01944444444444443,
            0.015625,
            0.06851851851851853
        ],
        [
            0.36770833333333336,
            0.44074074074074077,
            -0.015104166666666696,
            -0.06018518518518523,
            0.02604166666666663,
            0.01944444444444443,
            0.015625,
            0.06851851851851853
        ]
    ],
    "original_data": [
        {
            "time_step": 1,
            "original_data_path": "/content/drive/Othercomputers/\ub0b4 \ub178\ud2b8\ubd81/Forked_Models/Validation/Validation/_\ub77c\ubca8_General_val_C/district/3. \ud6c4\ubc29 \ubc29\ud5a5 \uc774\ubbf8\uc9c0/[district]leave_1078C/[district]leave_1078C_580.json",
            "id": 4
        },
        {
            "time_step": 2,
            "original_data_path": "/content/drive/Othercomputers/\ub0b4 \ub178\ud2b8\ubd81/Forked_Models/Validation/Validation/_\ub77c\ubca8_General_val_C/district/3. \ud6c4\ubc29 \ubc29\ud5a5 \uc774\ubbf8\uc9c0/[district]leave_1078C/[district]leave_1078C_585.json",
            "id": 4
        },
        {
            "time_step": 3,
            "original_data_path": "/content/drive/Othercomputers/\ub0b4 \ub178\ud2b8\ubd81/Forked_Models/Validation/Validation/_\ub77c\ubca8_General_val_C/district/3. \ud6c4\ubc29 \ubc29\ud5a5 \uc774\ubbf8\uc9c0/[district]leave_1078C/[district]leave_1078C_590.json",
            "id": 4
        }
    ],
    "label": 2
}