{
    "data": [
        [
            0.49895833333333334,
            0.06666666666666667,
            0.0036458333333332926,
            -0.014814814814814815,
            -0.019791666666666652,
            0.010185185185185186,
            0.01770833333333338,
            0.018518518518518517
        ],
        [
            0.503125,
            0.07407407407407407,
            0.002083333333333326,
            -0.02685185185185185,
            -0.02083333333333337,
            -0.0018518518518518545,
            0.013541666666666674,
            0.011111111111111113
        ],
        [
            0.5036458333333333,
            0.07407407407407407,
            0.002083333333333326,
            -0.02685185185185185,
            -0.02083333333333337,
            -0.0018518518518518545,
            0.013541666666666674,
            0.011111111111111113
        ]
    ],
    "original_data": [
        {
            "time_step": 1,
            "original_data_path": "/content/drive/Othercomputers/\ub0b4 \ub178\ud2b8\ubd81/Forked_Models/Validation/Validation/_\ub77c\ubca8_General_val_C/district/3. \ud6c4\ubc29 \ubc29\ud5a5 \uc774\ubbf8\uc9c0/[district]leave_075C/[district]leave_075C_70.json",
            "id": 0
        },
        {
            "time_step": 2,
            "original_data_path": "/content/drive/Othercomputers/\ub0b4 \ub178\ud2b8\ubd81/Forked_Models/Validation/Validation/_\ub77c\ubca8_General_val_C/district/3. \ud6c4\ubc29 \ubc29\ud5a5 \uc774\ubbf8\uc9c0/[district]leave_075C/[district]leave_075C_72.json",
            "id": 0
        },
        {
            "time_step": 3,
            "original_data_path": "/content/drive/Othercomputers/\ub0b4 \ub178\ud2b8\ubd81/Forked_Models/Validation/Validation/_\ub77c\ubca8_General_val_C/district/3. \ud6c4\ubc29 \ubc29\ud5a5 \uc774\ubbf8\uc9c0/[district]leave_075C/[district]leave_075C_74.json",
            "id": 0
        }
    ],
    "label": 2
}