{
    "data": [
        [
            0.34010416666666665,
            0.25,
            -0.0036458333333332926,
            -0.022222222222222227,
            -0.01510416666666664,
            0.033333333333333326,
            0.03229166666666666,
            0.018518518518518545
        ],
        [
            0.34010416666666665,
            0.25,
            -0.0036458333333332926,
            -0.022222222222222227,
            -0.01510416666666664,
            0.033333333333333326,
            0.03229166666666666,
            0.018518518518518545
        ],
        [
            0.34010416666666665,
            0.25,
            -0.0036458333333332926,
            -0.022222222222222227,
            -0.01510416666666664,
            0.033333333333333326,
            0.03229166666666666,
            0.018518518518518545
        ]
    ],
    "original_data": [
        {
            "time_step": 1,
            "original_data_path": "/content/drive/Othercomputers/\ub0b4 \ub178\ud2b8\ubd81/Forked_Models/Validation/Validation/_\ub77c\ubca8_General_val_C/district/3. \ud6c4\ubc29 \ubc29\ud5a5 \uc774\ubbf8\uc9c0/[district]night_632C/[district]night_632C_585.json",
            "id": 4
        },
        {
            "time_step": 2,
            "original_data_path": "/content/drive/Othercomputers/\ub0b4 \ub178\ud2b8\ubd81/Forked_Models/Validation/Validation/_\ub77c\ubca8_General_val_C/district/3. \ud6c4\ubc29 \ubc29\ud5a5 \uc774\ubbf8\uc9c0/[district]night_632C/[district]night_632C_590.json",
            "id": 4
        },
        {
            "time_step": 3,
            "original_data_path": "/content/drive/Othercomputers/\ub0b4 \ub178\ud2b8\ubd81/Forked_Models/Validation/Validation/_\ub77c\ubca8_General_val_C/district/3. \ud6c4\ubc29 \ubc29\ud5a5 \uc774\ubbf8\uc9c0/[district]night_632C/[district]night_632C_595.json",
            "id": 4
        }
    ],
    "label": 2
}