{
    "data": [
        [
            0.34322916666666664,
            0.27037037037037037,
            -0.0078125,
            -0.021296296296296285,
            -0.023958333333333304,
            0.020370370370370372,
            0.026041666666666685,
            0.012037037037037013
        ],
        [
            0.34322916666666664,
            0.27037037037037037,
            -0.0078125,
            -0.021296296296296285,
            -0.023958333333333304,
            0.020370370370370372,
            0.026041666666666685,
            0.012037037037037013
        ],
        [
            0.34322916666666664,
            0.27037037037037037,
            -0.0078125,
            -0.021296296296296285,
            -0.023958333333333304,
            0.020370370370370372,
            0.025000000000000022,
            0.009259259259259245
        ]
    ],
    "original_data": [
        {
            "time_step": 1,
            "original_data_path": "/content/drive/Othercomputers/\ub0b4 \ub178\ud2b8\ubd81/Forked_Models/Validation/Validation/_\ub77c\ubca8_General_val_C/district/3. \ud6c4\ubc29 \ubc29\ud5a5 \uc774\ubbf8\uc9c0/[district]leave_1056C/[district]leave_1056C_315.json",
            "id": 1
        },
        {
            "time_step": 2,
            "original_data_path": "/content/drive/Othercomputers/\ub0b4 \ub178\ud2b8\ubd81/Forked_Models/Validation/Validation/_\ub77c\ubca8_General_val_C/district/3. \ud6c4\ubc29 \ubc29\ud5a5 \uc774\ubbf8\uc9c0/[district]leave_1056C/[district]leave_1056C_320.json",
            "id": 1
        },
        {
            "time_step": 3,
            "original_data_path": "/content/drive/Othercomputers/\ub0b4 \ub178\ud2b8\ubd81/Forked_Models/Validation/Validation/_\ub77c\ubca8_General_val_C/district/3. \ud6c4\ubc29 \ubc29\ud5a5 \uc774\ubbf8\uc9c0/[district]leave_1056C/[district]leave_1056C_325.json",
            "id": 1
        }
    ],
    "label": 2
}