{
    "data": [
        [
            0.6302083333333334,
            0.29259259259259257,
            0.005729166666666674,
            -0.028703703703703676,
            -0.025000000000000022,
            0.015740740740740777,
            0.017708333333333326,
            0.005555555555555591
        ],
        [
            0.6302083333333334,
            0.29259259259259257,
            0.004687499999999956,
            -0.024999999999999967,
            -0.025000000000000022,
            0.015740740740740777,
            0.017708333333333326,
            0.005555555555555591
        ],
        [
            0.6302083333333334,
            0.29259259259259257,
            0.002083333333333326,
            -0.024074074074074026,
            -0.025000000000000022,
            0.015740740740740777,
            0.017708333333333326,
            0.005555555555555591
        ]
    ],
    "original_data": [
        {
            "time_step": 1,
            "original_data_path": "/content/drive/Othercomputers/\ub0b4 \ub178\ud2b8\ubd81/Forked_Models/Validation/Validation/_\ub77c\ubca8_General_val_C/district/3. \ud6c4\ubc29 \ubc29\ud5a5 \uc774\ubbf8\uc9c0/[district]leave_461C/[district]leave_461C_255.json",
            "id": 1
        },
        {
            "time_step": 2,
            "original_data_path": "/content/drive/Othercomputers/\ub0b4 \ub178\ud2b8\ubd81/Forked_Models/Validation/Validation/_\ub77c\ubca8_General_val_C/district/3. \ud6c4\ubc29 \ubc29\ud5a5 \uc774\ubbf8\uc9c0/[district]leave_461C/[district]leave_461C_260.json",
            "id": 1
        },
        {
            "time_step": 3,
            "original_data_path": "/content/drive/Othercomputers/\ub0b4 \ub178\ud2b8\ubd81/Forked_Models/Validation/Validation/_\ub77c\ubca8_General_val_C/district/3. \ud6c4\ubc29 \ubc29\ud5a5 \uc774\ubbf8\uc9c0/[district]leave_461C/[district]leave_461C_265.json",
            "id": 1
        }
    ],
    "label": 2
}