{
    "data": [
        [
            0.390625,
            0.6157407407407407,
            -0.016666666666666663,
            -0.07222222222222219,
            -0.01614583333333336,
            0.0018518518518518823,
            0.05520833333333336,
            0.0712962962962963
        ],
        [
            0.39010416666666664,
            0.612037037037037,
            -0.020312499999999956,
            -0.06851851851851853,
            -0.015625,
            0.0037037037037036535,
            0.05572916666666672,
            0.07314814814814818
        ],
        [
            0.39010416666666664,
            0.612037037037037,
            -0.020312499999999956,
            -0.06851851851851853,
            -0.015625,
            0.0037037037037036535,
            0.05572916666666672,
            0.07314814814814818
        ]
    ],
    "original_data": [
        {
            "time_step": 1,
            "original_data_path": "/content/drive/Othercomputers/\ub0b4 \ub178\ud2b8\ubd81/Forked_Models/Validation/Validation/_\ub77c\ubca8_General_val_C/district/3. \ud6c4\ubc29 \ubc29\ud5a5 \uc774\ubbf8\uc9c0/[district]day_683C/[district]day_683C_555.json",
            "id": 7
        },
        {
            "time_step": 2,
            "original_data_path": "/content/drive/Othercomputers/\ub0b4 \ub178\ud2b8\ubd81/Forked_Models/Validation/Validation/_\ub77c\ubca8_General_val_C/district/3. \ud6c4\ubc29 \ubc29\ud5a5 \uc774\ubbf8\uc9c0/[district]day_683C/[district]day_683C_560.json",
            "id": 7
        },
        {
            "time_step": 3,
            "original_data_path": "/content/drive/Othercomputers/\ub0b4 \ub178\ud2b8\ubd81/Forked_Models/Validation/Validation/_\ub77c\ubca8_General_val_C/district/3. \ud6c4\ubc29 \ubc29\ud5a5 \uc774\ubbf8\uc9c0/[district]day_683C/[district]day_683C_565.json",
            "id": 7
        }
    ],
    "label": 2
}