{
    "data": [
        [
            0.5239583333333333,
            0.3138888888888889,
            0.006249999999999978,
            -0.04444444444444445,
            -0.025520833333333326,
            0.0490740740740741,
            0.015104166666666696,
            0.012962962962962954
        ],
        [
            0.5239583333333333,
            0.3138888888888889,
            0.006249999999999978,
            -0.04444444444444445,
            -0.025520833333333326,
            0.0490740740740741,
            0.015104166666666696,
            0.012962962962962954
        ],
        [
            0.5239583333333333,
            0.3138888888888889,
            0.006249999999999978,
            -0.04444444444444445,
            -0.025520833333333326,
            0.0490740740740741,
            0.015104166666666696,
            0.012962962962962954
        ]
    ],
    "original_data": [
        {
            "time_step": 1,
            "original_data_path": "/content/drive/Othercomputers/\ub0b4 \ub178\ud2b8\ubd81/Forked_Models/Validation/Validation/_\ub77c\ubca8_General_val_C/district/3. \ud6c4\ubc29 \ubc29\ud5a5 \uc774\ubbf8\uc9c0/[district]day_955C/[district]day_955C_165.json",
            "id": 1
        },
        {
            "time_step": 2,
            "original_data_path": "/content/drive/Othercomputers/\ub0b4 \ub178\ud2b8\ubd81/Forked_Models/Validation/Validation/_\ub77c\ubca8_General_val_C/district/3. \ud6c4\ubc29 \ubc29\ud5a5 \uc774\ubbf8\uc9c0/[district]day_955C/[district]day_955C_170.json",
            "id": 1
        },
        {
            "time_step": 3,
            "original_data_path": "/content/drive/Othercomputers/\ub0b4 \ub178\ud2b8\ubd81/Forked_Models/Validation/Validation/_\ub77c\ubca8_General_val_C/district/3. \ud6c4\ubc29 \ubc29\ud5a5 \uc774\ubbf8\uc9c0/[district]day_955C/[district]day_955C_175.json",
            "id": 1
        }
    ],
    "label": 2
}