{
    "data": [
        [
            0.6890625,
            0.38333333333333336,
            0.0,
            -0.030555555555555558,
            -0.033333333333333326,
            0.011111111111111072,
            0.0234375,
            0.016666666666666663
        ],
        [
            0.6859375,
            0.38055555555555554,
            0.0010416666666667185,
            -0.027777777777777735,
            -0.03020833333333328,
            0.013888888888888895,
            0.026562500000000044,
            0.019444444444444486
        ],
        [
            0.6864583333333333,
            0.37777777777777777,
            -0.0015624999999999112,
            -0.02314814814814814,
            -0.029687499999999978,
            0.015740740740740777,
            0.025000000000000022,
            0.02777777777777779
        ]
    ],
    "original_data": [
        {
            "time_step": 1,
            "original_data_path": "/content/drive/Othercomputers/\ub0b4 \ub178\ud2b8\ubd81/Forked_Models/Validation/Validation/_\ub77c\ubca8_General_val_C/district/3. \ud6c4\ubc29 \ubc29\ud5a5 \uc774\ubbf8\uc9c0/[district]leave_075C/[district]leave_075C_236.json",
            "id": 3
        },
        {
            "time_step": 2,
            "original_data_path": "/content/drive/Othercomputers/\ub0b4 \ub178\ud2b8\ubd81/Forked_Models/Validation/Validation/_\ub77c\ubca8_General_val_C/district/3. \ud6c4\ubc29 \ubc29\ud5a5 \uc774\ubbf8\uc9c0/[district]leave_075C/[district]leave_075C_238.json",
            "id": 3
        },
        {
            "time_step": 3,
            "original_data_path": "/content/drive/Othercomputers/\ub0b4 \ub178\ud2b8\ubd81/Forked_Models/Validation/Validation/_\ub77c\ubca8_General_val_C/district/3. \ud6c4\ubc29 \ubc29\ud5a5 \uc774\ubbf8\uc9c0/[district]leave_075C/[district]leave_075C_240.json",
            "id": 3
        }
    ],
    "label": 2
}