{
    "data": [
        [
            0.3885416666666667,
            0.26481481481481484,
            -0.00833333333333336,
            -0.01666666666666669,
            -0.019791666666666652,
            0.011111111111111072,
            0.03541666666666665,
            -0.00462962962962965
        ],
        [
            0.3885416666666667,
            0.26481481481481484,
            -0.00833333333333336,
            -0.01666666666666669,
            -0.019791666666666652,
            0.011111111111111072,
            0.03489583333333335,
            -0.007407407407407418
        ],
        [
            0.3885416666666667,
            0.26481481481481484,
            -0.00833333333333336,
            -0.01666666666666669,
            -0.019791666666666652,
            0.011111111111111072,
            0.03281249999999997,
            -0.007407407407407418
        ]
    ],
    "original_data": [
        {
            "time_step": 1,
            "original_data_path": "/content/drive/Othercomputers/\ub0b4 \ub178\ud2b8\ubd81/Forked_Models/Validation/Validation/_\ub77c\ubca8_General_val_C/district/3. \ud6c4\ubc29 \ubc29\ud5a5 \uc774\ubbf8\uc9c0/[district]night_620C/[district]night_620C_95.json",
            "id": 0
        },
        {
            "time_step": 2,
            "original_data_path": "/content/drive/Othercomputers/\ub0b4 \ub178\ud2b8\ubd81/Forked_Models/Validation/Validation/_\ub77c\ubca8_General_val_C/district/3. \ud6c4\ubc29 \ubc29\ud5a5 \uc774\ubbf8\uc9c0/[district]night_620C/[district]night_620C_100.json",
            "id": 0
        },
        {
            "time_step": 3,
            "original_data_path": "/content/drive/Othercomputers/\ub0b4 \ub178\ud2b8\ubd81/Forked_Models/Validation/Validation/_\ub77c\ubca8_General_val_C/district/3. \ud6c4\ubc29 \ubc29\ud5a5 \uc774\ubbf8\uc9c0/[district]night_620C/[district]night_620C_105.json",
            "id": 0
        }
    ],
    "label": 2
}