{
    "data": [
        [
            0.6895833333333333,
            0.387037037037037,
            -0.002083333333333326,
            -0.036111111111111094,
            -0.034375000000000044,
            0.00833333333333336,
            0.027604166666666652,
            0.0064814814814815325
        ],
        [
            0.6869791666666667,
            0.37777777777777777,
            -0.0005208333333334147,
            -0.02407407407407408,
            -0.030208333333333393,
            0.015740740740740777,
            0.03020833333333328,
            0.015740740740740777
        ],
        [
            0.6864583333333333,
            0.375,
            0.0005208333333334147,
            -0.02685185185185185,
            -0.03125,
            0.015740740740740722,
            0.030729166666666696,
            0.018518518518518545
        ]
    ],
    "original_data": [
        {
            "time_step": 1,
            "original_data_path": "/content/drive/Othercomputers/\ub0b4 \ub178\ud2b8\ubd81/Forked_Models/Validation/Validation/_\ub77c\ubca8_General_val_C/district/3. \ud6c4\ubc29 \ubc29\ud5a5 \uc774\ubbf8\uc9c0/[district]leave_075C/[district]leave_075C_78.json",
            "id": 3
        },
        {
            "time_step": 2,
            "original_data_path": "/content/drive/Othercomputers/\ub0b4 \ub178\ud2b8\ubd81/Forked_Models/Validation/Validation/_\ub77c\ubca8_General_val_C/district/3. \ud6c4\ubc29 \ubc29\ud5a5 \uc774\ubbf8\uc9c0/[district]leave_075C/[district]leave_075C_80.json",
            "id": 3
        },
        {
            "time_step": 3,
            "original_data_path": "/content/drive/Othercomputers/\ub0b4 \ub178\ud2b8\ubd81/Forked_Models/Validation/Validation/_\ub77c\ubca8_General_val_C/district/3. \ud6c4\ubc29 \ubc29\ud5a5 \uc774\ubbf8\uc9c0/[district]leave_075C/[district]leave_075C_82.json",
            "id": 3
        }
    ],
    "label": 2
}