{
    "data": [
        [
            0.7875,
            0.15648148148148147,
            0.0015625000000000222,
            -0.03148148148148147,
            -0.015625,
            0.003703703703703709,
            0.02447916666666672,
            0.01944444444444446
        ],
        [
            0.7875,
            0.15648148148148147,
            0.0015625000000000222,
            -0.03148148148148147,
            -0.015625,
            0.003703703703703709,
            0.02447916666666672,
            0.01944444444444446
        ],
        [
            0.7875,
            0.15648148148148147,
            0.0015625000000000222,
            -0.03148148148148147,
            -0.015625,
            0.003703703703703709,
            0.02447916666666672,
            0.01944444444444446
        ]
    ],
    "original_data": [
        {
            "time_step": 1,
            "original_data_path": "/content/drive/Othercomputers/\ub0b4 \ub178\ud2b8\ubd81/Forked_Models/Validation/Validation/_\ub77c\ubca8_General_val_C/district/3. \ud6c4\ubc29 \ubc29\ud5a5 \uc774\ubbf8\uc9c0/[district]attend_057C/[district]attend_057C_118.json",
            "id": 2
        },
        {
            "time_step": 2,
            "original_data_path": "/content/drive/Othercomputers/\ub0b4 \ub178\ud2b8\ubd81/Forked_Models/Validation/Validation/_\ub77c\ubca8_General_val_C/district/3. \ud6c4\ubc29 \ubc29\ud5a5 \uc774\ubbf8\uc9c0/[district]attend_057C/[district]attend_057C_120.json",
            "id": 2
        },
        {
            "time_step": 3,
            "original_data_path": "/content/drive/Othercomputers/\ub0b4 \ub178\ud2b8\ubd81/Forked_Models/Validation/Validation/_\ub77c\ubca8_General_val_C/district/3. \ud6c4\ubc29 \ubc29\ud5a5 \uc774\ubbf8\uc9c0/[district]attend_057C/[district]attend_057C_122.json",
            "id": 2
        }
    ],
    "label": 2
}