{
    "data": [
        [
            0.6369791666666667,
            0.11296296296296296,
            -0.0010416666666666075,
            -0.01759259259259259,
            -0.012499999999999956,
            0.02407407407407408,
            0.014583333333333393,
            0.017592592592592604
        ],
        [
            0.6369791666666667,
            0.11296296296296296,
            -0.0010416666666666075,
            -0.01759259259259259,
            -0.012499999999999956,
            0.02407407407407408,
            0.014583333333333393,
            0.017592592592592604
        ],
        [
            0.634375,
            0.11574074074074074,
            -0.002083333333333326,
            -0.019444444444444445,
            -0.011458333333333348,
            0.022222222222222213,
            0.017187500000000022,
            0.014814814814814822
        ]
    ],
    "original_data": [
        {
            "time_step": 1,
            "original_data_path": "/content/drive/Othercomputers/\ub0b4 \ub178\ud2b8\ubd81/Forked_Models/Validation/Validation/_\ub77c\ubca8_General_val_C/district/3. \ud6c4\ubc29 \ubc29\ud5a5 \uc774\ubbf8\uc9c0/[district]attend_024C/[district]attend_024C_134.json",
            "id": 0
        },
        {
            "time_step": 2,
            "original_data_path": "/content/drive/Othercomputers/\ub0b4 \ub178\ud2b8\ubd81/Forked_Models/Validation/Validation/_\ub77c\ubca8_General_val_C/district/3. \ud6c4\ubc29 \ubc29\ud5a5 \uc774\ubbf8\uc9c0/[district]attend_024C/[district]attend_024C_136.json",
            "id": 0
        },
        {
            "time_step": 3,
            "original_data_path": "/content/drive/Othercomputers/\ub0b4 \ub178\ud2b8\ubd81/Forked_Models/Validation/Validation/_\ub77c\ubca8_General_val_C/district/3. \ud6c4\ubc29 \ubc29\ud5a5 \uc774\ubbf8\uc9c0/[district]attend_024C/[district]attend_024C_138.json",
            "id": 0
        }
    ],
    "label": 2
}