{
    "data": [
        [
            0.3927083333333333,
            0.2824074074074074,
            0.002083333333333326,
            -0.021296296296296258,
            -0.02031250000000001,
            0.018518518518518545,
            0.021354166666666674,
            0.025925925925925963
        ],
        [
            0.39479166666666665,
            0.2824074074074074,
            0.002604166666666685,
            -0.0222222222222222,
            -0.022395833333333337,
            0.018518518518518545,
            0.019270833333333348,
            0.025925925925925963
        ],
        [
            0.39479166666666665,
            0.2824074074074074,
            0.002604166666666685,
            -0.0222222222222222,
            -0.022395833333333337,
            0.018518518518518545,
            0.019270833333333348,
            0.025925925925925963
        ]
    ],
    "original_data": [
        {
            "time_step": 1,
            "original_data_path": "/content/drive/Othercomputers/\ub0b4 \ub178\ud2b8\ubd81/Forked_Models/Validation/Validation/_\ub77c\ubca8_General_val_C/district/3. \ud6c4\ubc29 \ubc29\ud5a5 \uc774\ubbf8\uc9c0/[district]leave_075C/[district]leave_075C_212.json",
            "id": 1
        },
        {
            "time_step": 2,
            "original_data_path": "/content/drive/Othercomputers/\ub0b4 \ub178\ud2b8\ubd81/Forked_Models/Validation/Validation/_\ub77c\ubca8_General_val_C/district/3. \ud6c4\ubc29 \ubc29\ud5a5 \uc774\ubbf8\uc9c0/[district]leave_075C/[district]leave_075C_214.json",
            "id": 1
        },
        {
            "time_step": 3,
            "original_data_path": "/content/drive/Othercomputers/\ub0b4 \ub178\ud2b8\ubd81/Forked_Models/Validation/Validation/_\ub77c\ubca8_General_val_C/district/3. \ud6c4\ubc29 \ubc29\ud5a5 \uc774\ubbf8\uc9c0/[district]leave_075C/[district]leave_075C_216.json",
            "id": 1
        }
    ],
    "label": 2
}