{
    "data": [
        [
            0.6890625,
            0.387037037037037,
            0.0010416666666666075,
            -0.029629629629629617,
            -0.03281250000000002,
            0.005555555555555591,
            0.026562499999999933,
            0.003703703703703709
        ],
        [
            0.6890625,
            0.38981481481481484,
            0.0005208333333333037,
            -0.030555555555555558,
            -0.03281250000000002,
            0.005555555555555536,
            0.026562499999999933,
            0.003703703703703709
        ],
        [
            0.6869791666666667,
            0.3888888888888889,
            0.0010416666666666075,
            -0.033333333333333326,
            -0.03125,
            0.005555555555555536,
            0.02864583333333326,
            0.0018518518518518268
        ]
    ],
    "original_data": [
        {
            "time_step": 1,
            "original_data_path": "/content/drive/Othercomputers/\ub0b4 \ub178\ud2b8\ubd81/Forked_Models/Validation/Validation/_\ub77c\ubca8_General_val_C/district/3. \ud6c4\ubc29 \ubc29\ud5a5 \uc774\ubbf8\uc9c0/[district]leave_075C/[district]leave_075C_222.json",
            "id": 3
        },
        {
            "time_step": 2,
            "original_data_path": "/content/drive/Othercomputers/\ub0b4 \ub178\ud2b8\ubd81/Forked_Models/Validation/Validation/_\ub77c\ubca8_General_val_C/district/3. \ud6c4\ubc29 \ubc29\ud5a5 \uc774\ubbf8\uc9c0/[district]leave_075C/[district]leave_075C_224.json",
            "id": 3
        },
        {
            "time_step": 3,
            "original_data_path": "/content/drive/Othercomputers/\ub0b4 \ub178\ud2b8\ubd81/Forked_Models/Validation/Validation/_\ub77c\ubca8_General_val_C/district/3. \ud6c4\ubc29 \ubc29\ud5a5 \uc774\ubbf8\uc9c0/[district]leave_075C/[district]leave_075C_226.json",
            "id": 3
        }
    ],
    "label": 2
}