{
    "data": [
        [
            0.790625,
            0.825,
            0.011458333333333348,
            -0.040740740740740744,
            -0.054166666666666696,
            0.019444444444444486,
            0.046354166666666696,
            0.017592592592592604
        ],
        [
            0.790625,
            0.8287037037037037,
            0.0078125,
            -0.03518518518518521,
            -0.05208333333333337,
            0.02314814814814814,
            0.044791666666666674,
            0.01388888888888884
        ],
        [
            0.790625,
            0.8287037037037037,
            0.0078125,
            -0.03518518518518521,
            -0.05364583333333339,
            0.022222222222222254,
            0.04531249999999998,
            0.01851851851851849
        ]
    ],
    "original_data": [
        {
            "time_step": 1,
            "original_data_path": "/content/drive/Othercomputers/\ub0b4 \ub178\ud2b8\ubd81/Forked_Models/Validation/Validation/_\ub77c\ubca8_General_val_C/district/3. \ud6c4\ubc29 \ubc29\ud5a5 \uc774\ubbf8\uc9c0/[district]leave_075C/[district]leave_075C_62.json",
            "id": 4
        },
        {
            "time_step": 2,
            "original_data_path": "/content/drive/Othercomputers/\ub0b4 \ub178\ud2b8\ubd81/Forked_Models/Validation/Validation/_\ub77c\ubca8_General_val_C/district/3. \ud6c4\ubc29 \ubc29\ud5a5 \uc774\ubbf8\uc9c0/[district]leave_075C/[district]leave_075C_64.json",
            "id": 4
        },
        {
            "time_step": 3,
            "original_data_path": "/content/drive/Othercomputers/\ub0b4 \ub178\ud2b8\ubd81/Forked_Models/Validation/Validation/_\ub77c\ubca8_General_val_C/district/3. \ud6c4\ubc29 \ubc29\ud5a5 \uc774\ubbf8\uc9c0/[district]leave_075C/[district]leave_075C_66.json",
            "id": 4
        }
    ],
    "label": 2
}