{
    "data": [
        [
            0.3385416666666667,
            0.2972222222222222,
            -0.011979166666666707,
            -0.033333333333333326,
            -0.019791666666666707,
            0.002777777777777768,
            0.023958333333333304,
            -0.0018518518518518268
        ],
        [
            0.3385416666666667,
            0.2972222222222222,
            -0.011979166666666707,
            -0.033333333333333326,
            -0.019791666666666707,
            0.002777777777777768,
            0.023958333333333304,
            -0.0018518518518518268
        ],
        [
            0.3385416666666667,
            0.2972222222222222,
            -0.011979166666666707,
            -0.033333333333333326,
            -0.019791666666666707,
            0.002777777777777768,
            0.023958333333333304,
            -0.0018518518518518268
        ]
    ],
    "original_data": [
        {
            "time_step": 1,
            "original_data_path": "/content/drive/Othercomputers/\ub0b4 \ub178\ud2b8\ubd81/Forked_Models/Validation/Validation/_\ub77c\ubca8_General_val_C/district/3. \ud6c4\ubc29 \ubc29\ud5a5 \uc774\ubbf8\uc9c0/[district]day_731C/[district]day_731C_205.json",
            "id": 2
        },
        {
            "time_step": 2,
            "original_data_path": "/content/drive/Othercomputers/\ub0b4 \ub178\ud2b8\ubd81/Forked_Models/Validation/Validation/_\ub77c\ubca8_General_val_C/district/3. \ud6c4\ubc29 \ubc29\ud5a5 \uc774\ubbf8\uc9c0/[district]day_731C/[district]day_731C_210.json",
            "id": 2
        },
        {
            "time_step": 3,
            "original_data_path": "/content/drive/Othercomputers/\ub0b4 \ub178\ud2b8\ubd81/Forked_Models/Validation/Validation/_\ub77c\ubca8_General_val_C/district/3. \ud6c4\ubc29 \ubc29\ud5a5 \uc774\ubbf8\uc9c0/[district]day_731C/[district]day_731C_215.json",
            "id": 2
        }
    ],
    "label": 2
}