{
    "data": [
        [
            0.6541666666666667,
            0.7537037037037037,
            0.004166666666666652,
            -0.03888888888888886,
            -0.04322916666666665,
            0.0018518518518518823,
            0.051562499999999956,
            0.008333333333333415
        ],
        [
            0.6364583333333333,
            0.7305555555555555,
            -0.0010416666666667185,
            -0.03425925925925921,
            -0.03749999999999998,
            0.01666666666666672,
            0.04843750000000002,
            0.02777777777777779
        ],
        [
            0.6140625,
            0.7185185185185186,
            -0.005208333333333259,
            -0.031481481481481555,
            -0.03437499999999993,
            -0.0064814814814815325,
            0.04791666666666672,
            0.024074074074074026
        ]
    ],
    "original_data": [
        {
            "time_step": 1,
            "original_data_path": "/content/drive/Othercomputers/\ub0b4 \ub178\ud2b8\ubd81/Forked_Models/Validation/Validation/_\ub77c\ubca8_General_val_C/district/3. \ud6c4\ubc29 \ubc29\ud5a5 \uc774\ubbf8\uc9c0/[district]night_632C/[district]night_632C_430.json",
            "id": 2
        },
        {
            "time_step": 2,
            "original_data_path": "/content/drive/Othercomputers/\ub0b4 \ub178\ud2b8\ubd81/Forked_Models/Validation/Validation/_\ub77c\ubca8_General_val_C/district/3. \ud6c4\ubc29 \ubc29\ud5a5 \uc774\ubbf8\uc9c0/[district]night_632C/[district]night_632C_435.json",
            "id": 2
        },
        {
            "time_step": 3,
            "original_data_path": "/content/drive/Othercomputers/\ub0b4 \ub178\ud2b8\ubd81/Forked_Models/Validation/Validation/_\ub77c\ubca8_General_val_C/district/3. \ud6c4\ubc29 \ubc29\ud5a5 \uc774\ubbf8\uc9c0/[district]night_632C/[district]night_632C_440.json",
            "id": 2
        }
    ],
    "label": 2
}