{
    "data": [
        [
            0.3828125,
            0.8981481481481481,
            -0.04375000000000001,
            -0.06018518518518523,
            0.029166666666666674,
            -0.06388888888888888,
            -0.002604166666666685,
            0.09444444444444444
        ],
        [
            0.3828125,
            0.8981481481481481,
            -0.04375000000000001,
            -0.06018518518518523,
            0.029166666666666674,
            -0.06388888888888888,
            -0.002604166666666685,
            0.09444444444444444
        ],
        [
            0.359375,
            0.8805555555555555,
            -0.036979166666666674,
            -0.04999999999999993,
            0.052604166666666674,
            -0.04629629629629628,
            0.020833333333333315,
            0.11203703703703705
        ]
    ],
    "original_data": [
        {
            "time_step": 1,
            "original_data_path": "/content/drive/Othercomputers/\ub0b4 \ub178\ud2b8\ubd81/Forked_Models/Validation/Validation/_\ub77c\ubca8_General_val_C/district/3. \ud6c4\ubc29 \ubc29\ud5a5 \uc774\ubbf8\uc9c0/[district]night_623C/[district]night_623C_95.json",
            "id": 5
        },
        {
            "time_step": 2,
            "original_data_path": "/content/drive/Othercomputers/\ub0b4 \ub178\ud2b8\ubd81/Forked_Models/Validation/Validation/_\ub77c\ubca8_General_val_C/district/3. \ud6c4\ubc29 \ubc29\ud5a5 \uc774\ubbf8\uc9c0/[district]night_623C/[district]night_623C_100.json",
            "id": 5
        },
        {
            "time_step": 3,
            "original_data_path": "/content/drive/Othercomputers/\ub0b4 \ub178\ud2b8\ubd81/Forked_Models/Validation/Validation/_\ub77c\ubca8_General_val_C/district/3. \ud6c4\ubc29 \ubc29\ud5a5 \uc774\ubbf8\uc9c0/[district]night_623C/[district]night_623C_105.json",
            "id": 5
        }
    ],
    "label": 2
}