{
    "data": [
        [
            0.49583333333333335,
            0.06574074074074074,
            0.0005208333333333037,
            -0.020370370370370365,
            -0.018229166666666685,
            0.013888888888888895,
            0.018749999999999933,
            0.014814814814814822
        ],
        [
            0.4979166666666667,
            0.06481481481481481,
            0.002083333333333326,
            -0.014814814814814808,
            -0.02031250000000001,
            0.014814814814814822,
            0.016666666666666607,
            0.01574074074074075
        ],
        [
            0.4984375,
            0.06574074074074074,
            0.0015625000000000222,
            -0.019444444444444445,
            -0.02135416666666662,
            0.012962962962962968,
            0.016145833333333304,
            0.014814814814814822
        ]
    ],
    "original_data": [
        {
            "time_step": 1,
            "original_data_path": "/content/drive/Othercomputers/\ub0b4 \ub178\ud2b8\ubd81/Forked_Models/Validation/Validation/_\ub77c\ubca8_General_val_C/district/3. \ud6c4\ubc29 \ubc29\ud5a5 \uc774\ubbf8\uc9c0/[district]leave_075C/[district]leave_075C_164.json",
            "id": 0
        },
        {
            "time_step": 2,
            "original_data_path": "/content/drive/Othercomputers/\ub0b4 \ub178\ud2b8\ubd81/Forked_Models/Validation/Validation/_\ub77c\ubca8_General_val_C/district/3. \ud6c4\ubc29 \ubc29\ud5a5 \uc774\ubbf8\uc9c0/[district]leave_075C/[district]leave_075C_166.json",
            "id": 0
        },
        {
            "time_step": 3,
            "original_data_path": "/content/drive/Othercomputers/\ub0b4 \ub178\ud2b8\ubd81/Forked_Models/Validation/Validation/_\ub77c\ubca8_General_val_C/district/3. \ud6c4\ubc29 \ubc29\ud5a5 \uc774\ubbf8\uc9c0/[district]leave_075C/[district]leave_075C_168.json",
            "id": 0
        }
    ],
    "label": 2
}