{
    "data": [
        [
            0.41354166666666664,
            0.2638888888888889,
            0.0,
            -0.041666666666666685,
            -0.023958333333333304,
            0.012037037037037013,
            0.014583333333333337,
            0.010185185185185186
        ],
        [
            0.4125,
            0.2675925925925926,
            0.001041666666666663,
            -0.045370370370370394,
            -0.02291666666666664,
            0.008333333333333304,
            0.015625,
            0.006481481481481477
        ],
        [
            0.41354166666666664,
            0.26296296296296295,
            0.0,
            -0.0398148148148148,
            -0.023958333333333304,
            0.012962962962962954,
            0.014583333333333337,
            0.011111111111111127
        ]
    ],
    "original_data": [
        {
            "time_step": 1,
            "original_data_path": "/content/drive/Othercomputers/\ub0b4 \ub178\ud2b8\ubd81/Forked_Models/Validation/Validation/_\ub77c\ubca8_General_val_C/district/3. \ud6c4\ubc29 \ubc29\ud5a5 \uc774\ubbf8\uc9c0/[district]night_510C/[district]night_510C_275.json",
            "id": 0
        },
        {
            "time_step": 2,
            "original_data_path": "/content/drive/Othercomputers/\ub0b4 \ub178\ud2b8\ubd81/Forked_Models/Validation/Validation/_\ub77c\ubca8_General_val_C/district/3. \ud6c4\ubc29 \ubc29\ud5a5 \uc774\ubbf8\uc9c0/[district]night_510C/[district]night_510C_280.json",
            "id": 0
        },
        {
            "time_step": 3,
            "original_data_path": "/content/drive/Othercomputers/\ub0b4 \ub178\ud2b8\ubd81/Forked_Models/Validation/Validation/_\ub77c\ubca8_General_val_C/district/3. \ud6c4\ubc29 \ubc29\ud5a5 \uc774\ubbf8\uc9c0/[district]night_510C/[district]night_510C_285.json",
            "id": 0
        }
    ],
    "label": 2
}