{
    "data": [
        [
            0.478125,
            0.6527777777777778,
            -0.016666666666666663,
            -0.05092592592592593,
            0.014062499999999978,
            -0.061111111111111116,
            0.043749999999999956,
            0.11111111111111105
        ],
        [
            0.4744791666666667,
            0.6898148148148148,
            -0.015104166666666696,
            -0.047222222222222165,
            0.015625,
            -0.08240740740740737,
            0.055208333333333304,
            0.10925925925925928
        ],
        [
            0.46979166666666666,
            0.7240740740740741,
            -0.019791666666666652,
            -0.05555555555555558,
            0.018229166666666685,
            -0.08981481481481479,
            0.04479166666666662,
            0.09999999999999998
        ]
    ],
    "original_data": [
        {
            "time_step": 1,
            "original_data_path": "/content/drive/Othercomputers/\ub0b4 \ub178\ud2b8\ubd81/Forked_Models/Validation/Validation/_\ub77c\ubca8_General_val_C/district/3. \ud6c4\ubc29 \ubc29\ud5a5 \uc774\ubbf8\uc9c0/[district]morning_649C/[district]morning_649C_405.json",
            "id": 4
        },
        {
            "time_step": 2,
            "original_data_path": "/content/drive/Othercomputers/\ub0b4 \ub178\ud2b8\ubd81/Forked_Models/Validation/Validation/_\ub77c\ubca8_General_val_C/district/3. \ud6c4\ubc29 \ubc29\ud5a5 \uc774\ubbf8\uc9c0/[district]morning_649C/[district]morning_649C_410.json",
            "id": 4
        },
        {
            "time_step": 3,
            "original_data_path": "/content/drive/Othercomputers/\ub0b4 \ub178\ud2b8\ubd81/Forked_Models/Validation/Validation/_\ub77c\ubca8_General_val_C/district/3. \ud6c4\ubc29 \ubc29\ud5a5 \uc774\ubbf8\uc9c0/[district]morning_649C/[district]morning_649C_415.json",
            "id": 4
        }
    ],
    "label": 2
}