{
    "data": [
        [
            0.6328125,
            0.4962962962962963,
            -0.0005208333333333037,
            -0.04814814814814816,
            -0.03489583333333335,
            0.009259259259259245,
            0.026562500000000044,
            0.006481481481481477
        ],
        [
            0.6328125,
            0.4962962962962963,
            0.006249999999999978,
            -0.041666666666666685,
            -0.030729166666666696,
            0.009259259259259245,
            0.026562500000000044,
            0.006481481481481477
        ],
        [
            0.6328125,
            0.4962962962962963,
            0.006249999999999978,
            -0.041666666666666685,
            -0.030729166666666696,
            0.009259259259259245,
            0.026562500000000044,
            0.006481481481481477
        ]
    ],
    "original_data": [
        {
            "time_step": 1,
            "original_data_path": "/content/drive/Othercomputers/\ub0b4 \ub178\ud2b8\ubd81/Forked_Models/Validation/Validation/_\ub77c\ubca8_General_val_C/district/3. \ud6c4\ubc29 \ubc29\ud5a5 \uc774\ubbf8\uc9c0/[district]leave_1078C/[district]leave_1078C_5.json",
            "id": 3
        },
        {
            "time_step": 2,
            "original_data_path": "/content/drive/Othercomputers/\ub0b4 \ub178\ud2b8\ubd81/Forked_Models/Validation/Validation/_\ub77c\ubca8_General_val_C/district/3. \ud6c4\ubc29 \ubc29\ud5a5 \uc774\ubbf8\uc9c0/[district]leave_1078C/[district]leave_1078C_10.json",
            "id": 3
        },
        {
            "time_step": 3,
            "original_data_path": "/content/drive/Othercomputers/\ub0b4 \ub178\ud2b8\ubd81/Forked_Models/Validation/Validation/_\ub77c\ubca8_General_val_C/district/3. \ud6c4\ubc29 \ubc29\ud5a5 \uc774\ubbf8\uc9c0/[district]leave_1078C/[district]leave_1078C_15.json",
            "id": 3
        }
    ],
    "label": 2
}