{
    "data": [
        [
            0.634375,
            0.2953703703703704,
            0.0031249999999999334,
            -0.03240740740740744,
            -0.027083333333333348,
            0.0018518518518518268,
            0.019791666666666652,
            0.006481481481481477
        ],
        [
            0.634375,
            0.2953703703703704,
            0.0010416666666666075,
            -0.029629629629629672,
            -0.027083333333333348,
            0.0018518518518518268,
            0.019791666666666652,
            0.006481481481481477
        ],
        [
            0.634375,
            0.2953703703703704,
            0.0010416666666666075,
            -0.030555555555555558,
            -0.027083333333333348,
            0.0018518518518518268,
            0.019791666666666652,
            0.006481481481481477
        ]
    ],
    "original_data": [
        {
            "time_step": 1,
            "original_data_path": "/content/drive/Othercomputers/\ub0b4 \ub178\ud2b8\ubd81/Forked_Models/Validation/Validation/_\ub77c\ubca8_General_val_C/district/3. \ud6c4\ubc29 \ubc29\ud5a5 \uc774\ubbf8\uc9c0/[district]leave_438C/[district]leave_438C_235.json",
            "id": 1
        },
        {
            "time_step": 2,
            "original_data_path": "/content/drive/Othercomputers/\ub0b4 \ub178\ud2b8\ubd81/Forked_Models/Validation/Validation/_\ub77c\ubca8_General_val_C/district/3. \ud6c4\ubc29 \ubc29\ud5a5 \uc774\ubbf8\uc9c0/[district]leave_438C/[district]leave_438C_240.json",
            "id": 1
        },
        {
            "time_step": 3,
            "original_data_path": "/content/drive/Othercomputers/\ub0b4 \ub178\ud2b8\ubd81/Forked_Models/Validation/Validation/_\ub77c\ubca8_General_val_C/district/3. \ud6c4\ubc29 \ubc29\ud5a5 \uc774\ubbf8\uc9c0/[district]leave_438C/[district]leave_438C_245.json",
            "id": 1
        }
    ],
    "label": 2
}