{
    "data": [
        [
            0.48802083333333335,
            0.1787037037037037,
            0.010937499999999989,
            -0.02314814814814814,
            0.005208333333333315,
            0.03888888888888889,
            -0.0078125,
            0.003703703703703709
        ],
        [
            0.5166666666666667,
            0.17962962962962964,
            0.012499999999999956,
            -0.02407407407407408,
            -0.022395833333333393,
            0.030555555555555558,
            0.025520833333333326,
            0.0111111111111111
        ],
        [
            0.5484375,
            0.18425925925925926,
            0.0078125,
            -0.020370370370370372,
            -0.03281250000000002,
            0.012962962962962954,
            0.009375000000000022,
            0.013888888888888895
        ]
    ],
    "original_data": [
        {
            "time_step": 1,
            "original_data_path": "/content/drive/Othercomputers/\ub0b4 \ub178\ud2b8\ubd81/Forked_Models/Validation/Validation/_\ub77c\ubca8_General_val_C/district/3. \ud6c4\ubc29 \ubc29\ud5a5 \uc774\ubbf8\uc9c0/[district]attend_534C/[district]attend_534C_515.json",
            "id": 5
        },
        {
            "time_step": 2,
            "original_data_path": "/content/drive/Othercomputers/\ub0b4 \ub178\ud2b8\ubd81/Forked_Models/Validation/Validation/_\ub77c\ubca8_General_val_C/district/3. \ud6c4\ubc29 \ubc29\ud5a5 \uc774\ubbf8\uc9c0/[district]attend_534C/[district]attend_534C_520.json",
            "id": 5
        },
        {
            "time_step": 3,
            "original_data_path": "/content/drive/Othercomputers/\ub0b4 \ub178\ud2b8\ubd81/Forked_Models/Validation/Validation/_\ub77c\ubca8_General_val_C/district/3. \ud6c4\ubc29 \ubc29\ud5a5 \uc774\ubbf8\uc9c0/[district]attend_534C/[district]attend_534C_525.json",
            "id": 5
        }
    ],
    "label": 2
}