{
    "data": [
        [
            0.3494791666666667,
            0.28888888888888886,
            0.002604166666666685,
            -0.024074074074074026,
            -0.02395833333333336,
            0.0027777777777778234,
            0.018229166666666685,
            0.005555555555555591
        ],
        [
            0.3489583333333333,
            0.2898148148148148,
            0.002604166666666685,
            -0.020370370370370372,
            -0.0234375,
            0.0018518518518518823,
            0.018750000000000044,
            0.00462962962962965
        ],
        [
            0.3489583333333333,
            0.2898148148148148,
            0.0015625000000000222,
            -0.01851851851851849,
            -0.0234375,
            0.0018518518518518823,
            0.018750000000000044,
            0.00462962962962965
        ]
    ],
    "original_data": [
        {
            "time_step": 1,
            "original_data_path": "/content/drive/Othercomputers/\ub0b4 \ub178\ud2b8\ubd81/Forked_Models/Validation/Validation/_\ub77c\ubca8_General_val_C/district/3. \ud6c4\ubc29 \ubc29\ud5a5 \uc774\ubbf8\uc9c0/[district]night_620C/[district]night_620C_505.json",
            "id": 1
        },
        {
            "time_step": 2,
            "original_data_path": "/content/drive/Othercomputers/\ub0b4 \ub178\ud2b8\ubd81/Forked_Models/Validation/Validation/_\ub77c\ubca8_General_val_C/district/3. \ud6c4\ubc29 \ubc29\ud5a5 \uc774\ubbf8\uc9c0/[district]night_620C/[district]night_620C_510.json",
            "id": 1
        },
        {
            "time_step": 3,
            "original_data_path": "/content/drive/Othercomputers/\ub0b4 \ub178\ud2b8\ubd81/Forked_Models/Validation/Validation/_\ub77c\ubca8_General_val_C/district/3. \ud6c4\ubc29 \ubc29\ud5a5 \uc774\ubbf8\uc9c0/[district]night_620C/[district]night_620C_515.json",
            "id": 1
        }
    ],
    "label": 2
}