{
    "data": [
        [
            0.6057291666666667,
            0.6203703703703703,
            0.00520833333333337,
            -0.04907407407407405,
            -0.04062500000000002,
            0.12685185185185188,
            -0.04062500000000002,
            0.025000000000000022
        ],
        [
            0.5953125,
            0.6564814814814814,
            0.008854166666666607,
            -0.04907407407407405,
            -0.03489583333333335,
            0.11759259259259258,
            -0.0390625,
            -0.0009259259259258856
        ],
        [
            0.5953125,
            0.6564814814814814,
            0.008854166666666607,
            -0.04907407407407405,
            -0.038541666666666696,
            0.125925925925926,
            -0.0390625,
            -0.0009259259259258856
        ]
    ],
    "original_data": [
        {
            "time_step": 1,
            "original_data_path": "/content/drive/Othercomputers/\ub0b4 \ub178\ud2b8\ubd81/Forked_Models/Validation/Validation/_\ub77c\ubca8_General_val_C/district/3. \ud6c4\ubc29 \ubc29\ud5a5 \uc774\ubbf8\uc9c0/[district]day_708C/[district]day_708C_395.json",
            "id": 9
        },
        {
            "time_step": 2,
            "original_data_path": "/content/drive/Othercomputers/\ub0b4 \ub178\ud2b8\ubd81/Forked_Models/Validation/Validation/_\ub77c\ubca8_General_val_C/district/3. \ud6c4\ubc29 \ubc29\ud5a5 \uc774\ubbf8\uc9c0/[district]day_708C/[district]day_708C_400.json",
            "id": 9
        },
        {
            "time_step": 3,
            "original_data_path": "/content/drive/Othercomputers/\ub0b4 \ub178\ud2b8\ubd81/Forked_Models/Validation/Validation/_\ub77c\ubca8_General_val_C/district/3. \ud6c4\ubc29 \ubc29\ud5a5 \uc774\ubbf8\uc9c0/[district]day_708C/[district]day_708C_405.json",
            "id": 9
        }
    ],
    "label": 2
}