{
    "data": [
        [
            0.3921875,
            0.2935185185185185,
            -0.004687500000000011,
            -0.015740740740740722,
            -0.0234375,
            0.00833333333333336,
            0.03437499999999999,
            0.013888888888888895
        ],
        [
            0.3875,
            0.2861111111111111,
            -0.004166666666666652,
            -0.01481481481481478,
            -0.019791666666666652,
            0.017592592592592604,
            0.0390625,
            0.021296296296296313
        ],
        [
            0.3875,
            0.2833333333333333,
            -0.003124999999999989,
            -0.01944444444444443,
            -0.019791666666666652,
            0.020370370370370372,
            0.0390625,
            0.02407407407407408
        ]
    ],
    "original_data": [
        {
            "time_step": 1,
            "original_data_path": "/content/drive/Othercomputers/\ub0b4 \ub178\ud2b8\ubd81/Forked_Models/Validation/Validation/_\ub77c\ubca8_General_val_C/district/3. \ud6c4\ubc29 \ubc29\ud5a5 \uc774\ubbf8\uc9c0/[district]day_431C/[district]day_431C_24.json",
            "id": 0
        },
        {
            "time_step": 2,
            "original_data_path": "/content/drive/Othercomputers/\ub0b4 \ub178\ud2b8\ubd81/Forked_Models/Validation/Validation/_\ub77c\ubca8_General_val_C/district/3. \ud6c4\ubc29 \ubc29\ud5a5 \uc774\ubbf8\uc9c0/[district]day_431C/[district]day_431C_26.json",
            "id": 0
        },
        {
            "time_step": 3,
            "original_data_path": "/content/drive/Othercomputers/\ub0b4 \ub178\ud2b8\ubd81/Forked_Models/Validation/Validation/_\ub77c\ubca8_General_val_C/district/3. \ud6c4\ubc29 \ubc29\ud5a5 \uc774\ubbf8\uc9c0/[district]day_431C/[district]day_431C_28.json",
            "id": 0
        }
    ],
    "label": 2
}