{
    "data": [
        [
            0.9125,
            0.6342592592592593,
            0.015625,
            -0.09537037037037044,
            -0.08802083333333333,
            -0.014814814814814836,
            0.07291666666666674,
            0.0796296296296296
        ],
        [
            0.9083333333333333,
            0.6509259259259259,
            0.010937500000000044,
            -0.11018518518518516,
            -0.08489583333333328,
            -0.03240740740740744,
            0.07656249999999998,
            0.062037037037037
        ],
        [
            0.9088541666666666,
            0.6583333333333333,
            0.0078125,
            -0.0981481481481481,
            -0.08437499999999998,
            -0.03240740740740744,
            0.07656250000000009,
            0.06018518518518523
        ]
    ],
    "original_data": [
        {
            "time_step": 1,
            "original_data_path": "/content/drive/Othercomputers/\ub0b4 \ub178\ud2b8\ubd81/Forked_Models/Validation/Validation/_\ub77c\ubca8_General_val_C/district/3. \ud6c4\ubc29 \ubc29\ud5a5 \uc774\ubbf8\uc9c0/[district]leave_047C/[district]leave_047C_24.json",
            "id": 8
        },
        {
            "time_step": 2,
            "original_data_path": "/content/drive/Othercomputers/\ub0b4 \ub178\ud2b8\ubd81/Forked_Models/Validation/Validation/_\ub77c\ubca8_General_val_C/district/3. \ud6c4\ubc29 \ubc29\ud5a5 \uc774\ubbf8\uc9c0/[district]leave_047C/[district]leave_047C_26.json",
            "id": 8
        },
        {
            "time_step": 3,
            "original_data_path": "/content/drive/Othercomputers/\ub0b4 \ub178\ud2b8\ubd81/Forked_Models/Validation/Validation/_\ub77c\ubca8_General_val_C/district/3. \ud6c4\ubc29 \ubc29\ud5a5 \uc774\ubbf8\uc9c0/[district]leave_047C/[district]leave_047C_28.json",
            "id": 8
        }
    ],
    "label": 2
}