{
    "data": [
        [
            0.39427083333333335,
            0.5509259259259259,
            -0.018229166666666685,
            -0.037962962962962976,
            0.020833333333333315,
            -0.022222222222222254,
            0.04062499999999997,
            0.061111111111111116
        ],
        [
            0.396875,
            0.5564814814814815,
            -0.016145833333333304,
            -0.033333333333333326,
            0.0234375,
            -0.025000000000000022,
            0.044791666666666674,
            0.059259259259259234
        ],
        [
            0.4,
            0.5574074074074075,
            -0.015625,
            -0.04444444444444451,
            0.020312499999999956,
            -0.02592592592592602,
            0.04166666666666663,
            0.05833333333333324
        ]
    ],
    "original_data": [
        {
            "time_step": 1,
            "original_data_path": "/content/drive/Othercomputers/\ub0b4 \ub178\ud2b8\ubd81/Forked_Models/Validation/Validation/_\ub77c\ubca8_General_val_C/district/3. \ud6c4\ubc29 \ubc29\ud5a5 \uc774\ubbf8\uc9c0/[district]day_420C/[district]day_420C_480.json",
            "id": 10
        },
        {
            "time_step": 2,
            "original_data_path": "/content/drive/Othercomputers/\ub0b4 \ub178\ud2b8\ubd81/Forked_Models/Validation/Validation/_\ub77c\ubca8_General_val_C/district/3. \ud6c4\ubc29 \ubc29\ud5a5 \uc774\ubbf8\uc9c0/[district]day_420C/[district]day_420C_485.json",
            "id": 10
        },
        {
            "time_step": 3,
            "original_data_path": "/content/drive/Othercomputers/\ub0b4 \ub178\ud2b8\ubd81/Forked_Models/Validation/Validation/_\ub77c\ubca8_General_val_C/district/3. \ud6c4\ubc29 \ubc29\ud5a5 \uc774\ubbf8\uc9c0/[district]day_420C/[district]day_420C_490.json",
            "id": 10
        }
    ],
    "label": 2
}