{
    "data": [
        [
            0.7078125,
            0.4740740740740741,
            0.0010416666666667185,
            -0.042592592592592626,
            -0.030729166666666585,
            -0.012037037037037068,
            0.019791666666666763,
            0.02314814814814814
        ],
        [
            0.7166666666666667,
            0.4564814814814815,
            0.003645833333333348,
            -0.04351851851851851,
            -0.03125,
            -0.010185185185185186,
            0.028124999999999956,
            0.030555555555555558
        ],
        [
            0.7166666666666667,
            0.4564814814814815,
            0.002083333333333326,
            -0.04629629629629628,
            -0.03125,
            -0.010185185185185186,
            0.028124999999999956,
            0.030555555555555558
        ]
    ],
    "original_data": [
        {
            "time_step": 1,
            "original_data_path": "/content/drive/Othercomputers/\ub0b4 \ub178\ud2b8\ubd81/Forked_Models/Validation/Validation/_\ub77c\ubca8_General_val_C/district/3. \ud6c4\ubc29 \ubc29\ud5a5 \uc774\ubbf8\uc9c0/[district]day_996C/[district]day_996C_205.json",
            "id": 3
        },
        {
            "time_step": 2,
            "original_data_path": "/content/drive/Othercomputers/\ub0b4 \ub178\ud2b8\ubd81/Forked_Models/Validation/Validation/_\ub77c\ubca8_General_val_C/district/3. \ud6c4\ubc29 \ubc29\ud5a5 \uc774\ubbf8\uc9c0/[district]day_996C/[district]day_996C_210.json",
            "id": 3
        },
        {
            "time_step": 3,
            "original_data_path": "/content/drive/Othercomputers/\ub0b4 \ub178\ud2b8\ubd81/Forked_Models/Validation/Validation/_\ub77c\ubca8_General_val_C/district/3. \ud6c4\ubc29 \ubc29\ud5a5 \uc774\ubbf8\uc9c0/[district]day_996C/[district]day_996C_215.json",
            "id": 3
        }
    ],
    "label": 2
}