{
    "data": [
        [
            0.41354166666666664,
            0.33796296296296297,
            -0.0067708333333332815,
            -0.036111111111111094,
            0.00520833333333337,
            -0.016666666666666663,
            0.006250000000000033,
            0.045370370370370394
        ],
        [
            0.41354166666666664,
            0.33796296296296297,
            -0.0067708333333332815,
            -0.036111111111111094,
            0.00520833333333337,
            -0.016666666666666663,
            0.006250000000000033,
            0.045370370370370394
        ],
        [
            0.41354166666666664,
            0.33796296296296297,
            -0.0036458333333332926,
            -0.030555555555555558,
            0.00520833333333337,
            -0.016666666666666663,
            0.007291666666666696,
            0.056481481481481466
        ]
    ],
    "original_data": [
        {
            "time_step": 1,
            "original_data_path": "/content/drive/Othercomputers/\ub0b4 \ub178\ud2b8\ubd81/Forked_Models/Validation/Validation/_\ub77c\ubca8_General_val_C/district/3. \ud6c4\ubc29 \ubc29\ud5a5 \uc774\ubbf8\uc9c0/[district]night_617C/[district]night_617C_565.json",
            "id": 1
        },
        {
            "time_step": 2,
            "original_data_path": "/content/drive/Othercomputers/\ub0b4 \ub178\ud2b8\ubd81/Forked_Models/Validation/Validation/_\ub77c\ubca8_General_val_C/district/3. \ud6c4\ubc29 \ubc29\ud5a5 \uc774\ubbf8\uc9c0/[district]night_617C/[district]night_617C_570.json",
            "id": 1
        },
        {
            "time_step": 3,
            "original_data_path": "/content/drive/Othercomputers/\ub0b4 \ub178\ud2b8\ubd81/Forked_Models/Validation/Validation/_\ub77c\ubca8_General_val_C/district/3. \ud6c4\ubc29 \ubc29\ud5a5 \uc774\ubbf8\uc9c0/[district]night_617C/[district]night_617C_575.json",
            "id": 1
        }
    ],
    "label": 2
}