{
    "data": [
        [
            0.5536458333333333,
            0.2962962962962963,
            -0.005729166666666563,
            -0.027777777777777735,
            -0.02083333333333326,
            -0.004629629629629595,
            0.022395833333333393,
            -0.009259259259259245
        ],
        [
            0.5536458333333333,
            0.2962962962962963,
            -0.005729166666666563,
            -0.027777777777777735,
            -0.02083333333333326,
            -0.004629629629629595,
            0.022395833333333393,
            -0.009259259259259245
        ],
        [
            0.5546875,
            0.2861111111111111,
            0.0026041666666666297,
            -0.028703703703703676,
            -0.021874999999999978,
            0.005555555555555591,
            0.021354166666666674,
            0.0009259259259259411
        ]
    ],
    "original_data": [
        {
            "time_step": 1,
            "original_data_path": "/content/drive/Othercomputers/\ub0b4 \ub178\ud2b8\ubd81/Forked_Models/Validation/Validation/_\ub77c\ubca8_General_val_C/district/3. \ud6c4\ubc29 \ubc29\ud5a5 \uc774\ubbf8\uc9c0/[district]day_581C/[district]day_581C_520.json",
            "id": 0
        },
        {
            "time_step": 2,
            "original_data_path": "/content/drive/Othercomputers/\ub0b4 \ub178\ud2b8\ubd81/Forked_Models/Validation/Validation/_\ub77c\ubca8_General_val_C/district/3. \ud6c4\ubc29 \ubc29\ud5a5 \uc774\ubbf8\uc9c0/[district]day_581C/[district]day_581C_525.json",
            "id": 0
        },
        {
            "time_step": 3,
            "original_data_path": "/content/drive/Othercomputers/\ub0b4 \ub178\ud2b8\ubd81/Forked_Models/Validation/Validation/_\ub77c\ubca8_General_val_C/district/3. \ud6c4\ubc29 \ubc29\ud5a5 \uc774\ubbf8\uc9c0/[district]day_581C/[district]day_581C_530.json",
            "id": 0
        }
    ],
    "label": 2
}