{
    "data": [
        [
            0.5166666666666667,
            0.25092592592592594,
            -0.0026041666666667407,
            -0.02777777777777779,
            -0.01822916666666674,
            0.029629629629629617,
            0.021354166666666563,
            0.016666666666666663
        ],
        [
            0.5166666666666667,
            0.25092592592592594,
            -0.0026041666666667407,
            -0.02777777777777779,
            -0.01822916666666674,
            0.029629629629629617,
            0.021354166666666563,
            0.016666666666666663
        ],
        [
            0.5151041666666667,
            0.25,
            -0.0010416666666667185,
            -0.02685185185185185,
            -0.01666666666666672,
            0.030555555555555558,
            0.022916666666666585,
            0.017592592592592604
        ]
    ],
    "original_data": [
        {
            "time_step": 1,
            "original_data_path": "/content/drive/Othercomputers/\ub0b4 \ub178\ud2b8\ubd81/Forked_Models/Validation/Validation/_\ub77c\ubca8_General_val_C/district/3. \ud6c4\ubc29 \ubc29\ud5a5 \uc774\ubbf8\uc9c0/[district]attend_1048C/[district]attend_1048C_0.json",
            "id": 2
        },
        {
            "time_step": 2,
            "original_data_path": "/content/drive/Othercomputers/\ub0b4 \ub178\ud2b8\ubd81/Forked_Models/Validation/Validation/_\ub77c\ubca8_General_val_C/district/3. \ud6c4\ubc29 \ubc29\ud5a5 \uc774\ubbf8\uc9c0/[district]attend_1048C/[district]attend_1048C_5.json",
            "id": 2
        },
        {
            "time_step": 3,
            "original_data_path": "/content/drive/Othercomputers/\ub0b4 \ub178\ud2b8\ubd81/Forked_Models/Validation/Validation/_\ub77c\ubca8_General_val_C/district/3. \ud6c4\ubc29 \ubc29\ud5a5 \uc774\ubbf8\uc9c0/[district]attend_1048C/[district]attend_1048C_10.json",
            "id": 2
        }
    ],
    "label": 2
}