{
    "data": [
        [
            0.5536458333333333,
            0.2861111111111111,
            0.0010416666666667185,
            -0.02685185185185185,
            -0.0234375,
            -0.0018518518518518268,
            0.025000000000000022,
            -0.0009259259259258856
        ],
        [
            0.5536458333333333,
            0.2861111111111111,
            0.0010416666666667185,
            -0.02685185185185185,
            -0.0234375,
            -0.0018518518518518268,
            0.025000000000000022,
            -0.0009259259259258856
        ],
        [
            0.5536458333333333,
            0.2861111111111111,
            0.0010416666666667185,
            -0.02685185185185185,
            -0.0234375,
            -0.0018518518518518268,
            0.025000000000000022,
            -0.0009259259259258856
        ]
    ],
    "original_data": [
        {
            "time_step": 1,
            "original_data_path": "/content/drive/Othercomputers/\ub0b4 \ub178\ud2b8\ubd81/Forked_Models/Validation/Validation/_\ub77c\ubca8_General_val_C/district/3. \ud6c4\ubc29 \ubc29\ud5a5 \uc774\ubbf8\uc9c0/[district]day_708C/[district]day_708C_5.json",
            "id": 1
        },
        {
            "time_step": 2,
            "original_data_path": "/content/drive/Othercomputers/\ub0b4 \ub178\ud2b8\ubd81/Forked_Models/Validation/Validation/_\ub77c\ubca8_General_val_C/district/3. \ud6c4\ubc29 \ubc29\ud5a5 \uc774\ubbf8\uc9c0/[district]day_708C/[district]day_708C_10.json",
            "id": 1
        },
        {
            "time_step": 3,
            "original_data_path": "/content/drive/Othercomputers/\ub0b4 \ub178\ud2b8\ubd81/Forked_Models/Validation/Validation/_\ub77c\ubca8_General_val_C/district/3. \ud6c4\ubc29 \ubc29\ud5a5 \uc774\ubbf8\uc9c0/[district]day_708C/[district]day_708C_15.json",
            "id": 1
        }
    ],
    "label": 2
}