{
    "data": [
        [
            0.5119791666666667,
            0.30277777777777776,
            0.0067708333333333925,
            -0.0444444444444444,
            -0.009895833333333326,
            0.0805555555555556,
            0.016145833333333304,
            0.02777777777777779
        ],
        [
            0.515625,
            0.30648148148148147,
            0.005729166666666674,
            -0.04629629629629628,
            -0.013541666666666674,
            0.06666666666666671,
            0.018750000000000044,
            0.02407407407407408
        ],
        [
            0.515625,
            0.30648148148148147,
            0.005729166666666674,
            -0.04629629629629628,
            -0.01614583333333336,
            0.06759259259259259,
            0.009895833333333326,
            0.016666666666666663
        ]
    ],
    "original_data": [
        {
            "time_step": 1,
            "original_data_path": "/content/drive/Othercomputers/\ub0b4 \ub178\ud2b8\ubd81/Forked_Models/Validation/Validation/_\ub77c\ubca8_General_val_C/district/3. \ud6c4\ubc29 \ubc29\ud5a5 \uc774\ubbf8\uc9c0/[district]day_955C/[district]day_955C_95.json",
            "id": 1
        },
        {
            "time_step": 2,
            "original_data_path": "/content/drive/Othercomputers/\ub0b4 \ub178\ud2b8\ubd81/Forked_Models/Validation/Validation/_\ub77c\ubca8_General_val_C/district/3. \ud6c4\ubc29 \ubc29\ud5a5 \uc774\ubbf8\uc9c0/[district]day_955C/[district]day_955C_100.json",
            "id": 1
        },
        {
            "time_step": 3,
            "original_data_path": "/content/drive/Othercomputers/\ub0b4 \ub178\ud2b8\ubd81/Forked_Models/Validation/Validation/_\ub77c\ubca8_General_val_C/district/3. \ud6c4\ubc29 \ubc29\ud5a5 \uc774\ubbf8\uc9c0/[district]day_955C/[district]day_955C_105.json",
            "id": 1
        }
    ],
    "label": 2
}