{
    "data": [
        [
            0.5390625,
            0.32037037037037036,
            0.0,
            -0.033333333333333326,
            -0.02604166666666663,
            -0.009259259259259245,
            0.019270833333333348,
            -0.007407407407407418
        ],
        [
            0.5552083333333333,
            0.29907407407407405,
            -0.002083333333333326,
            -0.03796296296296292,
            -0.028124999999999956,
            -0.007407407407407363,
            0.01666666666666672,
            -0.012037037037037013
        ],
        [
            0.5583333333333333,
            0.27685185185185185,
            0.007291666666666696,
            -0.025000000000000022,
            -0.02083333333333337,
            0.003703703703703709,
            0.017187500000000022,
            -0.00462962962962965
        ]
    ],
    "original_data": [
        {
            "time_step": 1,
            "original_data_path": "/content/drive/Othercomputers/\ub0b4 \ub178\ud2b8\ubd81/Forked_Models/Validation/Validation/_\ub77c\ubca8_General_val_C/district/3. \ud6c4\ubc29 \ubc29\ud5a5 \uc774\ubbf8\uc9c0/[district]day_581C/[district]day_581C_470.json",
            "id": 0
        },
        {
            "time_step": 2,
            "original_data_path": "/content/drive/Othercomputers/\ub0b4 \ub178\ud2b8\ubd81/Forked_Models/Validation/Validation/_\ub77c\ubca8_General_val_C/district/3. \ud6c4\ubc29 \ubc29\ud5a5 \uc774\ubbf8\uc9c0/[district]day_581C/[district]day_581C_475.json",
            "id": 0
        },
        {
            "time_step": 3,
            "original_data_path": "/content/drive/Othercomputers/\ub0b4 \ub178\ud2b8\ubd81/Forked_Models/Validation/Validation/_\ub77c\ubca8_General_val_C/district/3. \ud6c4\ubc29 \ubc29\ud5a5 \uc774\ubbf8\uc9c0/[district]day_581C/[district]day_581C_480.json",
            "id": 0
        }
    ],
    "label": 2
}