{
    "data": [
        [
            0.6994791666666667,
            0.19074074074074074,
            0.016145833333333304,
            -0.03611111111111112,
            0.0067708333333333925,
            0.056481481481481494,
            -0.025520833333333326,
            0.012962962962962954
        ],
        [
            0.7276041666666667,
            0.1787037037037037,
            0.027604166666666652,
            -0.018518518518518517,
            -0.010937500000000044,
            0.04351851851851851,
            -0.012500000000000067,
            0.0
        ],
        [
            0.7572916666666667,
            0.2,
            0.02604166666666663,
            -0.02407407407407408,
            -0.022395833333333393,
            0.009259259259259245,
            -0.003645833333333348,
            0.0009259259259259134
        ]
    ],
    "original_data": [
        {
            "time_step": 1,
            "original_data_path": "/content/drive/Othercomputers/\ub0b4 \ub178\ud2b8\ubd81/Forked_Models/Validation/Validation/_\ub77c\ubca8_General_val_C/district/3. \ud6c4\ubc29 \ubc29\ud5a5 \uc774\ubbf8\uc9c0/[district]day_1002C/[district]day_1002C_440.json",
            "id": 2
        },
        {
            "time_step": 2,
            "original_data_path": "/content/drive/Othercomputers/\ub0b4 \ub178\ud2b8\ubd81/Forked_Models/Validation/Validation/_\ub77c\ubca8_General_val_C/district/3. \ud6c4\ubc29 \ubc29\ud5a5 \uc774\ubbf8\uc9c0/[district]day_1002C/[district]day_1002C_445.json",
            "id": 2
        },
        {
            "time_step": 3,
            "original_data_path": "/content/drive/Othercomputers/\ub0b4 \ub178\ud2b8\ubd81/Forked_Models/Validation/Validation/_\ub77c\ubca8_General_val_C/district/3. \ud6c4\ubc29 \ubc29\ud5a5 \uc774\ubbf8\uc9c0/[district]day_1002C/[district]day_1002C_450.json",
            "id": 2
        }
    ],
    "label": 2
}