{
    "data": [
        [
            0.39479166666666665,
            0.5435185185185185,
            -0.031770833333333304,
            -0.04814814814814816,
            0.009895833333333326,
            -0.012962962962962954,
            0.008854166666666663,
            0.07407407407407407
        ],
        [
            0.39479166666666665,
            0.5435185185185185,
            -0.031770833333333304,
            -0.04814814814814816,
            0.006250000000000033,
            -0.020370370370370372,
            0.008854166666666663,
            0.07407407407407407
        ],
        [
            0.39479166666666665,
            0.5435185185185185,
            -0.031770833333333304,
            -0.04814814814814816,
            -0.008333333333333304,
            -0.016666666666666607,
            0.008854166666666663,
            0.07407407407407407
        ]
    ],
    "original_data": [
        {
            "time_step": 1,
            "original_data_path": "/content/drive/Othercomputers/\ub0b4 \ub178\ud2b8\ubd81/Forked_Models/Validation/Validation/_\ub77c\ubca8_General_val_C/district/3. \ud6c4\ubc29 \ubc29\ud5a5 \uc774\ubbf8\uc9c0/[district]attend_534C/[district]attend_534C_130.json",
            "id": 3
        },
        {
            "time_step": 2,
            "original_data_path": "/content/drive/Othercomputers/\ub0b4 \ub178\ud2b8\ubd81/Forked_Models/Validation/Validation/_\ub77c\ubca8_General_val_C/district/3. \ud6c4\ubc29 \ubc29\ud5a5 \uc774\ubbf8\uc9c0/[district]attend_534C/[district]attend_534C_135.json",
            "id": 3
        },
        {
            "time_step": 3,
            "original_data_path": "/content/drive/Othercomputers/\ub0b4 \ub178\ud2b8\ubd81/Forked_Models/Validation/Validation/_\ub77c\ubca8_General_val_C/district/3. \ud6c4\ubc29 \ubc29\ud5a5 \uc774\ubbf8\uc9c0/[district]attend_534C/[district]attend_534C_140.json",
            "id": 3
        }
    ],
    "label": 2
}