{
    "data": [
        [
            0.434375,
            0.6777777777777778,
            -0.029166666666666674,
            -0.029629629629629672,
            0.03749999999999998,
            -0.028703703703703787,
            -0.019791666666666652,
            0.17129629629629628
        ],
        [
            0.41770833333333335,
            0.6777777777777778,
            -0.02656249999999999,
            -0.029629629629629672,
            0.03385416666666663,
            -0.028703703703703787,
            -0.015625,
            0.18240740740740735
        ],
        [
            0.4114583333333333,
            0.6648148148148149,
            -0.029687499999999978,
            -0.03240740740740744,
            0.042187500000000044,
            0.0,
            -0.0234375,
            0.18055555555555547
        ]
    ],
    "original_data": [
        {
            "time_step": 1,
            "original_data_path": "/content/drive/Othercomputers/\ub0b4 \ub178\ud2b8\ubd81/Forked_Models/Validation/Validation/_\ub77c\ubca8_General_val_C/district/3. \ud6c4\ubc29 \ubc29\ud5a5 \uc774\ubbf8\uc9c0/[district]morning_649C/[district]morning_649C_355.json",
            "id": 4
        },
        {
            "time_step": 2,
            "original_data_path": "/content/drive/Othercomputers/\ub0b4 \ub178\ud2b8\ubd81/Forked_Models/Validation/Validation/_\ub77c\ubca8_General_val_C/district/3. \ud6c4\ubc29 \ubc29\ud5a5 \uc774\ubbf8\uc9c0/[district]morning_649C/[district]morning_649C_360.json",
            "id": 4
        },
        {
            "time_step": 3,
            "original_data_path": "/content/drive/Othercomputers/\ub0b4 \ub178\ud2b8\ubd81/Forked_Models/Validation/Validation/_\ub77c\ubca8_General_val_C/district/3. \ud6c4\ubc29 \ubc29\ud5a5 \uc774\ubbf8\uc9c0/[district]morning_649C/[district]morning_649C_365.json",
            "id": 4
        }
    ],
    "label": 2
}