{
    "data": [
        [
            0.7932291666666667,
            0.14537037037037037,
            0.0015625000000000222,
            -0.023148148148148154,
            -0.022916666666666696,
            0.01944444444444443,
            0.01666666666666672,
            0.02314814814814814
        ],
        [
            0.790625,
            0.14444444444444443,
            -0.0015625000000000222,
            -0.025925925925925908,
            -0.020312500000000067,
            0.020370370370370372,
            0.019270833333333348,
            0.02407407407407408
        ],
        [
            0.7916666666666666,
            0.15462962962962962,
            -0.0010416666666666075,
            -0.024074074074074053,
            -0.021354166666666674,
            0.013888888888888895,
            0.01822916666666674,
            0.017592592592592604
        ]
    ],
    "original_data": [
        {
            "time_step": 1,
            "original_data_path": "/content/drive/Othercomputers/\ub0b4 \ub178\ud2b8\ubd81/Forked_Models/Validation/Validation/_\ub77c\ubca8_General_val_C/district/3. \ud6c4\ubc29 \ubc29\ud5a5 \uc774\ubbf8\uc9c0/[district]attend_057C/[district]attend_057C_38.json",
            "id": 2
        },
        {
            "time_step": 2,
            "original_data_path": "/content/drive/Othercomputers/\ub0b4 \ub178\ud2b8\ubd81/Forked_Models/Validation/Validation/_\ub77c\ubca8_General_val_C/district/3. \ud6c4\ubc29 \ubc29\ud5a5 \uc774\ubbf8\uc9c0/[district]attend_057C/[district]attend_057C_40.json",
            "id": 2
        },
        {
            "time_step": 3,
            "original_data_path": "/content/drive/Othercomputers/\ub0b4 \ub178\ud2b8\ubd81/Forked_Models/Validation/Validation/_\ub77c\ubca8_General_val_C/district/3. \ud6c4\ubc29 \ubc29\ud5a5 \uc774\ubbf8\uc9c0/[district]attend_057C/[district]attend_057C_42.json",
            "id": 2
        }
    ],
    "label": 2
}