{
    "data": [
        [
            0.6536458333333334,
            0.49537037037037035,
            0.010937499999999933,
            -0.02407407407407408,
            -0.03802083333333339,
            0.019444444444444486,
            0.03020833333333328,
            0.025000000000000022
        ],
        [
            0.6541666666666667,
            0.49907407407407406,
            0.008854166666666607,
            -0.02407407407407408,
            -0.038541666666666696,
            0.015740740740740777,
            0.029687499999999978,
            0.021296296296296313
        ],
        [
            0.6536458333333334,
            0.49537037037037035,
            0.005729166666666674,
            -0.033333333333333326,
            -0.03802083333333339,
            0.019444444444444486,
            0.03020833333333328,
            0.025000000000000022
        ]
    ],
    "original_data": [
        {
            "time_step": 1,
            "original_data_path": "/content/drive/Othercomputers/\ub0b4 \ub178\ud2b8\ubd81/Forked_Models/Validation/Validation/_\ub77c\ubca8_General_val_C/district/3. \ud6c4\ubc29 \ubc29\ud5a5 \uc774\ubbf8\uc9c0/[district]leave_1056C/[district]leave_1056C_565.json",
            "id": 0
        },
        {
            "time_step": 2,
            "original_data_path": "/content/drive/Othercomputers/\ub0b4 \ub178\ud2b8\ubd81/Forked_Models/Validation/Validation/_\ub77c\ubca8_General_val_C/district/3. \ud6c4\ubc29 \ubc29\ud5a5 \uc774\ubbf8\uc9c0/[district]leave_1056C/[district]leave_1056C_570.json",
            "id": 0
        },
        {
            "time_step": 3,
            "original_data_path": "/content/drive/Othercomputers/\ub0b4 \ub178\ud2b8\ubd81/Forked_Models/Validation/Validation/_\ub77c\ubca8_General_val_C/district/3. \ud6c4\ubc29 \ubc29\ud5a5 \uc774\ubbf8\uc9c0/[district]leave_1056C/[district]leave_1056C_575.json",
            "id": 0
        }
    ],
    "label": 2
}