{
    "data": [
        [
            0.6432291666666666,
            0.2833333333333333,
            0.004687500000000067,
            -0.028703703703703676,
            -0.030729166666666585,
            -0.006481481481481477,
            0.01822916666666674,
            0.016666666666666663
        ],
        [
            0.6432291666666666,
            0.2833333333333333,
            0.004687500000000067,
            -0.028703703703703676,
            -0.030729166666666585,
            -0.006481481481481477,
            0.01822916666666674,
            0.016666666666666663
        ],
        [
            0.6432291666666666,
            0.2833333333333333,
            0.0026041666666667407,
            -0.02685185185185185,
            -0.030729166666666585,
            -0.006481481481481477,
            0.01822916666666674,
            0.016666666666666663
        ]
    ],
    "original_data": [
        {
            "time_step": 1,
            "original_data_path": "/content/drive/Othercomputers/\ub0b4 \ub178\ud2b8\ubd81/Forked_Models/Validation/Validation/_\ub77c\ubca8_General_val_C/district/3. \ud6c4\ubc29 \ubc29\ud5a5 \uc774\ubbf8\uc9c0/[district]day_708C/[district]day_708C_195.json",
            "id": 2
        },
        {
            "time_step": 2,
            "original_data_path": "/content/drive/Othercomputers/\ub0b4 \ub178\ud2b8\ubd81/Forked_Models/Validation/Validation/_\ub77c\ubca8_General_val_C/district/3. \ud6c4\ubc29 \ubc29\ud5a5 \uc774\ubbf8\uc9c0/[district]day_708C/[district]day_708C_200.json",
            "id": 2
        },
        {
            "time_step": 3,
            "original_data_path": "/content/drive/Othercomputers/\ub0b4 \ub178\ud2b8\ubd81/Forked_Models/Validation/Validation/_\ub77c\ubca8_General_val_C/district/3. \ud6c4\ubc29 \ubc29\ud5a5 \uc774\ubbf8\uc9c0/[district]day_708C/[district]day_708C_205.json",
            "id": 2
        }
    ],
    "label": 2
}