{
    "data": [
        [
            0.7833333333333333,
            0.2759259259259259,
            0.005729166666666674,
            -0.03148148148148147,
            -0.03281250000000002,
            0.017592592592592604,
            0.026562500000000044,
            0.02777777777777779
        ],
        [
            0.7833333333333333,
            0.2759259259259259,
            0.005729166666666674,
            -0.03148148148148147,
            -0.033333333333333326,
            0.017592592592592604,
            0.027083333333333348,
            0.02685185185185185
        ],
        [
            0.7833333333333333,
            0.2759259259259259,
            0.005729166666666674,
            -0.03148148148148147,
            -0.034375000000000044,
            0.016666666666666663,
            0.027083333333333348,
            0.025925925925925963
        ]
    ],
    "original_data": [
        {
            "time_step": 1,
            "original_data_path": "/content/drive/Othercomputers/\ub0b4 \ub178\ud2b8\ubd81/Forked_Models/Validation/Validation/_\ub77c\ubca8_General_val_C/district/3. \ud6c4\ubc29 \ubc29\ud5a5 \uc774\ubbf8\uc9c0/[district]morning_1119C/[district]morning_1119C_220.json",
            "id": 2
        },
        {
            "time_step": 2,
            "original_data_path": "/content/drive/Othercomputers/\ub0b4 \ub178\ud2b8\ubd81/Forked_Models/Validation/Validation/_\ub77c\ubca8_General_val_C/district/3. \ud6c4\ubc29 \ubc29\ud5a5 \uc774\ubbf8\uc9c0/[district]morning_1119C/[district]morning_1119C_225.json",
            "id": 2
        },
        {
            "time_step": 3,
            "original_data_path": "/content/drive/Othercomputers/\ub0b4 \ub178\ud2b8\ubd81/Forked_Models/Validation/Validation/_\ub77c\ubca8_General_val_C/district/3. \ud6c4\ubc29 \ubc29\ud5a5 \uc774\ubbf8\uc9c0/[district]morning_1119C/[district]morning_1119C_230.json",
            "id": 2
        }
    ],
    "label": 2
}