{
    "data": [
        [
            0.6567708333333333,
            0.04537037037037037,
            -0.011458333333333348,
            -0.017592592592592597,
            -0.01302083333333326,
            0.01296296296296296,
            0.011979166666666652,
            0.004629629629629629
        ],
        [
            0.6572916666666667,
            0.046296296296296294,
            -0.012500000000000067,
            -0.016666666666666663,
            -0.01666666666666672,
            0.014814814814814815,
            0.011458333333333237,
            0.003703703703703709
        ],
        [
            0.659375,
            0.04814814814814815,
            -0.011979166666666763,
            -0.01203703703703704,
            -0.018750000000000044,
            0.016666666666666663,
            0.012499999999999956,
            0.005555555555555557
        ]
    ],
    "original_data": [
        {
            "time_step": 1,
            "original_data_path": "/content/drive/Othercomputers/\ub0b4 \ub178\ud2b8\ubd81/Forked_Models/Validation/Validation/_\ub77c\ubca8_General_val_C/district/3. \ud6c4\ubc29 \ubc29\ud5a5 \uc774\ubbf8\uc9c0/[district]attend_1048C/[district]attend_1048C_575.json",
            "id": 3
        },
        {
            "time_step": 2,
            "original_data_path": "/content/drive/Othercomputers/\ub0b4 \ub178\ud2b8\ubd81/Forked_Models/Validation/Validation/_\ub77c\ubca8_General_val_C/district/3. \ud6c4\ubc29 \ubc29\ud5a5 \uc774\ubbf8\uc9c0/[district]attend_1048C/[district]attend_1048C_580.json",
            "id": 3
        },
        {
            "time_step": 3,
            "original_data_path": "/content/drive/Othercomputers/\ub0b4 \ub178\ud2b8\ubd81/Forked_Models/Validation/Validation/_\ub77c\ubca8_General_val_C/district/3. \ud6c4\ubc29 \ubc29\ud5a5 \uc774\ubbf8\uc9c0/[district]attend_1048C/[district]attend_1048C_585.json",
            "id": 3
        }
    ],
    "label": 2
}