{
    "data": [
        [
            0.35260416666666666,
            0.2796296296296296,
            -0.009375000000000022,
            -0.02407407407407408,
            -0.021354166666666674,
            0.012962962962962954,
            0.029166666666666674,
            0.014814814814814836
        ],
        [
            0.35052083333333334,
            0.27870370370370373,
            -0.007291666666666696,
            -0.023148148148148195,
            -0.019270833333333348,
            0.01388888888888884,
            0.03125,
            0.015740740740740722
        ],
        [
            0.3515625,
            0.2796296296296296,
            -0.0078125,
            -0.024999999999999967,
            -0.02031250000000001,
            0.012962962962962954,
            0.030208333333333337,
            0.014814814814814836
        ]
    ],
    "original_data": [
        {
            "time_step": 1,
            "original_data_path": "/content/drive/Othercomputers/\ub0b4 \ub178\ud2b8\ubd81/Forked_Models/Validation/Validation/_\ub77c\ubca8_General_val_C/district/3. \ud6c4\ubc29 \ubc29\ud5a5 \uc774\ubbf8\uc9c0/[district]morning_957C/[district]morning_957C_450.json",
            "id": 0
        },
        {
            "time_step": 2,
            "original_data_path": "/content/drive/Othercomputers/\ub0b4 \ub178\ud2b8\ubd81/Forked_Models/Validation/Validation/_\ub77c\ubca8_General_val_C/district/3. \ud6c4\ubc29 \ubc29\ud5a5 \uc774\ubbf8\uc9c0/[district]morning_957C/[district]morning_957C_455.json",
            "id": 0
        },
        {
            "time_step": 3,
            "original_data_path": "/content/drive/Othercomputers/\ub0b4 \ub178\ud2b8\ubd81/Forked_Models/Validation/Validation/_\ub77c\ubca8_General_val_C/district/3. \ud6c4\ubc29 \ubc29\ud5a5 \uc774\ubbf8\uc9c0/[district]morning_957C/[district]morning_957C_460.json",
            "id": 0
        }
    ],
    "label": 2
}