{
    "data": [
        [
            0.3380208333333333,
            0.2722222222222222,
            -0.002604166666666685,
            -0.0333333333333333,
            -0.01874999999999999,
            0.003703703703703709,
            0.025520833333333326,
            -0.0018518518518518268
        ],
        [
            0.3380208333333333,
            0.2722222222222222,
            -0.002604166666666685,
            -0.0333333333333333,
            -0.01874999999999999,
            0.003703703703703709,
            0.025520833333333326,
            -0.0018518518518518268
        ],
        [
            0.3385416666666667,
            0.26944444444444443,
            -0.0031250000000000444,
            -0.03425925925925924,
            -0.019270833333333348,
            0.006481481481481477,
            0.024999999999999967,
            0.0009259259259259411
        ]
    ],
    "original_data": [
        {
            "time_step": 1,
            "original_data_path": "/content/drive/Othercomputers/\ub0b4 \ub178\ud2b8\ubd81/Forked_Models/Validation/Validation/_\ub77c\ubca8_General_val_C/district/3. \ud6c4\ubc29 \ubc29\ud5a5 \uc774\ubbf8\uc9c0/[district]day_683C/[district]day_683C_170.json",
            "id": 2
        },
        {
            "time_step": 2,
            "original_data_path": "/content/drive/Othercomputers/\ub0b4 \ub178\ud2b8\ubd81/Forked_Models/Validation/Validation/_\ub77c\ubca8_General_val_C/district/3. \ud6c4\ubc29 \ubc29\ud5a5 \uc774\ubbf8\uc9c0/[district]day_683C/[district]day_683C_175.json",
            "id": 2
        },
        {
            "time_step": 3,
            "original_data_path": "/content/drive/Othercomputers/\ub0b4 \ub178\ud2b8\ubd81/Forked_Models/Validation/Validation/_\ub77c\ubca8_General_val_C/district/3. \ud6c4\ubc29 \ubc29\ud5a5 \uc774\ubbf8\uc9c0/[district]day_683C/[district]day_683C_180.json",
            "id": 2
        }
    ],
    "label": 2
}