{
    "data": [
        [
            0.6375,
            0.287962962962963,
            0.012500000000000067,
            -0.022222222222222254,
            -0.03020833333333328,
            0.004629629629629595,
            0.019270833333333348,
            0.02314814814814814
        ],
        [
            0.6375,
            0.287962962962963,
            0.012500000000000067,
            -0.022222222222222254,
            -0.03020833333333328,
            0.004629629629629595,
            0.019270833333333348,
            0.02314814814814814
        ],
        [
            0.6375,
            0.287962962962963,
            0.012500000000000067,
            -0.022222222222222254,
            -0.03020833333333328,
            0.004629629629629595,
            0.019270833333333348,
            0.02314814814814814
        ]
    ],
    "original_data": [
        {
            "time_step": 1,
            "original_data_path": "/content/drive/Othercomputers/\ub0b4 \ub178\ud2b8\ubd81/Forked_Models/Validation/Validation/_\ub77c\ubca8_General_val_C/district/3. \ud6c4\ubc29 \ubc29\ud5a5 \uc774\ubbf8\uc9c0/[district]leave_1070C/[district]leave_1070C_20.json",
            "id": 1
        },
        {
            "time_step": 2,
            "original_data_path": "/content/drive/Othercomputers/\ub0b4 \ub178\ud2b8\ubd81/Forked_Models/Validation/Validation/_\ub77c\ubca8_General_val_C/district/3. \ud6c4\ubc29 \ubc29\ud5a5 \uc774\ubbf8\uc9c0/[district]leave_1070C/[district]leave_1070C_25.json",
            "id": 1
        },
        {
            "time_step": 3,
            "original_data_path": "/content/drive/Othercomputers/\ub0b4 \ub178\ud2b8\ubd81/Forked_Models/Validation/Validation/_\ub77c\ubca8_General_val_C/district/3. \ud6c4\ubc29 \ubc29\ud5a5 \uc774\ubbf8\uc9c0/[district]leave_1070C/[district]leave_1070C_30.json",
            "id": 1
        }
    ],
    "label": 2
}