{
    "data": [
        [
            0.44479166666666664,
            0.48333333333333334,
            -0.009895833333333326,
            -0.0712962962962963,
            -0.036458333333333315,
            0.010185185185185186,
            0.029687500000000033,
            0.04722222222222222
        ],
        [
            0.4510416666666667,
            0.48148148148148145,
            -0.007291666666666696,
            -0.06296296296296294,
            -0.04270833333333335,
            0.012037037037037068,
            0.044270833333333315,
            0.04351851851851857
        ],
        [
            0.44375,
            0.5166666666666667,
            -0.0015624999999999667,
            -0.0722222222222223,
            -0.03385416666666663,
            0.002777777777777768,
            0.05729166666666674,
            0.019444444444444375
        ]
    ],
    "original_data": [
        {
            "time_step": 1,
            "original_data_path": "/content/drive/Othercomputers/\ub0b4 \ub178\ud2b8\ubd81/Forked_Models/Validation/Validation/_\ub77c\ubca8_General_val_C/district/3. \ud6c4\ubc29 \ubc29\ud5a5 \uc774\ubbf8\uc9c0/[district]day_567C/[district]day_567C_430.json",
            "id": 3
        },
        {
            "time_step": 2,
            "original_data_path": "/content/drive/Othercomputers/\ub0b4 \ub178\ud2b8\ubd81/Forked_Models/Validation/Validation/_\ub77c\ubca8_General_val_C/district/3. \ud6c4\ubc29 \ubc29\ud5a5 \uc774\ubbf8\uc9c0/[district]day_567C/[district]day_567C_435.json",
            "id": 3
        },
        {
            "time_step": 3,
            "original_data_path": "/content/drive/Othercomputers/\ub0b4 \ub178\ud2b8\ubd81/Forked_Models/Validation/Validation/_\ub77c\ubca8_General_val_C/district/3. \ud6c4\ubc29 \ubc29\ud5a5 \uc774\ubbf8\uc9c0/[district]day_567C/[district]day_567C_440.json",
            "id": 3
        }
    ],
    "label": 2
}