{
    "data": [
        [
            0.5911458333333334,
            0.375,
            0.009895833333333326,
            -0.07870370370370372,
            0.06510416666666663,
            0.11481481481481481,
            -0.07552083333333337,
            0.056481481481481466
        ],
        [
            0.60625,
            0.39351851851851855,
            0.010937500000000044,
            -0.08703703703703708,
            0.05937500000000007,
            0.10277777777777775,
            -0.07499999999999996,
            0.04999999999999999
        ],
        [
            0.6036458333333333,
            0.39166666666666666,
            0.011458333333333348,
            -0.07685185185185184,
            0.06770833333333337,
            0.09814814814814815,
            -0.07499999999999996,
            0.05185185185185187
        ]
    ],
    "original_data": [
        {
            "time_step": 1,
            "original_data_path": "/content/drive/Othercomputers/\ub0b4 \ub178\ud2b8\ubd81/Forked_Models/Validation/Validation/_\ub77c\ubca8_General_val_C/district_sample2/[district]night_989C/[district]night_989C_30.json",
            "id": 0
        },
        {
            "time_step": 2,
            "original_data_path": "/content/drive/Othercomputers/\ub0b4 \ub178\ud2b8\ubd81/Forked_Models/Validation/Validation/_\ub77c\ubca8_General_val_C/district_sample2/[district]night_989C/[district]night_989C_32.json",
            "id": 0
        },
        {
            "time_step": 3,
            "original_data_path": "/content/drive/Othercomputers/\ub0b4 \ub178\ud2b8\ubd81/Forked_Models/Validation/Validation/_\ub77c\ubca8_General_val_C/district_sample2/[district]night_989C/[district]night_989C_34.json",
            "id": 0
        }
    ],
    "label": 1
}