{
    "data": [
        [
            0.5916666666666667,
            0.30648148148148147,
            0.013541666666666674,
            -0.0824074074074074,
            0.06145833333333328,
            0.10925925925925928,
            -0.11927083333333333,
            0.07500000000000001
        ],
        [
            0.5828125,
            0.2962962962962963,
            0.00520833333333337,
            -0.0537037037037037,
            0.0546875,
            0.09351851851851856,
            -0.09166666666666662,
            0.05833333333333335
        ],
        [
            0.5583333333333333,
            0.3398148148148148,
            0.009895833333333326,
            -0.06388888888888888,
            0.051562499999999956,
            0.0888888888888889,
            -0.06718750000000001,
            0.014814814814814836
        ]
    ],
    "original_data": [
        {
            "time_step": 1,
            "original_data_path": "/content/drive/Othercomputers/\ub0b4 \ub178\ud2b8\ubd81/Forked_Models/Validation/Validation/_\ub77c\ubca8_General_val_C/district_sample2/[district]night_1068C/[district]night_1068C_80.json",
            "id": 1
        },
        {
            "time_step": 2,
            "original_data_path": "/content/drive/Othercomputers/\ub0b4 \ub178\ud2b8\ubd81/Forked_Models/Validation/Validation/_\ub77c\ubca8_General_val_C/district_sample2/[district]night_1068C/[district]night_1068C_82.json",
            "id": 1
        },
        {
            "time_step": 3,
            "original_data_path": "/content/drive/Othercomputers/\ub0b4 \ub178\ud2b8\ubd81/Forked_Models/Validation/Validation/_\ub77c\ubca8_General_val_C/district_sample2/[district]night_1068C/[district]night_1068C_84.json",
            "id": 1
        }
    ],
    "label": 1
}