{
    "data": [
        [
            0.5151041666666667,
            0.4527777777777778,
            0.006249999999999978,
            -0.11203703703703705,
            0.0859375,
            0.1111111111111111,
            -0.11354166666666671,
            0.1481481481481482
        ],
        [
            0.5677083333333334,
            0.4351851851851852,
            0.021874999999999978,
            -0.10092592592592592,
            0.08020833333333333,
            0.16388888888888892,
            -0.11093750000000002,
            0.09166666666666673
        ],
        [
            0.5552083333333333,
            0.41944444444444445,
            0.02604166666666674,
            -0.09537037037037038,
            0.07500000000000007,
            0.10555555555555557,
            -0.10781249999999998,
            0.09166666666666662
        ]
    ],
    "original_data": [
        {
            "time_step": 1,
            "original_data_path": "/content/drive/Othercomputers/\ub0b4 \ub178\ud2b8\ubd81/Forked_Models/Validation/Validation/_\ub77c\ubca8_General_val_C/district_sample2/[district]night_1105C/[district]night_1105C_36.json",
            "id": 0
        },
        {
            "time_step": 2,
            "original_data_path": "/content/drive/Othercomputers/\ub0b4 \ub178\ud2b8\ubd81/Forked_Models/Validation/Validation/_\ub77c\ubca8_General_val_C/district_sample2/[district]night_1105C/[district]night_1105C_38.json",
            "id": 0
        },
        {
            "time_step": 3,
            "original_data_path": "/content/drive/Othercomputers/\ub0b4 \ub178\ud2b8\ubd81/Forked_Models/Validation/Validation/_\ub77c\ubca8_General_val_C/district_sample2/[district]night_1105C/[district]night_1105C_40.json",
            "id": 0
        }
    ],
    "label": 1
}