{
    "data": [
        [
            0.7552083333333334,
            0.7648148148148148,
            0.03541666666666665,
            -0.12685185185185188,
            0.05624999999999991,
            0.011111111111111072,
            -0.10572916666666665,
            0.1518518518518518
        ],
        [
            0.7447916666666666,
            0.8055555555555556,
            0.023958333333333415,
            -0.13703703703703707,
            0.04010416666666672,
            -0.028703703703703676,
            -0.12031249999999993,
            0.13240740740740742
        ],
        [
            0.7484375,
            0.8046296296296296,
            0.03645833333333337,
            -0.13796296296296295,
            0.04322916666666665,
            -0.021296296296296258,
            -0.11354166666666665,
            0.14537037037037037
        ]
    ],
    "original_data": [
        {
            "time_step": 1,
            "original_data_path": "/content/drive/Othercomputers/\ub0b4 \ub178\ud2b8\ubd81/Forked_Models/Validation/Validation/_\ub77c\ubca8_General_val_C/district_sample2/[district]night_989C/[district]night_989C_68.json",
            "id": 1
        },
        {
            "time_step": 2,
            "original_data_path": "/content/drive/Othercomputers/\ub0b4 \ub178\ud2b8\ubd81/Forked_Models/Validation/Validation/_\ub77c\ubca8_General_val_C/district_sample2/[district]night_989C/[district]night_989C_70.json",
            "id": 1
        },
        {
            "time_step": 3,
            "original_data_path": "/content/drive/Othercomputers/\ub0b4 \ub178\ud2b8\ubd81/Forked_Models/Validation/Validation/_\ub77c\ubca8_General_val_C/district_sample2/[district]night_989C/[district]night_989C_72.json",
            "id": 1
        }
    ],
    "label": 1
}