{
    "data": [
        [
            0.4479166666666667,
            0.26944444444444443,
            -0.004687500000000011,
            -0.03055555555555553,
            -0.03489583333333335,
            0.04351851851851851,
            0.024999999999999967,
            0.022222222222222254
        ],
        [
            0.4171875,
            0.24722222222222223,
            -0.003124999999999989,
            -0.022222222222222227,
            -0.027604166666666652,
            0.0398148148148148,
            0.025520833333333326,
            0.01944444444444443
        ],
        [
            0.3885416666666667,
            0.21388888888888888,
            -0.004687500000000011,
            -0.033333333333333326,
            -0.022916666666666696,
            0.03518518518518521,
            0.014062499999999978,
            -0.0037037037037036813
        ]
    ],
    "original_data": [
        {
            "time_step": 1,
            "original_data_path": "/content/drive/Othercomputers/\ub0b4 \ub178\ud2b8\ubd81/Forked_Models/Validation/Validation/_\ub77c\ubca8_General_val_C/district_sample2/[district]night_989C/[district]night_989C_108.json",
            "id": 0
        },
        {
            "time_step": 2,
            "original_data_path": "/content/drive/Othercomputers/\ub0b4 \ub178\ud2b8\ubd81/Forked_Models/Validation/Validation/_\ub77c\ubca8_General_val_C/district_sample2/[district]night_989C/[district]night_989C_110.json",
            "id": 0
        },
        {
            "time_step": 3,
            "original_data_path": "/content/drive/Othercomputers/\ub0b4 \ub178\ud2b8\ubd81/Forked_Models/Validation/Validation/_\ub77c\ubca8_General_val_C/district_sample2/[district]night_989C/[district]night_989C_112.json",
            "id": 0
        }
    ],
    "label": 1
}