{
    "data": [
        [
            0.5760416666666667,
            0.4009259259259259,
            0.01302083333333337,
            -0.09999999999999998,
            0.051562499999999956,
            0.07500000000000001,
            -0.08437500000000003,
            0.07407407407407407
        ],
        [
            0.5901041666666667,
            0.387037037037037,
            0.01302083333333337,
            -0.09999999999999998,
            0.05156250000000007,
            0.07500000000000001,
            -0.08437499999999998,
            0.07407407407407413
        ],
        [
            0.5833333333333334,
            0.38055555555555554,
            0.019791666666666652,
            -0.0935185185185185,
            0.056770833333333326,
            0.06481481481481483,
            -0.0776041666666667,
            0.0805555555555556
        ]
    ],
    "original_data": [
        {
            "time_step": 1,
            "original_data_path": "/content/drive/Othercomputers/\ub0b4 \ub178\ud2b8\ubd81/Forked_Models/Validation/Validation/_\ub77c\ubca8_General_val_C/district_sample2/[district]night_1100C/[district]night_1100C_46.json",
            "id": 0
        },
        {
            "time_step": 2,
            "original_data_path": "/content/drive/Othercomputers/\ub0b4 \ub178\ud2b8\ubd81/Forked_Models/Validation/Validation/_\ub77c\ubca8_General_val_C/district_sample2/[district]night_1100C/[district]night_1100C_48.json",
            "id": 0
        },
        {
            "time_step": 3,
            "original_data_path": "/content/drive/Othercomputers/\ub0b4 \ub178\ud2b8\ubd81/Forked_Models/Validation/Validation/_\ub77c\ubca8_General_val_C/district_sample2/[district]night_1100C/[district]night_1100C_50.json",
            "id": 0
        }
    ],
    "label": 1
}