{
    "data": [
        [
            0.8411458333333334,
            0.43333333333333335,
            -0.0026041666666667407,
            -0.040740740740740744,
            -0.025000000000000022,
            -0.013888888888888895,
            0.005208333333333259,
            0.056481481481481466
        ],
        [
            0.8411458333333334,
            0.43333333333333335,
            -0.0026041666666667407,
            -0.040740740740740744,
            -0.025000000000000022,
            -0.013888888888888895,
            0.005208333333333259,
            0.056481481481481466
        ],
        [
            0.8411458333333334,
            0.43333333333333335,
            -0.0026041666666667407,
            -0.040740740740740744,
            -0.025000000000000022,
            -0.013888888888888895,
            0.005208333333333259,
            0.056481481481481466
        ]
    ],
    "original_data": [
        {
            "time_step": 1,
            "original_data_path": "/content/drive/Othercomputers/\ub0b4 \ub178\ud2b8\ubd81/Forked_Models/Validation/Validation/_\ub77c\ubca8_General_val_C/district_sample2/[district]night_1068C/[district]night_1068C_152.json",
            "id": 0
        },
        {
            "time_step": 2,
            "original_data_path": "/content/drive/Othercomputers/\ub0b4 \ub178\ud2b8\ubd81/Forked_Models/Validation/Validation/_\ub77c\ubca8_General_val_C/district_sample2/[district]night_1068C/[district]night_1068C_154.json",
            "id": 0
        },
        {
            "time_step": 3,
            "original_data_path": "/content/drive/Othercomputers/\ub0b4 \ub178\ud2b8\ubd81/Forked_Models/Validation/Validation/_\ub77c\ubca8_General_val_C/district_sample2/[district]night_1068C/[district]night_1068C_156.json",
            "id": 0
        }
    ],
    "label": 2
}