{
    "data": [
        [
            0.8286458333333333,
            0.43425925925925923,
            -0.0031249999999999334,
            -0.03888888888888886,
            -0.03645833333333326,
            -0.024999999999999967,
            0.014583333333333393,
            0.05555555555555558
        ],
        [
            0.8286458333333333,
            0.43425925925925923,
            0.004166666666666652,
            -0.031481481481481444,
            -0.03645833333333326,
            -0.024999999999999967,
            0.014583333333333393,
            0.05555555555555558
        ],
        [
            0.8223958333333333,
            0.4351851851851852,
            0.002083333333333326,
            -0.029629629629629617,
            -0.03020833333333328,
            -0.025925925925925908,
            0.02083333333333337,
            0.05462962962962964
        ]
    ],
    "original_data": [
        {
            "time_step": 1,
            "original_data_path": "/content/drive/Othercomputers/\ub0b4 \ub178\ud2b8\ubd81/Forked_Models/Validation/Validation/_\ub77c\ubca8_General_val_C/district_sample2/[district]night_1100C/[district]night_1100C_150.json",
            "id": 1
        },
        {
            "time_step": 2,
            "original_data_path": "/content/drive/Othercomputers/\ub0b4 \ub178\ud2b8\ubd81/Forked_Models/Validation/Validation/_\ub77c\ubca8_General_val_C/district_sample2/[district]night_1100C/[district]night_1100C_152.json",
            "id": 1
        },
        {
            "time_step": 3,
            "original_data_path": "/content/drive/Othercomputers/\ub0b4 \ub178\ud2b8\ubd81/Forked_Models/Validation/Validation/_\ub77c\ubca8_General_val_C/district_sample2/[district]night_1100C/[district]night_1100C_154.json",
            "id": 1
        }
    ],
    "label": 2
}