{
    "data": [
        [
            0.8286458333333333,
            0.43425925925925923,
            0.003645833333333348,
            -0.030555555555555503,
            -0.03645833333333326,
            -0.024999999999999967,
            0.014583333333333393,
            0.05555555555555558
        ],
        [
            0.8286458333333333,
            0.43425925925925923,
            0.006249999999999978,
            -0.037037037037037035,
            -0.03645833333333326,
            -0.024999999999999967,
            0.014583333333333393,
            0.05555555555555558
        ],
        [
            0.825,
            0.41944444444444445,
            0.011979166666666763,
            -0.029629629629629617,
            -0.03281249999999991,
            -0.010185185185185186,
            0.01822916666666674,
            0.07037037037037036
        ]
    ],
    "original_data": [
        {
            "time_step": 1,
            "original_data_path": "/content/drive/Othercomputers/\ub0b4 \ub178\ud2b8\ubd81/Forked_Models/Validation/Validation/_\ub77c\ubca8_General_val_C/district_sample2/[district]night_1100C/[district]night_1100C_64.json",
            "id": 1
        },
        {
            "time_step": 2,
            "original_data_path": "/content/drive/Othercomputers/\ub0b4 \ub178\ud2b8\ubd81/Forked_Models/Validation/Validation/_\ub77c\ubca8_General_val_C/district_sample2/[district]night_1100C/[district]night_1100C_66.json",
            "id": 1
        },
        {
            "time_step": 3,
            "original_data_path": "/content/drive/Othercomputers/\ub0b4 \ub178\ud2b8\ubd81/Forked_Models/Validation/Validation/_\ub77c\ubca8_General_val_C/district_sample2/[district]night_1100C/[district]night_1100C_68.json",
            "id": 1
        }
    ],
    "label": 2
}