{
    "data": [
        [
            0.6057291666666667,
            0.38333333333333336,
            0.0031250000000000444,
            -0.06481481481481483,
            0.029687499999999978,
            0.1074074074074074,
            -0.07499999999999996,
            -0.0009259259259259411
        ],
        [
            0.5765625,
            0.3731481481481482,
            0.0031250000000000444,
            -0.07222222222222224,
            0.05364583333333339,
            0.11666666666666664,
            -0.07187500000000002,
            0.015740740740740722
        ],
        [
            0.5734375,
            0.3851851851851852,
            0.005208333333333259,
            -0.07222222222222224,
            0.07135416666666661,
            0.09907407407407409,
            -0.07552083333333337,
            0.045370370370370394
        ]
    ],
    "original_data": [
        {
            "time_step": 1,
            "original_data_path": "/content/drive/Othercomputers/\ub0b4 \ub178\ud2b8\ubd81/Forked_Models/Validation/Validation/_\ub77c\ubca8_General_val_C/district_sample2/[district]night_989C/[district]night_989C_24.json",
            "id": 0
        },
        {
            "time_step": 2,
            "original_data_path": "/content/drive/Othercomputers/\ub0b4 \ub178\ud2b8\ubd81/Forked_Models/Validation/Validation/_\ub77c\ubca8_General_val_C/district_sample2/[district]night_989C/[district]night_989C_26.json",
            "id": 0
        },
        {
            "time_step": 3,
            "original_data_path": "/content/drive/Othercomputers/\ub0b4 \ub178\ud2b8\ubd81/Forked_Models/Validation/Validation/_\ub77c\ubca8_General_val_C/district_sample2/[district]night_989C/[district]night_989C_28.json",
            "id": 0
        }
    ],
    "label": 1
}