{
    "data": [
        [
            0.55,
            0.33240740740740743,
            0.007291666666666585,
            -0.09444444444444447,
            0.0546875,
            0.09999999999999998,
            -0.07916666666666672,
            0.04999999999999999
        ],
        [
            0.54375,
            0.3398148148148148,
            0.003645833333333348,
            -0.06944444444444442,
            0.06614583333333335,
            0.10648148148148151,
            -0.07812499999999994,
            0.07314814814814818
        ],
        [
            0.5265625,
            0.3675925925925926,
            0.0031249999999999334,
            -0.07500000000000001,
            0.06562499999999993,
            0.08240740740740743,
            -0.08437500000000003,
            0.0490740740740741
        ]
    ],
    "original_data": [
        {
            "time_step": 1,
            "original_data_path": "/content/drive/Othercomputers/\ub0b4 \ub178\ud2b8\ubd81/Forked_Models/Validation/Validation/_\ub77c\ubca8_General_val_C/district_sample2/[district]night_989C/[district]night_989C_66.json",
            "id": 0
        },
        {
            "time_step": 2,
            "original_data_path": "/content/drive/Othercomputers/\ub0b4 \ub178\ud2b8\ubd81/Forked_Models/Validation/Validation/_\ub77c\ubca8_General_val_C/district_sample2/[district]night_989C/[district]night_989C_68.json",
            "id": 0
        },
        {
            "time_step": 3,
            "original_data_path": "/content/drive/Othercomputers/\ub0b4 \ub178\ud2b8\ubd81/Forked_Models/Validation/Validation/_\ub77c\ubca8_General_val_C/district_sample2/[district]night_989C/[district]night_989C_70.json",
            "id": 0
        }
    ],
    "label": 1
}