{
    "data": [
        [
            0.7802083333333333,
            0.8268518518518518,
            0.025520833333333437,
            -0.11018518518518516,
            0.027604166666666763,
            -0.024074074074074026,
            -0.12135416666666665,
            0.13611111111111107
        ],
        [
            0.7557291666666667,
            0.8018518518518518,
            0.027083333333333348,
            -0.11388888888888882,
            0.035937499999999956,
            -0.005555555555555536,
            -0.12343749999999998,
            0.13703703703703707
        ],
        [
            0.7322916666666667,
            0.7814814814814814,
            0.022916666666666696,
            -0.14814814814814814,
            0.046875,
            -0.02962962962962956,
            -0.12968749999999996,
            0.1601851851851852
        ]
    ],
    "original_data": [
        {
            "time_step": 1,
            "original_data_path": "/content/drive/Othercomputers/\ub0b4 \ub178\ud2b8\ubd81/Forked_Models/Validation/Validation/_\ub77c\ubca8_General_val_C/district_sample2/[district]night_989C/[district]night_989C_80.json",
            "id": 1
        },
        {
            "time_step": 2,
            "original_data_path": "/content/drive/Othercomputers/\ub0b4 \ub178\ud2b8\ubd81/Forked_Models/Validation/Validation/_\ub77c\ubca8_General_val_C/district_sample2/[district]night_989C/[district]night_989C_82.json",
            "id": 1
        },
        {
            "time_step": 3,
            "original_data_path": "/content/drive/Othercomputers/\ub0b4 \ub178\ud2b8\ubd81/Forked_Models/Validation/Validation/_\ub77c\ubca8_General_val_C/district_sample2/[district]night_989C/[district]night_989C_84.json",
            "id": 1
        }
    ],
    "label": 1
}