{
    "data": [
        [
            0.65625,
            0.44351851851851853,
            0.010937500000000044,
            -0.09814814814814815,
            0.04062500000000002,
            0.12037037037037035,
            -0.14218750000000002,
            0.0398148148148148
        ],
        [
            0.6072916666666667,
            0.38981481481481484,
            0.019791666666666652,
            -0.09537037037037038,
            0.05104166666666665,
            0.12777777777777777,
            -0.1244791666666667,
            0.055555555555555525
        ],
        [
            0.5916666666666667,
            0.30648148148148147,
            0.013541666666666674,
            -0.0824074074074074,
            0.06145833333333328,
            0.10925925925925928,
            -0.11927083333333333,
            0.07500000000000001
        ]
    ],
    "original_data": [
        {
            "time_step": 1,
            "original_data_path": "/content/drive/Othercomputers/\ub0b4 \ub178\ud2b8\ubd81/Forked_Models/Validation/Validation/_\ub77c\ubca8_General_val_C/district_sample2/[district]night_1068C/[district]night_1068C_76.json",
            "id": 1
        },
        {
            "time_step": 2,
            "original_data_path": "/content/drive/Othercomputers/\ub0b4 \ub178\ud2b8\ubd81/Forked_Models/Validation/Validation/_\ub77c\ubca8_General_val_C/district_sample2/[district]night_1068C/[district]night_1068C_78.json",
            "id": 1
        },
        {
            "time_step": 3,
            "original_data_path": "/content/drive/Othercomputers/\ub0b4 \ub178\ud2b8\ubd81/Forked_Models/Validation/Validation/_\ub77c\ubca8_General_val_C/district_sample2/[district]night_1068C/[district]night_1068C_80.json",
            "id": 1
        }
    ],
    "label": 1
}