{
    "data": [
        [
            0.5765625,
            0.3731481481481482,
            0.0031250000000000444,
            -0.07222222222222224,
            0.05364583333333339,
            0.11666666666666664,
            -0.07187500000000002,
            0.015740740740740722
        ],
        [
            0.5734375,
            0.3851851851851852,
            0.005208333333333259,
            -0.07222222222222224,
            0.07135416666666661,
            0.09907407407407409,
            -0.07552083333333337,
            0.045370370370370394
        ],
        [
            0.5911458333333334,
            0.375,
            0.009895833333333326,
            -0.07870370370370372,
            0.06510416666666663,
            0.11481481481481481,
            -0.07552083333333337,
            0.056481481481481466
        ]
    ],
    "original_data": [
        {
            "time_step": 1,
            "original_data_path": "/content/drive/Othercomputers/\ub0b4 \ub178\ud2b8\ubd81/Forked_Models/Validation/Validation/_\ub77c\ubca8_General_val_C/district_sample2/[district]night_989C/[district]night_989C_26.json",
            "id": 0
        },
        {
            "time_step": 2,
            "original_data_path": "/content/drive/Othercomputers/\ub0b4 \ub178\ud2b8\ubd81/Forked_Models/Validation/Validation/_\ub77c\ubca8_General_val_C/district_sample2/[district]night_989C/[district]night_989C_28.json",
            "id": 0
        },
        {
            "time_step": 3,
            "original_data_path": "/content/drive/Othercomputers/\ub0b4 \ub178\ud2b8\ubd81/Forked_Models/Validation/Validation/_\ub77c\ubca8_General_val_C/district_sample2/[district]night_989C/[district]night_989C_30.json",
            "id": 0
        }
    ],
    "label": 1
}