{
    "data": [
        [
            0.033854166666666664,
            0.6601851851851852,
            -0.018229166666666664,
            -0.03981481481481486,
            -0.0078124999999999965,
            0.1416666666666666,
            0.011458333333333334,
            -0.06759259259259265
        ],
        [
            0.18385416666666668,
            0.625,
            -0.002604166666666685,
            -0.09166666666666667,
            -0.010937500000000017,
            0.20185185185185184,
            0.01510416666666664,
            -0.12685185185185183
        ],
        [
            0.34479166666666666,
            0.5694444444444444,
            0.014583333333333337,
            -0.13611111111111107,
            0.07395833333333335,
            0.12314814814814812,
            -0.033333333333333326,
            -0.015740740740740722
        ]
    ],
    "original_data": [
        {
            "time_step": 1,
            "original_data_path": "/content/drive/Othercomputers/\ub0b4 \ub178\ud2b8\ubd81/Forked_Models/Validation/Validation/_\ub77c\ubca8_General_val_C/district_sample2/[district]night_1068C/[district]night_1068C_38.json",
            "id": 1
        },
        {
            "time_step": 2,
            "original_data_path": "/content/drive/Othercomputers/\ub0b4 \ub178\ud2b8\ubd81/Forked_Models/Validation/Validation/_\ub77c\ubca8_General_val_C/district_sample2/[district]night_1068C/[district]night_1068C_40.json",
            "id": 1
        },
        {
            "time_step": 3,
            "original_data_path": "/content/drive/Othercomputers/\ub0b4 \ub178\ud2b8\ubd81/Forked_Models/Validation/Validation/_\ub77c\ubca8_General_val_C/district_sample2/[district]night_1068C/[district]night_1068C_42.json",
            "id": 1
        }
    ],
    "label": 1
}