{
    "data": [
        [
            0.6005208333333333,
            0.49907407407407406,
            0.0067708333333333925,
            -0.09444444444444444,
            0.06093750000000009,
            0.05370370370370375,
            -0.09895833333333326,
            0.04999999999999999
        ],
        [
            0.6109375,
            0.5046296296296297,
            0.019791666666666652,
            -0.09259259259259262,
            0.05885416666666665,
            0.06481481481481477,
            -0.09010416666666665,
            0.04999999999999993
        ],
        [
            0.6109375,
            0.5046296296296297,
            0.019791666666666652,
            -0.09259259259259262,
            0.05885416666666665,
            0.06481481481481477,
            -0.09010416666666665,
            0.04999999999999993
        ]
    ],
    "original_data": [
        {
            "time_step": 1,
            "original_data_path": "/content/drive/Othercomputers/\ub0b4 \ub178\ud2b8\ubd81/Forked_Models/Validation/Validation/_\ub77c\ubca8_General_val_C/district_sample2/[district]night_1100C/[district]night_1100C_0.json",
            "id": 0
        },
        {
            "time_step": 2,
            "original_data_path": "/content/drive/Othercomputers/\ub0b4 \ub178\ud2b8\ubd81/Forked_Models/Validation/Validation/_\ub77c\ubca8_General_val_C/district_sample2/[district]night_1100C/[district]night_1100C_2.json",
            "id": 0
        },
        {
            "time_step": 3,
            "original_data_path": "/content/drive/Othercomputers/\ub0b4 \ub178\ud2b8\ubd81/Forked_Models/Validation/Validation/_\ub77c\ubca8_General_val_C/district_sample2/[district]night_1100C/[district]night_1100C_4.json",
            "id": 0
        }
    ],
    "label": 1
}