{
    "data": [
        [
            0.60625,
            0.3962962962962963,
            0.005729166666666674,
            -0.08611111111111114,
            0.06718750000000007,
            0.09259259259259256,
            -0.07499999999999996,
            0.05277777777777776
        ],
        [
            0.628125,
            0.39444444444444443,
            0.002083333333333326,
            -0.08055555555555555,
            0.059374999999999956,
            0.09629629629629632,
            -0.07916666666666672,
            0.04814814814814816
        ],
        [
            0.6265625,
            0.39166666666666666,
            0.005208333333333259,
            -0.08981481481481479,
            0.060416666666666674,
            0.09537037037037038,
            -0.08281250000000007,
            0.05555555555555558
        ]
    ],
    "original_data": [
        {
            "time_step": 1,
            "original_data_path": "/content/drive/Othercomputers/\ub0b4 \ub178\ud2b8\ubd81/Forked_Models/Validation/Validation/_\ub77c\ubca8_General_val_C/district_sample2/[district]night_989C/[district]night_989C_42.json",
            "id": 0
        },
        {
            "time_step": 2,
            "original_data_path": "/content/drive/Othercomputers/\ub0b4 \ub178\ud2b8\ubd81/Forked_Models/Validation/Validation/_\ub77c\ubca8_General_val_C/district_sample2/[district]night_989C/[district]night_989C_44.json",
            "id": 0
        },
        {
            "time_step": 3,
            "original_data_path": "/content/drive/Othercomputers/\ub0b4 \ub178\ud2b8\ubd81/Forked_Models/Validation/Validation/_\ub77c\ubca8_General_val_C/district_sample2/[district]night_989C/[district]night_989C_46.json",
            "id": 0
        }
    ],
    "label": 1
}