{
    "data": [
        [
            0.5744791666666667,
            0.3638888888888889,
            0.022395833333333393,
            -0.08333333333333331,
            0.07291666666666663,
            0.08425925925925926,
            -0.0697916666666667,
            0.05555555555555558
        ],
        [
            0.5994791666666667,
            0.33611111111111114,
            0.009375000000000022,
            -0.07962962962962966,
            0.05312499999999998,
            0.10833333333333328,
            -0.08958333333333335,
            0.07499999999999996
        ],
        [
            0.6098958333333333,
            0.35833333333333334,
            0.011979166666666652,
            -0.07407407407407407,
            0.055208333333333415,
            0.11388888888888887,
            -0.08072916666666663,
            0.05092592592592593
        ]
    ],
    "original_data": [
        {
            "time_step": 1,
            "original_data_path": "/content/drive/Othercomputers/\ub0b4 \ub178\ud2b8\ubd81/Forked_Models/Validation/Validation/_\ub77c\ubca8_General_val_C/district_sample2/[district]night_989C/[district]night_989C_52.json",
            "id": 0
        },
        {
            "time_step": 2,
            "original_data_path": "/content/drive/Othercomputers/\ub0b4 \ub178\ud2b8\ubd81/Forked_Models/Validation/Validation/_\ub77c\ubca8_General_val_C/district_sample2/[district]night_989C/[district]night_989C_54.json",
            "id": 0
        },
        {
            "time_step": 3,
            "original_data_path": "/content/drive/Othercomputers/\ub0b4 \ub178\ud2b8\ubd81/Forked_Models/Validation/Validation/_\ub77c\ubca8_General_val_C/district_sample2/[district]night_989C/[district]night_989C_56.json",
            "id": 0
        }
    ],
    "label": 1
}