{
    "data": [
        [
            0.6151041666666667,
            0.41574074074074074,
            0.015625,
            -0.09166666666666667,
            0.05833333333333335,
            0.10277777777777775,
            -0.08697916666666672,
            0.056481481481481466
        ],
        [
            0.6244791666666667,
            0.4101851851851852,
            0.014583333333333282,
            -0.07037037037037042,
            0.05104166666666665,
            0.11944444444444446,
            -0.07916666666666672,
            -0.00833333333333336
        ],
        [
            0.6057291666666667,
            0.38333333333333336,
            0.0031250000000000444,
            -0.06481481481481483,
            0.029687499999999978,
            0.1074074074074074,
            -0.07499999999999996,
            -0.0009259259259259411
        ]
    ],
    "original_data": [
        {
            "time_step": 1,
            "original_data_path": "/content/drive/Othercomputers/\ub0b4 \ub178\ud2b8\ubd81/Forked_Models/Validation/Validation/_\ub77c\ubca8_General_val_C/district_sample2/[district]night_989C/[district]night_989C_20.json",
            "id": 0
        },
        {
            "time_step": 2,
            "original_data_path": "/content/drive/Othercomputers/\ub0b4 \ub178\ud2b8\ubd81/Forked_Models/Validation/Validation/_\ub77c\ubca8_General_val_C/district_sample2/[district]night_989C/[district]night_989C_22.json",
            "id": 0
        },
        {
            "time_step": 3,
            "original_data_path": "/content/drive/Othercomputers/\ub0b4 \ub178\ud2b8\ubd81/Forked_Models/Validation/Validation/_\ub77c\ubca8_General_val_C/district_sample2/[district]night_989C/[district]night_989C_24.json",
            "id": 0
        }
    ],
    "label": 1
}