{
    "data": [
        [
            0.5833333333333334,
            0.38055555555555554,
            0.009374999999999911,
            -0.08703703703703702,
            0.0630208333333333,
            0.05925925925925929,
            -0.0703125,
            0.07870370370370372
        ],
        [
            0.6208333333333333,
            0.37962962962962965,
            0.004687499999999956,
            -0.07222222222222224,
            0.025520833333333326,
            0.060185185185185175,
            -0.07604166666666667,
            0.04814814814814811
        ],
        [
            0.6317708333333333,
            0.36203703703703705,
            0.0078125,
            -0.07685185185185184,
            0.0390625,
            0.055555555555555525,
            -0.07343749999999993,
            0.061111111111111116
        ]
    ],
    "original_data": [
        {
            "time_step": 1,
            "original_data_path": "/content/drive/Othercomputers/\ub0b4 \ub178\ud2b8\ubd81/Forked_Models/Validation/Validation/_\ub77c\ubca8_General_val_C/district_sample2/[district]night_1100C/[district]night_1100C_54.json",
            "id": 0
        },
        {
            "time_step": 2,
            "original_data_path": "/content/drive/Othercomputers/\ub0b4 \ub178\ud2b8\ubd81/Forked_Models/Validation/Validation/_\ub77c\ubca8_General_val_C/district_sample2/[district]night_1100C/[district]night_1100C_56.json",
            "id": 0
        },
        {
            "time_step": 3,
            "original_data_path": "/content/drive/Othercomputers/\ub0b4 \ub178\ud2b8\ubd81/Forked_Models/Validation/Validation/_\ub77c\ubca8_General_val_C/district_sample2/[district]night_1100C/[district]night_1100C_58.json",
            "id": 0
        }
    ],
    "label": 1
}