{
    "data": [
        [
            0.603125,
            0.337037037037037,
            -0.0015625000000000222,
            -0.08703703703703702,
            0.05052083333333335,
            0.061111111111111116,
            -0.05729166666666674,
            0.08981481481481485
        ],
        [
            0.5989583333333334,
            0.3333333333333333,
            0.0031249999999999334,
            -0.07037037037037036,
            0.0546875,
            0.06481481481481483,
            -0.05312500000000009,
            0.09351851851851856
        ],
        [
            0.6104166666666667,
            0.34444444444444444,
            0.0015624999999999112,
            -0.07314814814814813,
            0.04999999999999993,
            0.07222222222222224,
            -0.05625000000000002,
            0.08425925925925926
        ]
    ],
    "original_data": [
        {
            "time_step": 1,
            "original_data_path": "/content/drive/Othercomputers/\ub0b4 \ub178\ud2b8\ubd81/Forked_Models/Validation/Validation/_\ub77c\ubca8_General_val_C/district_sample2/[district]night_1100C/[district]night_1100C_70.json",
            "id": 0
        },
        {
            "time_step": 2,
            "original_data_path": "/content/drive/Othercomputers/\ub0b4 \ub178\ud2b8\ubd81/Forked_Models/Validation/Validation/_\ub77c\ubca8_General_val_C/district_sample2/[district]night_1100C/[district]night_1100C_72.json",
            "id": 0
        },
        {
            "time_step": 3,
            "original_data_path": "/content/drive/Othercomputers/\ub0b4 \ub178\ud2b8\ubd81/Forked_Models/Validation/Validation/_\ub77c\ubca8_General_val_C/district_sample2/[district]night_1100C/[district]night_1100C_74.json",
            "id": 0
        }
    ],
    "label": 1
}