{
    "data": [
        [
            0.7708333333333334,
            0.7842592592592592,
            0.023958333333333304,
            -0.12777777777777777,
            0.052604166666666674,
            0.029629629629629672,
            -0.12187500000000007,
            0.16574074074074074
        ],
        [
            0.7619791666666667,
            0.7564814814814815,
            0.03645833333333337,
            -0.13240740740740742,
            0.057812500000000044,
            0.011111111111111072,
            -0.1088541666666667,
            0.15740740740740733
        ],
        [
            0.7552083333333334,
            0.7648148148148148,
            0.03541666666666665,
            -0.12685185185185188,
            0.05624999999999991,
            0.011111111111111072,
            -0.10572916666666665,
            0.1518518518518518
        ]
    ],
    "original_data": [
        {
            "time_step": 1,
            "original_data_path": "/content/drive/Othercomputers/\ub0b4 \ub178\ud2b8\ubd81/Forked_Models/Validation/Validation/_\ub77c\ubca8_General_val_C/district_sample2/[district]night_989C/[district]night_989C_64.json",
            "id": 1
        },
        {
            "time_step": 2,
            "original_data_path": "/content/drive/Othercomputers/\ub0b4 \ub178\ud2b8\ubd81/Forked_Models/Validation/Validation/_\ub77c\ubca8_General_val_C/district_sample2/[district]night_989C/[district]night_989C_66.json",
            "id": 1
        },
        {
            "time_step": 3,
            "original_data_path": "/content/drive/Othercomputers/\ub0b4 \ub178\ud2b8\ubd81/Forked_Models/Validation/Validation/_\ub77c\ubca8_General_val_C/district_sample2/[district]night_989C/[district]night_989C_68.json",
            "id": 1
        }
    ],
    "label": 1
}