{
    "data": [
        [
            0.5640625,
            0.3962962962962963,
            -0.002083333333333326,
            -0.09444444444444444,
            0.06354166666666661,
            0.0796296296296296,
            -0.09375,
            0.08981481481481479
        ],
        [
            0.5640625,
            0.3962962962962963,
            -0.002083333333333326,
            -0.09444444444444444,
            0.06354166666666661,
            0.0796296296296296,
            -0.09375,
            0.08981481481481479
        ],
        [
            0.5692708333333333,
            0.40925925925925927,
            0.005729166666666674,
            -0.10000000000000003,
            0.05833333333333335,
            0.06666666666666665,
            -0.09166666666666662,
            0.07685185185185184
        ]
    ],
    "original_data": [
        {
            "time_step": 1,
            "original_data_path": "/content/drive/Othercomputers/\ub0b4 \ub178\ud2b8\ubd81/Forked_Models/Validation/Validation/_\ub77c\ubca8_General_val_C/district_sample2/[district]night_1100C/[district]night_1100C_38.json",
            "id": 0
        },
        {
            "time_step": 2,
            "original_data_path": "/content/drive/Othercomputers/\ub0b4 \ub178\ud2b8\ubd81/Forked_Models/Validation/Validation/_\ub77c\ubca8_General_val_C/district_sample2/[district]night_1100C/[district]night_1100C_40.json",
            "id": 0
        },
        {
            "time_step": 3,
            "original_data_path": "/content/drive/Othercomputers/\ub0b4 \ub178\ud2b8\ubd81/Forked_Models/Validation/Validation/_\ub77c\ubca8_General_val_C/district_sample2/[district]night_1100C/[district]night_1100C_42.json",
            "id": 0
        }
    ],
    "label": 1
}