{
    "data": [
        [
            0.825,
            0.43148148148148147,
            -0.0015624999999999112,
            -0.029629629629629617,
            -0.03281249999999991,
            -0.0222222222222222,
            0.01822916666666674,
            0.05833333333333335
        ],
        [
            0.8276041666666667,
            0.43703703703703706,
            0.0026041666666666297,
            -0.029629629629629672,
            -0.03541666666666665,
            -0.02777777777777779,
            0.015625,
            0.05277777777777776
        ],
        [
            0.8276041666666667,
            0.43703703703703706,
            0.0010416666666666075,
            -0.033333333333333326,
            -0.03541666666666665,
            -0.02777777777777779,
            0.015625,
            0.05277777777777776
        ]
    ],
    "original_data": [
        {
            "time_step": 1,
            "original_data_path": "/content/drive/Othercomputers/\ub0b4 \ub178\ud2b8\ubd81/Forked_Models/Validation/Validation/_\ub77c\ubca8_General_val_C/district_sample2/[district]night_1100C/[district]night_1100C_164.json",
            "id": 1
        },
        {
            "time_step": 2,
            "original_data_path": "/content/drive/Othercomputers/\ub0b4 \ub178\ud2b8\ubd81/Forked_Models/Validation/Validation/_\ub77c\ubca8_General_val_C/district_sample2/[district]night_1100C/[district]night_1100C_166.json",
            "id": 1
        },
        {
            "time_step": 3,
            "original_data_path": "/content/drive/Othercomputers/\ub0b4 \ub178\ud2b8\ubd81/Forked_Models/Validation/Validation/_\ub77c\ubca8_General_val_C/district_sample2/[district]night_1100C/[district]night_1100C_168.json",
            "id": 1
        }
    ],
    "label": 2
}