{
    "data": [
        [
            0.8234375,
            0.38425925925925924,
            0.004166666666666652,
            -0.02685185185185185,
            -0.03541666666666676,
            -0.009259259259259245,
            0.024479166666666607,
            0.02870370370370373
        ],
        [
            0.8234375,
            0.38425925925925924,
            0.0015624999999999112,
            -0.021296296296296258,
            -0.03541666666666676,
            -0.009259259259259245,
            0.024479166666666607,
            0.02870370370370373
        ],
        [
            0.8234375,
            0.38425925925925924,
            -0.0005208333333334147,
            -0.024999999999999967,
            -0.03541666666666676,
            -0.009259259259259245,
            0.024479166666666607,
            0.02870370370370373
        ]
    ],
    "original_data": [
        {
            "time_step": 1,
            "original_data_path": "/content/drive/Othercomputers/\ub0b4 \ub178\ud2b8\ubd81/Forked_Models/Validation/Validation/_\ub77c\ubca8_General_val_C/district_sample2/[district]night_1073C/[district]night_1073C_270.json",
            "id": 0
        },
        {
            "time_step": 2,
            "original_data_path": "/content/drive/Othercomputers/\ub0b4 \ub178\ud2b8\ubd81/Forked_Models/Validation/Validation/_\ub77c\ubca8_General_val_C/district_sample2/[district]night_1073C/[district]night_1073C_275.json",
            "id": 0
        },
        {
            "time_step": 3,
            "original_data_path": "/content/drive/Othercomputers/\ub0b4 \ub178\ud2b8\ubd81/Forked_Models/Validation/Validation/_\ub77c\ubca8_General_val_C/district_sample2/[district]night_1073C/[district]night_1073C_280.json",
            "id": 0
        }
    ],
    "label": 2
}