{
    "data": [
        [
            0.8276041666666667,
            0.43148148148148147,
            0.0026041666666666297,
            -0.037037037037037035,
            -0.03541666666666665,
            -0.0222222222222222,
            0.015625,
            0.05833333333333335
        ],
        [
            0.8244791666666667,
            0.43148148148148147,
            0.005729166666666674,
            -0.037037037037037035,
            -0.03229166666666661,
            -0.0222222222222222,
            0.018750000000000044,
            0.05833333333333335
        ],
        [
            0.8244791666666667,
            0.43148148148148147,
            0.0010416666666667185,
            -0.036111111111111094,
            -0.03229166666666661,
            -0.0222222222222222,
            0.018750000000000044,
            0.05833333333333335
        ]
    ],
    "original_data": [
        {
            "time_step": 1,
            "original_data_path": "/content/drive/Othercomputers/\ub0b4 \ub178\ud2b8\ubd81/Forked_Models/Validation/Validation/_\ub77c\ubca8_General_val_C/district_sample2/[district]night_1100C/[district]night_1100C_74.json",
            "id": 1
        },
        {
            "time_step": 2,
            "original_data_path": "/content/drive/Othercomputers/\ub0b4 \ub178\ud2b8\ubd81/Forked_Models/Validation/Validation/_\ub77c\ubca8_General_val_C/district_sample2/[district]night_1100C/[district]night_1100C_76.json",
            "id": 1
        },
        {
            "time_step": 3,
            "original_data_path": "/content/drive/Othercomputers/\ub0b4 \ub178\ud2b8\ubd81/Forked_Models/Validation/Validation/_\ub77c\ubca8_General_val_C/district_sample2/[district]night_1100C/[district]night_1100C_78.json",
            "id": 1
        }
    ],
    "label": 2
}