{
    "data": [
        [
            0.6041666666666666,
            0.40370370370370373,
            0.01041666666666674,
            -0.0712962962962963,
            0.05937500000000007,
            0.11388888888888887,
            -0.09062499999999996,
            0.055555555555555525
        ],
        [
            0.6151041666666667,
            0.41574074074074074,
            0.015625,
            -0.09166666666666667,
            0.05833333333333335,
            0.10277777777777775,
            -0.08697916666666672,
            0.056481481481481466
        ],
        [
            0.6244791666666667,
            0.4101851851851852,
            0.014583333333333282,
            -0.07037037037037042,
            0.05104166666666665,
            0.11944444444444446,
            -0.07916666666666672,
            -0.00833333333333336
        ]
    ],
    "original_data": [
        {
            "time_step": 1,
            "original_data_path": "/content/drive/Othercomputers/\ub0b4 \ub178\ud2b8\ubd81/Forked_Models/Validation/Validation/_\ub77c\ubca8_General_val_C/district_sample2/[district]night_989C/[district]night_989C_18.json",
            "id": 0
        },
        {
            "time_step": 2,
            "original_data_path": "/content/drive/Othercomputers/\ub0b4 \ub178\ud2b8\ubd81/Forked_Models/Validation/Validation/_\ub77c\ubca8_General_val_C/district_sample2/[district]night_989C/[district]night_989C_20.json",
            "id": 0
        },
        {
            "time_step": 3,
            "original_data_path": "/content/drive/Othercomputers/\ub0b4 \ub178\ud2b8\ubd81/Forked_Models/Validation/Validation/_\ub77c\ubca8_General_val_C/district_sample2/[district]night_989C/[district]night_989C_22.json",
            "id": 0
        }
    ],
    "label": 1
}