{
    "data": [
        [
            0.5994791666666667,
            0.3824074074074074,
            0.008854166666666607,
            -0.08796296296296297,
            0.061979166666666696,
            0.10462962962962963,
            -0.0703125,
            0.0537037037037037
        ],
        [
            0.6088541666666667,
            0.38055555555555554,
            0.009895833333333326,
            -0.08888888888888885,
            0.06666666666666665,
            0.0851851851851852,
            -0.07291666666666674,
            0.03240740740740744
        ],
        [
            0.6015625,
            0.3824074074074074,
            0.009375000000000022,
            -0.09722222222222221,
            0.06822916666666667,
            0.10185185185185186,
            -0.07291666666666663,
            0.05833333333333335
        ]
    ],
    "original_data": [
        {
            "time_step": 1,
            "original_data_path": "/content/drive/Othercomputers/\ub0b4 \ub178\ud2b8\ubd81/Forked_Models/Validation/Validation/_\ub77c\ubca8_General_val_C/district_sample2/[district]night_989C/[district]night_989C_36.json",
            "id": 0
        },
        {
            "time_step": 2,
            "original_data_path": "/content/drive/Othercomputers/\ub0b4 \ub178\ud2b8\ubd81/Forked_Models/Validation/Validation/_\ub77c\ubca8_General_val_C/district_sample2/[district]night_989C/[district]night_989C_38.json",
            "id": 0
        },
        {
            "time_step": 3,
            "original_data_path": "/content/drive/Othercomputers/\ub0b4 \ub178\ud2b8\ubd81/Forked_Models/Validation/Validation/_\ub77c\ubca8_General_val_C/district_sample2/[district]night_989C/[district]night_989C_40.json",
            "id": 0
        }
    ],
    "label": 1
}