{
    "data": [
        [
            0.5885416666666666,
            0.6694444444444444,
            0.010937500000000044,
            -0.1333333333333333,
            0.09010416666666665,
            0.08703703703703713,
            -0.14635416666666662,
            0.11944444444444446
        ],
        [
            0.4947916666666667,
            0.5592592592592592,
            0.002083333333333326,
            -0.10277777777777775,
            0.11822916666666666,
            0.1444444444444445,
            -0.12343750000000003,
            0.17222222222222228
        ],
        [
            0.5203125,
            0.5277777777777778,
            -0.006249999999999978,
            -0.1166666666666667,
            0.12031250000000004,
            0.13240740740740742,
            -0.11874999999999997,
            0.1703703703703704
        ]
    ],
    "original_data": [
        {
            "time_step": 1,
            "original_data_path": "/content/drive/Othercomputers/\ub0b4 \ub178\ud2b8\ubd81/Forked_Models/Validation/Validation/_\ub77c\ubca8_General_val_C/district_sample2/[district]night_989C/[district]night_989C_94.json",
            "id": 1
        },
        {
            "time_step": 2,
            "original_data_path": "/content/drive/Othercomputers/\ub0b4 \ub178\ud2b8\ubd81/Forked_Models/Validation/Validation/_\ub77c\ubca8_General_val_C/district_sample2/[district]night_989C/[district]night_989C_96.json",
            "id": 1
        },
        {
            "time_step": 3,
            "original_data_path": "/content/drive/Othercomputers/\ub0b4 \ub178\ud2b8\ubd81/Forked_Models/Validation/Validation/_\ub77c\ubca8_General_val_C/district_sample2/[district]night_989C/[district]night_989C_98.json",
            "id": 1
        }
    ],
    "label": 1
}