{
    "data": [
        [
            0.34479166666666666,
            0.5694444444444444,
            0.014583333333333337,
            -0.13611111111111107,
            0.07395833333333335,
            0.12314814814814812,
            -0.033333333333333326,
            -0.015740740740740722
        ],
        [
            0.5125,
            0.4305555555555556,
            0.006250000000000089,
            -0.10648148148148151,
            0.06562500000000004,
            0.124074074074074,
            -0.10624999999999996,
            0.025925925925925908
        ],
        [
            0.5520833333333334,
            0.34444444444444444,
            0.0031249999999999334,
            -0.09537037037037036,
            0.07656249999999998,
            0.1425925925925926,
            -0.12500000000000006,
            0.06296296296296294
        ]
    ],
    "original_data": [
        {
            "time_step": 1,
            "original_data_path": "/content/drive/Othercomputers/\ub0b4 \ub178\ud2b8\ubd81/Forked_Models/Validation/Validation/_\ub77c\ubca8_General_val_C/district_sample2/[district]night_1068C/[district]night_1068C_42.json",
            "id": 1
        },
        {
            "time_step": 2,
            "original_data_path": "/content/drive/Othercomputers/\ub0b4 \ub178\ud2b8\ubd81/Forked_Models/Validation/Validation/_\ub77c\ubca8_General_val_C/district_sample2/[district]night_1068C/[district]night_1068C_44.json",
            "id": 1
        },
        {
            "time_step": 3,
            "original_data_path": "/content/drive/Othercomputers/\ub0b4 \ub178\ud2b8\ubd81/Forked_Models/Validation/Validation/_\ub77c\ubca8_General_val_C/district_sample2/[district]night_1068C/[district]night_1068C_46.json",
            "id": 1
        }
    ],
    "label": 1
}