{
    "data": [
        [
            0.6234375,
            0.3851851851851852,
            0.01822916666666674,
            -0.08240740740740743,
            0.05208333333333337,
            0.08055555555555555,
            -0.08750000000000002,
            0.02777777777777779
        ],
        [
            0.6182291666666667,
            0.41574074074074074,
            0.011458333333333237,
            -0.0851851851851852,
            0.056770833333333326,
            0.0712962962962963,
            -0.09427083333333341,
            0.025925925925925908
        ],
        [
            0.6125,
            0.40925925925925927,
            0.01302083333333326,
            -0.09166666666666667,
            0.0630208333333333,
            0.056481481481481466,
            -0.08437500000000009,
            0.028703703703703676
        ]
    ],
    "original_data": [
        {
            "time_step": 1,
            "original_data_path": "/content/drive/Othercomputers/\ub0b4 \ub178\ud2b8\ubd81/Forked_Models/Validation/Validation/_\ub77c\ubca8_General_val_C/district_sample2/[district]night_989C/[district]night_989C_4.json",
            "id": 0
        },
        {
            "time_step": 2,
            "original_data_path": "/content/drive/Othercomputers/\ub0b4 \ub178\ud2b8\ubd81/Forked_Models/Validation/Validation/_\ub77c\ubca8_General_val_C/district_sample2/[district]night_989C/[district]night_989C_6.json",
            "id": 0
        },
        {
            "time_step": 3,
            "original_data_path": "/content/drive/Othercomputers/\ub0b4 \ub178\ud2b8\ubd81/Forked_Models/Validation/Validation/_\ub77c\ubca8_General_val_C/district_sample2/[district]night_989C/[district]night_989C_8.json",
            "id": 0
        }
    ],
    "label": 1
}