{
    "data": [
        [
            0.3859375,
            0.5481481481481482,
            -0.017187499999999967,
            -0.05277777777777781,
            0.03802083333333334,
            0.0064814814814814214,
            0.004166666666666652,
            0.125
        ],
        [
            0.36770833333333336,
            0.5194444444444445,
            -0.010416666666666685,
            -0.046296296296296335,
            0.04270833333333329,
            -0.0009259259259259967,
            0.020833333333333315,
            0.10092592592592586
        ],
        [
            0.3385416666666667,
            0.5185185185185185,
            -0.02031250000000001,
            -0.03796296296296292,
            0.036458333333333315,
            -0.007407407407407418,
            0.007291666666666641,
            0.08240740740740748
        ]
    ],
    "original_data": [
        {
            "time_step": 1,
            "original_data_path": "/content/drive/Othercomputers/\ub0b4 \ub178\ud2b8\ubd81/Forked_Models/Validation/Validation/_\ub77c\ubca8_General_val_C/district/3. \ud6c4\ubc29 \ubc29\ud5a5 \uc774\ubbf8\uc9c0/[district]day_963C/[district]day_963C_275.json",
            "id": 0
        },
        {
            "time_step": 2,
            "original_data_path": "/content/drive/Othercomputers/\ub0b4 \ub178\ud2b8\ubd81/Forked_Models/Validation/Validation/_\ub77c\ubca8_General_val_C/district/3. \ud6c4\ubc29 \ubc29\ud5a5 \uc774\ubbf8\uc9c0/[district]day_963C/[district]day_963C_280.json",
            "id": 0
        },
        {
            "time_step": 3,
            "original_data_path": "/content/drive/Othercomputers/\ub0b4 \ub178\ud2b8\ubd81/Forked_Models/Validation/Validation/_\ub77c\ubca8_General_val_C/district/3. \ud6c4\ubc29 \ubc29\ud5a5 \uc774\ubbf8\uc9c0/[district]day_963C/[district]day_963C_285.json",
            "id": 0
        }
    ],
    "label": 1
}