{
    "data": [
        [
            0.4739583333333333,
            0.562037037037037,
            -0.0234375,
            -0.07870370370370366,
            0.02656249999999999,
            0.0064814814814815325,
            -0.043749999999999956,
            0.11111111111111116
        ],
        [
            0.4625,
            0.5546296296296296,
            -0.01302083333333337,
            -0.06944444444444442,
            0.03125,
            0.012037037037037068,
            -0.03229166666666666,
            0.11851851851851858
        ],
        [
            0.47552083333333334,
            0.575,
            -0.026041666666666685,
            -0.08981481481481479,
            0.018229166666666685,
            -0.008333333333333304,
            -0.04531249999999998,
            0.0981481481481482
        ]
    ],
    "original_data": [
        {
            "time_step": 1,
            "original_data_path": "/content/drive/Othercomputers/\ub0b4 \ub178\ud2b8\ubd81/Forked_Models/Validation/Validation/_\ub77c\ubca8_General_val_C/district/3. \ud6c4\ubc29 \ubc29\ud5a5 \uc774\ubbf8\uc9c0/[district]night_517C/[district]night_517C_255.json",
            "id": 1
        },
        {
            "time_step": 2,
            "original_data_path": "/content/drive/Othercomputers/\ub0b4 \ub178\ud2b8\ubd81/Forked_Models/Validation/Validation/_\ub77c\ubca8_General_val_C/district/3. \ud6c4\ubc29 \ubc29\ud5a5 \uc774\ubbf8\uc9c0/[district]night_517C/[district]night_517C_260.json",
            "id": 1
        },
        {
            "time_step": 3,
            "original_data_path": "/content/drive/Othercomputers/\ub0b4 \ub178\ud2b8\ubd81/Forked_Models/Validation/Validation/_\ub77c\ubca8_General_val_C/district/3. \ud6c4\ubc29 \ubc29\ud5a5 \uc774\ubbf8\uc9c0/[district]night_517C/[district]night_517C_265.json",
            "id": 1
        }
    ],
    "label": 1
}