{
    "data": [
        [
            0.42916666666666664,
            0.38333333333333336,
            -0.008333333333333304,
            -0.020370370370370372,
            0.007291666666666696,
            0.004629629629629595,
            0.021875000000000033,
            0.04907407407407405
        ],
        [
            0.4088541666666667,
            0.39351851851851855,
            -0.008854166666666663,
            -0.030555555555555558,
            0.006770833333333337,
            -0.014814814814814836,
            0.016145833333333304,
            0.029629629629629617
        ],
        [
            0.3927083333333333,
            0.3888888888888889,
            -0.009374999999999967,
            -0.02777777777777779,
            0.005208333333333315,
            -0.006481481481481477,
            0.007291666666666696,
            0.03888888888888886
        ]
    ],
    "original_data": [
        {
            "time_step": 1,
            "original_data_path": "/content/drive/Othercomputers/\ub0b4 \ub178\ud2b8\ubd81/Forked_Models/Validation/Validation/_\ub77c\ubca8_General_val_C/district/3. \ud6c4\ubc29 \ubc29\ud5a5 \uc774\ubbf8\uc9c0/[district]day_575C/[district]day_575C_280.json",
            "id": 2
        },
        {
            "time_step": 2,
            "original_data_path": "/content/drive/Othercomputers/\ub0b4 \ub178\ud2b8\ubd81/Forked_Models/Validation/Validation/_\ub77c\ubca8_General_val_C/district/3. \ud6c4\ubc29 \ubc29\ud5a5 \uc774\ubbf8\uc9c0/[district]day_575C/[district]day_575C_285.json",
            "id": 2
        },
        {
            "time_step": 3,
            "original_data_path": "/content/drive/Othercomputers/\ub0b4 \ub178\ud2b8\ubd81/Forked_Models/Validation/Validation/_\ub77c\ubca8_General_val_C/district/3. \ud6c4\ubc29 \ubc29\ud5a5 \uc774\ubbf8\uc9c0/[district]day_575C/[district]day_575C_290.json",
            "id": 2
        }
    ],
    "label": 1
}