{
    "data": [
        [
            0.43385416666666665,
            0.43703703703703706,
            -0.001041666666666663,
            -0.02870370370370373,
            0.0015625000000000222,
            -0.019444444444444486,
            0.04999999999999999,
            0.061111111111111116
        ],
        [
            0.43645833333333334,
            0.46944444444444444,
            -0.010416666666666685,
            -0.0222222222222222,
            -0.01614583333333336,
            -0.02314814814814814,
            0.04375000000000001,
            0.054629629629629584
        ],
        [
            0.41770833333333335,
            0.48518518518518516,
            -0.009895833333333326,
            -0.021296296296296258,
            -0.004687500000000011,
            -0.036111111111111094,
            0.04062499999999997,
            0.05740740740740746
        ]
    ],
    "original_data": [
        {
            "time_step": 1,
            "original_data_path": "/content/drive/Othercomputers/\ub0b4 \ub178\ud2b8\ubd81/Forked_Models/Validation/Validation/_\ub77c\ubca8_General_val_C/district/3. \ud6c4\ubc29 \ubc29\ud5a5 \uc774\ubbf8\uc9c0/[district]morning_516C/[district]morning_516C_150.json",
            "id": 0
        },
        {
            "time_step": 2,
            "original_data_path": "/content/drive/Othercomputers/\ub0b4 \ub178\ud2b8\ubd81/Forked_Models/Validation/Validation/_\ub77c\ubca8_General_val_C/district/3. \ud6c4\ubc29 \ubc29\ud5a5 \uc774\ubbf8\uc9c0/[district]morning_516C/[district]morning_516C_155.json",
            "id": 0
        },
        {
            "time_step": 3,
            "original_data_path": "/content/drive/Othercomputers/\ub0b4 \ub178\ud2b8\ubd81/Forked_Models/Validation/Validation/_\ub77c\ubca8_General_val_C/district/3. \ud6c4\ubc29 \ubc29\ud5a5 \uc774\ubbf8\uc9c0/[district]morning_516C/[district]morning_516C_160.json",
            "id": 0
        }
    ],
    "label": 1
}