{
    "data": [
        [
            0.39895833333333336,
            0.5564814814814815,
            -0.006250000000000033,
            -0.025925925925925908,
            0.010937499999999989,
            -0.005555555555555536,
            0.024999999999999967,
            0.062962962962963
        ],
        [
            0.39375,
            0.5648148148148148,
            -0.006770833333333337,
            -0.02499999999999991,
            0.011979166666666652,
            -0.005555555555555536,
            0.027083333333333348,
            0.06203703703703711
        ],
        [
            0.39427083333333335,
            0.5648148148148148,
            -0.009375000000000022,
            -0.022222222222222143,
            0.006249999999999978,
            -0.00925925925925919,
            0.027083333333333293,
            0.06203703703703711
        ]
    ],
    "original_data": [
        {
            "time_step": 1,
            "original_data_path": "/content/drive/Othercomputers/\ub0b4 \ub178\ud2b8\ubd81/Forked_Models/Validation/Validation/_\ub77c\ubca8_General_val_C/district/3. \ud6c4\ubc29 \ubc29\ud5a5 \uc774\ubbf8\uc9c0/[district]morning_516C/[district]morning_516C_175.json",
            "id": 0
        },
        {
            "time_step": 2,
            "original_data_path": "/content/drive/Othercomputers/\ub0b4 \ub178\ud2b8\ubd81/Forked_Models/Validation/Validation/_\ub77c\ubca8_General_val_C/district/3. \ud6c4\ubc29 \ubc29\ud5a5 \uc774\ubbf8\uc9c0/[district]morning_516C/[district]morning_516C_180.json",
            "id": 0
        },
        {
            "time_step": 3,
            "original_data_path": "/content/drive/Othercomputers/\ub0b4 \ub178\ud2b8\ubd81/Forked_Models/Validation/Validation/_\ub77c\ubca8_General_val_C/district/3. \ud6c4\ubc29 \ubc29\ud5a5 \uc774\ubbf8\uc9c0/[district]morning_516C/[district]morning_516C_185.json",
            "id": 0
        }
    ],
    "label": 1
}