{
    "data": [
        [
            0.6395833333333333,
            0.24166666666666667,
            -0.011458333333333237,
            -0.03888888888888889,
            0.012500000000000067,
            0.023148148148148168,
            -0.0031249999999999334,
            0.07499999999999998
        ],
        [
            0.6322916666666667,
            0.24166666666666667,
            -0.014062499999999978,
            -0.03240740740740741,
            0.014583333333333282,
            0.017592592592592576,
            0.005208333333333259,
            0.0740740740740741
        ],
        [
            0.634375,
            0.2388888888888889,
            -0.016145833333333304,
            -0.029629629629629645,
            0.015104166666666696,
            0.020370370370370344,
            0.0031249999999999334,
            0.07685185185185187
        ]
    ],
    "original_data": [
        {
            "time_step": 1,
            "original_data_path": "/content/drive/Othercomputers/\ub0b4 \ub178\ud2b8\ubd81/Forked_Models/Validation/Validation/_\ub77c\ubca8_General_val_C/district/3. \ud6c4\ubc29 \ubc29\ud5a5 \uc774\ubbf8\uc9c0/[district]morning_1116C/[district]morning_1116C_25.json",
            "id": 0
        },
        {
            "time_step": 2,
            "original_data_path": "/content/drive/Othercomputers/\ub0b4 \ub178\ud2b8\ubd81/Forked_Models/Validation/Validation/_\ub77c\ubca8_General_val_C/district/3. \ud6c4\ubc29 \ubc29\ud5a5 \uc774\ubbf8\uc9c0/[district]morning_1116C/[district]morning_1116C_30.json",
            "id": 0
        },
        {
            "time_step": 3,
            "original_data_path": "/content/drive/Othercomputers/\ub0b4 \ub178\ud2b8\ubd81/Forked_Models/Validation/Validation/_\ub77c\ubca8_General_val_C/district/3. \ud6c4\ubc29 \ubc29\ud5a5 \uc774\ubbf8\uc9c0/[district]morning_1116C/[district]morning_1116C_35.json",
            "id": 0
        }
    ],
    "label": 1
}