{
    "data": [
        [
            0.39166666666666666,
            0.4361111111111111,
            -0.006770833333333337,
            -0.037037037037037035,
            0.013541666666666674,
            -0.015740740740740722,
            -0.012500000000000011,
            0.032407407407407385
        ],
        [
            0.39375,
            0.4398148148148148,
            -0.005208333333333315,
            -0.041666666666666685,
            0.014583333333333337,
            -0.025000000000000022,
            -0.003645833333333348,
            0.05833333333333335
        ],
        [
            0.39375,
            0.4361111111111111,
            -0.003645833333333348,
            -0.04259259259259257,
            0.014583333333333337,
            -0.020370370370370372,
            -0.010937499999999989,
            0.036111111111111094
        ]
    ],
    "original_data": [
        {
            "time_step": 1,
            "original_data_path": "/content/drive/Othercomputers/\ub0b4 \ub178\ud2b8\ubd81/Forked_Models/Validation/Validation/_\ub77c\ubca8_General_val_C/district/3. \ud6c4\ubc29 \ubc29\ud5a5 \uc774\ubbf8\uc9c0/[district]day_613C/[district]day_613C_80.json",
            "id": 1
        },
        {
            "time_step": 2,
            "original_data_path": "/content/drive/Othercomputers/\ub0b4 \ub178\ud2b8\ubd81/Forked_Models/Validation/Validation/_\ub77c\ubca8_General_val_C/district/3. \ud6c4\ubc29 \ubc29\ud5a5 \uc774\ubbf8\uc9c0/[district]day_613C/[district]day_613C_85.json",
            "id": 1
        },
        {
            "time_step": 3,
            "original_data_path": "/content/drive/Othercomputers/\ub0b4 \ub178\ud2b8\ubd81/Forked_Models/Validation/Validation/_\ub77c\ubca8_General_val_C/district/3. \ud6c4\ubc29 \ubc29\ud5a5 \uc774\ubbf8\uc9c0/[district]day_613C/[district]day_613C_90.json",
            "id": 1
        }
    ],
    "label": 1
}