{
    "data": [
        [
            0.440625,
            0.2175925925925926,
            -0.03229166666666666,
            -0.029629629629629617,
            -0.003645833333333348,
            0.021296296296296313,
            0.021875000000000033,
            0.03703703703703706
        ],
        [
            0.4375,
            0.2212962962962963,
            -0.03125,
            -0.024999999999999994,
            -0.0005208333333333592,
            0.017592592592592604,
            0.03072916666666664,
            0.02314814814814814
        ],
        [
            0.4348958333333333,
            0.2212962962962963,
            -0.029166666666666674,
            -0.02314814814814814,
            -0.008333333333333304,
            0.008333333333333331,
            0.03229166666666666,
            0.025925925925925936
        ]
    ],
    "original_data": [
        {
            "time_step": 1,
            "original_data_path": "/content/drive/Othercomputers/\ub0b4 \ub178\ud2b8\ubd81/Forked_Models/Validation/Validation/_\ub77c\ubca8_General_val_C/district/3. \ud6c4\ubc29 \ubc29\ud5a5 \uc774\ubbf8\uc9c0/[district]leave_048C/[district]leave_048C_28.json",
            "id": 2
        },
        {
            "time_step": 2,
            "original_data_path": "/content/drive/Othercomputers/\ub0b4 \ub178\ud2b8\ubd81/Forked_Models/Validation/Validation/_\ub77c\ubca8_General_val_C/district/3. \ud6c4\ubc29 \ubc29\ud5a5 \uc774\ubbf8\uc9c0/[district]leave_048C/[district]leave_048C_30.json",
            "id": 2
        },
        {
            "time_step": 3,
            "original_data_path": "/content/drive/Othercomputers/\ub0b4 \ub178\ud2b8\ubd81/Forked_Models/Validation/Validation/_\ub77c\ubca8_General_val_C/district/3. \ud6c4\ubc29 \ubc29\ud5a5 \uc774\ubbf8\uc9c0/[district]leave_048C/[district]leave_048C_32.json",
            "id": 2
        }
    ],
    "label": 1
}