{
    "data": [
        [
            0.6130208333333333,
            0.24537037037037038,
            -0.011458333333333348,
            -0.045370370370370366,
            -0.0078125,
            0.016666666666666635,
            0.025520833333333326,
            0.0962962962962963
        ],
        [
            0.6161458333333333,
            0.24814814814814815,
            -0.01041666666666663,
            -0.052777777777777785,
            -0.009374999999999911,
            0.029629629629629645,
            0.031770833333333415,
            0.09166666666666665
        ],
        [
            0.6083333333333333,
            0.24814814814814815,
            -0.016666666666666607,
            -0.040740740740740744,
            -0.0015624999999999112,
            0.029629629629629645,
            0.027604166666666763,
            0.08333333333333334
        ]
    ],
    "original_data": [
        {
            "time_step": 1,
            "original_data_path": "/content/drive/Othercomputers/\ub0b4 \ub178\ud2b8\ubd81/Forked_Models/Validation/Validation/_\ub77c\ubca8_General_val_C/district/3. \ud6c4\ubc29 \ubc29\ud5a5 \uc774\ubbf8\uc9c0/[district]morning_1057C/[district]morning_1057C_190.json",
            "id": 1
        },
        {
            "time_step": 2,
            "original_data_path": "/content/drive/Othercomputers/\ub0b4 \ub178\ud2b8\ubd81/Forked_Models/Validation/Validation/_\ub77c\ubca8_General_val_C/district/3. \ud6c4\ubc29 \ubc29\ud5a5 \uc774\ubbf8\uc9c0/[district]morning_1057C/[district]morning_1057C_195.json",
            "id": 1
        },
        {
            "time_step": 3,
            "original_data_path": "/content/drive/Othercomputers/\ub0b4 \ub178\ud2b8\ubd81/Forked_Models/Validation/Validation/_\ub77c\ubca8_General_val_C/district/3. \ud6c4\ubc29 \ubc29\ud5a5 \uc774\ubbf8\uc9c0/[district]morning_1057C/[district]morning_1057C_200.json",
            "id": 1
        }
    ],
    "label": 1
}