{
    "data": [
        [
            0.4484375,
            0.6324074074074074,
            -0.016666666666666663,
            -0.033333333333333326,
            0.012500000000000011,
            -0.04814814814814816,
            -0.006770833333333337,
            0.07777777777777772
        ],
        [
            0.4484375,
            0.6324074074074074,
            -0.016666666666666663,
            -0.033333333333333326,
            0.006250000000000033,
            -0.04629629629629628,
            -0.006770833333333337,
            0.07777777777777772
        ],
        [
            0.4484375,
            0.6324074074074074,
            -0.016666666666666663,
            -0.033333333333333326,
            0.006250000000000033,
            -0.04629629629629628,
            -0.006770833333333337,
            0.07777777777777772
        ]
    ],
    "original_data": [
        {
            "time_step": 1,
            "original_data_path": "/content/drive/Othercomputers/\ub0b4 \ub178\ud2b8\ubd81/Forked_Models/Validation/Validation/_\ub77c\ubca8_General_val_C/district/3. \ud6c4\ubc29 \ubc29\ud5a5 \uc774\ubbf8\uc9c0/[district]morning_693C/[district]morning_693C_190.json",
            "id": 1
        },
        {
            "time_step": 2,
            "original_data_path": "/content/drive/Othercomputers/\ub0b4 \ub178\ud2b8\ubd81/Forked_Models/Validation/Validation/_\ub77c\ubca8_General_val_C/district/3. \ud6c4\ubc29 \ubc29\ud5a5 \uc774\ubbf8\uc9c0/[district]morning_693C/[district]morning_693C_195.json",
            "id": 1
        },
        {
            "time_step": 3,
            "original_data_path": "/content/drive/Othercomputers/\ub0b4 \ub178\ud2b8\ubd81/Forked_Models/Validation/Validation/_\ub77c\ubca8_General_val_C/district/3. \ud6c4\ubc29 \ubc29\ud5a5 \uc774\ubbf8\uc9c0/[district]morning_693C/[district]morning_693C_200.json",
            "id": 1
        }
    ],
    "label": 1
}