{
    "data": [
        [
            0.4239583333333333,
            0.5324074074074074,
            -0.007291666666666641,
            -0.10648148148148151,
            0.01614583333333336,
            -0.06574074074074077,
            0.012500000000000011,
            0.061111111111111116
        ],
        [
            0.4239583333333333,
            0.5324074074074074,
            -0.007291666666666641,
            -0.10648148148148151,
            0.017708333333333326,
            -0.06481481481481483,
            0.013541666666666674,
            0.06296296296296289
        ],
        [
            0.4197916666666667,
            0.5194444444444445,
            -0.017187500000000022,
            -0.07870370370370372,
            0.028645833333333315,
            -0.04351851851851857,
            0.017187499999999967,
            0.07407407407407407
        ]
    ],
    "original_data": [
        {
            "time_step": 1,
            "original_data_path": "/content/drive/Othercomputers/\ub0b4 \ub178\ud2b8\ubd81/Forked_Models/Validation/Validation/_\ub77c\ubca8_General_val_C/district/3. \ud6c4\ubc29 \ubc29\ud5a5 \uc774\ubbf8\uc9c0/[district]leave_485C/[district]leave_485C_70.json",
            "id": 3
        },
        {
            "time_step": 2,
            "original_data_path": "/content/drive/Othercomputers/\ub0b4 \ub178\ud2b8\ubd81/Forked_Models/Validation/Validation/_\ub77c\ubca8_General_val_C/district/3. \ud6c4\ubc29 \ubc29\ud5a5 \uc774\ubbf8\uc9c0/[district]leave_485C/[district]leave_485C_75.json",
            "id": 3
        },
        {
            "time_step": 3,
            "original_data_path": "/content/drive/Othercomputers/\ub0b4 \ub178\ud2b8\ubd81/Forked_Models/Validation/Validation/_\ub77c\ubca8_General_val_C/district/3. \ud6c4\ubc29 \ubc29\ud5a5 \uc774\ubbf8\uc9c0/[district]leave_485C/[district]leave_485C_80.json",
            "id": 3
        }
    ],
    "label": 1
}