{
    "data": [
        [
            0.48385416666666664,
            0.32592592592592595,
            -0.007291666666666641,
            -0.04351851851851857,
            -0.01874999999999999,
            -0.00833333333333336,
            0.03177083333333336,
            0.062037037037037
        ],
        [
            0.48385416666666664,
            0.32592592592592595,
            -0.007291666666666641,
            -0.04351851851851857,
            -0.01874999999999999,
            -0.00833333333333336,
            0.03177083333333336,
            0.062037037037037
        ],
        [
            0.48385416666666664,
            0.32592592592592595,
            -0.007291666666666641,
            -0.04351851851851857,
            -0.01874999999999999,
            -0.00833333333333336,
            0.03177083333333336,
            0.062037037037037
        ]
    ],
    "original_data": [
        {
            "time_step": 1,
            "original_data_path": "/content/drive/Othercomputers/\ub0b4 \ub178\ud2b8\ubd81/Forked_Models/Validation/Validation/_\ub77c\ubca8_General_val_C/district/3. \ud6c4\ubc29 \ubc29\ud5a5 \uc774\ubbf8\uc9c0/[district]day_683C/[district]day_683C_175.json",
            "id": 0
        },
        {
            "time_step": 2,
            "original_data_path": "/content/drive/Othercomputers/\ub0b4 \ub178\ud2b8\ubd81/Forked_Models/Validation/Validation/_\ub77c\ubca8_General_val_C/district/3. \ud6c4\ubc29 \ubc29\ud5a5 \uc774\ubbf8\uc9c0/[district]day_683C/[district]day_683C_180.json",
            "id": 0
        },
        {
            "time_step": 3,
            "original_data_path": "/content/drive/Othercomputers/\ub0b4 \ub178\ud2b8\ubd81/Forked_Models/Validation/Validation/_\ub77c\ubca8_General_val_C/district/3. \ud6c4\ubc29 \ubc29\ud5a5 \uc774\ubbf8\uc9c0/[district]day_683C/[district]day_683C_185.json",
            "id": 0
        }
    ],
    "label": 1
}