{
    "data": [
        [
            0.4630208333333333,
            0.3,
            -0.008333333333333304,
            -0.037962962962962976,
            0.030208333333333337,
            -0.012037037037037013,
            0.018229166666666685,
            0.03611111111111115
        ],
        [
            0.4703125,
            0.3,
            -0.008854166666666663,
            -0.040740740740740744,
            0.019791666666666652,
            -0.020370370370370372,
            0.003124999999999989,
            0.045370370370370394
        ],
        [
            0.45625,
            0.3037037037037037,
            -0.0078125,
            -0.036111111111111094,
            0.02864583333333337,
            -0.02314814814814814,
            0.017187500000000022,
            0.041666666666666685
        ]
    ],
    "original_data": [
        {
            "time_step": 1,
            "original_data_path": "/content/drive/Othercomputers/\ub0b4 \ub178\ud2b8\ubd81/Forked_Models/Validation/Validation/_\ub77c\ubca8_General_val_C/district/3. \ud6c4\ubc29 \ubc29\ud5a5 \uc774\ubbf8\uc9c0/[district]night_517C/[district]night_517C_170.json",
            "id": 0
        },
        {
            "time_step": 2,
            "original_data_path": "/content/drive/Othercomputers/\ub0b4 \ub178\ud2b8\ubd81/Forked_Models/Validation/Validation/_\ub77c\ubca8_General_val_C/district/3. \ud6c4\ubc29 \ubc29\ud5a5 \uc774\ubbf8\uc9c0/[district]night_517C/[district]night_517C_175.json",
            "id": 0
        },
        {
            "time_step": 3,
            "original_data_path": "/content/drive/Othercomputers/\ub0b4 \ub178\ud2b8\ubd81/Forked_Models/Validation/Validation/_\ub77c\ubca8_General_val_C/district/3. \ud6c4\ubc29 \ubc29\ud5a5 \uc774\ubbf8\uc9c0/[district]night_517C/[district]night_517C_180.json",
            "id": 0
        }
    ],
    "label": 1
}