{
    "data": [
        [
            0.48125,
            0.35555555555555557,
            0.0015624999999999667,
            -0.045370370370370394,
            -0.018229166666666685,
            0.015740740740740722,
            0.010937499999999989,
            0.037037037037037035
        ],
        [
            0.48125,
            0.3611111111111111,
            0.003124999999999989,
            -0.04629629629629628,
            -0.01874999999999999,
            0.013888888888888895,
            0.012500000000000011,
            0.036111111111111094
        ],
        [
            0.4791666666666667,
            0.36018518518518516,
            0.0026041666666666297,
            -0.037037037037037035,
            -0.02031250000000001,
            0.01296296296296301,
            0.013020833333333315,
            0.042592592592592626
        ]
    ],
    "original_data": [
        {
            "time_step": 1,
            "original_data_path": "/content/drive/Othercomputers/\ub0b4 \ub178\ud2b8\ubd81/Forked_Models/Validation/Validation/_\ub77c\ubca8_General_val_C/district/3. \ud6c4\ubc29 \ubc29\ud5a5 \uc774\ubbf8\uc9c0/[district]leave_485C/[district]leave_485C_65.json",
            "id": 2
        },
        {
            "time_step": 2,
            "original_data_path": "/content/drive/Othercomputers/\ub0b4 \ub178\ud2b8\ubd81/Forked_Models/Validation/Validation/_\ub77c\ubca8_General_val_C/district/3. \ud6c4\ubc29 \ubc29\ud5a5 \uc774\ubbf8\uc9c0/[district]leave_485C/[district]leave_485C_70.json",
            "id": 2
        },
        {
            "time_step": 3,
            "original_data_path": "/content/drive/Othercomputers/\ub0b4 \ub178\ud2b8\ubd81/Forked_Models/Validation/Validation/_\ub77c\ubca8_General_val_C/district/3. \ud6c4\ubc29 \ubc29\ud5a5 \uc774\ubbf8\uc9c0/[district]leave_485C/[district]leave_485C_75.json",
            "id": 2
        }
    ],
    "label": 1
}