{
    "data": [
        [
            0.6385416666666667,
            0.175,
            -0.01302083333333337,
            -0.017592592592592576,
            -0.027604166666666652,
            0.028703703703703703,
            0.021874999999999978,
            0.018518518518518517
        ],
        [
            0.65,
            0.17407407407407408,
            -0.009375000000000022,
            -0.02314814814814814,
            -0.018750000000000044,
            0.013888888888888895,
            0.0234375,
            0.02314814814814814
        ],
        [
            0.65,
            0.17407407407407408,
            -0.009375000000000022,
            -0.02314814814814814,
            -0.018750000000000044,
            0.013888888888888895,
            0.0234375,
            0.02314814814814814
        ]
    ],
    "original_data": [
        {
            "time_step": 1,
            "original_data_path": "/content/drive/Othercomputers/\ub0b4 \ub178\ud2b8\ubd81/Forked_Models/Validation/Validation/_\ub77c\ubca8_General_val_C/district/3. \ud6c4\ubc29 \ubc29\ud5a5 \uc774\ubbf8\uc9c0/[district]day_949C/[district]day_949C_190.json",
            "id": 4
        },
        {
            "time_step": 2,
            "original_data_path": "/content/drive/Othercomputers/\ub0b4 \ub178\ud2b8\ubd81/Forked_Models/Validation/Validation/_\ub77c\ubca8_General_val_C/district/3. \ud6c4\ubc29 \ubc29\ud5a5 \uc774\ubbf8\uc9c0/[district]day_949C/[district]day_949C_195.json",
            "id": 4
        },
        {
            "time_step": 3,
            "original_data_path": "/content/drive/Othercomputers/\ub0b4 \ub178\ud2b8\ubd81/Forked_Models/Validation/Validation/_\ub77c\ubca8_General_val_C/district/3. \ud6c4\ubc29 \ubc29\ud5a5 \uc774\ubbf8\uc9c0/[district]day_949C/[district]day_949C_200.json",
            "id": 4
        }
    ],
    "label": 1
}