{
    "data": [
        [
            0.696875,
            0.20185185185185187,
            -0.02083333333333337,
            -0.037962962962962976,
            0.014062499999999978,
            0.014814814814814808,
            0.014583333333333282,
            0.04629629629629628
        ],
        [
            0.6692708333333334,
            0.18333333333333332,
            -0.011979166666666652,
            -0.028703703703703703,
            0.01822916666666663,
            0.012962962962962982,
            -0.014062500000000089,
            0.05555555555555558
        ],
        [
            0.6348958333333333,
            0.175,
            -0.016145833333333304,
            -0.03148148148148147,
            0.016145833333333304,
            0.013888888888888895,
            -0.0005208333333333037,
            0.0425925925925926
        ]
    ],
    "original_data": [
        {
            "time_step": 1,
            "original_data_path": "/content/drive/Othercomputers/\ub0b4 \ub178\ud2b8\ubd81/Forked_Models/Validation/Validation/_\ub77c\ubca8_General_val_C/district/3. \ud6c4\ubc29 \ubc29\ud5a5 \uc774\ubbf8\uc9c0/[district]attend_960C/[district]attend_960C_190.json",
            "id": 2
        },
        {
            "time_step": 2,
            "original_data_path": "/content/drive/Othercomputers/\ub0b4 \ub178\ud2b8\ubd81/Forked_Models/Validation/Validation/_\ub77c\ubca8_General_val_C/district/3. \ud6c4\ubc29 \ubc29\ud5a5 \uc774\ubbf8\uc9c0/[district]attend_960C/[district]attend_960C_195.json",
            "id": 2
        },
        {
            "time_step": 3,
            "original_data_path": "/content/drive/Othercomputers/\ub0b4 \ub178\ud2b8\ubd81/Forked_Models/Validation/Validation/_\ub77c\ubca8_General_val_C/district/3. \ud6c4\ubc29 \ubc29\ud5a5 \uc774\ubbf8\uc9c0/[district]attend_960C/[district]attend_960C_200.json",
            "id": 2
        }
    ],
    "label": 1
}