{
    "data": [
        [
            0.421875,
            0.5083333333333333,
            -0.0078125,
            -0.031481481481481444,
            0.009375000000000022,
            -0.01851851851851849,
            -0.022395833333333337,
            0.07592592592592595
        ],
        [
            0.40677083333333336,
            0.5027777777777778,
            -0.007291666666666696,
            -0.033333333333333326,
            0.01874999999999999,
            -0.002777777777777768,
            -0.014583333333333337,
            0.07870370370370372
        ],
        [
            0.40677083333333336,
            0.49444444444444446,
            -0.007291666666666696,
            -0.033333333333333326,
            0.01874999999999999,
            -0.0027777777777778234,
            -0.00520833333333337,
            0.051851851851851816
        ]
    ],
    "original_data": [
        {
            "time_step": 1,
            "original_data_path": "/content/drive/Othercomputers/\ub0b4 \ub178\ud2b8\ubd81/Forked_Models/Validation/Validation/_\ub77c\ubca8_General_val_C/district/3. \ud6c4\ubc29 \ubc29\ud5a5 \uc774\ubbf8\uc9c0/[district]day_570C/[district]day_570C_100.json",
            "id": 3
        },
        {
            "time_step": 2,
            "original_data_path": "/content/drive/Othercomputers/\ub0b4 \ub178\ud2b8\ubd81/Forked_Models/Validation/Validation/_\ub77c\ubca8_General_val_C/district/3. \ud6c4\ubc29 \ubc29\ud5a5 \uc774\ubbf8\uc9c0/[district]day_570C/[district]day_570C_105.json",
            "id": 3
        },
        {
            "time_step": 3,
            "original_data_path": "/content/drive/Othercomputers/\ub0b4 \ub178\ud2b8\ubd81/Forked_Models/Validation/Validation/_\ub77c\ubca8_General_val_C/district/3. \ud6c4\ubc29 \ubc29\ud5a5 \uc774\ubbf8\uc9c0/[district]day_570C/[district]day_570C_110.json",
            "id": 3
        }
    ],
    "label": 1
}