{
    "data": [
        [
            0.5526041666666667,
            0.2833333333333333,
            -0.002083333333333326,
            -0.02685185185185185,
            -0.025520833333333326,
            0.011111111111111127,
            0.029687499999999978,
            -0.010185185185185186
        ],
        [
            0.5526041666666667,
            0.2833333333333333,
            -0.002083333333333326,
            -0.02685185185185185,
            -0.025520833333333326,
            0.011111111111111127,
            0.029687499999999978,
            -0.010185185185185186
        ],
        [
            0.54375,
            0.2861111111111111,
            -0.0010416666666666075,
            -0.024999999999999967,
            -0.0234375,
            0.020370370370370372,
            0.038541666666666696,
            -0.012962962962962954
        ]
    ],
    "original_data": [
        {
            "time_step": 1,
            "original_data_path": "/content/drive/Othercomputers/\ub0b4 \ub178\ud2b8\ubd81/Forked_Models/Validation/Validation/_\ub77c\ubca8_General_val_C/district/3. \ud6c4\ubc29 \ubc29\ud5a5 \uc774\ubbf8\uc9c0/[district]night_631C/[district]night_631C_95.json",
            "id": 1
        },
        {
            "time_step": 2,
            "original_data_path": "/content/drive/Othercomputers/\ub0b4 \ub178\ud2b8\ubd81/Forked_Models/Validation/Validation/_\ub77c\ubca8_General_val_C/district/3. \ud6c4\ubc29 \ubc29\ud5a5 \uc774\ubbf8\uc9c0/[district]night_631C/[district]night_631C_100.json",
            "id": 1
        },
        {
            "time_step": 3,
            "original_data_path": "/content/drive/Othercomputers/\ub0b4 \ub178\ud2b8\ubd81/Forked_Models/Validation/Validation/_\ub77c\ubca8_General_val_C/district/3. \ud6c4\ubc29 \ubc29\ud5a5 \uc774\ubbf8\uc9c0/[district]night_631C/[district]night_631C_105.json",
            "id": 1
        }
    ],
    "label": 1
}