{
    "data": [
        [
            0.42552083333333335,
            0.45740740740740743,
            -0.015104166666666696,
            -0.05092592592592593,
            0.03281249999999997,
            -0.005555555555555591,
            0.017187499999999967,
            0.07777777777777778
        ],
        [
            0.42916666666666664,
            0.4444444444444444,
            -0.01822916666666663,
            -0.04259259259259257,
            0.029166666666666674,
            0.007407407407407418,
            0.011458333333333348,
            0.11296296296296304
        ],
        [
            0.42916666666666664,
            0.4444444444444444,
            -0.027083333333333293,
            -0.03796296296296292,
            0.029166666666666674,
            0.007407407407407418,
            0.009895833333333381,
            0.0888888888888889
        ]
    ],
    "original_data": [
        {
            "time_step": 1,
            "original_data_path": "/content/drive/Othercomputers/\ub0b4 \ub178\ud2b8\ubd81/Forked_Models/Validation/Validation/_\ub77c\ubca8_General_val_C/district/3. \ud6c4\ubc29 \ubc29\ud5a5 \uc774\ubbf8\uc9c0/[district]night_629C/[district]night_629C_55.json",
            "id": 1
        },
        {
            "time_step": 2,
            "original_data_path": "/content/drive/Othercomputers/\ub0b4 \ub178\ud2b8\ubd81/Forked_Models/Validation/Validation/_\ub77c\ubca8_General_val_C/district/3. \ud6c4\ubc29 \ubc29\ud5a5 \uc774\ubbf8\uc9c0/[district]night_629C/[district]night_629C_60.json",
            "id": 1
        },
        {
            "time_step": 3,
            "original_data_path": "/content/drive/Othercomputers/\ub0b4 \ub178\ud2b8\ubd81/Forked_Models/Validation/Validation/_\ub77c\ubca8_General_val_C/district/3. \ud6c4\ubc29 \ubc29\ud5a5 \uc774\ubbf8\uc9c0/[district]night_629C/[district]night_629C_65.json",
            "id": 1
        }
    ],
    "label": 1
}