{
    "data": [
        [
            0.4197916666666667,
            0.5277777777777778,
            -0.007291666666666696,
            -0.017592592592592604,
            -0.001041666666666663,
            -0.007407407407407418,
            0.011979166666666652,
            0.0703703703703703
        ],
        [
            0.4197916666666667,
            0.5277777777777778,
            -0.007291666666666696,
            -0.017592592592592604,
            -0.002083333333333326,
            0.0064814814814814214,
            0.016666666666666663,
            0.056481481481481466
        ],
        [
            0.4197916666666667,
            0.5277777777777778,
            -0.007291666666666696,
            -0.017592592592592604,
            -0.002083333333333326,
            0.0064814814814814214,
            0.014062499999999978,
            0.059259259259259234
        ]
    ],
    "original_data": [
        {
            "time_step": 1,
            "original_data_path": "/content/drive/Othercomputers/\ub0b4 \ub178\ud2b8\ubd81/Forked_Models/Validation/Validation/_\ub77c\ubca8_General_val_C/district/3. \ud6c4\ubc29 \ubc29\ud5a5 \uc774\ubbf8\uc9c0/[district]morning_657C/[district]morning_657C_65.json",
            "id": 0
        },
        {
            "time_step": 2,
            "original_data_path": "/content/drive/Othercomputers/\ub0b4 \ub178\ud2b8\ubd81/Forked_Models/Validation/Validation/_\ub77c\ubca8_General_val_C/district/3. \ud6c4\ubc29 \ubc29\ud5a5 \uc774\ubbf8\uc9c0/[district]morning_657C/[district]morning_657C_70.json",
            "id": 0
        },
        {
            "time_step": 3,
            "original_data_path": "/content/drive/Othercomputers/\ub0b4 \ub178\ud2b8\ubd81/Forked_Models/Validation/Validation/_\ub77c\ubca8_General_val_C/district/3. \ud6c4\ubc29 \ubc29\ud5a5 \uc774\ubbf8\uc9c0/[district]morning_657C/[district]morning_657C_75.json",
            "id": 0
        }
    ],
    "label": 1
}