{
    "data": [
        [
            0.4046875,
            0.24259259259259258,
            0.0031250000000000444,
            -0.0222222222222222,
            0.014062500000000033,
            0.020370370370370372,
            -0.013020833333333315,
            0.025000000000000022
        ],
        [
            0.4505208333333333,
            0.21481481481481482,
            0.004166666666666707,
            -0.01944444444444446,
            0.010416666666666685,
            0.03425925925925927,
            -0.013020833333333315,
            0.03148148148148147
        ],
        [
            0.4890625,
            0.19166666666666668,
            0.004687500000000011,
            -0.017592592592592604,
            0.016666666666666663,
            0.033333333333333326,
            -0.014062500000000033,
            0.029629629629629617
        ]
    ],
    "original_data": [
        {
            "time_step": 1,
            "original_data_path": "/content/drive/Othercomputers/\ub0b4 \ub178\ud2b8\ubd81/Forked_Models/Validation/Validation/_\ub77c\ubca8_General_val_C/district/3. \ud6c4\ubc29 \ubc29\ud5a5 \uc774\ubbf8\uc9c0/[district]attend_057C/[district]attend_057C_156.json",
            "id": 3
        },
        {
            "time_step": 2,
            "original_data_path": "/content/drive/Othercomputers/\ub0b4 \ub178\ud2b8\ubd81/Forked_Models/Validation/Validation/_\ub77c\ubca8_General_val_C/district/3. \ud6c4\ubc29 \ubc29\ud5a5 \uc774\ubbf8\uc9c0/[district]attend_057C/[district]attend_057C_158.json",
            "id": 3
        },
        {
            "time_step": 3,
            "original_data_path": "/content/drive/Othercomputers/\ub0b4 \ub178\ud2b8\ubd81/Forked_Models/Validation/Validation/_\ub77c\ubca8_General_val_C/district/3. \ud6c4\ubc29 \ubc29\ud5a5 \uc774\ubbf8\uc9c0/[district]attend_057C/[district]attend_057C_160.json",
            "id": 3
        }
    ],
    "label": 1
}