{
    "data": [
        [
            0.6401041666666667,
            0.29814814814814816,
            -0.0005208333333334147,
            -0.03611111111111115,
            -0.0234375,
            0.003703703703703709,
            0.02604166666666663,
            0.0009259259259258856
        ],
        [
            0.6359375,
            0.29907407407407405,
            -0.0005208333333334147,
            -0.036111111111111094,
            -0.0234375,
            0.003703703703703709,
            0.02604166666666663,
            0.0009259259259259411
        ],
        [
            0.6364583333333333,
            0.29074074074074074,
            -0.0015625000000000222,
            -0.03518518518518521,
            -0.02447916666666672,
            0.009259259259259245,
            0.025520833333333326,
            0.009259259259259245
        ]
    ],
    "original_data": [
        {
            "time_step": 1,
            "original_data_path": "/content/drive/Othercomputers/\ub0b4 \ub178\ud2b8\ubd81/Forked_Models/Validation/Validation/_\ub77c\ubca8_General_val_C/district/3. \ud6c4\ubc29 \ubc29\ud5a5 \uc774\ubbf8\uc9c0/[district]day_731C/[district]day_731C_185.json",
            "id": 3
        },
        {
            "time_step": 2,
            "original_data_path": "/content/drive/Othercomputers/\ub0b4 \ub178\ud2b8\ubd81/Forked_Models/Validation/Validation/_\ub77c\ubca8_General_val_C/district/3. \ud6c4\ubc29 \ubc29\ud5a5 \uc774\ubbf8\uc9c0/[district]day_731C/[district]day_731C_190.json",
            "id": 3
        },
        {
            "time_step": 3,
            "original_data_path": "/content/drive/Othercomputers/\ub0b4 \ub178\ud2b8\ubd81/Forked_Models/Validation/Validation/_\ub77c\ubca8_General_val_C/district/3. \ud6c4\ubc29 \ubc29\ud5a5 \uc774\ubbf8\uc9c0/[district]day_731C/[district]day_731C_195.json",
            "id": 3
        }
    ],
    "label": 1
}