{
    "data": [
        [
            0.6817708333333333,
            0.6685185185185185,
            -0.0015625000000000222,
            -0.050000000000000044,
            -0.05364583333333328,
            -0.010185185185185186,
            0.028124999999999956,
            -0.011111111111111072
        ],
        [
            0.6765625,
            0.6685185185185185,
            -0.0015624999999999112,
            -0.047222222222222165,
            -0.04843749999999991,
            -0.010185185185185186,
            0.033333333333333326,
            -0.011111111111111072
        ],
        [
            0.6765625,
            0.6685185185185185,
            -0.0015624999999999112,
            -0.047222222222222165,
            -0.04218749999999993,
            -0.0092592592592593,
            0.04531250000000009,
            0.012037037037037068
        ]
    ],
    "original_data": [
        {
            "time_step": 1,
            "original_data_path": "/content/drive/Othercomputers/\ub0b4 \ub178\ud2b8\ubd81/Forked_Models/Validation/Validation/_\ub77c\ubca8_General_val_C/district/3. \ud6c4\ubc29 \ubc29\ud5a5 \uc774\ubbf8\uc9c0/[district]night_617C/[district]night_617C_5.json",
            "id": 3
        },
        {
            "time_step": 2,
            "original_data_path": "/content/drive/Othercomputers/\ub0b4 \ub178\ud2b8\ubd81/Forked_Models/Validation/Validation/_\ub77c\ubca8_General_val_C/district/3. \ud6c4\ubc29 \ubc29\ud5a5 \uc774\ubbf8\uc9c0/[district]night_617C/[district]night_617C_10.json",
            "id": 3
        },
        {
            "time_step": 3,
            "original_data_path": "/content/drive/Othercomputers/\ub0b4 \ub178\ud2b8\ubd81/Forked_Models/Validation/Validation/_\ub77c\ubca8_General_val_C/district/3. \ud6c4\ubc29 \ubc29\ud5a5 \uc774\ubbf8\uc9c0/[district]night_617C/[district]night_617C_15.json",
            "id": 3
        }
    ],
    "label": 1
}