{
    "data": [
        [
            0.34375,
            0.2824074074074074,
            0.0015625000000000222,
            -0.02685185185185185,
            -0.021874999999999978,
            0.011111111111111127,
            0.027083333333333348,
            0.012037037037037068
        ],
        [
            0.3416666666666667,
            0.2759259259259259,
            0.0,
            -0.02314814814814814,
            -0.020833333333333315,
            0.017592592592592604,
            0.029166666666666674,
            0.014814814814814836
        ],
        [
            0.3416666666666667,
            0.2712962962962963,
            0.003124999999999989,
            -0.022222222222222227,
            -0.02395833333333336,
            0.016666666666666663,
            0.027604166666666652,
            0.01851851851851849
        ]
    ],
    "original_data": [
        {
            "time_step": 1,
            "original_data_path": "/content/drive/Othercomputers/\ub0b4 \ub178\ud2b8\ubd81/Forked_Models/Validation/Validation/_\ub77c\ubca8_General_val_C/district/3. \ud6c4\ubc29 \ubc29\ud5a5 \uc774\ubbf8\uc9c0/[district]attend_560C/[district]attend_560C_180.json",
            "id": 0
        },
        {
            "time_step": 2,
            "original_data_path": "/content/drive/Othercomputers/\ub0b4 \ub178\ud2b8\ubd81/Forked_Models/Validation/Validation/_\ub77c\ubca8_General_val_C/district/3. \ud6c4\ubc29 \ubc29\ud5a5 \uc774\ubbf8\uc9c0/[district]attend_560C/[district]attend_560C_185.json",
            "id": 0
        },
        {
            "time_step": 3,
            "original_data_path": "/content/drive/Othercomputers/\ub0b4 \ub178\ud2b8\ubd81/Forked_Models/Validation/Validation/_\ub77c\ubca8_General_val_C/district/3. \ud6c4\ubc29 \ubc29\ud5a5 \uc774\ubbf8\uc9c0/[district]attend_560C/[district]attend_560C_190.json",
            "id": 0
        }
    ],
    "label": 1
}