{
    "data": [
        [
            0.4010416666666667,
            0.5287037037037037,
            -0.002083333333333326,
            -0.0537037037037037,
            -0.003645833333333348,
            -0.032407407407407385,
            0.033333333333333326,
            0.022222222222222254
        ],
        [
            0.4005208333333333,
            0.524074074074074,
            -0.003124999999999989,
            -0.047222222222222165,
            -0.006770833333333337,
            -0.031481481481481444,
            0.030729166666666696,
            0.025000000000000022
        ],
        [
            0.4005208333333333,
            0.5259259259259259,
            -0.0015624999999999667,
            -0.04629629629629628,
            -0.003645833333333348,
            -0.031481481481481444,
            0.029687500000000033,
            0.026851851851851904
        ]
    ],
    "original_data": [
        {
            "time_step": 1,
            "original_data_path": "/content/drive/Othercomputers/\ub0b4 \ub178\ud2b8\ubd81/Forked_Models/Validation/Validation/_\ub77c\ubca8_General_val_C/district/3. \ud6c4\ubc29 \ubc29\ud5a5 \uc774\ubbf8\uc9c0/[district]day_721C/[district]day_721C_125.json",
            "id": 2
        },
        {
            "time_step": 2,
            "original_data_path": "/content/drive/Othercomputers/\ub0b4 \ub178\ud2b8\ubd81/Forked_Models/Validation/Validation/_\ub77c\ubca8_General_val_C/district/3. \ud6c4\ubc29 \ubc29\ud5a5 \uc774\ubbf8\uc9c0/[district]day_721C/[district]day_721C_130.json",
            "id": 2
        },
        {
            "time_step": 3,
            "original_data_path": "/content/drive/Othercomputers/\ub0b4 \ub178\ud2b8\ubd81/Forked_Models/Validation/Validation/_\ub77c\ubca8_General_val_C/district/3. \ud6c4\ubc29 \ubc29\ud5a5 \uc774\ubbf8\uc9c0/[district]day_721C/[district]day_721C_135.json",
            "id": 2
        }
    ],
    "label": 1
}