{
    "data": [
        [
            0.41770833333333335,
            0.48518518518518516,
            -0.009895833333333326,
            -0.021296296296296258,
            -0.004687500000000011,
            -0.036111111111111094,
            0.04062499999999997,
            0.05740740740740746
        ],
        [
            0.4005208333333333,
            0.4898148148148148,
            -0.011979166666666652,
            -0.0222222222222222,
            -0.009374999999999967,
            -0.02685185185185185,
            0.0390625,
            0.062037037037037
        ],
        [
            0.4036458333333333,
            0.5287037037037037,
            -0.009374999999999967,
            -0.021296296296296258,
            0.0,
            -0.025000000000000022,
            0.02864583333333337,
            0.07685185185185184
        ]
    ],
    "original_data": [
        {
            "time_step": 1,
            "original_data_path": "/content/drive/Othercomputers/\ub0b4 \ub178\ud2b8\ubd81/Forked_Models/Validation/Validation/_\ub77c\ubca8_General_val_C/district/3. \ud6c4\ubc29 \ubc29\ud5a5 \uc774\ubbf8\uc9c0/[district]morning_516C/[district]morning_516C_160.json",
            "id": 0
        },
        {
            "time_step": 2,
            "original_data_path": "/content/drive/Othercomputers/\ub0b4 \ub178\ud2b8\ubd81/Forked_Models/Validation/Validation/_\ub77c\ubca8_General_val_C/district/3. \ud6c4\ubc29 \ubc29\ud5a5 \uc774\ubbf8\uc9c0/[district]morning_516C/[district]morning_516C_165.json",
            "id": 0
        },
        {
            "time_step": 3,
            "original_data_path": "/content/drive/Othercomputers/\ub0b4 \ub178\ud2b8\ubd81/Forked_Models/Validation/Validation/_\ub77c\ubca8_General_val_C/district/3. \ud6c4\ubc29 \ubc29\ud5a5 \uc774\ubbf8\uc9c0/[district]morning_516C/[district]morning_516C_170.json",
            "id": 0
        }
    ],
    "label": 1
}