{
    "data": [
        [
            0.5505208333333333,
            0.3148148148148148,
            -0.019791666666666652,
            -0.04722222222222222,
            0.04322916666666665,
            0.016666666666666663,
            0.0067708333333332815,
            0.08796296296296297
        ],
        [
            0.5322916666666667,
            0.30277777777777776,
            -0.02187500000000009,
            -0.033333333333333326,
            0.03541666666666665,
            0.006481481481481477,
            -0.0026041666666667407,
            0.06944444444444448
        ],
        [
            0.5010416666666667,
            0.31574074074074077,
            -0.02135416666666673,
            -0.03611111111111115,
            0.047395833333333304,
            0.007407407407407363,
            -0.01770833333333338,
            0.07222222222222219
        ]
    ],
    "original_data": [
        {
            "time_step": 1,
            "original_data_path": "/content/drive/Othercomputers/\ub0b4 \ub178\ud2b8\ubd81/Forked_Models/Validation/Validation/_\ub77c\ubca8_General_val_C/district/3. \ud6c4\ubc29 \ubc29\ud5a5 \uc774\ubbf8\uc9c0/[district]morning_1119C/[district]morning_1119C_240.json",
            "id": 4
        },
        {
            "time_step": 2,
            "original_data_path": "/content/drive/Othercomputers/\ub0b4 \ub178\ud2b8\ubd81/Forked_Models/Validation/Validation/_\ub77c\ubca8_General_val_C/district/3. \ud6c4\ubc29 \ubc29\ud5a5 \uc774\ubbf8\uc9c0/[district]morning_1119C/[district]morning_1119C_245.json",
            "id": 4
        },
        {
            "time_step": 3,
            "original_data_path": "/content/drive/Othercomputers/\ub0b4 \ub178\ud2b8\ubd81/Forked_Models/Validation/Validation/_\ub77c\ubca8_General_val_C/district/3. \ud6c4\ubc29 \ubc29\ud5a5 \uc774\ubbf8\uc9c0/[district]morning_1119C/[district]morning_1119C_250.json",
            "id": 4
        }
    ],
    "label": 1
}