{
    "data": [
        [
            0.496875,
            0.20277777777777778,
            -0.003124999999999989,
            -0.03518518518518518,
            -0.029166666666666674,
            0.01574074074074075,
            0.03541666666666671,
            0.03148148148148147
        ],
        [
            0.49375,
            0.21851851851851853,
            -0.00520833333333337,
            -0.03888888888888889,
            -0.02864583333333337,
            0.012962962962962954,
            0.030729166666666696,
            0.025925925925925908
        ],
        [
            0.4953125,
            0.22962962962962963,
            -0.003124999999999989,
            -0.037037037037037035,
            -0.03281249999999997,
            0.008333333333333331,
            0.03177083333333336,
            0.030555555555555558
        ]
    ],
    "original_data": [
        {
            "time_step": 1,
            "original_data_path": "/content/drive/Othercomputers/\ub0b4 \ub178\ud2b8\ubd81/Forked_Models/Validation/Validation/_\ub77c\ubca8_General_val_C/district/3. \ud6c4\ubc29 \ubc29\ud5a5 \uc774\ubbf8\uc9c0/[district]attend_484C/[district]attend_484C_110.json",
            "id": 0
        },
        {
            "time_step": 2,
            "original_data_path": "/content/drive/Othercomputers/\ub0b4 \ub178\ud2b8\ubd81/Forked_Models/Validation/Validation/_\ub77c\ubca8_General_val_C/district/3. \ud6c4\ubc29 \ubc29\ud5a5 \uc774\ubbf8\uc9c0/[district]attend_484C/[district]attend_484C_115.json",
            "id": 0
        },
        {
            "time_step": 3,
            "original_data_path": "/content/drive/Othercomputers/\ub0b4 \ub178\ud2b8\ubd81/Forked_Models/Validation/Validation/_\ub77c\ubca8_General_val_C/district/3. \ud6c4\ubc29 \ubc29\ud5a5 \uc774\ubbf8\uc9c0/[district]attend_484C/[district]attend_484C_120.json",
            "id": 0
        }
    ],
    "label": 1
}