{
    "data": [
        [
            0.48333333333333334,
            0.362962962962963,
            -0.005729166666666674,
            -0.05740740740740741,
            -0.01874999999999999,
            -0.013888888888888895,
            0.006770833333333337,
            0.04814814814814811
        ],
        [
            0.4796875,
            0.362962962962963,
            -0.002083333333333326,
            -0.05740740740740741,
            -0.014062499999999978,
            -0.017592592592592604,
            0.010416666666666685,
            0.04814814814814811
        ],
        [
            0.48020833333333335,
            0.36018518518518516,
            -0.001041666666666663,
            -0.0398148148148148,
            -0.018229166666666685,
            -0.008333333333333304,
            0.014062499999999978,
            0.06481481481481483
        ]
    ],
    "original_data": [
        {
            "time_step": 1,
            "original_data_path": "/content/drive/Othercomputers/\ub0b4 \ub178\ud2b8\ubd81/Forked_Models/Validation/Validation/_\ub77c\ubca8_General_val_C/district/3. \ud6c4\ubc29 \ubc29\ud5a5 \uc774\ubbf8\uc9c0/[district]day_567C/[district]day_567C_70.json",
            "id": 2
        },
        {
            "time_step": 2,
            "original_data_path": "/content/drive/Othercomputers/\ub0b4 \ub178\ud2b8\ubd81/Forked_Models/Validation/Validation/_\ub77c\ubca8_General_val_C/district/3. \ud6c4\ubc29 \ubc29\ud5a5 \uc774\ubbf8\uc9c0/[district]day_567C/[district]day_567C_75.json",
            "id": 2
        },
        {
            "time_step": 3,
            "original_data_path": "/content/drive/Othercomputers/\ub0b4 \ub178\ud2b8\ubd81/Forked_Models/Validation/Validation/_\ub77c\ubca8_General_val_C/district/3. \ud6c4\ubc29 \ubc29\ud5a5 \uc774\ubbf8\uc9c0/[district]day_567C/[district]day_567C_80.json",
            "id": 2
        }
    ],
    "label": 1
}