{
    "data": [
        [
            0.35104166666666664,
            0.4166666666666667,
            -0.006249999999999978,
            -0.04814814814814816,
            0.03593750000000001,
            -0.010185185185185186,
            -0.003124999999999989,
            0.08611111111111108
        ],
        [
            0.359375,
            0.42314814814814816,
            -0.005729166666666674,
            -0.0537037037037037,
            0.027604166666666652,
            -0.016666666666666663,
            -0.005208333333333315,
            0.09351851851851856
        ],
        [
            0.3651041666666667,
            0.4064814814814815,
            -0.003645833333333348,
            -0.037962962962962976,
            0.021874999999999978,
            0.0,
            -0.004166666666666652,
            0.10370370370370369
        ]
    ],
    "original_data": [
        {
            "time_step": 1,
            "original_data_path": "/content/drive/Othercomputers/\ub0b4 \ub178\ud2b8\ubd81/Forked_Models/Validation/Validation/_\ub77c\ubca8_General_val_C/district/3. \ud6c4\ubc29 \ubc29\ud5a5 \uc774\ubbf8\uc9c0/[district]morning_964C/[district]morning_964C_200.json",
            "id": 3
        },
        {
            "time_step": 2,
            "original_data_path": "/content/drive/Othercomputers/\ub0b4 \ub178\ud2b8\ubd81/Forked_Models/Validation/Validation/_\ub77c\ubca8_General_val_C/district/3. \ud6c4\ubc29 \ubc29\ud5a5 \uc774\ubbf8\uc9c0/[district]morning_964C/[district]morning_964C_205.json",
            "id": 3
        },
        {
            "time_step": 3,
            "original_data_path": "/content/drive/Othercomputers/\ub0b4 \ub178\ud2b8\ubd81/Forked_Models/Validation/Validation/_\ub77c\ubca8_General_val_C/district/3. \ud6c4\ubc29 \ubc29\ud5a5 \uc774\ubbf8\uc9c0/[district]morning_964C/[district]morning_964C_210.json",
            "id": 3
        }
    ],
    "label": 1
}