{
    "data": [
        [
            0.46822916666666664,
            0.3101851851851852,
            -0.015625,
            -0.003703703703703709,
            0.019270833333333348,
            -0.002777777777777768,
            0.006250000000000033,
            0.01944444444444443
        ],
        [
            0.4791666666666667,
            0.31296296296296294,
            -0.014583333333333337,
            -0.012962962962962954,
            0.021875000000000033,
            0.0,
            0.019791666666666652,
            0.019444444444444486
        ],
        [
            0.48020833333333335,
            0.31851851851851853,
            -0.010416666666666685,
            -0.014814814814814836,
            0.027083333333333348,
            -0.005555555555555591,
            0.026562499999999933,
            0.028703703703703676
        ]
    ],
    "original_data": [
        {
            "time_step": 1,
            "original_data_path": "/content/drive/Othercomputers/\ub0b4 \ub178\ud2b8\ubd81/Forked_Models/Validation/Validation/_\ub77c\ubca8_General_val_C/district/3. \ud6c4\ubc29 \ubc29\ud5a5 \uc774\ubbf8\uc9c0/[district]night_632C/[district]night_632C_265.json",
            "id": 1
        },
        {
            "time_step": 2,
            "original_data_path": "/content/drive/Othercomputers/\ub0b4 \ub178\ud2b8\ubd81/Forked_Models/Validation/Validation/_\ub77c\ubca8_General_val_C/district/3. \ud6c4\ubc29 \ubc29\ud5a5 \uc774\ubbf8\uc9c0/[district]night_632C/[district]night_632C_270.json",
            "id": 1
        },
        {
            "time_step": 3,
            "original_data_path": "/content/drive/Othercomputers/\ub0b4 \ub178\ud2b8\ubd81/Forked_Models/Validation/Validation/_\ub77c\ubca8_General_val_C/district/3. \ud6c4\ubc29 \ubc29\ud5a5 \uc774\ubbf8\uc9c0/[district]night_632C/[district]night_632C_275.json",
            "id": 1
        }
    ],
    "label": 1
}