{
    "data": [
        [
            0.34479166666666666,
            0.4527777777777778,
            -0.012500000000000011,
            -0.04351851851851851,
            -0.002083333333333326,
            0.012037037037037013,
            0.03541666666666665,
            0.07037037037037036
        ],
        [
            0.35208333333333336,
            0.4462962962962963,
            -0.021354166666666674,
            -0.036111111111111094,
            -0.003645833333333348,
            0.010185185185185186,
            0.028124999999999956,
            0.07685185185185184
        ],
        [
            0.35208333333333336,
            0.4462962962962963,
            -0.017187500000000022,
            -0.036111111111111094,
            -0.003645833333333348,
            0.010185185185185186,
            0.028124999999999956,
            0.07685185185185184
        ]
    ],
    "original_data": [
        {
            "time_step": 1,
            "original_data_path": "/content/drive/Othercomputers/\ub0b4 \ub178\ud2b8\ubd81/Forked_Models/Validation/Validation/_\ub77c\ubca8_General_val_C/district/3. \ud6c4\ubc29 \ubc29\ud5a5 \uc774\ubbf8\uc9c0/[district]attend_548C/[district]attend_548C_130.json",
            "id": 3
        },
        {
            "time_step": 2,
            "original_data_path": "/content/drive/Othercomputers/\ub0b4 \ub178\ud2b8\ubd81/Forked_Models/Validation/Validation/_\ub77c\ubca8_General_val_C/district/3. \ud6c4\ubc29 \ubc29\ud5a5 \uc774\ubbf8\uc9c0/[district]attend_548C/[district]attend_548C_135.json",
            "id": 3
        },
        {
            "time_step": 3,
            "original_data_path": "/content/drive/Othercomputers/\ub0b4 \ub178\ud2b8\ubd81/Forked_Models/Validation/Validation/_\ub77c\ubca8_General_val_C/district/3. \ud6c4\ubc29 \ubc29\ud5a5 \uc774\ubbf8\uc9c0/[district]attend_548C/[district]attend_548C_140.json",
            "id": 3
        }
    ],
    "label": 1
}