{
    "data": [
        [
            0.5046875,
            0.25462962962962965,
            -0.018749999999999933,
            -0.0314814814814815,
            0.02083333333333337,
            0.0,
            -0.0067708333333332815,
            0.04907407407407405
        ],
        [
            0.5046875,
            0.25462962962962965,
            -0.018749999999999933,
            -0.0314814814814815,
            0.02083333333333337,
            0.0,
            -0.0057291666666666186,
            0.05740740740740741
        ],
        [
            0.4973958333333333,
            0.2611111111111111,
            -0.016145833333333304,
            -0.03981481481481483,
            0.023437500000000056,
            -0.0009259259259259411,
            -0.006249999999999978,
            0.056481481481481466
        ]
    ],
    "original_data": [
        {
            "time_step": 1,
            "original_data_path": "/content/drive/Othercomputers/\ub0b4 \ub178\ud2b8\ubd81/Forked_Models/Validation/Validation/_\ub77c\ubca8_General_val_C/district/3. \ud6c4\ubc29 \ubc29\ud5a5 \uc774\ubbf8\uc9c0/[district]attend_1081C/[district]attend_1081C_230.json",
            "id": 0
        },
        {
            "time_step": 2,
            "original_data_path": "/content/drive/Othercomputers/\ub0b4 \ub178\ud2b8\ubd81/Forked_Models/Validation/Validation/_\ub77c\ubca8_General_val_C/district/3. \ud6c4\ubc29 \ubc29\ud5a5 \uc774\ubbf8\uc9c0/[district]attend_1081C/[district]attend_1081C_235.json",
            "id": 0
        },
        {
            "time_step": 3,
            "original_data_path": "/content/drive/Othercomputers/\ub0b4 \ub178\ud2b8\ubd81/Forked_Models/Validation/Validation/_\ub77c\ubca8_General_val_C/district/3. \ud6c4\ubc29 \ubc29\ud5a5 \uc774\ubbf8\uc9c0/[district]attend_1081C/[district]attend_1081C_240.json",
            "id": 0
        }
    ],
    "label": 1
}