{
    "data": [
        [
            0.2296875,
            0.8518518518518519,
            -0.03020833333333331,
            -0.08425925925925926,
            0.07447916666666665,
            -0.033333333333333326,
            -0.036458333333333315,
            0.07037037037037042
        ],
        [
            0.25833333333333336,
            0.8296296296296296,
            -0.041145833333333354,
            -0.06388888888888888,
            0.04062499999999997,
            -0.02962962962962956,
            -0.05208333333333337,
            0.08425925925925926
        ],
        [
            0.26614583333333336,
            0.8203703703703704,
            -0.048958333333333354,
            -0.054629629629629695,
            0.041145833333333326,
            -0.031481481481481555,
            -0.026562500000000017,
            0.11481481481481481
        ]
    ],
    "original_data": [
        {
            "time_step": 1,
            "original_data_path": "/content/drive/Othercomputers/\ub0b4 \ub178\ud2b8\ubd81/Forked_Models/Validation/Validation/_\ub77c\ubca8_General_val_C/district/3. \ud6c4\ubc29 \ubc29\ud5a5 \uc774\ubbf8\uc9c0/[district]day_990C/[district]day_990C_145.json",
            "id": 4
        },
        {
            "time_step": 2,
            "original_data_path": "/content/drive/Othercomputers/\ub0b4 \ub178\ud2b8\ubd81/Forked_Models/Validation/Validation/_\ub77c\ubca8_General_val_C/district/3. \ud6c4\ubc29 \ubc29\ud5a5 \uc774\ubbf8\uc9c0/[district]day_990C/[district]day_990C_150.json",
            "id": 4
        },
        {
            "time_step": 3,
            "original_data_path": "/content/drive/Othercomputers/\ub0b4 \ub178\ud2b8\ubd81/Forked_Models/Validation/Validation/_\ub77c\ubca8_General_val_C/district/3. \ud6c4\ubc29 \ubc29\ud5a5 \uc774\ubbf8\uc9c0/[district]day_990C/[district]day_990C_155.json",
            "id": 4
        }
    ],
    "label": 1
}