{
    "data": [
        [
            0.2989583333333333,
            0.7981481481481482,
            -0.03854166666666664,
            -0.05555555555555558,
            0.03229166666666666,
            -0.021296296296296258,
            -0.007291666666666641,
            0.12037037037037035
        ],
        [
            0.31927083333333334,
            0.8148148148148148,
            -0.029166666666666674,
            -0.08425925925925926,
            0.013541666666666674,
            -0.0527777777777777,
            -0.001041666666666663,
            0.11111111111111116
        ],
        [
            0.33697916666666666,
            0.8453703703703703,
            -0.03802083333333334,
            -0.08055555555555549,
            0.016666666666666663,
            -0.037962962962962865,
            -0.013541666666666674,
            0.13611111111111118
        ]
    ],
    "original_data": [
        {
            "time_step": 1,
            "original_data_path": "/content/drive/Othercomputers/\ub0b4 \ub178\ud2b8\ubd81/Forked_Models/Validation/Validation/_\ub77c\ubca8_General_val_C/district/3. \ud6c4\ubc29 \ubc29\ud5a5 \uc774\ubbf8\uc9c0/[district]day_990C/[district]day_990C_160.json",
            "id": 4
        },
        {
            "time_step": 2,
            "original_data_path": "/content/drive/Othercomputers/\ub0b4 \ub178\ud2b8\ubd81/Forked_Models/Validation/Validation/_\ub77c\ubca8_General_val_C/district/3. \ud6c4\ubc29 \ubc29\ud5a5 \uc774\ubbf8\uc9c0/[district]day_990C/[district]day_990C_165.json",
            "id": 4
        },
        {
            "time_step": 3,
            "original_data_path": "/content/drive/Othercomputers/\ub0b4 \ub178\ud2b8\ubd81/Forked_Models/Validation/Validation/_\ub77c\ubca8_General_val_C/district/3. \ud6c4\ubc29 \ubc29\ud5a5 \uc774\ubbf8\uc9c0/[district]day_990C/[district]day_990C_170.json",
            "id": 4
        }
    ],
    "label": 1
}