{
    "data": [
        [
            0.5317708333333333,
            0.10277777777777777,
            -0.022916666666666585,
            -0.05833333333333333,
            -0.03125,
            0.04722222222222222,
            0.07083333333333341,
            0.03240740740740741
        ],
        [
            0.5317708333333333,
            0.10277777777777777,
            -0.018749999999999933,
            -0.06759259259259259,
            -0.03125,
            0.04722222222222222,
            0.07083333333333341,
            0.03240740740740741
        ],
        [
            0.5380208333333333,
            0.0962962962962963,
            -0.014583333333333282,
            -0.06574074074074074,
            -0.035937499999999956,
            0.0537037037037037,
            0.07187500000000002,
            0.037037037037037035
        ]
    ],
    "original_data": [
        {
            "time_step": 1,
            "original_data_path": "/content/drive/Othercomputers/\ub0b4 \ub178\ud2b8\ubd81/Forked_Models/Validation/Validation/_\ub77c\ubca8_General_val_C/district/3. \ud6c4\ubc29 \ubc29\ud5a5 \uc774\ubbf8\uc9c0/[district]leave_046C/[district]leave_046C_64.json",
            "id": 0
        },
        {
            "time_step": 2,
            "original_data_path": "/content/drive/Othercomputers/\ub0b4 \ub178\ud2b8\ubd81/Forked_Models/Validation/Validation/_\ub77c\ubca8_General_val_C/district/3. \ud6c4\ubc29 \ubc29\ud5a5 \uc774\ubbf8\uc9c0/[district]leave_046C/[district]leave_046C_66.json",
            "id": 0
        },
        {
            "time_step": 3,
            "original_data_path": "/content/drive/Othercomputers/\ub0b4 \ub178\ud2b8\ubd81/Forked_Models/Validation/Validation/_\ub77c\ubca8_General_val_C/district/3. \ud6c4\ubc29 \ubc29\ud5a5 \uc774\ubbf8\uc9c0/[district]leave_046C/[district]leave_046C_68.json",
            "id": 0
        }
    ],
    "label": 1
}