{
    "data": [
        [
            0.4078125,
            0.4111111111111111,
            -0.012500000000000011,
            -0.040740740740740744,
            0.04218749999999999,
            0.00833333333333336,
            -0.030729166666666696,
            0.0768518518518519
        ],
        [
            0.40989583333333335,
            0.3851851851851852,
            -0.011979166666666707,
            -0.029629629629629617,
            0.04010416666666666,
            0.03425925925925927,
            -0.02031250000000001,
            0.0851851851851852
        ],
        [
            0.4239583333333333,
            0.3509259259259259,
            -0.009374999999999967,
            -0.0314814814814815,
            0.029687500000000033,
            0.009259259259259245,
            -0.013541666666666674,
            0.0712962962962963
        ]
    ],
    "original_data": [
        {
            "time_step": 1,
            "original_data_path": "/content/drive/Othercomputers/\ub0b4 \ub178\ud2b8\ubd81/Forked_Models/Validation/Validation/_\ub77c\ubca8_General_val_C/district/3. \ud6c4\ubc29 \ubc29\ud5a5 \uc774\ubbf8\uc9c0/[district]leave_461C/[district]leave_461C_155.json",
            "id": 3
        },
        {
            "time_step": 2,
            "original_data_path": "/content/drive/Othercomputers/\ub0b4 \ub178\ud2b8\ubd81/Forked_Models/Validation/Validation/_\ub77c\ubca8_General_val_C/district/3. \ud6c4\ubc29 \ubc29\ud5a5 \uc774\ubbf8\uc9c0/[district]leave_461C/[district]leave_461C_160.json",
            "id": 3
        },
        {
            "time_step": 3,
            "original_data_path": "/content/drive/Othercomputers/\ub0b4 \ub178\ud2b8\ubd81/Forked_Models/Validation/Validation/_\ub77c\ubca8_General_val_C/district/3. \ud6c4\ubc29 \ubc29\ud5a5 \uc774\ubbf8\uc9c0/[district]leave_461C/[district]leave_461C_165.json",
            "id": 3
        }
    ],
    "label": 1
}