{
    "data": [
        [
            0.38177083333333334,
            0.5175925925925926,
            -0.015104166666666696,
            -0.021296296296296313,
            0.013541666666666674,
            0.016666666666666607,
            0.013020833333333315,
            0.09999999999999998
        ],
        [
            0.38177083333333334,
            0.5175925925925926,
            -0.015104166666666696,
            -0.021296296296296313,
            0.013541666666666674,
            0.016666666666666607,
            0.010416666666666685,
            0.09537037037037033
        ],
        [
            0.38177083333333334,
            0.5175925925925926,
            -0.015104166666666696,
            -0.021296296296296313,
            0.0,
            0.02314814814814814,
            0.002604166666666685,
            0.08518518518518514
        ]
    ],
    "original_data": [
        {
            "time_step": 1,
            "original_data_path": "/content/drive/Othercomputers/\ub0b4 \ub178\ud2b8\ubd81/Forked_Models/Validation/Validation/_\ub77c\ubca8_General_val_C/district/3. \ud6c4\ubc29 \ubc29\ud5a5 \uc774\ubbf8\uc9c0/[district]leave_499C/[district]leave_499C_235.json",
            "id": 1
        },
        {
            "time_step": 2,
            "original_data_path": "/content/drive/Othercomputers/\ub0b4 \ub178\ud2b8\ubd81/Forked_Models/Validation/Validation/_\ub77c\ubca8_General_val_C/district/3. \ud6c4\ubc29 \ubc29\ud5a5 \uc774\ubbf8\uc9c0/[district]leave_499C/[district]leave_499C_240.json",
            "id": 1
        },
        {
            "time_step": 3,
            "original_data_path": "/content/drive/Othercomputers/\ub0b4 \ub178\ud2b8\ubd81/Forked_Models/Validation/Validation/_\ub77c\ubca8_General_val_C/district/3. \ud6c4\ubc29 \ubc29\ud5a5 \uc774\ubbf8\uc9c0/[district]leave_499C/[district]leave_499C_245.json",
            "id": 1
        }
    ],
    "label": 1
}