{
    "data": [
        [
            0.48125,
            0.3611111111111111,
            0.003124999999999989,
            -0.04629629629629628,
            -0.01874999999999999,
            0.013888888888888895,
            0.012500000000000011,
            0.036111111111111094
        ],
        [
            0.4791666666666667,
            0.36018518518518516,
            0.0026041666666666297,
            -0.037037037037037035,
            -0.02031250000000001,
            0.01296296296296301,
            0.013020833333333315,
            0.042592592592592626
        ],
        [
            0.47291666666666665,
            0.36018518518518516,
            0.00520833333333337,
            -0.03518518518518515,
            -0.017708333333333326,
            0.00833333333333336,
            0.010937499999999989,
            0.04351851851851857
        ]
    ],
    "original_data": [
        {
            "time_step": 1,
            "original_data_path": "/content/drive/Othercomputers/\ub0b4 \ub178\ud2b8\ubd81/Forked_Models/Validation/Validation/_\ub77c\ubca8_General_val_C/district/3. \ud6c4\ubc29 \ubc29\ud5a5 \uc774\ubbf8\uc9c0/[district]leave_485C/[district]leave_485C_70.json",
            "id": 2
        },
        {
            "time_step": 2,
            "original_data_path": "/content/drive/Othercomputers/\ub0b4 \ub178\ud2b8\ubd81/Forked_Models/Validation/Validation/_\ub77c\ubca8_General_val_C/district/3. \ud6c4\ubc29 \ubc29\ud5a5 \uc774\ubbf8\uc9c0/[district]leave_485C/[district]leave_485C_75.json",
            "id": 2
        },
        {
            "time_step": 3,
            "original_data_path": "/content/drive/Othercomputers/\ub0b4 \ub178\ud2b8\ubd81/Forked_Models/Validation/Validation/_\ub77c\ubca8_General_val_C/district/3. \ud6c4\ubc29 \ubc29\ud5a5 \uc774\ubbf8\uc9c0/[district]leave_485C/[district]leave_485C_80.json",
            "id": 2
        }
    ],
    "label": 1
}