{
    "data": [
        [
            0.5822916666666667,
            0.14166666666666666,
            -0.009375000000000022,
            -0.03888888888888889,
            -0.027083333333333348,
            0.05092592592592593,
            0.030208333333333393,
            0.05092592592592593
        ],
        [
            0.5520833333333334,
            0.18981481481481483,
            -0.021354166666666674,
            -0.052777777777777785,
            0.03020833333333328,
            0.05555555555555555,
            -0.016145833333333415,
            0.10648148148148145
        ],
        [
            0.5265625,
            0.19907407407407407,
            -0.01302083333333337,
            -0.052777777777777785,
            0.04010416666666661,
            0.037037037037037035,
            -0.0078125,
            0.09259259259259262
        ]
    ],
    "original_data": [
        {
            "time_step": 1,
            "original_data_path": "/content/drive/Othercomputers/\ub0b4 \ub178\ud2b8\ubd81/Forked_Models/Validation/Validation/_\ub77c\ubca8_General_val_C/district/3. \ud6c4\ubc29 \ubc29\ud5a5 \uc774\ubbf8\uc9c0/[district]day_025C/[district]day_025C_52.json",
            "id": 1
        },
        {
            "time_step": 2,
            "original_data_path": "/content/drive/Othercomputers/\ub0b4 \ub178\ud2b8\ubd81/Forked_Models/Validation/Validation/_\ub77c\ubca8_General_val_C/district/3. \ud6c4\ubc29 \ubc29\ud5a5 \uc774\ubbf8\uc9c0/[district]day_025C/[district]day_025C_54.json",
            "id": 1
        },
        {
            "time_step": 3,
            "original_data_path": "/content/drive/Othercomputers/\ub0b4 \ub178\ud2b8\ubd81/Forked_Models/Validation/Validation/_\ub77c\ubca8_General_val_C/district/3. \ud6c4\ubc29 \ubc29\ud5a5 \uc774\ubbf8\uc9c0/[district]day_025C/[district]day_025C_56.json",
            "id": 1
        }
    ],
    "label": 1
}