{
    "data": [
        [
            0.378125,
            0.3851851851851852,
            -0.01510416666666664,
            -0.06388888888888888,
            0.021354166666666674,
            -0.032407407407407385,
            0.003124999999999989,
            0.07037037037037036
        ],
        [
            0.384375,
            0.3509259259259259,
            -0.010416666666666685,
            -0.04999999999999999,
            0.036458333333333315,
            -0.00462962962962965,
            0.007291666666666641,
            0.07314814814814813
        ],
        [
            0.4166666666666667,
            0.337037037037037,
            -0.00833333333333336,
            -0.06296296296296294,
            0.05052083333333329,
            0.022222222222222254,
            -0.018229166666666685,
            0.11388888888888893
        ]
    ],
    "original_data": [
        {
            "time_step": 1,
            "original_data_path": "/content/drive/Othercomputers/\ub0b4 \ub178\ud2b8\ubd81/Forked_Models/Validation/Validation/_\ub77c\ubca8_General_val_C/district/3. \ud6c4\ubc29 \ubc29\ud5a5 \uc774\ubbf8\uc9c0/[district]leave_075C/[district]leave_075C_92.json",
            "id": 2
        },
        {
            "time_step": 2,
            "original_data_path": "/content/drive/Othercomputers/\ub0b4 \ub178\ud2b8\ubd81/Forked_Models/Validation/Validation/_\ub77c\ubca8_General_val_C/district/3. \ud6c4\ubc29 \ubc29\ud5a5 \uc774\ubbf8\uc9c0/[district]leave_075C/[district]leave_075C_94.json",
            "id": 2
        },
        {
            "time_step": 3,
            "original_data_path": "/content/drive/Othercomputers/\ub0b4 \ub178\ud2b8\ubd81/Forked_Models/Validation/Validation/_\ub77c\ubca8_General_val_C/district/3. \ud6c4\ubc29 \ubc29\ud5a5 \uc774\ubbf8\uc9c0/[district]leave_075C/[district]leave_075C_96.json",
            "id": 2
        }
    ],
    "label": 1
}