{
    "data": [
        [
            0.6307291666666667,
            0.21203703703703702,
            -0.014062499999999978,
            -0.03796296296296295,
            -0.03541666666666665,
            0.023148148148148168,
            0.044791666666666674,
            0.04722222222222222
        ],
        [
            0.6182291666666667,
            0.2388888888888889,
            -0.009895833333333437,
            -0.04629629629629631,
            -0.015104166666666696,
            0.013888888888888867,
            0.04010416666666661,
            0.05833333333333332
        ],
        [
            0.5885416666666666,
            0.2537037037037037,
            -0.008333333333333304,
            -0.04444444444444445,
            -0.008333333333333304,
            0.015740740740740722,
            0.033333333333333326,
            0.11388888888888887
        ]
    ],
    "original_data": [
        {
            "time_step": 1,
            "original_data_path": "/content/drive/Othercomputers/\ub0b4 \ub178\ud2b8\ubd81/Forked_Models/Validation/Validation/_\ub77c\ubca8_General_val_C/district/3. \ud6c4\ubc29 \ubc29\ud5a5 \uc774\ubbf8\uc9c0/[district]morning_1057C/[district]morning_1057C_50.json",
            "id": 1
        },
        {
            "time_step": 2,
            "original_data_path": "/content/drive/Othercomputers/\ub0b4 \ub178\ud2b8\ubd81/Forked_Models/Validation/Validation/_\ub77c\ubca8_General_val_C/district/3. \ud6c4\ubc29 \ubc29\ud5a5 \uc774\ubbf8\uc9c0/[district]morning_1057C/[district]morning_1057C_55.json",
            "id": 1
        },
        {
            "time_step": 3,
            "original_data_path": "/content/drive/Othercomputers/\ub0b4 \ub178\ud2b8\ubd81/Forked_Models/Validation/Validation/_\ub77c\ubca8_General_val_C/district/3. \ud6c4\ubc29 \ubc29\ud5a5 \uc774\ubbf8\uc9c0/[district]morning_1057C/[district]morning_1057C_60.json",
            "id": 1
        }
    ],
    "label": 1
}