{
    "data": [
        [
            0.5489583333333333,
            0.26481481481481484,
            -0.0026041666666666297,
            -0.045370370370370394,
            -0.030729166666666696,
            0.01851851851851849,
            0.02447916666666672,
            0.0018518518518518268
        ],
        [
            0.55625,
            0.2324074074074074,
            0.0005208333333333037,
            -0.028703703703703703,
            -0.028125000000000067,
            0.012962962962962982,
            0.027083333333333348,
            0.006481481481481505
        ],
        [
            0.5552083333333333,
            0.22592592592592592,
            -0.004166666666666652,
            -0.024074074074074053,
            -0.02864583333333326,
            0.009259259259259273,
            0.03281250000000002,
            0.008333333333333331
        ]
    ],
    "original_data": [
        {
            "time_step": 1,
            "original_data_path": "/content/drive/Othercomputers/\ub0b4 \ub178\ud2b8\ubd81/Forked_Models/Validation/Validation/_\ub77c\ubca8_General_val_C/district/3. \ud6c4\ubc29 \ubc29\ud5a5 \uc774\ubbf8\uc9c0/[district]morning_512C/[district]morning_512C_185.json",
            "id": 0
        },
        {
            "time_step": 2,
            "original_data_path": "/content/drive/Othercomputers/\ub0b4 \ub178\ud2b8\ubd81/Forked_Models/Validation/Validation/_\ub77c\ubca8_General_val_C/district/3. \ud6c4\ubc29 \ubc29\ud5a5 \uc774\ubbf8\uc9c0/[district]morning_512C/[district]morning_512C_190.json",
            "id": 0
        },
        {
            "time_step": 3,
            "original_data_path": "/content/drive/Othercomputers/\ub0b4 \ub178\ud2b8\ubd81/Forked_Models/Validation/Validation/_\ub77c\ubca8_General_val_C/district/3. \ud6c4\ubc29 \ubc29\ud5a5 \uc774\ubbf8\uc9c0/[district]morning_512C/[district]morning_512C_195.json",
            "id": 0
        }
    ],
    "label": 1
}