{
    "data": [
        [
            0.8270833333333333,
            0.3592592592592593,
            0.0005208333333334147,
            -0.05185185185185187,
            -0.05312499999999998,
            0.03796296296296292,
            0.04583333333333339,
            0.03518518518518515
        ],
        [
            0.8286458333333333,
            0.3611111111111111,
            0.0005208333333334147,
            -0.05185185185185187,
            -0.054166666666666585,
            0.037962962962962976,
            0.046354166666666696,
            0.03518518518518521
        ],
        [
            0.8291666666666667,
            0.3611111111111111,
            0.0005208333333333037,
            -0.05185185185185187,
            -0.054166666666666696,
            0.037962962962962976,
            0.046875,
            0.03518518518518521
        ]
    ],
    "original_data": [
        {
            "time_step": 1,
            "original_data_path": "/content/drive/Othercomputers/\ub0b4 \ub178\ud2b8\ubd81/Forked_Models/Validation/Validation/_\ub77c\ubca8_General_val_C/district/3. \ud6c4\ubc29 \ubc29\ud5a5 \uc774\ubbf8\uc9c0/[district]leave_007C/[district]leave_007C_44.json",
            "id": 5
        },
        {
            "time_step": 2,
            "original_data_path": "/content/drive/Othercomputers/\ub0b4 \ub178\ud2b8\ubd81/Forked_Models/Validation/Validation/_\ub77c\ubca8_General_val_C/district/3. \ud6c4\ubc29 \ubc29\ud5a5 \uc774\ubbf8\uc9c0/[district]leave_007C/[district]leave_007C_46.json",
            "id": 5
        },
        {
            "time_step": 3,
            "original_data_path": "/content/drive/Othercomputers/\ub0b4 \ub178\ud2b8\ubd81/Forked_Models/Validation/Validation/_\ub77c\ubca8_General_val_C/district/3. \ud6c4\ubc29 \ubc29\ud5a5 \uc774\ubbf8\uc9c0/[district]leave_007C/[district]leave_007C_48.json",
            "id": 5
        }
    ],
    "label": 1
}