{
    "data": [
        [
            0.6244791666666667,
            0.1037037037037037,
            -0.005729166666666674,
            -0.04722222222222222,
            -0.07187500000000002,
            0.047222222222222235,
            0.04999999999999993,
            0.058333333333333334
        ],
        [
            0.6276041666666666,
            0.09722222222222222,
            0.004166666666666652,
            -0.04166666666666667,
            -0.06458333333333333,
            0.05370370370370371,
            0.050000000000000044,
            0.06574074074074075
        ],
        [
            0.6203125,
            0.0962962962962963,
            0.004166666666666652,
            -0.041666666666666664,
            -0.07604166666666667,
            0.05462962962962964,
            0.030729166666666585,
            0.06481481481481483
        ]
    ],
    "original_data": [
        {
            "time_step": 1,
            "original_data_path": "/content/drive/Othercomputers/\ub0b4 \ub178\ud2b8\ubd81/Forked_Models/Validation/Validation/_\ub77c\ubca8_General_val_C/district/3. \ud6c4\ubc29 \ubc29\ud5a5 \uc774\ubbf8\uc9c0/[district]leave_007C/[district]leave_007C_32.json",
            "id": 0
        },
        {
            "time_step": 2,
            "original_data_path": "/content/drive/Othercomputers/\ub0b4 \ub178\ud2b8\ubd81/Forked_Models/Validation/Validation/_\ub77c\ubca8_General_val_C/district/3. \ud6c4\ubc29 \ubc29\ud5a5 \uc774\ubbf8\uc9c0/[district]leave_007C/[district]leave_007C_34.json",
            "id": 0
        },
        {
            "time_step": 3,
            "original_data_path": "/content/drive/Othercomputers/\ub0b4 \ub178\ud2b8\ubd81/Forked_Models/Validation/Validation/_\ub77c\ubca8_General_val_C/district/3. \ud6c4\ubc29 \ubc29\ud5a5 \uc774\ubbf8\uc9c0/[district]leave_007C/[district]leave_007C_36.json",
            "id": 0
        }
    ],
    "label": 1
}