{
    "data": [
        [
            0.32916666666666666,
            0.5722222222222222,
            -0.015625,
            -0.037962962962962976,
            0.025520833333333326,
            0.02314814814814814,
            -0.02656249999999999,
            0.0537037037037037
        ],
        [
            0.3140625,
            0.5888888888888889,
            -0.012500000000000011,
            -0.042592592592592626,
            0.03281249999999997,
            0.0064814814814814214,
            -0.022916666666666696,
            0.03703703703703698
        ],
        [
            0.3140625,
            0.5888888888888889,
            -0.012500000000000011,
            -0.042592592592592626,
            0.03281249999999997,
            0.0064814814814814214,
            -0.022916666666666696,
            0.03703703703703698
        ]
    ],
    "original_data": [
        {
            "time_step": 1,
            "original_data_path": "/content/drive/Othercomputers/\ub0b4 \ub178\ud2b8\ubd81/Forked_Models/Validation/Validation/_\ub77c\ubca8_General_val_C/district/3. \ud6c4\ubc29 \ubc29\ud5a5 \uc774\ubbf8\uc9c0/[district]attend_044C/[district]attend_044C_112.json",
            "id": 1
        },
        {
            "time_step": 2,
            "original_data_path": "/content/drive/Othercomputers/\ub0b4 \ub178\ud2b8\ubd81/Forked_Models/Validation/Validation/_\ub77c\ubca8_General_val_C/district/3. \ud6c4\ubc29 \ubc29\ud5a5 \uc774\ubbf8\uc9c0/[district]attend_044C/[district]attend_044C_114.json",
            "id": 1
        },
        {
            "time_step": 3,
            "original_data_path": "/content/drive/Othercomputers/\ub0b4 \ub178\ud2b8\ubd81/Forked_Models/Validation/Validation/_\ub77c\ubca8_General_val_C/district/3. \ud6c4\ubc29 \ubc29\ud5a5 \uc774\ubbf8\uc9c0/[district]attend_044C/[district]attend_044C_116.json",
            "id": 1
        }
    ],
    "label": 1
}