{
    "data": [
        [
            0.48489583333333336,
            0.3537037037037037,
            -0.00520833333333337,
            -0.03796296296296292,
            -0.02083333333333337,
            -0.002777777777777768,
            0.005208333333333315,
            0.05740740740740741
        ],
        [
            0.48333333333333334,
            0.362962962962963,
            -0.005729166666666674,
            -0.05740740740740741,
            -0.01874999999999999,
            -0.013888888888888895,
            0.006770833333333337,
            0.04814814814814811
        ],
        [
            0.4796875,
            0.362962962962963,
            -0.002083333333333326,
            -0.05740740740740741,
            -0.014062499999999978,
            -0.017592592592592604,
            0.010416666666666685,
            0.04814814814814811
        ]
    ],
    "original_data": [
        {
            "time_step": 1,
            "original_data_path": "/content/drive/Othercomputers/\ub0b4 \ub178\ud2b8\ubd81/Forked_Models/Validation/Validation/_\ub77c\ubca8_General_val_C/district/3. \ud6c4\ubc29 \ubc29\ud5a5 \uc774\ubbf8\uc9c0/[district]day_567C/[district]day_567C_65.json",
            "id": 2
        },
        {
            "time_step": 2,
            "original_data_path": "/content/drive/Othercomputers/\ub0b4 \ub178\ud2b8\ubd81/Forked_Models/Validation/Validation/_\ub77c\ubca8_General_val_C/district/3. \ud6c4\ubc29 \ubc29\ud5a5 \uc774\ubbf8\uc9c0/[district]day_567C/[district]day_567C_70.json",
            "id": 2
        },
        {
            "time_step": 3,
            "original_data_path": "/content/drive/Othercomputers/\ub0b4 \ub178\ud2b8\ubd81/Forked_Models/Validation/Validation/_\ub77c\ubca8_General_val_C/district/3. \ud6c4\ubc29 \ubc29\ud5a5 \uc774\ubbf8\uc9c0/[district]day_567C/[district]day_567C_75.json",
            "id": 2
        }
    ],
    "label": 1
}