{
    "data": [
        [
            0.5932291666666667,
            0.18425925925925926,
            -0.010937500000000044,
            -0.10185185185185186,
            -0.004166666666666652,
            0.025925925925925936,
            0.04322916666666665,
            0.03888888888888889
        ],
        [
            0.5864583333333333,
            0.18055555555555555,
            -0.008854166666666607,
            -0.0962962962962963,
            0.0031250000000000444,
            0.018518518518518517,
            0.044791666666666674,
            0.040740740740740744
        ],
        [
            0.5916666666666667,
            0.17962962962962964,
            -0.010937500000000044,
            -0.09444444444444446,
            0.002083333333333326,
            0.02685185185185185,
            0.046354166666666696,
            0.05277777777777776
        ]
    ],
    "original_data": [
        {
            "time_step": 1,
            "original_data_path": "/content/drive/Othercomputers/\ub0b4 \ub178\ud2b8\ubd81/Forked_Models/Validation/Validation/_\ub77c\ubca8_General_val_C/district/3. \ud6c4\ubc29 \ubc29\ud5a5 \uc774\ubbf8\uc9c0/[district]day_022C/[district]day_022C_58.json",
            "id": 0
        },
        {
            "time_step": 2,
            "original_data_path": "/content/drive/Othercomputers/\ub0b4 \ub178\ud2b8\ubd81/Forked_Models/Validation/Validation/_\ub77c\ubca8_General_val_C/district/3. \ud6c4\ubc29 \ubc29\ud5a5 \uc774\ubbf8\uc9c0/[district]day_022C/[district]day_022C_60.json",
            "id": 0
        },
        {
            "time_step": 3,
            "original_data_path": "/content/drive/Othercomputers/\ub0b4 \ub178\ud2b8\ubd81/Forked_Models/Validation/Validation/_\ub77c\ubca8_General_val_C/district/3. \ud6c4\ubc29 \ubc29\ud5a5 \uc774\ubbf8\uc9c0/[district]day_022C/[district]day_022C_62.json",
            "id": 0
        }
    ],
    "label": 1
}