{
    "data": [
        [
            0.38125,
            0.5666666666666667,
            -0.017708333333333326,
            -0.02777777777777779,
            -0.003124999999999989,
            0.01851851851851849,
            0.036979166666666674,
            0.03425925925925932
        ],
        [
            0.3885416666666667,
            0.5787037037037037,
            -0.0234375,
            -0.026851851851851904,
            -0.011458333333333348,
            0.01851851851851849,
            0.033333333333333326,
            0.0537037037037037
        ],
        [
            0.3885416666666667,
            0.5787037037037037,
            -0.019791666666666652,
            -0.025925925925925908,
            0.009895833333333326,
            0.012962962962962954,
            0.029687499999999978,
            0.11018518518518516
        ]
    ],
    "original_data": [
        {
            "time_step": 1,
            "original_data_path": "/content/drive/Othercomputers/\ub0b4 \ub178\ud2b8\ubd81/Forked_Models/Validation/Validation/_\ub77c\ubca8_General_val_C/district/3. \ud6c4\ubc29 \ubc29\ud5a5 \uc774\ubbf8\uc9c0/[district]morning_512C/[district]morning_512C_250.json",
            "id": 0
        },
        {
            "time_step": 2,
            "original_data_path": "/content/drive/Othercomputers/\ub0b4 \ub178\ud2b8\ubd81/Forked_Models/Validation/Validation/_\ub77c\ubca8_General_val_C/district/3. \ud6c4\ubc29 \ubc29\ud5a5 \uc774\ubbf8\uc9c0/[district]morning_512C/[district]morning_512C_255.json",
            "id": 0
        },
        {
            "time_step": 3,
            "original_data_path": "/content/drive/Othercomputers/\ub0b4 \ub178\ud2b8\ubd81/Forked_Models/Validation/Validation/_\ub77c\ubca8_General_val_C/district/3. \ud6c4\ubc29 \ubc29\ud5a5 \uc774\ubbf8\uc9c0/[district]morning_512C/[district]morning_512C_260.json",
            "id": 0
        }
    ],
    "label": 1
}