{
    "data": [
        [
            0.46145833333333336,
            0.3277777777777778,
            0.001041666666666663,
            -0.037962962962962976,
            -0.007291666666666696,
            -0.056481481481481466,
            0.02916666666666662,
            -0.0222222222222222
        ],
        [
            0.45625,
            0.31851851851851853,
            -0.005208333333333315,
            -0.033333333333333326,
            -0.002083333333333326,
            -0.04722222222222222,
            0.03437499999999999,
            -0.012962962962962954
        ],
        [
            0.4546875,
            0.30833333333333335,
            -0.014583333333333337,
            -0.019444444444444486,
            0.020312499999999956,
            -0.018518518518518545,
            0.01874999999999999,
            0.037037037037037035
        ]
    ],
    "original_data": [
        {
            "time_step": 1,
            "original_data_path": "/content/drive/Othercomputers/\ub0b4 \ub178\ud2b8\ubd81/Forked_Models/Validation/Validation/_\ub77c\ubca8_General_val_C/district/3. \ud6c4\ubc29 \ubc29\ud5a5 \uc774\ubbf8\uc9c0/[district]night_517C/[district]night_517C_155.json",
            "id": 0
        },
        {
            "time_step": 2,
            "original_data_path": "/content/drive/Othercomputers/\ub0b4 \ub178\ud2b8\ubd81/Forked_Models/Validation/Validation/_\ub77c\ubca8_General_val_C/district/3. \ud6c4\ubc29 \ubc29\ud5a5 \uc774\ubbf8\uc9c0/[district]night_517C/[district]night_517C_160.json",
            "id": 0
        },
        {
            "time_step": 3,
            "original_data_path": "/content/drive/Othercomputers/\ub0b4 \ub178\ud2b8\ubd81/Forked_Models/Validation/Validation/_\ub77c\ubca8_General_val_C/district/3. \ud6c4\ubc29 \ubc29\ud5a5 \uc774\ubbf8\uc9c0/[district]night_517C/[district]night_517C_165.json",
            "id": 0
        }
    ],
    "label": 1
}