{
    "data": [
        [
            0.46197916666666666,
            0.1787037037037037,
            -0.021874999999999978,
            -0.03518518518518518,
            0.002604166666666685,
            0.02685185185185185,
            0.024479166666666663,
            0.04444444444444445
        ],
        [
            0.459375,
            0.17407407407407408,
            -0.028124999999999956,
            -0.030555555555555558,
            -0.0015624999999999667,
            0.040740740740740744,
            0.022395833333333337,
            0.05925925925925926
        ],
        [
            0.45989583333333334,
            0.17592592592592593,
            -0.02812500000000001,
            -0.04629629629629631,
            0.0078125,
            0.025925925925925936,
            0.021874999999999978,
            0.05740740740740741
        ]
    ],
    "original_data": [
        {
            "time_step": 1,
            "original_data_path": "/content/drive/Othercomputers/\ub0b4 \ub178\ud2b8\ubd81/Forked_Models/Validation/Validation/_\ub77c\ubca8_General_val_C/district/3. \ud6c4\ubc29 \ubc29\ud5a5 \uc774\ubbf8\uc9c0/[district]leave_048C/[district]leave_048C_72.json",
            "id": 2
        },
        {
            "time_step": 2,
            "original_data_path": "/content/drive/Othercomputers/\ub0b4 \ub178\ud2b8\ubd81/Forked_Models/Validation/Validation/_\ub77c\ubca8_General_val_C/district/3. \ud6c4\ubc29 \ubc29\ud5a5 \uc774\ubbf8\uc9c0/[district]leave_048C/[district]leave_048C_74.json",
            "id": 2
        },
        {
            "time_step": 3,
            "original_data_path": "/content/drive/Othercomputers/\ub0b4 \ub178\ud2b8\ubd81/Forked_Models/Validation/Validation/_\ub77c\ubca8_General_val_C/district/3. \ud6c4\ubc29 \ubc29\ud5a5 \uc774\ubbf8\uc9c0/[district]leave_048C/[district]leave_048C_76.json",
            "id": 2
        }
    ],
    "label": 1
}