{
    "data": [
        [
            0.390625,
            0.40925925925925927,
            -0.009375000000000022,
            -0.0314814814814815,
            0.006770833333333337,
            -0.00833333333333336,
            0.018229166666666685,
            0.0712962962962963
        ],
        [
            0.35,
            0.41203703703703703,
            -0.009374999999999967,
            -0.0314814814814815,
            0.009375000000000022,
            0.0,
            -0.005208333333333315,
            0.06481481481481483
        ],
        [
            0.2947916666666667,
            0.41944444444444445,
            -0.00833333333333336,
            -0.02685185185185185,
            0.010416666666666685,
            -0.009259259259259245,
            -0.003124999999999989,
            0.04259259259259257
        ]
    ],
    "original_data": [
        {
            "time_step": 1,
            "original_data_path": "/content/drive/Othercomputers/\ub0b4 \ub178\ud2b8\ubd81/Forked_Models/Validation/Validation/_\ub77c\ubca8_General_val_C/district/3. \ud6c4\ubc29 \ubc29\ud5a5 \uc774\ubbf8\uc9c0/[district]morning_693C/[district]morning_693C_280.json",
            "id": 0
        },
        {
            "time_step": 2,
            "original_data_path": "/content/drive/Othercomputers/\ub0b4 \ub178\ud2b8\ubd81/Forked_Models/Validation/Validation/_\ub77c\ubca8_General_val_C/district/3. \ud6c4\ubc29 \ubc29\ud5a5 \uc774\ubbf8\uc9c0/[district]morning_693C/[district]morning_693C_285.json",
            "id": 0
        },
        {
            "time_step": 3,
            "original_data_path": "/content/drive/Othercomputers/\ub0b4 \ub178\ud2b8\ubd81/Forked_Models/Validation/Validation/_\ub77c\ubca8_General_val_C/district/3. \ud6c4\ubc29 \ubc29\ud5a5 \uc774\ubbf8\uc9c0/[district]morning_693C/[district]morning_693C_290.json",
            "id": 0
        }
    ],
    "label": 1
}