{
    "data": [
        [
            0.3807291666666667,
            0.4,
            -0.00833333333333336,
            -0.05277777777777781,
            -0.002604166666666685,
            0.012037037037037013,
            0.013541666666666674,
            0.062037037037037
        ],
        [
            0.3765625,
            0.41944444444444445,
            -0.010416666666666685,
            -0.05092592592592593,
            0.005208333333333315,
            -0.002777777777777768,
            0.0078125,
            0.06574074074074071
        ],
        [
            0.3609375,
            0.41388888888888886,
            -0.011458333333333348,
            -0.04907407407407405,
            0.0057291666666666186,
            0.0092592592592593,
            0.011979166666666652,
            0.06759259259259259
        ]
    ],
    "original_data": [
        {
            "time_step": 1,
            "original_data_path": "/content/drive/Othercomputers/\ub0b4 \ub178\ud2b8\ubd81/Forked_Models/Validation/Validation/_\ub77c\ubca8_General_val_C/district/3. \ud6c4\ubc29 \ubc29\ud5a5 \uc774\ubbf8\uc9c0/[district]leave_610C/[district]leave_610C_215.json",
            "id": 1
        },
        {
            "time_step": 2,
            "original_data_path": "/content/drive/Othercomputers/\ub0b4 \ub178\ud2b8\ubd81/Forked_Models/Validation/Validation/_\ub77c\ubca8_General_val_C/district/3. \ud6c4\ubc29 \ubc29\ud5a5 \uc774\ubbf8\uc9c0/[district]leave_610C/[district]leave_610C_220.json",
            "id": 1
        },
        {
            "time_step": 3,
            "original_data_path": "/content/drive/Othercomputers/\ub0b4 \ub178\ud2b8\ubd81/Forked_Models/Validation/Validation/_\ub77c\ubca8_General_val_C/district/3. \ud6c4\ubc29 \ubc29\ud5a5 \uc774\ubbf8\uc9c0/[district]leave_610C/[district]leave_610C_225.json",
            "id": 1
        }
    ],
    "label": 1
}