{
    "data": [
        [
            0.6317708333333333,
            0.2351851851851852,
            -0.009895833333333326,
            -0.03888888888888889,
            -0.014062499999999978,
            0.049074074074074076,
            0.01302083333333337,
            0.08888888888888888
        ],
        [
            0.6078125,
            0.2657407407407407,
            -0.011458333333333348,
            -0.055555555555555525,
            0.003645833333333348,
            0.02314814814814814,
            0.014583333333333393,
            0.061111111111111116
        ],
        [
            0.5916666666666667,
            0.27314814814814814,
            -0.015625,
            -0.0648148148148148,
            0.002083333333333326,
            0.029629629629629617,
            0.015625,
            0.06388888888888888
        ]
    ],
    "original_data": [
        {
            "time_step": 1,
            "original_data_path": "/content/drive/Othercomputers/\ub0b4 \ub178\ud2b8\ubd81/Forked_Models/Validation/Validation/_\ub77c\ubca8_General_val_C/district/3. \ud6c4\ubc29 \ubc29\ud5a5 \uc774\ubbf8\uc9c0/[district]day_949C/[district]day_949C_30.json",
            "id": 0
        },
        {
            "time_step": 2,
            "original_data_path": "/content/drive/Othercomputers/\ub0b4 \ub178\ud2b8\ubd81/Forked_Models/Validation/Validation/_\ub77c\ubca8_General_val_C/district/3. \ud6c4\ubc29 \ubc29\ud5a5 \uc774\ubbf8\uc9c0/[district]day_949C/[district]day_949C_35.json",
            "id": 0
        },
        {
            "time_step": 3,
            "original_data_path": "/content/drive/Othercomputers/\ub0b4 \ub178\ud2b8\ubd81/Forked_Models/Validation/Validation/_\ub77c\ubca8_General_val_C/district/3. \ud6c4\ubc29 \ubc29\ud5a5 \uc774\ubbf8\uc9c0/[district]day_949C/[district]day_949C_40.json",
            "id": 0
        }
    ],
    "label": 1
}