{
    "data": [
        [
            0.4421875,
            0.5777777777777777,
            -0.008854166666666663,
            -0.06018518518518512,
            -0.027083333333333348,
            -0.01851851851851849,
            0.021874999999999978,
            0.05740740740740746
        ],
        [
            0.44114583333333335,
            0.5777777777777777,
            -0.009375000000000022,
            -0.06018518518518512,
            -0.02812500000000001,
            -0.01851851851851849,
            0.022395833333333337,
            0.05740740740740746
        ],
        [
            0.44114583333333335,
            0.5777777777777777,
            -0.009375000000000022,
            -0.06018518518518512,
            -0.02812500000000001,
            -0.01851851851851849,
            0.022395833333333337,
            0.05740740740740746
        ]
    ],
    "original_data": [
        {
            "time_step": 1,
            "original_data_path": "/content/drive/Othercomputers/\ub0b4 \ub178\ud2b8\ubd81/Forked_Models/Validation/Validation/_\ub77c\ubca8_General_val_C/district/3. \ud6c4\ubc29 \ubc29\ud5a5 \uc774\ubbf8\uc9c0/[district]day_1001C/[district]day_1001C_130.json",
            "id": 0
        },
        {
            "time_step": 2,
            "original_data_path": "/content/drive/Othercomputers/\ub0b4 \ub178\ud2b8\ubd81/Forked_Models/Validation/Validation/_\ub77c\ubca8_General_val_C/district/3. \ud6c4\ubc29 \ubc29\ud5a5 \uc774\ubbf8\uc9c0/[district]day_1001C/[district]day_1001C_135.json",
            "id": 0
        },
        {
            "time_step": 3,
            "original_data_path": "/content/drive/Othercomputers/\ub0b4 \ub178\ud2b8\ubd81/Forked_Models/Validation/Validation/_\ub77c\ubca8_General_val_C/district/3. \ud6c4\ubc29 \ubc29\ud5a5 \uc774\ubbf8\uc9c0/[district]day_1001C/[district]day_1001C_140.json",
            "id": 0
        }
    ],
    "label": 1
}