{
    "data": [
        [
            0.5463541666666667,
            0.2324074074074074,
            -0.00520833333333337,
            -0.021296296296296285,
            -0.0234375,
            0.012962962962962982,
            0.03489583333333335,
            0.012962962962962982
        ],
        [
            0.5234375,
            0.2638888888888889,
            -0.00520833333333337,
            -0.03240740740740741,
            -0.026041666666666685,
            0.010185185185185186,
            0.02864583333333337,
            0.0018518518518518268
        ],
        [
            0.5057291666666667,
            0.28703703703703703,
            -0.008854166666666663,
            -0.02314814814814814,
            -0.029687500000000033,
            0.020370370370370372,
            0.029687499999999978,
            0.00462962962962965
        ]
    ],
    "original_data": [
        {
            "time_step": 1,
            "original_data_path": "/content/drive/Othercomputers/\ub0b4 \ub178\ud2b8\ubd81/Forked_Models/Validation/Validation/_\ub77c\ubca8_General_val_C/district/3. \ud6c4\ubc29 \ubc29\ud5a5 \uc774\ubbf8\uc9c0/[district]morning_512C/[district]morning_512C_200.json",
            "id": 0
        },
        {
            "time_step": 2,
            "original_data_path": "/content/drive/Othercomputers/\ub0b4 \ub178\ud2b8\ubd81/Forked_Models/Validation/Validation/_\ub77c\ubca8_General_val_C/district/3. \ud6c4\ubc29 \ubc29\ud5a5 \uc774\ubbf8\uc9c0/[district]morning_512C/[district]morning_512C_205.json",
            "id": 0
        },
        {
            "time_step": 3,
            "original_data_path": "/content/drive/Othercomputers/\ub0b4 \ub178\ud2b8\ubd81/Forked_Models/Validation/Validation/_\ub77c\ubca8_General_val_C/district/3. \ud6c4\ubc29 \ubc29\ud5a5 \uc774\ubbf8\uc9c0/[district]morning_512C/[district]morning_512C_210.json",
            "id": 0
        }
    ],
    "label": 1
}