{
    "data": [
        [
            0.4557291666666667,
            0.3138888888888889,
            -0.012500000000000011,
            -0.036111111111111094,
            -0.00520833333333337,
            0.029629629629629617,
            0.01041666666666663,
            0.13518518518518519
        ],
        [
            0.4557291666666667,
            0.3138888888888889,
            -0.012500000000000011,
            -0.036111111111111094,
            -0.00520833333333337,
            0.029629629629629617,
            0.002083333333333326,
            0.1388888888888889
        ],
        [
            0.4359375,
            0.3194444444444444,
            -0.007291666666666641,
            -0.037037037037037035,
            0.004687500000000011,
            0.02777777777777779,
            0.016666666666666663,
            0.1287037037037037
        ]
    ],
    "original_data": [
        {
            "time_step": 1,
            "original_data_path": "/content/drive/Othercomputers/\ub0b4 \ub178\ud2b8\ubd81/Forked_Models/Validation/Validation/_\ub77c\ubca8_General_val_C/district/3. \ud6c4\ubc29 \ubc29\ud5a5 \uc774\ubbf8\uc9c0/[district]day_963C/[district]day_963C_55.json",
            "id": 1
        },
        {
            "time_step": 2,
            "original_data_path": "/content/drive/Othercomputers/\ub0b4 \ub178\ud2b8\ubd81/Forked_Models/Validation/Validation/_\ub77c\ubca8_General_val_C/district/3. \ud6c4\ubc29 \ubc29\ud5a5 \uc774\ubbf8\uc9c0/[district]day_963C/[district]day_963C_60.json",
            "id": 1
        },
        {
            "time_step": 3,
            "original_data_path": "/content/drive/Othercomputers/\ub0b4 \ub178\ud2b8\ubd81/Forked_Models/Validation/Validation/_\ub77c\ubca8_General_val_C/district/3. \ud6c4\ubc29 \ubc29\ud5a5 \uc774\ubbf8\uc9c0/[district]day_963C/[district]day_963C_65.json",
            "id": 1
        }
    ],
    "label": 1
}