{
    "data": [
        [
            0.5682291666666667,
            0.22037037037037038,
            -0.0015625000000000222,
            -0.026851851851851877,
            -0.027604166666666652,
            0.015740740740740722,
            0.022916666666666696,
            0.012962962962962954
        ],
        [
            0.5661458333333333,
            0.22592592592592592,
            -0.002083333333333326,
            -0.02314814814814814,
            -0.025520833333333326,
            0.012962962962962982,
            0.025000000000000022,
            0.010185185185185186
        ],
        [
            0.5625,
            0.22407407407407406,
            -0.0010416666666667185,
            -0.025925925925925908,
            -0.021874999999999978,
            0.014814814814814836,
            0.02864583333333337,
            0.01203703703703704
        ]
    ],
    "original_data": [
        {
            "time_step": 1,
            "original_data_path": "/content/drive/Othercomputers/\ub0b4 \ub178\ud2b8\ubd81/Forked_Models/Validation/Validation/_\ub77c\ubca8_General_val_C/district/3. \ud6c4\ubc29 \ubc29\ud5a5 \uc774\ubbf8\uc9c0/[district]attend_044C/[district]attend_044C_48.json",
            "id": 1
        },
        {
            "time_step": 2,
            "original_data_path": "/content/drive/Othercomputers/\ub0b4 \ub178\ud2b8\ubd81/Forked_Models/Validation/Validation/_\ub77c\ubca8_General_val_C/district/3. \ud6c4\ubc29 \ubc29\ud5a5 \uc774\ubbf8\uc9c0/[district]attend_044C/[district]attend_044C_50.json",
            "id": 1
        },
        {
            "time_step": 3,
            "original_data_path": "/content/drive/Othercomputers/\ub0b4 \ub178\ud2b8\ubd81/Forked_Models/Validation/Validation/_\ub77c\ubca8_General_val_C/district/3. \ud6c4\ubc29 \ubc29\ud5a5 \uc774\ubbf8\uc9c0/[district]attend_044C/[district]attend_044C_52.json",
            "id": 1
        }
    ],
    "label": 1
}