{
    "data": [
        [
            0.8192708333333333,
            0.37592592592592594,
            0.0026041666666667407,
            -0.03240740740740744,
            -0.030729166666666585,
            -0.00833333333333336,
            0.023958333333333415,
            0.04166666666666663
        ],
        [
            0.8192708333333333,
            0.37592592592592594,
            0.0026041666666667407,
            -0.03240740740740744,
            -0.030729166666666585,
            -0.00833333333333336,
            0.023958333333333415,
            0.04166666666666663
        ],
        [
            0.8177083333333334,
            0.37777777777777777,
            0.004166666666666652,
            -0.033333333333333326,
            -0.030729166666666696,
            -0.008333333333333304,
            0.025520833333333326,
            0.040740740740740744
        ]
    ],
    "original_data": [
        {
            "time_step": 1,
            "original_data_path": "/content/drive/Othercomputers/\ub0b4 \ub178\ud2b8\ubd81/Forked_Models/Validation/Validation/_\ub77c\ubca8_General_val_C/district/3. \ud6c4\ubc29 \ubc29\ud5a5 \uc774\ubbf8\uc9c0/[district]attend_960C/[district]attend_960C_20.json",
            "id": 2
        },
        {
            "time_step": 2,
            "original_data_path": "/content/drive/Othercomputers/\ub0b4 \ub178\ud2b8\ubd81/Forked_Models/Validation/Validation/_\ub77c\ubca8_General_val_C/district/3. \ud6c4\ubc29 \ubc29\ud5a5 \uc774\ubbf8\uc9c0/[district]attend_960C/[district]attend_960C_25.json",
            "id": 2
        },
        {
            "time_step": 3,
            "original_data_path": "/content/drive/Othercomputers/\ub0b4 \ub178\ud2b8\ubd81/Forked_Models/Validation/Validation/_\ub77c\ubca8_General_val_C/district/3. \ud6c4\ubc29 \ubc29\ud5a5 \uc774\ubbf8\uc9c0/[district]attend_960C/[district]attend_960C_30.json",
            "id": 2
        }
    ],
    "label": 1
}