{
    "data": [
        [
            0.41822916666666665,
            0.6194444444444445,
            -0.008333333333333304,
            -0.08981481481481479,
            0.018229166666666685,
            -0.02314814814814814,
            0.02656249999999999,
            0.07222222222222219
        ],
        [
            0.4166666666666667,
            0.5518518518518518,
            -0.008854166666666663,
            -0.08240740740740737,
            -0.018229166666666685,
            -0.0064814814814814214,
            0.03281249999999997,
            0.04444444444444451
        ],
        [
            0.40989583333333335,
            0.5518518518518518,
            -0.006250000000000033,
            -0.08333333333333331,
            -0.016666666666666663,
            -0.026851851851851793,
            0.036458333333333315,
            0.025925925925925908
        ]
    ],
    "original_data": [
        {
            "time_step": 1,
            "original_data_path": "/content/drive/Othercomputers/\ub0b4 \ub178\ud2b8\ubd81/Forked_Models/Validation/Validation/_\ub77c\ubca8_General_val_C/district/3. \ud6c4\ubc29 \ubc29\ud5a5 \uc774\ubbf8\uc9c0/[district]night_506C/[district]night_506C_255.json",
            "id": 2
        },
        {
            "time_step": 2,
            "original_data_path": "/content/drive/Othercomputers/\ub0b4 \ub178\ud2b8\ubd81/Forked_Models/Validation/Validation/_\ub77c\ubca8_General_val_C/district/3. \ud6c4\ubc29 \ubc29\ud5a5 \uc774\ubbf8\uc9c0/[district]night_506C/[district]night_506C_260.json",
            "id": 2
        },
        {
            "time_step": 3,
            "original_data_path": "/content/drive/Othercomputers/\ub0b4 \ub178\ud2b8\ubd81/Forked_Models/Validation/Validation/_\ub77c\ubca8_General_val_C/district/3. \ud6c4\ubc29 \ubc29\ud5a5 \uc774\ubbf8\uc9c0/[district]night_506C/[district]night_506C_265.json",
            "id": 2
        }
    ],
    "label": 1
}