{
    "data": [
        [
            0.5723958333333333,
            0.1925925925925926,
            -0.028124999999999956,
            -0.08796296296296297,
            -0.0031250000000000444,
            0.02777777777777779,
            0.03281250000000002,
            0.04999999999999999
        ],
        [
            0.5692708333333333,
            0.19907407407407407,
            -0.02864583333333326,
            -0.08703703703703704,
            -0.0031249999999999334,
            0.02777777777777779,
            0.04427083333333337,
            0.06203703703703706
        ],
        [
            0.5692708333333333,
            0.19907407407407407,
            -0.02864583333333326,
            -0.08703703703703704,
            0.008333333333333415,
            0.024999999999999994,
            0.05156250000000007,
            0.05555555555555558
        ]
    ],
    "original_data": [
        {
            "time_step": 1,
            "original_data_path": "/content/drive/Othercomputers/\ub0b4 \ub178\ud2b8\ubd81/Forked_Models/Validation/Validation/_\ub77c\ubca8_General_val_C/district/3. \ud6c4\ubc29 \ubc29\ud5a5 \uc774\ubbf8\uc9c0/[district]day_022C/[district]day_022C_68.json",
            "id": 0
        },
        {
            "time_step": 2,
            "original_data_path": "/content/drive/Othercomputers/\ub0b4 \ub178\ud2b8\ubd81/Forked_Models/Validation/Validation/_\ub77c\ubca8_General_val_C/district/3. \ud6c4\ubc29 \ubc29\ud5a5 \uc774\ubbf8\uc9c0/[district]day_022C/[district]day_022C_70.json",
            "id": 0
        },
        {
            "time_step": 3,
            "original_data_path": "/content/drive/Othercomputers/\ub0b4 \ub178\ud2b8\ubd81/Forked_Models/Validation/Validation/_\ub77c\ubca8_General_val_C/district/3. \ud6c4\ubc29 \ubc29\ud5a5 \uc774\ubbf8\uc9c0/[district]day_022C/[district]day_022C_72.json",
            "id": 0
        }
    ],
    "label": 1
}