{
    "data": [
        [
            0.4479166666666667,
            0.3861111111111111,
            -0.015104166666666696,
            -0.018518518518518545,
            0.015625,
            0.006481481481481477,
            -0.0078125,
            0.056481481481481466
        ],
        [
            0.4109375,
            0.40370370370370373,
            -0.009375000000000022,
            -0.023148148148148195,
            0.028645833333333315,
            0.002777777777777768,
            -0.006770833333333337,
            0.0537037037037037
        ],
        [
            0.35572916666666665,
            0.44537037037037036,
            -0.0078125,
            -0.024999999999999967,
            0.019270833333333348,
            0.011111111111111127,
            -0.0078125,
            0.05277777777777781
        ]
    ],
    "original_data": [
        {
            "time_step": 1,
            "original_data_path": "/content/drive/Othercomputers/\ub0b4 \ub178\ud2b8\ubd81/Forked_Models/Validation/Validation/_\ub77c\ubca8_General_val_C/district/3. \ud6c4\ubc29 \ubc29\ud5a5 \uc774\ubbf8\uc9c0/[district]morning_979C/[district]morning_979C_235.json",
            "id": 2
        },
        {
            "time_step": 2,
            "original_data_path": "/content/drive/Othercomputers/\ub0b4 \ub178\ud2b8\ubd81/Forked_Models/Validation/Validation/_\ub77c\ubca8_General_val_C/district/3. \ud6c4\ubc29 \ubc29\ud5a5 \uc774\ubbf8\uc9c0/[district]morning_979C/[district]morning_979C_240.json",
            "id": 2
        },
        {
            "time_step": 3,
            "original_data_path": "/content/drive/Othercomputers/\ub0b4 \ub178\ud2b8\ubd81/Forked_Models/Validation/Validation/_\ub77c\ubca8_General_val_C/district/3. \ud6c4\ubc29 \ubc29\ud5a5 \uc774\ubbf8\uc9c0/[district]morning_979C/[district]morning_979C_245.json",
            "id": 2
        }
    ],
    "label": 1
}