{
    "data": [
        [
            0.40260416666666665,
            0.5361111111111111,
            -0.007291666666666641,
            -0.015740740740740722,
            -0.004687500000000011,
            -0.0064814814814814214,
            0.02656249999999999,
            0.05740740740740746
        ],
        [
            0.40260416666666665,
            0.5361111111111111,
            -0.007291666666666641,
            -0.015740740740740722,
            -0.008333333333333304,
            -0.005555555555555536,
            0.02656249999999999,
            0.05740740740740746
        ],
        [
            0.40260416666666665,
            0.5361111111111111,
            -0.007291666666666641,
            -0.015740740740740722,
            -0.008333333333333304,
            -0.005555555555555536,
            0.02656249999999999,
            0.05740740740740746
        ]
    ],
    "original_data": [
        {
            "time_step": 1,
            "original_data_path": "/content/drive/Othercomputers/\ub0b4 \ub178\ud2b8\ubd81/Forked_Models/Validation/Validation/_\ub77c\ubca8_General_val_C/district/3. \ud6c4\ubc29 \ubc29\ud5a5 \uc774\ubbf8\uc9c0/[district]morning_516C/[district]morning_516C_210.json",
            "id": 0
        },
        {
            "time_step": 2,
            "original_data_path": "/content/drive/Othercomputers/\ub0b4 \ub178\ud2b8\ubd81/Forked_Models/Validation/Validation/_\ub77c\ubca8_General_val_C/district/3. \ud6c4\ubc29 \ubc29\ud5a5 \uc774\ubbf8\uc9c0/[district]morning_516C/[district]morning_516C_215.json",
            "id": 0
        },
        {
            "time_step": 3,
            "original_data_path": "/content/drive/Othercomputers/\ub0b4 \ub178\ud2b8\ubd81/Forked_Models/Validation/Validation/_\ub77c\ubca8_General_val_C/district/3. \ud6c4\ubc29 \ubc29\ud5a5 \uc774\ubbf8\uc9c0/[district]morning_516C/[district]morning_516C_220.json",
            "id": 0
        }
    ],
    "label": 1
}