{
    "data": [
        [
            0.5432291666666667,
            0.2833333333333333,
            -0.007291666666666696,
            -0.040740740740740744,
            -0.01822916666666663,
            0.005555555555555536,
            0.042187500000000044,
            -0.004629629629629595
        ],
        [
            0.5484375,
            0.2824074074074074,
            0.0,
            -0.043518518518518484,
            -0.0234375,
            0.006481481481481477,
            0.036979166666666674,
            -0.0037037037037036535
        ],
        [
            0.5567708333333333,
            0.2824074074074074,
            0.00520833333333337,
            -0.030555555555555558,
            -0.031770833333333304,
            0.006481481481481477,
            0.02864583333333337,
            -0.0037037037037036535
        ]
    ],
    "original_data": [
        {
            "time_step": 1,
            "original_data_path": "/content/drive/Othercomputers/\ub0b4 \ub178\ud2b8\ubd81/Forked_Models/Validation/Validation/_\ub77c\ubca8_General_val_C/district/3. \ud6c4\ubc29 \ubc29\ud5a5 \uc774\ubbf8\uc9c0/[district]day_704C/[district]day_704C_90.json",
            "id": 1
        },
        {
            "time_step": 2,
            "original_data_path": "/content/drive/Othercomputers/\ub0b4 \ub178\ud2b8\ubd81/Forked_Models/Validation/Validation/_\ub77c\ubca8_General_val_C/district/3. \ud6c4\ubc29 \ubc29\ud5a5 \uc774\ubbf8\uc9c0/[district]day_704C/[district]day_704C_95.json",
            "id": 1
        },
        {
            "time_step": 3,
            "original_data_path": "/content/drive/Othercomputers/\ub0b4 \ub178\ud2b8\ubd81/Forked_Models/Validation/Validation/_\ub77c\ubca8_General_val_C/district/3. \ud6c4\ubc29 \ubc29\ud5a5 \uc774\ubbf8\uc9c0/[district]day_704C/[district]day_704C_100.json",
            "id": 1
        }
    ],
    "label": 1
}