{
    "data": [
        [
            0.39166666666666666,
            0.28703703703703703,
            -0.002083333333333326,
            -0.028703703703703676,
            -0.009895833333333326,
            0.006481481481481477,
            0.03281250000000002,
            0.00833333333333336
        ],
        [
            0.3958333333333333,
            0.29074074074074074,
            -0.001041666666666663,
            -0.02407407407407408,
            -0.013541666666666674,
            0.008333333333333304,
            0.030208333333333337,
            0.011111111111111127
        ],
        [
            0.3958333333333333,
            0.29074074074074074,
            -0.001041666666666663,
            -0.02407407407407408,
            -0.011458333333333293,
            0.0,
            0.029687500000000033,
            0.006481481481481477
        ]
    ],
    "original_data": [
        {
            "time_step": 1,
            "original_data_path": "/content/drive/Othercomputers/\ub0b4 \ub178\ud2b8\ubd81/Forked_Models/Validation/Validation/_\ub77c\ubca8_General_val_C/district/3. \ud6c4\ubc29 \ubc29\ud5a5 \uc774\ubbf8\uc9c0/[district]day_608C/[district]day_608C_125.json",
            "id": 0
        },
        {
            "time_step": 2,
            "original_data_path": "/content/drive/Othercomputers/\ub0b4 \ub178\ud2b8\ubd81/Forked_Models/Validation/Validation/_\ub77c\ubca8_General_val_C/district/3. \ud6c4\ubc29 \ubc29\ud5a5 \uc774\ubbf8\uc9c0/[district]day_608C/[district]day_608C_130.json",
            "id": 0
        },
        {
            "time_step": 3,
            "original_data_path": "/content/drive/Othercomputers/\ub0b4 \ub178\ud2b8\ubd81/Forked_Models/Validation/Validation/_\ub77c\ubca8_General_val_C/district/3. \ud6c4\ubc29 \ubc29\ud5a5 \uc774\ubbf8\uc9c0/[district]day_608C/[district]day_608C_135.json",
            "id": 0
        }
    ],
    "label": 1
}