{
    "data": [
        [
            0.37447916666666664,
            0.42962962962962964,
            -0.0036458333333332926,
            -0.041666666666666685,
            0.027083333333333348,
            -0.013888888888888895,
            -0.004166666666666652,
            0.03888888888888886
        ],
        [
            0.37083333333333335,
            0.42592592592592593,
            -0.006250000000000033,
            -0.033333333333333326,
            0.024479166666666663,
            -0.010185185185185186,
            -0.005729166666666674,
            0.04351851851851851
        ],
        [
            0.37083333333333335,
            0.42592592592592593,
            -0.006250000000000033,
            -0.037037037037037035,
            0.024479166666666663,
            -0.010185185185185186,
            -0.005729166666666674,
            0.04351851851851851
        ]
    ],
    "original_data": [
        {
            "time_step": 1,
            "original_data_path": "/content/drive/Othercomputers/\ub0b4 \ub178\ud2b8\ubd81/Forked_Models/Validation/Validation/_\ub77c\ubca8_General_val_C/district/3. \ud6c4\ubc29 \ubc29\ud5a5 \uc774\ubbf8\uc9c0/[district]day_613C/[district]day_613C_0.json",
            "id": 1
        },
        {
            "time_step": 2,
            "original_data_path": "/content/drive/Othercomputers/\ub0b4 \ub178\ud2b8\ubd81/Forked_Models/Validation/Validation/_\ub77c\ubca8_General_val_C/district/3. \ud6c4\ubc29 \ubc29\ud5a5 \uc774\ubbf8\uc9c0/[district]day_613C/[district]day_613C_5.json",
            "id": 1
        },
        {
            "time_step": 3,
            "original_data_path": "/content/drive/Othercomputers/\ub0b4 \ub178\ud2b8\ubd81/Forked_Models/Validation/Validation/_\ub77c\ubca8_General_val_C/district/3. \ud6c4\ubc29 \ubc29\ud5a5 \uc774\ubbf8\uc9c0/[district]day_613C/[district]day_613C_10.json",
            "id": 1
        }
    ],
    "label": 1
}