{
    "data": [
        [
            0.3416666666666667,
            0.2851851851851852,
            -0.004687500000000011,
            -0.012037037037037068,
            -0.02031250000000001,
            0.012962962962962954,
            0.028645833333333315,
            0.007407407407407363
        ],
        [
            0.3416666666666667,
            0.2851851851851852,
            -0.004687500000000011,
            -0.012037037037037068,
            -0.02031250000000001,
            0.012962962962962954,
            0.028645833333333315,
            0.007407407407407363
        ],
        [
            0.3411458333333333,
            0.2833333333333333,
            -0.003124999999999989,
            -0.016666666666666663,
            -0.019791666666666652,
            0.010185185185185186,
            0.029687500000000033,
            0.009259259259259245
        ]
    ],
    "original_data": [
        {
            "time_step": 1,
            "original_data_path": "/content/drive/Othercomputers/\ub0b4 \ub178\ud2b8\ubd81/Forked_Models/Validation/Validation/_\ub77c\ubca8_General_val_C/district/3. \ud6c4\ubc29 \ubc29\ud5a5 \uc774\ubbf8\uc9c0/[district]attend_560C/[district]attend_560C_70.json",
            "id": 0
        },
        {
            "time_step": 2,
            "original_data_path": "/content/drive/Othercomputers/\ub0b4 \ub178\ud2b8\ubd81/Forked_Models/Validation/Validation/_\ub77c\ubca8_General_val_C/district/3. \ud6c4\ubc29 \ubc29\ud5a5 \uc774\ubbf8\uc9c0/[district]attend_560C/[district]attend_560C_75.json",
            "id": 0
        },
        {
            "time_step": 3,
            "original_data_path": "/content/drive/Othercomputers/\ub0b4 \ub178\ud2b8\ubd81/Forked_Models/Validation/Validation/_\ub77c\ubca8_General_val_C/district/3. \ud6c4\ubc29 \ubc29\ud5a5 \uc774\ubbf8\uc9c0/[district]attend_560C/[district]attend_560C_80.json",
            "id": 0
        }
    ],
    "label": 1
}