{
    "data": [
        [
            0.5640625,
            0.33425925925925926,
            -0.015104166666666696,
            -0.04907407407407405,
            0.024479166666666607,
            0.015740740740740722,
            0.011979166666666652,
            0.10462962962962963
        ],
        [
            0.5609375,
            0.325,
            -0.011979166666666652,
            -0.04814814814814816,
            0.025520833333333326,
            0.02777777777777779,
            0.008333333333333304,
            0.11851851851851852
        ],
        [
            0.5588541666666667,
            0.32592592592592595,
            -0.010937499999999933,
            -0.050000000000000044,
            0.027083333333333348,
            0.028703703703703676,
            0.01041666666666663,
            0.12222222222222218
        ]
    ],
    "original_data": [
        {
            "time_step": 1,
            "original_data_path": "/content/drive/Othercomputers/\ub0b4 \ub178\ud2b8\ubd81/Forked_Models/Validation/Validation/_\ub77c\ubca8_General_val_C/district/3. \ud6c4\ubc29 \ubc29\ud5a5 \uc774\ubbf8\uc9c0/[district]morning_1119C/[district]morning_1119C_205.json",
            "id": 4
        },
        {
            "time_step": 2,
            "original_data_path": "/content/drive/Othercomputers/\ub0b4 \ub178\ud2b8\ubd81/Forked_Models/Validation/Validation/_\ub77c\ubca8_General_val_C/district/3. \ud6c4\ubc29 \ubc29\ud5a5 \uc774\ubbf8\uc9c0/[district]morning_1119C/[district]morning_1119C_210.json",
            "id": 4
        },
        {
            "time_step": 3,
            "original_data_path": "/content/drive/Othercomputers/\ub0b4 \ub178\ud2b8\ubd81/Forked_Models/Validation/Validation/_\ub77c\ubca8_General_val_C/district/3. \ud6c4\ubc29 \ubc29\ud5a5 \uc774\ubbf8\uc9c0/[district]morning_1119C/[district]morning_1119C_215.json",
            "id": 4
        }
    ],
    "label": 1
}