{
    "data": [
        [
            0.6322916666666667,
            0.10462962962962963,
            -0.006249999999999978,
            -0.046296296296296294,
            -0.07656249999999998,
            0.04722222222222222,
            0.05312499999999998,
            0.05833333333333335
        ],
        [
            0.63125,
            0.10462962962962963,
            -0.006249999999999978,
            -0.046296296296296294,
            -0.07656249999999998,
            0.04722222222222222,
            0.05312499999999998,
            0.05833333333333335
        ],
        [
            0.6244791666666667,
            0.1037037037037037,
            -0.005729166666666674,
            -0.04722222222222222,
            -0.07187500000000002,
            0.047222222222222235,
            0.04999999999999993,
            0.058333333333333334
        ]
    ],
    "original_data": [
        {
            "time_step": 1,
            "original_data_path": "/content/drive/Othercomputers/\ub0b4 \ub178\ud2b8\ubd81/Forked_Models/Validation/Validation/_\ub77c\ubca8_General_val_C/district/3. \ud6c4\ubc29 \ubc29\ud5a5 \uc774\ubbf8\uc9c0/[district]leave_007C/[district]leave_007C_28.json",
            "id": 0
        },
        {
            "time_step": 2,
            "original_data_path": "/content/drive/Othercomputers/\ub0b4 \ub178\ud2b8\ubd81/Forked_Models/Validation/Validation/_\ub77c\ubca8_General_val_C/district/3. \ud6c4\ubc29 \ubc29\ud5a5 \uc774\ubbf8\uc9c0/[district]leave_007C/[district]leave_007C_30.json",
            "id": 0
        },
        {
            "time_step": 3,
            "original_data_path": "/content/drive/Othercomputers/\ub0b4 \ub178\ud2b8\ubd81/Forked_Models/Validation/Validation/_\ub77c\ubca8_General_val_C/district/3. \ud6c4\ubc29 \ubc29\ud5a5 \uc774\ubbf8\uc9c0/[district]leave_007C/[district]leave_007C_32.json",
            "id": 0
        }
    ],
    "label": 1
}