{
    "data": [
        [
            0.36770833333333336,
            0.46944444444444444,
            -0.02395833333333336,
            -0.021296296296296313,
            0.009374999999999967,
            -0.02777777777777779,
            -0.002604166666666685,
            0.09259259259259256
        ],
        [
            0.36770833333333336,
            0.46944444444444444,
            -0.02395833333333336,
            -0.021296296296296313,
            -0.00520833333333337,
            -0.028703703703703676,
            -0.015104166666666696,
            0.09537037037037033
        ],
        [
            0.3484375,
            0.45925925925925926,
            -0.02083333333333337,
            -0.029629629629629617,
            0.003645833333333348,
            -0.008333333333333304,
            0.003645833333333348,
            0.07037037037037042
        ]
    ],
    "original_data": [
        {
            "time_step": 1,
            "original_data_path": "/content/drive/Othercomputers/\ub0b4 \ub178\ud2b8\ubd81/Forked_Models/Validation/Validation/_\ub77c\ubca8_General_val_C/district/3. \ud6c4\ubc29 \ubc29\ud5a5 \uc774\ubbf8\uc9c0/[district]day_990C/[district]day_990C_100.json",
            "id": 0
        },
        {
            "time_step": 2,
            "original_data_path": "/content/drive/Othercomputers/\ub0b4 \ub178\ud2b8\ubd81/Forked_Models/Validation/Validation/_\ub77c\ubca8_General_val_C/district/3. \ud6c4\ubc29 \ubc29\ud5a5 \uc774\ubbf8\uc9c0/[district]day_990C/[district]day_990C_105.json",
            "id": 0
        },
        {
            "time_step": 3,
            "original_data_path": "/content/drive/Othercomputers/\ub0b4 \ub178\ud2b8\ubd81/Forked_Models/Validation/Validation/_\ub77c\ubca8_General_val_C/district/3. \ud6c4\ubc29 \ubc29\ud5a5 \uc774\ubbf8\uc9c0/[district]day_990C/[district]day_990C_110.json",
            "id": 0
        }
    ],
    "label": 1
}