{
    "data": [
        [
            0.44427083333333334,
            0.3175925925925926,
            -0.029687499999999978,
            -0.040740740740740744,
            0.022395833333333337,
            -0.0222222222222222,
            0.012500000000000011,
            0.07500000000000001
        ],
        [
            0.44427083333333334,
            0.3175925925925926,
            -0.029687499999999978,
            -0.040740740740740744,
            0.014062499999999978,
            -0.025000000000000022,
            0.0005208333333333037,
            0.0888888888888889
        ],
        [
            0.44427083333333334,
            0.3175925925925926,
            -0.029687499999999978,
            -0.040740740740740744,
            0.013541666666666674,
            -0.014814814814814836,
            0.0005208333333333037,
            0.0888888888888889
        ]
    ],
    "original_data": [
        {
            "time_step": 1,
            "original_data_path": "/content/drive/Othercomputers/\ub0b4 \ub178\ud2b8\ubd81/Forked_Models/Validation/Validation/_\ub77c\ubca8_General_val_C/district/3. \ud6c4\ubc29 \ubc29\ud5a5 \uc774\ubbf8\uc9c0/[district]day_992C/[district]day_992C_190.json",
            "id": 3
        },
        {
            "time_step": 2,
            "original_data_path": "/content/drive/Othercomputers/\ub0b4 \ub178\ud2b8\ubd81/Forked_Models/Validation/Validation/_\ub77c\ubca8_General_val_C/district/3. \ud6c4\ubc29 \ubc29\ud5a5 \uc774\ubbf8\uc9c0/[district]day_992C/[district]day_992C_195.json",
            "id": 3
        },
        {
            "time_step": 3,
            "original_data_path": "/content/drive/Othercomputers/\ub0b4 \ub178\ud2b8\ubd81/Forked_Models/Validation/Validation/_\ub77c\ubca8_General_val_C/district/3. \ud6c4\ubc29 \ubc29\ud5a5 \uc774\ubbf8\uc9c0/[district]day_992C/[district]day_992C_200.json",
            "id": 3
        }
    ],
    "label": 1
}