{
    "data": [
        [
            0.3380208333333333,
            0.3814814814814815,
            -0.021874999999999978,
            -0.02777777777777779,
            0.014062500000000033,
            0.00462962962962965,
            0.010416666666666685,
            0.10092592592592592
        ],
        [
            0.2994791666666667,
            0.387037037037037,
            -0.021875000000000033,
            -0.027777777777777735,
            0.014062499999999978,
            0.00462962962962965,
            0.011979166666666652,
            0.10555555555555557
        ],
        [
            0.26458333333333334,
            0.4027777777777778,
            -0.021875000000000006,
            -0.02777777777777779,
            0.014062499999999978,
            0.004629629629629595,
            0.006249999999999978,
            0.10277777777777775
        ]
    ],
    "original_data": [
        {
            "time_step": 1,
            "original_data_path": "/content/drive/Othercomputers/\ub0b4 \ub178\ud2b8\ubd81/Forked_Models/Validation/Validation/_\ub77c\ubca8_General_val_C/district/3. \ud6c4\ubc29 \ubc29\ud5a5 \uc774\ubbf8\uc9c0/[district]leave_1070C/[district]leave_1070C_260.json",
            "id": 0
        },
        {
            "time_step": 2,
            "original_data_path": "/content/drive/Othercomputers/\ub0b4 \ub178\ud2b8\ubd81/Forked_Models/Validation/Validation/_\ub77c\ubca8_General_val_C/district/3. \ud6c4\ubc29 \ubc29\ud5a5 \uc774\ubbf8\uc9c0/[district]leave_1070C/[district]leave_1070C_265.json",
            "id": 0
        },
        {
            "time_step": 3,
            "original_data_path": "/content/drive/Othercomputers/\ub0b4 \ub178\ud2b8\ubd81/Forked_Models/Validation/Validation/_\ub77c\ubca8_General_val_C/district/3. \ud6c4\ubc29 \ubc29\ud5a5 \uc774\ubbf8\uc9c0/[district]leave_1070C/[district]leave_1070C_270.json",
            "id": 0
        }
    ],
    "label": 1
}