{
    "data": [
        [
            0.5572916666666666,
            0.2518518518518518,
            -0.002083333333333326,
            -0.017592592592592576,
            -0.031770833333333304,
            0.01296296296296301,
            0.021354166666666674,
            0.014814814814814836
        ],
        [
            0.55,
            0.2490740740740741,
            -0.0010416666666667185,
            -0.021296296296296313,
            -0.030208333333333393,
            0.020370370370370344,
            0.02604166666666663,
            0.020370370370370344
        ],
        [
            0.5484375,
            0.2518518518518518,
            -0.0010416666666667185,
            -0.024999999999999967,
            -0.023958333333333304,
            0.00833333333333336,
            0.03020833333333328,
            0.00833333333333336
        ]
    ],
    "original_data": [
        {
            "time_step": 1,
            "original_data_path": "/content/drive/Othercomputers/\ub0b4 \ub178\ud2b8\ubd81/Forked_Models/Validation/Validation/_\ub77c\ubca8_General_val_C/district/3. \ud6c4\ubc29 \ubc29\ud5a5 \uc774\ubbf8\uc9c0/[district]morning_979C/[district]morning_979C_140.json",
            "id": 1
        },
        {
            "time_step": 2,
            "original_data_path": "/content/drive/Othercomputers/\ub0b4 \ub178\ud2b8\ubd81/Forked_Models/Validation/Validation/_\ub77c\ubca8_General_val_C/district/3. \ud6c4\ubc29 \ubc29\ud5a5 \uc774\ubbf8\uc9c0/[district]morning_979C/[district]morning_979C_145.json",
            "id": 1
        },
        {
            "time_step": 3,
            "original_data_path": "/content/drive/Othercomputers/\ub0b4 \ub178\ud2b8\ubd81/Forked_Models/Validation/Validation/_\ub77c\ubca8_General_val_C/district/3. \ud6c4\ubc29 \ubc29\ud5a5 \uc774\ubbf8\uc9c0/[district]morning_979C/[district]morning_979C_150.json",
            "id": 1
        }
    ],
    "label": 1
}