{
    "data": [
        [
            0.43020833333333336,
            0.4222222222222222,
            -0.019270833333333348,
            -0.025000000000000022,
            0.017708333333333326,
            -0.015740740740740722,
            -0.0005208333333333592,
            0.06296296296296294
        ],
        [
            0.428125,
            0.4064814814814815,
            -0.014062499999999978,
            -0.0314814814814815,
            0.021875000000000033,
            -0.00833333333333336,
            0.001041666666666663,
            0.051851851851851816
        ],
        [
            0.434375,
            0.4027777777777778,
            -0.021875000000000033,
            -0.03425925925925927,
            0.016666666666666663,
            -0.006481481481481477,
            -0.005729166666666674,
            0.059259259259259234
        ]
    ],
    "original_data": [
        {
            "time_step": 1,
            "original_data_path": "/content/drive/Othercomputers/\ub0b4 \ub178\ud2b8\ubd81/Forked_Models/Validation/Validation/_\ub77c\ubca8_General_val_C/district/3. \ud6c4\ubc29 \ubc29\ud5a5 \uc774\ubbf8\uc9c0/[district]day_575C/[district]day_575C_0.json",
            "id": 3
        },
        {
            "time_step": 2,
            "original_data_path": "/content/drive/Othercomputers/\ub0b4 \ub178\ud2b8\ubd81/Forked_Models/Validation/Validation/_\ub77c\ubca8_General_val_C/district/3. \ud6c4\ubc29 \ubc29\ud5a5 \uc774\ubbf8\uc9c0/[district]day_575C/[district]day_575C_5.json",
            "id": 3
        },
        {
            "time_step": 3,
            "original_data_path": "/content/drive/Othercomputers/\ub0b4 \ub178\ud2b8\ubd81/Forked_Models/Validation/Validation/_\ub77c\ubca8_General_val_C/district/3. \ud6c4\ubc29 \ubc29\ud5a5 \uc774\ubbf8\uc9c0/[district]day_575C/[district]day_575C_10.json",
            "id": 3
        }
    ],
    "label": 1
}