{
    "data": [
        [
            0.4359375,
            0.5509259259259259,
            -0.023958333333333304,
            -0.07222222222222224,
            0.01302083333333337,
            -0.03240740740740744,
            -0.002083333333333326,
            0.056481481481481466
        ],
        [
            0.42604166666666665,
            0.5120370370370371,
            -0.01822916666666663,
            -0.0490740740740741,
            0.02395833333333336,
            0.002777777777777768,
            -0.009374999999999967,
            0.07222222222222219
        ],
        [
            0.41510416666666666,
            0.5111111111111111,
            -0.023958333333333304,
            -0.04629629629629628,
            0.026041666666666685,
            0.0009259259259259967,
            -0.025520833333333326,
            0.09629629629629632
        ]
    ],
    "original_data": [
        {
            "time_step": 1,
            "original_data_path": "/content/drive/Othercomputers/\ub0b4 \ub178\ud2b8\ubd81/Forked_Models/Validation/Validation/_\ub77c\ubca8_General_val_C/district/3. \ud6c4\ubc29 \ubc29\ud5a5 \uc774\ubbf8\uc9c0/[district]leave_642C/[district]leave_642C_120.json",
            "id": 6
        },
        {
            "time_step": 2,
            "original_data_path": "/content/drive/Othercomputers/\ub0b4 \ub178\ud2b8\ubd81/Forked_Models/Validation/Validation/_\ub77c\ubca8_General_val_C/district/3. \ud6c4\ubc29 \ubc29\ud5a5 \uc774\ubbf8\uc9c0/[district]leave_642C/[district]leave_642C_125.json",
            "id": 6
        },
        {
            "time_step": 3,
            "original_data_path": "/content/drive/Othercomputers/\ub0b4 \ub178\ud2b8\ubd81/Forked_Models/Validation/Validation/_\ub77c\ubca8_General_val_C/district/3. \ud6c4\ubc29 \ubc29\ud5a5 \uc774\ubbf8\uc9c0/[district]leave_642C/[district]leave_642C_130.json",
            "id": 6
        }
    ],
    "label": 1
}