{
    "data": [
        [
            0.6364583333333333,
            0.29074074074074074,
            -0.0015625000000000222,
            -0.03518518518518521,
            -0.02447916666666672,
            0.009259259259259245,
            0.025520833333333326,
            0.009259259259259245
        ],
        [
            0.6375,
            0.2916666666666667,
            -0.0026041666666666297,
            -0.03611111111111115,
            -0.023958333333333304,
            0.005555555555555536,
            0.02864583333333337,
            0.008333333333333304
        ],
        [
            0.6375,
            0.2916666666666667,
            -0.0026041666666666297,
            -0.03611111111111115,
            -0.023958333333333304,
            0.005555555555555536,
            0.02864583333333337,
            0.008333333333333304
        ]
    ],
    "original_data": [
        {
            "time_step": 1,
            "original_data_path": "/content/drive/Othercomputers/\ub0b4 \ub178\ud2b8\ubd81/Forked_Models/Validation/Validation/_\ub77c\ubca8_General_val_C/district/3. \ud6c4\ubc29 \ubc29\ud5a5 \uc774\ubbf8\uc9c0/[district]day_731C/[district]day_731C_200.json",
            "id": 3
        },
        {
            "time_step": 2,
            "original_data_path": "/content/drive/Othercomputers/\ub0b4 \ub178\ud2b8\ubd81/Forked_Models/Validation/Validation/_\ub77c\ubca8_General_val_C/district/3. \ud6c4\ubc29 \ubc29\ud5a5 \uc774\ubbf8\uc9c0/[district]day_731C/[district]day_731C_205.json",
            "id": 3
        },
        {
            "time_step": 3,
            "original_data_path": "/content/drive/Othercomputers/\ub0b4 \ub178\ud2b8\ubd81/Forked_Models/Validation/Validation/_\ub77c\ubca8_General_val_C/district/3. \ud6c4\ubc29 \ubc29\ud5a5 \uc774\ubbf8\uc9c0/[district]day_731C/[district]day_731C_210.json",
            "id": 3
        }
    ],
    "label": 1
}