{
    "data": [
        [
            0.6885416666666667,
            0.24351851851851852,
            -0.004687500000000067,
            -0.03240740740740741,
            -0.026562500000000044,
            0.032407407407407385,
            0.03697916666666656,
            0.037037037037037035
        ],
        [
            0.6885416666666667,
            0.24351851851851852,
            -0.004687500000000067,
            -0.03240740740740741,
            -0.026562500000000044,
            0.032407407407407385,
            0.03697916666666656,
            0.037037037037037035
        ],
        [
            0.6885416666666667,
            0.24351851851851852,
            -0.004687500000000067,
            -0.03240740740740741,
            -0.029166666666666674,
            0.032407407407407385,
            0.03697916666666656,
            0.037037037037037035
        ]
    ],
    "original_data": [
        {
            "time_step": 1,
            "original_data_path": "/content/drive/Othercomputers/\ub0b4 \ub178\ud2b8\ubd81/Forked_Models/Validation/Validation/_\ub77c\ubca8_General_val_C/district/3. \ud6c4\ubc29 \ubc29\ud5a5 \uc774\ubbf8\uc9c0/[district]day_949C/[district]day_949C_120.json",
            "id": 3
        },
        {
            "time_step": 2,
            "original_data_path": "/content/drive/Othercomputers/\ub0b4 \ub178\ud2b8\ubd81/Forked_Models/Validation/Validation/_\ub77c\ubca8_General_val_C/district/3. \ud6c4\ubc29 \ubc29\ud5a5 \uc774\ubbf8\uc9c0/[district]day_949C/[district]day_949C_125.json",
            "id": 3
        },
        {
            "time_step": 3,
            "original_data_path": "/content/drive/Othercomputers/\ub0b4 \ub178\ud2b8\ubd81/Forked_Models/Validation/Validation/_\ub77c\ubca8_General_val_C/district/3. \ud6c4\ubc29 \ubc29\ud5a5 \uc774\ubbf8\uc9c0/[district]day_949C/[district]day_949C_130.json",
            "id": 3
        }
    ],
    "label": 1
}