{
    "data": [
        [
            0.48489583333333336,
            0.3435185185185185,
            -0.00520833333333337,
            -0.03888888888888886,
            -0.014062500000000033,
            -0.012037037037037013,
            0.01874999999999999,
            0.06388888888888888
        ],
        [
            0.48385416666666664,
            0.3768518518518518,
            -0.006249999999999978,
            -0.03796296296296292,
            -0.0234375,
            -0.031481481481481444,
            0.019791666666666707,
            0.030555555555555558
        ],
        [
            0.471875,
            0.40185185185185185,
            -0.001041666666666663,
            -0.05185185185185187,
            -0.015625,
            -0.04814814814814816,
            0.021875000000000033,
            0.03425925925925927
        ]
    ],
    "original_data": [
        {
            "time_step": 1,
            "original_data_path": "/content/drive/Othercomputers/\ub0b4 \ub178\ud2b8\ubd81/Forked_Models/Validation/Validation/_\ub77c\ubca8_General_val_C/district/3. \ud6c4\ubc29 \ubc29\ud5a5 \uc774\ubbf8\uc9c0/[district]night_631C/[district]night_631C_250.json",
            "id": 1
        },
        {
            "time_step": 2,
            "original_data_path": "/content/drive/Othercomputers/\ub0b4 \ub178\ud2b8\ubd81/Forked_Models/Validation/Validation/_\ub77c\ubca8_General_val_C/district/3. \ud6c4\ubc29 \ubc29\ud5a5 \uc774\ubbf8\uc9c0/[district]night_631C/[district]night_631C_255.json",
            "id": 1
        },
        {
            "time_step": 3,
            "original_data_path": "/content/drive/Othercomputers/\ub0b4 \ub178\ud2b8\ubd81/Forked_Models/Validation/Validation/_\ub77c\ubca8_General_val_C/district/3. \ud6c4\ubc29 \ubc29\ud5a5 \uc774\ubbf8\uc9c0/[district]night_631C/[district]night_631C_260.json",
            "id": 1
        }
    ],
    "label": 1
}