{
    "data": [
        [
            0.5359375,
            0.21203703703703702,
            -0.015625,
            -0.029629629629629617,
            0.02604166666666674,
            0.020370370370370372,
            0.01041666666666674,
            0.07777777777777778
        ],
        [
            0.5390625,
            0.2101851851851852,
            -0.014583333333333282,
            -0.025925925925925936,
            0.022916666666666696,
            0.0222222222222222,
            0.007291666666666696,
            0.0796296296296296
        ],
        [
            0.5380208333333333,
            0.20833333333333334,
            -0.015625,
            -0.033333333333333354,
            0.023958333333333415,
            0.024074074074074053,
            0.008333333333333415,
            0.08148148148148146
        ]
    ],
    "original_data": [
        {
            "time_step": 1,
            "original_data_path": "/content/drive/Othercomputers/\ub0b4 \ub178\ud2b8\ubd81/Forked_Models/Validation/Validation/_\ub77c\ubca8_General_val_C/district/3. \ud6c4\ubc29 \ubc29\ud5a5 \uc774\ubbf8\uc9c0/[district]morning_1119C/[district]morning_1119C_185.json",
            "id": 0
        },
        {
            "time_step": 2,
            "original_data_path": "/content/drive/Othercomputers/\ub0b4 \ub178\ud2b8\ubd81/Forked_Models/Validation/Validation/_\ub77c\ubca8_General_val_C/district/3. \ud6c4\ubc29 \ubc29\ud5a5 \uc774\ubbf8\uc9c0/[district]morning_1119C/[district]morning_1119C_190.json",
            "id": 0
        },
        {
            "time_step": 3,
            "original_data_path": "/content/drive/Othercomputers/\ub0b4 \ub178\ud2b8\ubd81/Forked_Models/Validation/Validation/_\ub77c\ubca8_General_val_C/district/3. \ud6c4\ubc29 \ubc29\ud5a5 \uc774\ubbf8\uc9c0/[district]morning_1119C/[district]morning_1119C_195.json",
            "id": 0
        }
    ],
    "label": 1
}