{
    "data": [
        [
            0.6072916666666667,
            0.14722222222222223,
            -0.022916666666666696,
            -0.031481481481481485,
            -0.004687499999999956,
            0.056481481481481466,
            0.03541666666666665,
            0.05833333333333332
        ],
        [
            0.6072916666666667,
            0.15,
            -0.022916666666666696,
            -0.03148148148148147,
            -0.004687499999999956,
            0.05555555555555555,
            0.03541666666666665,
            0.05740740740740741
        ],
        [
            0.6072916666666667,
            0.15555555555555556,
            -0.022916666666666696,
            -0.030555555555555558,
            -0.008333333333333304,
            0.04629629629629631,
            0.021874999999999978,
            0.05555555555555555
        ]
    ],
    "original_data": [
        {
            "time_step": 1,
            "original_data_path": "/content/drive/Othercomputers/\ub0b4 \ub178\ud2b8\ubd81/Forked_Models/Validation/Validation/_\ub77c\ubca8_General_val_C/district/3. \ud6c4\ubc29 \ubc29\ud5a5 \uc774\ubbf8\uc9c0/[district]attend_057C/[district]attend_057C_88.json",
            "id": 1
        },
        {
            "time_step": 2,
            "original_data_path": "/content/drive/Othercomputers/\ub0b4 \ub178\ud2b8\ubd81/Forked_Models/Validation/Validation/_\ub77c\ubca8_General_val_C/district/3. \ud6c4\ubc29 \ubc29\ud5a5 \uc774\ubbf8\uc9c0/[district]attend_057C/[district]attend_057C_90.json",
            "id": 1
        },
        {
            "time_step": 3,
            "original_data_path": "/content/drive/Othercomputers/\ub0b4 \ub178\ud2b8\ubd81/Forked_Models/Validation/Validation/_\ub77c\ubca8_General_val_C/district/3. \ud6c4\ubc29 \ubc29\ud5a5 \uc774\ubbf8\uc9c0/[district]attend_057C/[district]attend_057C_92.json",
            "id": 1
        }
    ],
    "label": 1
}