{
    "data": [
        [
            0.7432291666666667,
            0.2759259259259259,
            0.0,
            -0.027777777777777762,
            -0.013541666666666674,
            0.014814814814814836,
            0.027604166666666652,
            0.014814814814814836
        ],
        [
            0.7432291666666667,
            0.2759259259259259,
            0.0,
            -0.027777777777777762,
            -0.015104166666666696,
            0.018518518518518545,
            0.027083333333333237,
            0.019444444444444486
        ],
        [
            0.7453125,
            0.27870370370370373,
            0.0,
            -0.030555555555555586,
            -0.015625,
            0.015740740740740722,
            0.02499999999999991,
            0.016666666666666663
        ]
    ],
    "original_data": [
        {
            "time_step": 1,
            "original_data_path": "/content/drive/Othercomputers/\ub0b4 \ub178\ud2b8\ubd81/Forked_Models/Validation/Validation/_\ub77c\ubca8_General_val_C/district/3. \ud6c4\ubc29 \ubc29\ud5a5 \uc774\ubbf8\uc9c0/[district]attend_1048C/[district]attend_1048C_65.json",
            "id": 1
        },
        {
            "time_step": 2,
            "original_data_path": "/content/drive/Othercomputers/\ub0b4 \ub178\ud2b8\ubd81/Forked_Models/Validation/Validation/_\ub77c\ubca8_General_val_C/district/3. \ud6c4\ubc29 \ubc29\ud5a5 \uc774\ubbf8\uc9c0/[district]attend_1048C/[district]attend_1048C_70.json",
            "id": 1
        },
        {
            "time_step": 3,
            "original_data_path": "/content/drive/Othercomputers/\ub0b4 \ub178\ud2b8\ubd81/Forked_Models/Validation/Validation/_\ub77c\ubca8_General_val_C/district/3. \ud6c4\ubc29 \ubc29\ud5a5 \uc774\ubbf8\uc9c0/[district]attend_1048C/[district]attend_1048C_75.json",
            "id": 1
        }
    ],
    "label": 1
}