{
    "data": [
        [
            0.5411458333333333,
            0.3611111111111111,
            -0.025520833333333326,
            -0.02777777777777779,
            -0.016666666666666607,
            -0.007407407407407418,
            0.014062499999999978,
            0.0398148148148148
        ],
        [
            0.5364583333333334,
            0.35833333333333334,
            -0.020312500000000067,
            -0.02777777777777779,
            -0.015625,
            -0.009259259259259245,
            0.013541666666666674,
            0.055555555555555525
        ],
        [
            0.5364583333333334,
            0.35833333333333334,
            -0.023958333333333415,
            -0.03425925925925927,
            -0.02083333333333337,
            -0.006481481481481477,
            0.013541666666666674,
            0.055555555555555525
        ]
    ],
    "original_data": [
        {
            "time_step": 1,
            "original_data_path": "/content/drive/Othercomputers/\ub0b4 \ub178\ud2b8\ubd81/Forked_Models/Validation/Validation/_\ub77c\ubca8_General_val_C/district/3. \ud6c4\ubc29 \ubc29\ud5a5 \uc774\ubbf8\uc9c0/[district]day_996C/[district]day_996C_125.json",
            "id": 2
        },
        {
            "time_step": 2,
            "original_data_path": "/content/drive/Othercomputers/\ub0b4 \ub178\ud2b8\ubd81/Forked_Models/Validation/Validation/_\ub77c\ubca8_General_val_C/district/3. \ud6c4\ubc29 \ubc29\ud5a5 \uc774\ubbf8\uc9c0/[district]day_996C/[district]day_996C_130.json",
            "id": 2
        },
        {
            "time_step": 3,
            "original_data_path": "/content/drive/Othercomputers/\ub0b4 \ub178\ud2b8\ubd81/Forked_Models/Validation/Validation/_\ub77c\ubca8_General_val_C/district/3. \ud6c4\ubc29 \ubc29\ud5a5 \uc774\ubbf8\uc9c0/[district]day_996C/[district]day_996C_135.json",
            "id": 2
        }
    ],
    "label": 1
}