{
    "data": [
        [
            0.3697916666666667,
            0.2361111111111111,
            0.006249999999999978,
            -0.020370370370370372,
            -0.0234375,
            -0.003703703703703709,
            0.024479166666666663,
            -0.010185185185185186
        ],
        [
            0.390625,
            0.2351851851851852,
            0.006770833333333337,
            -0.021296296296296313,
            -0.021874999999999978,
            -0.0009259259259259411,
            0.016666666666666663,
            0.0
        ],
        [
            0.4161458333333333,
            0.2361111111111111,
            0.006250000000000033,
            -0.02314814814814814,
            -0.02031250000000001,
            -0.012962962962962954,
            0.01874999999999999,
            0.0009259259259259411
        ]
    ],
    "original_data": [
        {
            "time_step": 1,
            "original_data_path": "/content/drive/Othercomputers/\ub0b4 \ub178\ud2b8\ubd81/Forked_Models/Validation/Validation/_\ub77c\ubca8_General_val_C/district/3. \ud6c4\ubc29 \ubc29\ud5a5 \uc774\ubbf8\uc9c0/[district]morning_693C/[district]morning_693C_100.json",
            "id": 0
        },
        {
            "time_step": 2,
            "original_data_path": "/content/drive/Othercomputers/\ub0b4 \ub178\ud2b8\ubd81/Forked_Models/Validation/Validation/_\ub77c\ubca8_General_val_C/district/3. \ud6c4\ubc29 \ubc29\ud5a5 \uc774\ubbf8\uc9c0/[district]morning_693C/[district]morning_693C_105.json",
            "id": 0
        },
        {
            "time_step": 3,
            "original_data_path": "/content/drive/Othercomputers/\ub0b4 \ub178\ud2b8\ubd81/Forked_Models/Validation/Validation/_\ub77c\ubca8_General_val_C/district/3. \ud6c4\ubc29 \ubc29\ud5a5 \uc774\ubbf8\uc9c0/[district]morning_693C/[district]morning_693C_110.json",
            "id": 0
        }
    ],
    "label": 1
}