{
    "data": [
        [
            0.5734375,
            0.3296296296296296,
            -0.013541666666666674,
            -0.04722222222222222,
            -0.008333333333333415,
            0.014814814814814836,
            0.016145833333333304,
            0.08148148148148149
        ],
        [
            0.5765625,
            0.33611111111111114,
            -0.014062499999999978,
            -0.05185185185185187,
            -0.011458333333333348,
            0.01481481481481478,
            0.013541666666666674,
            0.08055555555555555
        ],
        [
            0.5791666666666667,
            0.33796296296296297,
            -0.011458333333333348,
            -0.061111111111111116,
            -0.007291666666666696,
            0.015740740740740722,
            0.011979166666666652,
            0.0851851851851852
        ]
    ],
    "original_data": [
        {
            "time_step": 1,
            "original_data_path": "/content/drive/Othercomputers/\ub0b4 \ub178\ud2b8\ubd81/Forked_Models/Validation/Validation/_\ub77c\ubca8_General_val_C/district/3. \ud6c4\ubc29 \ubc29\ud5a5 \uc774\ubbf8\uc9c0/[district]morning_1119C/[district]morning_1119C_175.json",
            "id": 4
        },
        {
            "time_step": 2,
            "original_data_path": "/content/drive/Othercomputers/\ub0b4 \ub178\ud2b8\ubd81/Forked_Models/Validation/Validation/_\ub77c\ubca8_General_val_C/district/3. \ud6c4\ubc29 \ubc29\ud5a5 \uc774\ubbf8\uc9c0/[district]morning_1119C/[district]morning_1119C_180.json",
            "id": 4
        },
        {
            "time_step": 3,
            "original_data_path": "/content/drive/Othercomputers/\ub0b4 \ub178\ud2b8\ubd81/Forked_Models/Validation/Validation/_\ub77c\ubca8_General_val_C/district/3. \ud6c4\ubc29 \ubc29\ud5a5 \uc774\ubbf8\uc9c0/[district]morning_1119C/[district]morning_1119C_185.json",
            "id": 4
        }
    ],
    "label": 1
}