{
    "data": [
        [
            0.30572916666666666,
            0.4,
            -0.013541666666666674,
            -0.025925925925925963,
            0.04010416666666666,
            0.015740740740740722,
            -0.004687500000000011,
            0.08888888888888885
        ],
        [
            0.2760416666666667,
            0.4111111111111111,
            -0.012500000000000011,
            -0.02314814814814814,
            0.0390625,
            0.012962962962962954,
            -0.0005208333333333592,
            0.08240740740740743
        ],
        [
            0.2526041666666667,
            0.4111111111111111,
            -0.013541666666666674,
            -0.016666666666666663,
            0.03749999999999998,
            0.012962962962962954,
            0.0036458333333332926,
            0.07870370370370372
        ]
    ],
    "original_data": [
        {
            "time_step": 1,
            "original_data_path": "/content/drive/Othercomputers/\ub0b4 \ub178\ud2b8\ubd81/Forked_Models/Validation/Validation/_\ub77c\ubca8_General_val_C/district/3. \ud6c4\ubc29 \ubc29\ud5a5 \uc774\ubbf8\uc9c0/[district]night_620C/[district]night_620C_265.json",
            "id": 3
        },
        {
            "time_step": 2,
            "original_data_path": "/content/drive/Othercomputers/\ub0b4 \ub178\ud2b8\ubd81/Forked_Models/Validation/Validation/_\ub77c\ubca8_General_val_C/district/3. \ud6c4\ubc29 \ubc29\ud5a5 \uc774\ubbf8\uc9c0/[district]night_620C/[district]night_620C_270.json",
            "id": 3
        },
        {
            "time_step": 3,
            "original_data_path": "/content/drive/Othercomputers/\ub0b4 \ub178\ud2b8\ubd81/Forked_Models/Validation/Validation/_\ub77c\ubca8_General_val_C/district/3. \ud6c4\ubc29 \ubc29\ud5a5 \uc774\ubbf8\uc9c0/[district]night_620C/[district]night_620C_275.json",
            "id": 3
        }
    ],
    "label": 1
}