{
    "data": [
        [
            0.4140625,
            0.4787037037037037,
            -0.011979166666666652,
            -0.0398148148148148,
            0.009895833333333326,
            -0.010185185185185186,
            -0.004166666666666652,
            0.0490740740740741
        ],
        [
            0.4140625,
            0.4787037037037037,
            -0.011979166666666652,
            -0.0398148148148148,
            0.009895833333333326,
            -0.010185185185185186,
            -0.004166666666666652,
            0.0490740740740741
        ],
        [
            0.40572916666666664,
            0.4740740740740741,
            -0.013541666666666619,
            -0.03981481481481486,
            0.025000000000000022,
            -0.019444444444444486,
            -0.004687499999999956,
            0.04907407407407405
        ]
    ],
    "original_data": [
        {
            "time_step": 1,
            "original_data_path": "/content/drive/Othercomputers/\ub0b4 \ub178\ud2b8\ubd81/Forked_Models/Validation/Validation/_\ub77c\ubca8_General_val_C/district/3. \ud6c4\ubc29 \ubc29\ud5a5 \uc774\ubbf8\uc9c0/[district]morning_649C/[district]morning_649C_235.json",
            "id": 3
        },
        {
            "time_step": 2,
            "original_data_path": "/content/drive/Othercomputers/\ub0b4 \ub178\ud2b8\ubd81/Forked_Models/Validation/Validation/_\ub77c\ubca8_General_val_C/district/3. \ud6c4\ubc29 \ubc29\ud5a5 \uc774\ubbf8\uc9c0/[district]morning_649C/[district]morning_649C_240.json",
            "id": 3
        },
        {
            "time_step": 3,
            "original_data_path": "/content/drive/Othercomputers/\ub0b4 \ub178\ud2b8\ubd81/Forked_Models/Validation/Validation/_\ub77c\ubca8_General_val_C/district/3. \ud6c4\ubc29 \ubc29\ud5a5 \uc774\ubbf8\uc9c0/[district]morning_649C/[district]morning_649C_245.json",
            "id": 3
        }
    ],
    "label": 1
}