{
    "data": [
        [
            0.3723958333333333,
            0.5185185185185185,
            -0.005729166666666674,
            -0.04999999999999999,
            -0.03281249999999997,
            0.03888888888888897,
            0.02395833333333336,
            0.07777777777777783
        ],
        [
            0.3723958333333333,
            0.5185185185185185,
            -0.005729166666666674,
            -0.04999999999999999,
            -0.027083333333333293,
            0.03425925925925932,
            0.02395833333333336,
            0.07777777777777783
        ],
        [
            0.37916666666666665,
            0.5175925925925926,
            -0.007291666666666641,
            -0.06203703703703706,
            -0.03385416666666663,
            0.03518518518518521,
            0.017187500000000022,
            0.07870370370370372
        ]
    ],
    "original_data": [
        {
            "time_step": 1,
            "original_data_path": "/content/drive/Othercomputers/\ub0b4 \ub178\ud2b8\ubd81/Forked_Models/Validation/Validation/_\ub77c\ubca8_General_val_C/district/3. \ud6c4\ubc29 \ubc29\ud5a5 \uc774\ubbf8\uc9c0/[district]day_955C/[district]day_955C_160.json",
            "id": 0
        },
        {
            "time_step": 2,
            "original_data_path": "/content/drive/Othercomputers/\ub0b4 \ub178\ud2b8\ubd81/Forked_Models/Validation/Validation/_\ub77c\ubca8_General_val_C/district/3. \ud6c4\ubc29 \ubc29\ud5a5 \uc774\ubbf8\uc9c0/[district]day_955C/[district]day_955C_165.json",
            "id": 0
        },
        {
            "time_step": 3,
            "original_data_path": "/content/drive/Othercomputers/\ub0b4 \ub178\ud2b8\ubd81/Forked_Models/Validation/Validation/_\ub77c\ubca8_General_val_C/district/3. \ud6c4\ubc29 \ubc29\ud5a5 \uc774\ubbf8\uc9c0/[district]day_955C/[district]day_955C_170.json",
            "id": 0
        }
    ],
    "label": 1
}