{
    "data": [
        [
            0.41770833333333335,
            0.46574074074074073,
            -0.007291666666666696,
            -0.05277777777777776,
            0.041145833333333326,
            0.005555555555555536,
            -0.03229166666666666,
            0.050925925925925986
        ],
        [
            0.39947916666666666,
            0.4888888888888889,
            -0.002083333333333326,
            -0.037037037037037035,
            0.036979166666666674,
            0.021296296296296313,
            -0.027604166666666652,
            0.05185185185185187
        ],
        [
            0.38645833333333335,
            0.4722222222222222,
            -0.004687500000000011,
            -0.031481481481481444,
            0.03489583333333329,
            0.017592592592592604,
            -0.027604166666666707,
            0.04166666666666663
        ]
    ],
    "original_data": [
        {
            "time_step": 1,
            "original_data_path": "/content/drive/Othercomputers/\ub0b4 \ub178\ud2b8\ubd81/Forked_Models/Validation/Validation/_\ub77c\ubca8_General_val_C/district/3. \ud6c4\ubc29 \ubc29\ud5a5 \uc774\ubbf8\uc9c0/[district]morning_1119C/[district]morning_1119C_270.json",
            "id": 4
        },
        {
            "time_step": 2,
            "original_data_path": "/content/drive/Othercomputers/\ub0b4 \ub178\ud2b8\ubd81/Forked_Models/Validation/Validation/_\ub77c\ubca8_General_val_C/district/3. \ud6c4\ubc29 \ubc29\ud5a5 \uc774\ubbf8\uc9c0/[district]morning_1119C/[district]morning_1119C_275.json",
            "id": 4
        },
        {
            "time_step": 3,
            "original_data_path": "/content/drive/Othercomputers/\ub0b4 \ub178\ud2b8\ubd81/Forked_Models/Validation/Validation/_\ub77c\ubca8_General_val_C/district/3. \ud6c4\ubc29 \ubc29\ud5a5 \uc774\ubbf8\uc9c0/[district]morning_1119C/[district]morning_1119C_280.json",
            "id": 4
        }
    ],
    "label": 1
}