{
    "data": [
        [
            0.3723958333333333,
            0.33611111111111114,
            -0.013020833333333315,
            -0.03888888888888892,
            0.01614583333333336,
            0.0018518518518518268,
            -0.0036458333333332926,
            0.0537037037037037
        ],
        [
            0.3182291666666667,
            0.34074074074074073,
            -0.010416666666666685,
            -0.02777777777777779,
            0.03229166666666666,
            0.02777777777777779,
            -0.012500000000000011,
            0.08055555555555555
        ],
        [
            0.2760416666666667,
            0.34074074074074073,
            -0.011458333333333348,
            -0.025925925925925908,
            0.03854166666666664,
            0.03425925925925927,
            -0.011979166666666707,
            0.08796296296296297
        ]
    ],
    "original_data": [
        {
            "time_step": 1,
            "original_data_path": "/content/drive/Othercomputers/\ub0b4 \ub178\ud2b8\ubd81/Forked_Models/Validation/Validation/_\ub77c\ubca8_General_val_C/district/3. \ud6c4\ubc29 \ubc29\ud5a5 \uc774\ubbf8\uc9c0/[district]night_620C/[district]night_620C_285.json",
            "id": 4
        },
        {
            "time_step": 2,
            "original_data_path": "/content/drive/Othercomputers/\ub0b4 \ub178\ud2b8\ubd81/Forked_Models/Validation/Validation/_\ub77c\ubca8_General_val_C/district/3. \ud6c4\ubc29 \ubc29\ud5a5 \uc774\ubbf8\uc9c0/[district]night_620C/[district]night_620C_290.json",
            "id": 4
        },
        {
            "time_step": 3,
            "original_data_path": "/content/drive/Othercomputers/\ub0b4 \ub178\ud2b8\ubd81/Forked_Models/Validation/Validation/_\ub77c\ubca8_General_val_C/district/3. \ud6c4\ubc29 \ubc29\ud5a5 \uc774\ubbf8\uc9c0/[district]night_620C/[district]night_620C_295.json",
            "id": 4
        }
    ],
    "label": 1
}