{
    "data": [
        [
            0.5,
            0.37777777777777777,
            -0.017187500000000022,
            -0.02777777777777779,
            0.019791666666666652,
            0.0,
            0.0031250000000000444,
            0.05925925925925929
        ],
        [
            0.4869791666666667,
            0.412962962962963,
            -0.012500000000000011,
            -0.029629629629629617,
            0.015624999999999944,
            -0.003703703703703709,
            -0.006770833333333337,
            0.04166666666666663
        ],
        [
            0.45677083333333335,
            0.43425925925925923,
            -0.010937499999999989,
            -0.03425925925925921,
            0.027604166666666652,
            -0.012037037037037013,
            -0.005729166666666674,
            0.030555555555555558
        ]
    ],
    "original_data": [
        {
            "time_step": 1,
            "original_data_path": "/content/drive/Othercomputers/\ub0b4 \ub178\ud2b8\ubd81/Forked_Models/Validation/Validation/_\ub77c\ubca8_General_val_C/district/3. \ud6c4\ubc29 \ubc29\ud5a5 \uc774\ubbf8\uc9c0/[district]attend_1124C/[district]attend_1124C_295.json",
            "id": 1
        },
        {
            "time_step": 2,
            "original_data_path": "/content/drive/Othercomputers/\ub0b4 \ub178\ud2b8\ubd81/Forked_Models/Validation/Validation/_\ub77c\ubca8_General_val_C/district/3. \ud6c4\ubc29 \ubc29\ud5a5 \uc774\ubbf8\uc9c0/[district]attend_1124C/[district]attend_1124C_300.json",
            "id": 1
        },
        {
            "time_step": 3,
            "original_data_path": "/content/drive/Othercomputers/\ub0b4 \ub178\ud2b8\ubd81/Forked_Models/Validation/Validation/_\ub77c\ubca8_General_val_C/district/3. \ud6c4\ubc29 \ubc29\ud5a5 \uc774\ubbf8\uc9c0/[district]attend_1124C/[district]attend_1124C_305.json",
            "id": 1
        }
    ],
    "label": 1
}