{
    "data": [
        [
            0.42135416666666664,
            0.49074074074074076,
            -0.0078125,
            -0.0768518518518519,
            0.010937500000000044,
            -0.037037037037037035,
            0.014062500000000033,
            0.06944444444444448
        ],
        [
            0.42239583333333336,
            0.49166666666666664,
            -0.008854166666666718,
            -0.07777777777777778,
            0.01510416666666664,
            -0.03796296296296292,
            0.01510416666666664,
            0.07129629629629636
        ],
        [
            0.4234375,
            0.49166666666666664,
            -0.00520833333333337,
            -0.07499999999999996,
            0.016666666666666663,
            -0.037037037037037035,
            0.011458333333333293,
            0.0851851851851852
        ]
    ],
    "original_data": [
        {
            "time_step": 1,
            "original_data_path": "/content/drive/Othercomputers/\ub0b4 \ub178\ud2b8\ubd81/Forked_Models/Validation/Validation/_\ub77c\ubca8_General_val_C/district/3. \ud6c4\ubc29 \ubc29\ud5a5 \uc774\ubbf8\uc9c0/[district]leave_485C/[district]leave_485C_5.json",
            "id": 3
        },
        {
            "time_step": 2,
            "original_data_path": "/content/drive/Othercomputers/\ub0b4 \ub178\ud2b8\ubd81/Forked_Models/Validation/Validation/_\ub77c\ubca8_General_val_C/district/3. \ud6c4\ubc29 \ubc29\ud5a5 \uc774\ubbf8\uc9c0/[district]leave_485C/[district]leave_485C_10.json",
            "id": 3
        },
        {
            "time_step": 3,
            "original_data_path": "/content/drive/Othercomputers/\ub0b4 \ub178\ud2b8\ubd81/Forked_Models/Validation/Validation/_\ub77c\ubca8_General_val_C/district/3. \ud6c4\ubc29 \ubc29\ud5a5 \uc774\ubbf8\uc9c0/[district]leave_485C/[district]leave_485C_15.json",
            "id": 3
        }
    ],
    "label": 1
}