{
    "data": [
        [
            0.28020833333333334,
            0.3962962962962963,
            -0.008854166666666663,
            -0.025925925925925963,
            0.029166666666666674,
            0.005555555555555536,
            0.003645833333333348,
            0.08518518518518514
        ],
        [
            0.246875,
            0.3888888888888889,
            -0.006770833333333337,
            -0.02314814814814814,
            0.03854166666666664,
            0.012962962962962954,
            0.007291666666666641,
            0.07222222222222224
        ],
        [
            0.21979166666666666,
            0.4203703703703704,
            -0.0036458333333333204,
            -0.02685185185185185,
            0.036458333333333315,
            0.005555555555555536,
            -0.0036458333333333204,
            0.05277777777777776
        ]
    ],
    "original_data": [
        {
            "time_step": 1,
            "original_data_path": "/content/drive/Othercomputers/\ub0b4 \ub178\ud2b8\ubd81/Forked_Models/Validation/Validation/_\ub77c\ubca8_General_val_C/district/3. \ud6c4\ubc29 \ubc29\ud5a5 \uc774\ubbf8\uc9c0/[district]day_570C/[district]day_570C_305.json",
            "id": 1
        },
        {
            "time_step": 2,
            "original_data_path": "/content/drive/Othercomputers/\ub0b4 \ub178\ud2b8\ubd81/Forked_Models/Validation/Validation/_\ub77c\ubca8_General_val_C/district/3. \ud6c4\ubc29 \ubc29\ud5a5 \uc774\ubbf8\uc9c0/[district]day_570C/[district]day_570C_310.json",
            "id": 1
        },
        {
            "time_step": 3,
            "original_data_path": "/content/drive/Othercomputers/\ub0b4 \ub178\ud2b8\ubd81/Forked_Models/Validation/Validation/_\ub77c\ubca8_General_val_C/district/3. \ud6c4\ubc29 \ubc29\ud5a5 \uc774\ubbf8\uc9c0/[district]day_570C/[district]day_570C_315.json",
            "id": 1
        }
    ],
    "label": 1
}