{
    "data": [
        [
            0.49270833333333336,
            0.21574074074074073,
            -0.012500000000000011,
            -0.07685185185185184,
            0.04375000000000001,
            -0.014814814814814808,
            0.021874999999999922,
            0.0537037037037037
        ],
        [
            0.4895833333333333,
            0.2064814814814815,
            -0.01041666666666663,
            -0.05833333333333335,
            0.046875000000000056,
            -0.0018518518518518545,
            0.024999999999999967,
            0.06574074074074071
        ],
        [
            0.484375,
            0.2175925925925926,
            -0.020833333333333315,
            -0.0712962962962963,
            0.03802083333333328,
            -0.009259259259259245,
            0.02604166666666663,
            0.05092592592592596
        ]
    ],
    "original_data": [
        {
            "time_step": 1,
            "original_data_path": "/content/drive/Othercomputers/\ub0b4 \ub178\ud2b8\ubd81/Forked_Models/Validation/Validation/_\ub77c\ubca8_General_val_C/district/3. \ud6c4\ubc29 \ubc29\ud5a5 \uc774\ubbf8\uc9c0/[district]morning_071C/[district]morning_071C_4.json",
            "id": 0
        },
        {
            "time_step": 2,
            "original_data_path": "/content/drive/Othercomputers/\ub0b4 \ub178\ud2b8\ubd81/Forked_Models/Validation/Validation/_\ub77c\ubca8_General_val_C/district/3. \ud6c4\ubc29 \ubc29\ud5a5 \uc774\ubbf8\uc9c0/[district]morning_071C/[district]morning_071C_6.json",
            "id": 0
        },
        {
            "time_step": 3,
            "original_data_path": "/content/drive/Othercomputers/\ub0b4 \ub178\ud2b8\ubd81/Forked_Models/Validation/Validation/_\ub77c\ubca8_General_val_C/district/3. \ud6c4\ubc29 \ubc29\ud5a5 \uc774\ubbf8\uc9c0/[district]morning_071C/[district]morning_071C_8.json",
            "id": 0
        }
    ],
    "label": 1
}