{
    "data": [
        [
            0.3927083333333333,
            0.5111111111111111,
            -0.009895833333333326,
            -0.08888888888888885,
            0.02656249999999999,
            -0.01851851851851849,
            -0.014062499999999978,
            0.06759259259259265
        ],
        [
            0.3927083333333333,
            0.5111111111111111,
            -0.009895833333333326,
            -0.08888888888888885,
            0.030208333333333337,
            0.0185185185185186,
            0.012500000000000011,
            0.07962962962962972
        ],
        [
            0.3927083333333333,
            0.5111111111111111,
            -0.009895833333333326,
            -0.08888888888888885,
            0.030208333333333337,
            0.0185185185185186,
            0.012500000000000011,
            0.07962962962962972
        ]
    ],
    "original_data": [
        {
            "time_step": 1,
            "original_data_path": "/content/drive/Othercomputers/\ub0b4 \ub178\ud2b8\ubd81/Forked_Models/Validation/Validation/_\ub77c\ubca8_General_val_C/district/3. \ud6c4\ubc29 \ubc29\ud5a5 \uc774\ubbf8\uc9c0/[district]attend_533C/[district]attend_533C_210.json",
            "id": 4
        },
        {
            "time_step": 2,
            "original_data_path": "/content/drive/Othercomputers/\ub0b4 \ub178\ud2b8\ubd81/Forked_Models/Validation/Validation/_\ub77c\ubca8_General_val_C/district/3. \ud6c4\ubc29 \ubc29\ud5a5 \uc774\ubbf8\uc9c0/[district]attend_533C/[district]attend_533C_215.json",
            "id": 4
        },
        {
            "time_step": 3,
            "original_data_path": "/content/drive/Othercomputers/\ub0b4 \ub178\ud2b8\ubd81/Forked_Models/Validation/Validation/_\ub77c\ubca8_General_val_C/district/3. \ud6c4\ubc29 \ubc29\ud5a5 \uc774\ubbf8\uc9c0/[district]attend_533C/[district]attend_533C_220.json",
            "id": 4
        }
    ],
    "label": 1
}