{
    "data": [
        [
            0.5635416666666667,
            0.22407407407407406,
            -0.002083333333333437,
            -0.028703703703703703,
            -0.022916666666666696,
            0.01203703703703704,
            0.0234375,
            0.006481481481481505
        ],
        [
            0.5635416666666667,
            0.22407407407407406,
            -0.002083333333333437,
            -0.028703703703703703,
            -0.022916666666666696,
            0.01203703703703704,
            0.0234375,
            0.006481481481481505
        ],
        [
            0.5682291666666667,
            0.22037037037037038,
            -0.0015625000000000222,
            -0.026851851851851877,
            -0.027604166666666652,
            0.015740740740740722,
            0.022916666666666696,
            0.012962962962962954
        ]
    ],
    "original_data": [
        {
            "time_step": 1,
            "original_data_path": "/content/drive/Othercomputers/\ub0b4 \ub178\ud2b8\ubd81/Forked_Models/Validation/Validation/_\ub77c\ubca8_General_val_C/district/3. \ud6c4\ubc29 \ubc29\ud5a5 \uc774\ubbf8\uc9c0/[district]attend_044C/[district]attend_044C_44.json",
            "id": 1
        },
        {
            "time_step": 2,
            "original_data_path": "/content/drive/Othercomputers/\ub0b4 \ub178\ud2b8\ubd81/Forked_Models/Validation/Validation/_\ub77c\ubca8_General_val_C/district/3. \ud6c4\ubc29 \ubc29\ud5a5 \uc774\ubbf8\uc9c0/[district]attend_044C/[district]attend_044C_46.json",
            "id": 1
        },
        {
            "time_step": 3,
            "original_data_path": "/content/drive/Othercomputers/\ub0b4 \ub178\ud2b8\ubd81/Forked_Models/Validation/Validation/_\ub77c\ubca8_General_val_C/district/3. \ud6c4\ubc29 \ubc29\ud5a5 \uc774\ubbf8\uc9c0/[district]attend_044C/[district]attend_044C_48.json",
            "id": 1
        }
    ],
    "label": 1
}