{
    "data": [
        [
            0.5182291666666666,
            0.2490740740740741,
            -0.02552083333333327,
            -0.049074074074074076,
            -0.011458333333333348,
            0.07685185185185187,
            0.04427083333333337,
            0.04166666666666666
        ],
        [
            0.565625,
            0.2388888888888889,
            -0.01822916666666674,
            -0.0601851851851852,
            -0.008333333333333415,
            0.06111111111111109,
            0.05624999999999991,
            0.03981481481481483
        ],
        [
            0.6151041666666667,
            0.22037037037037038,
            -0.017708333333333326,
            -0.0740740740740741,
            -0.03385416666666663,
            0.06574074074074071,
            0.048958333333333326,
            0.04907407407407405
        ]
    ],
    "original_data": [
        {
            "time_step": 1,
            "original_data_path": "/content/drive/Othercomputers/\ub0b4 \ub178\ud2b8\ubd81/Forked_Models/Validation/Validation/_\ub77c\ubca8_General_val_C/district/3. \ud6c4\ubc29 \ubc29\ud5a5 \uc774\ubbf8\uc9c0/[district]attend_057C/[district]attend_057C_34.json",
            "id": 3
        },
        {
            "time_step": 2,
            "original_data_path": "/content/drive/Othercomputers/\ub0b4 \ub178\ud2b8\ubd81/Forked_Models/Validation/Validation/_\ub77c\ubca8_General_val_C/district/3. \ud6c4\ubc29 \ubc29\ud5a5 \uc774\ubbf8\uc9c0/[district]attend_057C/[district]attend_057C_36.json",
            "id": 3
        },
        {
            "time_step": 3,
            "original_data_path": "/content/drive/Othercomputers/\ub0b4 \ub178\ud2b8\ubd81/Forked_Models/Validation/Validation/_\ub77c\ubca8_General_val_C/district/3. \ud6c4\ubc29 \ubc29\ud5a5 \uc774\ubbf8\uc9c0/[district]attend_057C/[district]attend_057C_38.json",
            "id": 3
        }
    ],
    "label": 1
}