{
    "data": [
        [
            0.6473958333333333,
            0.49722222222222223,
            0.004166666666666763,
            -0.02777777777777779,
            -0.02239583333333328,
            0.0037037037037036535,
            0.019791666666666763,
            0.028703703703703676
        ],
        [
            0.6427083333333333,
            0.5018518518518519,
            0.006249999999999978,
            -0.018518518518518545,
            -0.017708333333333326,
            -0.0009259259259259967,
            0.02447916666666672,
            0.024074074074074026
        ],
        [
            0.6421875,
            0.5009259259259259,
            0.003645833333333348,
            -0.024999999999999967,
            -0.017187500000000022,
            0.0,
            0.025000000000000022,
            0.025000000000000022
        ]
    ],
    "original_data": [
        {
            "time_step": 1,
            "original_data_path": "/content/drive/Othercomputers/\ub0b4 \ub178\ud2b8\ubd81/Forked_Models/Validation/Validation/_\ub77c\ubca8_General_val_C/district/3. \ud6c4\ubc29 \ubc29\ud5a5 \uc774\ubbf8\uc9c0/[district]night_623C/[district]night_623C_380.json",
            "id": 4
        },
        {
            "time_step": 2,
            "original_data_path": "/content/drive/Othercomputers/\ub0b4 \ub178\ud2b8\ubd81/Forked_Models/Validation/Validation/_\ub77c\ubca8_General_val_C/district/3. \ud6c4\ubc29 \ubc29\ud5a5 \uc774\ubbf8\uc9c0/[district]night_623C/[district]night_623C_385.json",
            "id": 4
        },
        {
            "time_step": 3,
            "original_data_path": "/content/drive/Othercomputers/\ub0b4 \ub178\ud2b8\ubd81/Forked_Models/Validation/Validation/_\ub77c\ubca8_General_val_C/district/3. \ud6c4\ubc29 \ubc29\ud5a5 \uc774\ubbf8\uc9c0/[district]night_623C/[district]night_623C_390.json",
            "id": 4
        }
    ],
    "label": 1
}