{
    "data": [
        [
            0.6119791666666666,
            0.3962962962962963,
            -0.010937499999999933,
            -0.04814814814814816,
            -0.008854166666666607,
            -0.002777777777777768,
            0.016145833333333415,
            0.04629629629629628
        ],
        [
            0.5880208333333333,
            0.3972222222222222,
            -0.0067708333333332815,
            -0.03888888888888886,
            -0.0015625000000000222,
            0.025000000000000022,
            0.025520833333333326,
            0.06574074074074077
        ],
        [
            0.5880208333333333,
            0.3972222222222222,
            -0.0067708333333332815,
            -0.03888888888888886,
            -0.005729166666666674,
            -0.0037037037037036535,
            -0.009375000000000022,
            0.03425925925925927
        ]
    ],
    "original_data": [
        {
            "time_step": 1,
            "original_data_path": "/content/drive/Othercomputers/\ub0b4 \ub178\ud2b8\ubd81/Forked_Models/Validation/Validation/_\ub77c\ubca8_General_val_C/district/3. \ud6c4\ubc29 \ubc29\ud5a5 \uc774\ubbf8\uc9c0/[district]day_570C/[district]day_570C_215.json",
            "id": 1
        },
        {
            "time_step": 2,
            "original_data_path": "/content/drive/Othercomputers/\ub0b4 \ub178\ud2b8\ubd81/Forked_Models/Validation/Validation/_\ub77c\ubca8_General_val_C/district/3. \ud6c4\ubc29 \ubc29\ud5a5 \uc774\ubbf8\uc9c0/[district]day_570C/[district]day_570C_220.json",
            "id": 1
        },
        {
            "time_step": 3,
            "original_data_path": "/content/drive/Othercomputers/\ub0b4 \ub178\ud2b8\ubd81/Forked_Models/Validation/Validation/_\ub77c\ubca8_General_val_C/district/3. \ud6c4\ubc29 \ubc29\ud5a5 \uc774\ubbf8\uc9c0/[district]day_570C/[district]day_570C_225.json",
            "id": 1
        }
    ],
    "label": 1
}