{
    "data": [
        [
            0.4078125,
            0.7546296296296297,
            -0.007291666666666696,
            -0.0796296296296296,
            0.09947916666666667,
            0.10648148148148151,
            -0.07187500000000002,
            0.125
        ],
        [
            0.4,
            0.6416666666666667,
            -0.011979166666666707,
            -0.06851851851851853,
            0.09322916666666664,
            0.07129629629629619,
            -0.06875000000000003,
            0.13796296296296295
        ],
        [
            0.4078125,
            0.5990740740740741,
            -0.017187500000000022,
            -0.06481481481481488,
            0.07447916666666665,
            0.025000000000000022,
            -0.04062500000000002,
            0.15740740740740744
        ]
    ],
    "original_data": [
        {
            "time_step": 1,
            "original_data_path": "/content/drive/Othercomputers/\ub0b4 \ub178\ud2b8\ubd81/Forked_Models/Validation/Validation/_\ub77c\ubca8_General_val_C/district/3. \ud6c4\ubc29 \ubc29\ud5a5 \uc774\ubbf8\uc9c0/[district]night_632C/[district]night_632C_200.json",
            "id": 3
        },
        {
            "time_step": 2,
            "original_data_path": "/content/drive/Othercomputers/\ub0b4 \ub178\ud2b8\ubd81/Forked_Models/Validation/Validation/_\ub77c\ubca8_General_val_C/district/3. \ud6c4\ubc29 \ubc29\ud5a5 \uc774\ubbf8\uc9c0/[district]night_632C/[district]night_632C_205.json",
            "id": 3
        },
        {
            "time_step": 3,
            "original_data_path": "/content/drive/Othercomputers/\ub0b4 \ub178\ud2b8\ubd81/Forked_Models/Validation/Validation/_\ub77c\ubca8_General_val_C/district/3. \ud6c4\ubc29 \ubc29\ud5a5 \uc774\ubbf8\uc9c0/[district]night_632C/[district]night_632C_210.json",
            "id": 3
        }
    ],
    "label": 1
}