{
    "data": [
        [
            0.465625,
            0.3194444444444444,
            -0.009895833333333326,
            -0.04629629629629628,
            -0.0234375,
            0.017592592592592604,
            0.030208333333333337,
            0.05277777777777781
        ],
        [
            0.4354166666666667,
            0.31574074074074077,
            -0.011458333333333348,
            -0.037962962962962976,
            -0.010937499999999989,
            0.036111111111111094,
            0.025520833333333326,
            0.07499999999999996
        ],
        [
            0.4,
            0.3287037037037037,
            -0.015625,
            -0.040740740740740744,
            -0.0020833333333333814,
            0.01481481481481478,
            0.015625,
            0.055555555555555525
        ]
    ],
    "original_data": [
        {
            "time_step": 1,
            "original_data_path": "/content/drive/Othercomputers/\ub0b4 \ub178\ud2b8\ubd81/Forked_Models/Validation/Validation/_\ub77c\ubca8_General_val_C/district/3. \ud6c4\ubc29 \ubc29\ud5a5 \uc774\ubbf8\uc9c0/[district]night_620C/[district]night_620C_270.json",
            "id": 4
        },
        {
            "time_step": 2,
            "original_data_path": "/content/drive/Othercomputers/\ub0b4 \ub178\ud2b8\ubd81/Forked_Models/Validation/Validation/_\ub77c\ubca8_General_val_C/district/3. \ud6c4\ubc29 \ubc29\ud5a5 \uc774\ubbf8\uc9c0/[district]night_620C/[district]night_620C_275.json",
            "id": 4
        },
        {
            "time_step": 3,
            "original_data_path": "/content/drive/Othercomputers/\ub0b4 \ub178\ud2b8\ubd81/Forked_Models/Validation/Validation/_\ub77c\ubca8_General_val_C/district/3. \ud6c4\ubc29 \ubc29\ud5a5 \uc774\ubbf8\uc9c0/[district]night_620C/[district]night_620C_280.json",
            "id": 4
        }
    ],
    "label": 1
}