{
    "data": [
        [
            0.6541666666666667,
            0.1925925925925926,
            -0.0031250000000000444,
            -0.024999999999999994,
            -0.017187500000000022,
            0.02407407407407408,
            0.027604166666666652,
            0.012962962962962954
        ],
        [
            0.646875,
            0.20092592592592592,
            -0.0005208333333333037,
            -0.029629629629629617,
            -0.017187500000000022,
            0.016666666666666663,
            0.027604166666666652,
            0.01203703703703704
        ],
        [
            0.6489583333333333,
            0.20185185185185187,
            -0.0010416666666666075,
            -0.030555555555555558,
            -0.019270833333333348,
            0.020370370370370344,
            0.02864583333333337,
            0.01944444444444443
        ]
    ],
    "original_data": [
        {
            "time_step": 1,
            "original_data_path": "/content/drive/Othercomputers/\ub0b4 \ub178\ud2b8\ubd81/Forked_Models/Validation/Validation/_\ub77c\ubca8_General_val_C/district/3. \ud6c4\ubc29 \ubc29\ud5a5 \uc774\ubbf8\uc9c0/[district]day_949C/[district]day_949C_45.json",
            "id": 3
        },
        {
            "time_step": 2,
            "original_data_path": "/content/drive/Othercomputers/\ub0b4 \ub178\ud2b8\ubd81/Forked_Models/Validation/Validation/_\ub77c\ubca8_General_val_C/district/3. \ud6c4\ubc29 \ubc29\ud5a5 \uc774\ubbf8\uc9c0/[district]day_949C/[district]day_949C_50.json",
            "id": 3
        },
        {
            "time_step": 3,
            "original_data_path": "/content/drive/Othercomputers/\ub0b4 \ub178\ud2b8\ubd81/Forked_Models/Validation/Validation/_\ub77c\ubca8_General_val_C/district/3. \ud6c4\ubc29 \ubc29\ud5a5 \uc774\ubbf8\uc9c0/[district]day_949C/[district]day_949C_55.json",
            "id": 3
        }
    ],
    "label": 1
}