{
    "data": [
        [
            0.5270833333333333,
            0.537962962962963,
            -0.016145833333333304,
            -0.037962962962962976,
            0.05364583333333328,
            -0.014814814814814836,
            -0.008333333333333304,
            0.15000000000000002
        ],
        [
            0.5208333333333334,
            0.537962962962963,
            -0.015625,
            -0.037962962962962976,
            0.055208333333333304,
            -0.017592592592592604,
            -0.02447916666666672,
            0.1777777777777778
        ],
        [
            0.5104166666666666,
            0.5361111111111111,
            -0.0078125,
            -0.036111111111111094,
            0.06145833333333339,
            -0.015740740740740722,
            -0.016145833333333304,
            0.1796296296296297
        ]
    ],
    "original_data": [
        {
            "time_step": 1,
            "original_data_path": "/content/drive/Othercomputers/\ub0b4 \ub178\ud2b8\ubd81/Forked_Models/Validation/Validation/_\ub77c\ubca8_General_val_C/district/3. \ud6c4\ubc29 \ubc29\ud5a5 \uc774\ubbf8\uc9c0/[district]day_570C/[district]day_570C_65.json",
            "id": 2
        },
        {
            "time_step": 2,
            "original_data_path": "/content/drive/Othercomputers/\ub0b4 \ub178\ud2b8\ubd81/Forked_Models/Validation/Validation/_\ub77c\ubca8_General_val_C/district/3. \ud6c4\ubc29 \ubc29\ud5a5 \uc774\ubbf8\uc9c0/[district]day_570C/[district]day_570C_70.json",
            "id": 2
        },
        {
            "time_step": 3,
            "original_data_path": "/content/drive/Othercomputers/\ub0b4 \ub178\ud2b8\ubd81/Forked_Models/Validation/Validation/_\ub77c\ubca8_General_val_C/district/3. \ud6c4\ubc29 \ubc29\ud5a5 \uc774\ubbf8\uc9c0/[district]day_570C/[district]day_570C_75.json",
            "id": 2
        }
    ],
    "label": 1
}