{
    "data": [
        [
            0.64375,
            0.18425925925925926,
            -0.009895833333333326,
            -0.045370370370370366,
            -0.0067708333333333925,
            0.052777777777777785,
            0.009895833333333326,
            0.037037037037037035
        ],
        [
            0.634375,
            0.18703703703703703,
            -0.012500000000000067,
            -0.037037037037037035,
            0.0026041666666666297,
            0.03425925925925927,
            -0.02864583333333337,
            0.05740740740740741
        ],
        [
            0.603125,
            0.17407407407407408,
            -0.0031250000000000444,
            -0.037037037037037035,
            0.016145833333333304,
            0.0398148148148148,
            -0.029687499999999978,
            0.04629629629629631
        ]
    ],
    "original_data": [
        {
            "time_step": 1,
            "original_data_path": "/content/drive/Othercomputers/\ub0b4 \ub178\ud2b8\ubd81/Forked_Models/Validation/Validation/_\ub77c\ubca8_General_val_C/district/3. \ud6c4\ubc29 \ubc29\ud5a5 \uc774\ubbf8\uc9c0/[district]day_975C/[district]day_975C_190.json",
            "id": 0
        },
        {
            "time_step": 2,
            "original_data_path": "/content/drive/Othercomputers/\ub0b4 \ub178\ud2b8\ubd81/Forked_Models/Validation/Validation/_\ub77c\ubca8_General_val_C/district/3. \ud6c4\ubc29 \ubc29\ud5a5 \uc774\ubbf8\uc9c0/[district]day_975C/[district]day_975C_195.json",
            "id": 0
        },
        {
            "time_step": 3,
            "original_data_path": "/content/drive/Othercomputers/\ub0b4 \ub178\ud2b8\ubd81/Forked_Models/Validation/Validation/_\ub77c\ubca8_General_val_C/district/3. \ud6c4\ubc29 \ubc29\ud5a5 \uc774\ubbf8\uc9c0/[district]day_975C/[district]day_975C_200.json",
            "id": 0
        }
    ],
    "label": 1
}