{
    "data": [
        [
            0.3359375,
            0.4685185185185185,
            -0.011458333333333348,
            -0.051851851851851816,
            -0.025520833333333326,
            0.005555555555555591,
            0.033333333333333326,
            0.05462962962962964
        ],
        [
            0.3359375,
            0.4685185185185185,
            -0.011458333333333348,
            -0.051851851851851816,
            -0.025520833333333326,
            0.005555555555555591,
            0.033333333333333326,
            0.05462962962962964
        ],
        [
            0.3359375,
            0.4685185185185185,
            -0.011458333333333348,
            -0.051851851851851816,
            -0.017187500000000022,
            0.0092592592592593,
            0.033333333333333326,
            0.05462962962962964
        ]
    ],
    "original_data": [
        {
            "time_step": 1,
            "original_data_path": "/content/drive/Othercomputers/\ub0b4 \ub178\ud2b8\ubd81/Forked_Models/Validation/Validation/_\ub77c\ubca8_General_val_C/district/3. \ud6c4\ubc29 \ubc29\ud5a5 \uc774\ubbf8\uc9c0/[district]attend_548C/[district]attend_548C_45.json",
            "id": 3
        },
        {
            "time_step": 2,
            "original_data_path": "/content/drive/Othercomputers/\ub0b4 \ub178\ud2b8\ubd81/Forked_Models/Validation/Validation/_\ub77c\ubca8_General_val_C/district/3. \ud6c4\ubc29 \ubc29\ud5a5 \uc774\ubbf8\uc9c0/[district]attend_548C/[district]attend_548C_50.json",
            "id": 3
        },
        {
            "time_step": 3,
            "original_data_path": "/content/drive/Othercomputers/\ub0b4 \ub178\ud2b8\ubd81/Forked_Models/Validation/Validation/_\ub77c\ubca8_General_val_C/district/3. \ud6c4\ubc29 \ubc29\ud5a5 \uc774\ubbf8\uc9c0/[district]attend_548C/[district]attend_548C_55.json",
            "id": 3
        }
    ],
    "label": 1
}