{
    "data": [
        [
            0.39791666666666664,
            0.3907407407407407,
            -0.015625,
            -0.036111111111111094,
            0.022916666666666696,
            0.01296296296296301,
            0.0015625000000000222,
            0.05740740740740741
        ],
        [
            0.378125,
            0.38796296296296295,
            -0.015625,
            -0.033333333333333326,
            0.019791666666666652,
            0.015740740740740777,
            0.0,
            0.08981481481481485
        ],
        [
            0.3489583333333333,
            0.3990740740740741,
            -0.016145833333333304,
            -0.029629629629629617,
            0.030729166666666696,
            0.009259259259259245,
            -0.0015624999999999667,
            0.08240740740740737
        ]
    ],
    "original_data": [
        {
            "time_step": 1,
            "original_data_path": "/content/drive/Othercomputers/\ub0b4 \ub178\ud2b8\ubd81/Forked_Models/Validation/Validation/_\ub77c\ubca8_General_val_C/district/3. \ud6c4\ubc29 \ubc29\ud5a5 \uc774\ubbf8\uc9c0/[district]leave_438C/[district]leave_438C_270.json",
            "id": 0
        },
        {
            "time_step": 2,
            "original_data_path": "/content/drive/Othercomputers/\ub0b4 \ub178\ud2b8\ubd81/Forked_Models/Validation/Validation/_\ub77c\ubca8_General_val_C/district/3. \ud6c4\ubc29 \ubc29\ud5a5 \uc774\ubbf8\uc9c0/[district]leave_438C/[district]leave_438C_275.json",
            "id": 0
        },
        {
            "time_step": 3,
            "original_data_path": "/content/drive/Othercomputers/\ub0b4 \ub178\ud2b8\ubd81/Forked_Models/Validation/Validation/_\ub77c\ubca8_General_val_C/district/3. \ud6c4\ubc29 \ubc29\ud5a5 \uc774\ubbf8\uc9c0/[district]leave_438C/[district]leave_438C_280.json",
            "id": 0
        }
    ],
    "label": 1
}