{
    "data": [
        [
            0.5677083333333334,
            0.2361111111111111,
            -0.008854166666666718,
            -0.03796296296296295,
            -0.011458333333333348,
            0.020370370370370372,
            0.029687499999999978,
            0.042592592592592626
        ],
        [
            0.5994791666666667,
            0.22962962962962963,
            -0.008854166666666718,
            -0.04351851851851851,
            -0.019791666666666652,
            0.01574074074074075,
            0.019791666666666652,
            0.045370370370370394
        ],
        [
            0.6104166666666667,
            0.225,
            -0.002083333333333437,
            -0.0314814814814815,
            -0.01041666666666674,
            0.028703703703703703,
            0.016145833333333304,
            0.04166666666666666
        ]
    ],
    "original_data": [
        {
            "time_step": 1,
            "original_data_path": "/content/drive/Othercomputers/\ub0b4 \ub178\ud2b8\ubd81/Forked_Models/Validation/Validation/_\ub77c\ubca8_General_val_C/district/3. \ud6c4\ubc29 \ubc29\ud5a5 \uc774\ubbf8\uc9c0/[district]attend_1048C/[district]attend_1048C_10.json",
            "id": 0
        },
        {
            "time_step": 2,
            "original_data_path": "/content/drive/Othercomputers/\ub0b4 \ub178\ud2b8\ubd81/Forked_Models/Validation/Validation/_\ub77c\ubca8_General_val_C/district/3. \ud6c4\ubc29 \ubc29\ud5a5 \uc774\ubbf8\uc9c0/[district]attend_1048C/[district]attend_1048C_15.json",
            "id": 0
        },
        {
            "time_step": 3,
            "original_data_path": "/content/drive/Othercomputers/\ub0b4 \ub178\ud2b8\ubd81/Forked_Models/Validation/Validation/_\ub77c\ubca8_General_val_C/district/3. \ud6c4\ubc29 \ubc29\ud5a5 \uc774\ubbf8\uc9c0/[district]attend_1048C/[district]attend_1048C_20.json",
            "id": 0
        }
    ],
    "label": 1
}