{
    "data": [
        [
            0.4354166666666667,
            0.512962962962963,
            -0.033854166666666685,
            -0.05277777777777776,
            0.033333333333333326,
            -0.013888888888888895,
            -0.027604166666666652,
            0.09166666666666667
        ],
        [
            0.4041666666666667,
            0.5296296296296297,
            -0.027083333333333348,
            -0.0490740740740741,
            0.028645833333333315,
            -0.026851851851851904,
            -0.016666666666666663,
            0.06296296296296289
        ],
        [
            0.3807291666666667,
            0.5027777777777778,
            -0.0234375,
            -0.051851851851851816,
            0.024999999999999967,
            -0.037037037037037035,
            -0.036458333333333315,
            0.07499999999999996
        ]
    ],
    "original_data": [
        {
            "time_step": 1,
            "original_data_path": "/content/drive/Othercomputers/\ub0b4 \ub178\ud2b8\ubd81/Forked_Models/Validation/Validation/_\ub77c\ubca8_General_val_C/district/3. \ud6c4\ubc29 \ubc29\ud5a5 \uc774\ubbf8\uc9c0/[district]day_990C/[district]day_990C_285.json",
            "id": 4
        },
        {
            "time_step": 2,
            "original_data_path": "/content/drive/Othercomputers/\ub0b4 \ub178\ud2b8\ubd81/Forked_Models/Validation/Validation/_\ub77c\ubca8_General_val_C/district/3. \ud6c4\ubc29 \ubc29\ud5a5 \uc774\ubbf8\uc9c0/[district]day_990C/[district]day_990C_290.json",
            "id": 4
        },
        {
            "time_step": 3,
            "original_data_path": "/content/drive/Othercomputers/\ub0b4 \ub178\ud2b8\ubd81/Forked_Models/Validation/Validation/_\ub77c\ubca8_General_val_C/district/3. \ud6c4\ubc29 \ubc29\ud5a5 \uc774\ubbf8\uc9c0/[district]day_990C/[district]day_990C_295.json",
            "id": 4
        }
    ],
    "label": 1
}