{
    "data": [
        [
            0.5083333333333333,
            0.24722222222222223,
            0.002083333333333326,
            -0.0314814814814815,
            -0.01822916666666663,
            -0.0009259259259259411,
            0.034375000000000044,
            0.02685185185185185
        ],
        [
            0.5098958333333333,
            0.2462962962962963,
            0.0015625000000000222,
            -0.029629629629629617,
            -0.013541666666666674,
            0.0009259259259259411,
            0.03385416666666663,
            0.037037037037037035
        ],
        [
            0.51875,
            0.25092592592592594,
            0.005208333333333259,
            -0.037962962962962976,
            0.011979166666666652,
            -0.0009259259259259411,
            0.025520833333333326,
            0.032407407407407385
        ]
    ],
    "original_data": [
        {
            "time_step": 1,
            "original_data_path": "/content/drive/Othercomputers/\ub0b4 \ub178\ud2b8\ubd81/Forked_Models/Validation/Validation/_\ub77c\ubca8_General_val_C/district/3. \ud6c4\ubc29 \ubc29\ud5a5 \uc774\ubbf8\uc9c0/[district]day_608C/[district]day_608C_185.json",
            "id": 1
        },
        {
            "time_step": 2,
            "original_data_path": "/content/drive/Othercomputers/\ub0b4 \ub178\ud2b8\ubd81/Forked_Models/Validation/Validation/_\ub77c\ubca8_General_val_C/district/3. \ud6c4\ubc29 \ubc29\ud5a5 \uc774\ubbf8\uc9c0/[district]day_608C/[district]day_608C_190.json",
            "id": 1
        },
        {
            "time_step": 3,
            "original_data_path": "/content/drive/Othercomputers/\ub0b4 \ub178\ud2b8\ubd81/Forked_Models/Validation/Validation/_\ub77c\ubca8_General_val_C/district/3. \ud6c4\ubc29 \ubc29\ud5a5 \uc774\ubbf8\uc9c0/[district]day_608C/[district]day_608C_195.json",
            "id": 1
        }
    ],
    "label": 1
}