{
    "data": [
        [
            0.27291666666666664,
            0.3074074074074074,
            -0.0036458333333332926,
            -0.021296296296296313,
            0.02447916666666672,
            0.021296296296296313,
            -0.005208333333333315,
            0.040740740740740744
        ],
        [
            0.27447916666666666,
            0.30092592592592593,
            -0.003124999999999989,
            -0.016666666666666663,
            0.020833333333333315,
            0.025925925925925908,
            -0.003124999999999989,
            0.0398148148148148
        ],
        [
            0.27447916666666666,
            0.2833333333333333,
            0.001041666666666663,
            -0.01851851851851849,
            0.021874999999999978,
            0.02314814814814814,
            -0.007291666666666641,
            0.042592592592592626
        ]
    ],
    "original_data": [
        {
            "time_step": 1,
            "original_data_path": "/content/drive/Othercomputers/\ub0b4 \ub178\ud2b8\ubd81/Forked_Models/Validation/Validation/_\ub77c\ubca8_General_val_C/district/3. \ud6c4\ubc29 \ubc29\ud5a5 \uc774\ubbf8\uc9c0/[district]attend_057C/[district]attend_057C_172.json",
            "id": 1
        },
        {
            "time_step": 2,
            "original_data_path": "/content/drive/Othercomputers/\ub0b4 \ub178\ud2b8\ubd81/Forked_Models/Validation/Validation/_\ub77c\ubca8_General_val_C/district/3. \ud6c4\ubc29 \ubc29\ud5a5 \uc774\ubbf8\uc9c0/[district]attend_057C/[district]attend_057C_174.json",
            "id": 1
        },
        {
            "time_step": 3,
            "original_data_path": "/content/drive/Othercomputers/\ub0b4 \ub178\ud2b8\ubd81/Forked_Models/Validation/Validation/_\ub77c\ubca8_General_val_C/district/3. \ud6c4\ubc29 \ubc29\ud5a5 \uc774\ubbf8\uc9c0/[district]attend_057C/[district]attend_057C_176.json",
            "id": 1
        }
    ],
    "label": 1
}