{
    "data": [
        [
            0.5479166666666667,
            0.09074074074074075,
            -0.022916666666666696,
            -0.06018518518518519,
            -0.04114583333333344,
            0.06203703703703704,
            0.06979166666666659,
            0.04907407407407406
        ],
        [
            0.5182291666666666,
            0.1,
            -0.024479166666666607,
            -0.05462962962962963,
            -0.028645833333333315,
            0.05833333333333332,
            0.07291666666666674,
            0.044444444444444425
        ],
        [
            0.5208333333333334,
            0.1,
            -0.017187500000000022,
            -0.05092592592592593,
            -0.016145833333333415,
            0.06296296296296297,
            0.07656249999999998,
            0.0425925925925926
        ]
    ],
    "original_data": [
        {
            "time_step": 1,
            "original_data_path": "/content/drive/Othercomputers/\ub0b4 \ub178\ud2b8\ubd81/Forked_Models/Validation/Validation/_\ub77c\ubca8_General_val_C/district/3. \ud6c4\ubc29 \ubc29\ud5a5 \uc774\ubbf8\uc9c0/[district]leave_046C/[district]leave_046C_26.json",
            "id": 0
        },
        {
            "time_step": 2,
            "original_data_path": "/content/drive/Othercomputers/\ub0b4 \ub178\ud2b8\ubd81/Forked_Models/Validation/Validation/_\ub77c\ubca8_General_val_C/district/3. \ud6c4\ubc29 \ubc29\ud5a5 \uc774\ubbf8\uc9c0/[district]leave_046C/[district]leave_046C_28.json",
            "id": 0
        },
        {
            "time_step": 3,
            "original_data_path": "/content/drive/Othercomputers/\ub0b4 \ub178\ud2b8\ubd81/Forked_Models/Validation/Validation/_\ub77c\ubca8_General_val_C/district/3. \ud6c4\ubc29 \ubc29\ud5a5 \uc774\ubbf8\uc9c0/[district]leave_046C/[district]leave_046C_30.json",
            "id": 0
        }
    ],
    "label": 1
}