{
    "data": [
        [
            0.4046875,
            0.562962962962963,
            -0.0057291666666666186,
            -0.042592592592592626,
            -0.020312499999999956,
            -0.024074074074074137,
            0.029687500000000033,
            0.06759259259259254
        ],
        [
            0.4083333333333333,
            0.5657407407407408,
            -0.007291666666666641,
            -0.03981481481481486,
            -0.023958333333333304,
            -0.026851851851851904,
            0.03541666666666665,
            0.05740740740740735
        ],
        [
            0.4083333333333333,
            0.5685185185185185,
            -0.005729166666666674,
            -0.04444444444444451,
            -0.0234375,
            -0.029629629629629672,
            0.03489583333333335,
            0.059259259259259234
        ]
    ],
    "original_data": [
        {
            "time_step": 1,
            "original_data_path": "/content/drive/Othercomputers/\ub0b4 \ub178\ud2b8\ubd81/Forked_Models/Validation/Validation/_\ub77c\ubca8_General_val_C/district/3. \ud6c4\ubc29 \ubc29\ud5a5 \uc774\ubbf8\uc9c0/[district]day_712C/[district]day_712C_25.json",
            "id": 6
        },
        {
            "time_step": 2,
            "original_data_path": "/content/drive/Othercomputers/\ub0b4 \ub178\ud2b8\ubd81/Forked_Models/Validation/Validation/_\ub77c\ubca8_General_val_C/district/3. \ud6c4\ubc29 \ubc29\ud5a5 \uc774\ubbf8\uc9c0/[district]day_712C/[district]day_712C_30.json",
            "id": 6
        },
        {
            "time_step": 3,
            "original_data_path": "/content/drive/Othercomputers/\ub0b4 \ub178\ud2b8\ubd81/Forked_Models/Validation/Validation/_\ub77c\ubca8_General_val_C/district/3. \ud6c4\ubc29 \ubc29\ud5a5 \uc774\ubbf8\uc9c0/[district]day_712C/[district]day_712C_35.json",
            "id": 6
        }
    ],
    "label": 1
}