{
    "data": [
        [
            0.4328125,
            0.3398148148148148,
            -0.007291666666666641,
            -0.025925925925925908,
            0.011979166666666652,
            -0.005555555555555536,
            0.006770833333333337,
            0.07037037037037042
        ],
        [
            0.4348958333333333,
            0.337037037037037,
            -0.007291666666666641,
            -0.025925925925925908,
            0.011979166666666707,
            -0.005555555555555536,
            0.006770833333333337,
            0.07037037037037036
        ],
        [
            0.434375,
            0.3398148148148148,
            -0.006770833333333337,
            -0.031481481481481444,
            0.01041666666666663,
            -0.005555555555555536,
            0.005208333333333315,
            0.07037037037037042
        ]
    ],
    "original_data": [
        {
            "time_step": 1,
            "original_data_path": "/content/drive/Othercomputers/\ub0b4 \ub178\ud2b8\ubd81/Forked_Models/Validation/Validation/_\ub77c\ubca8_General_val_C/district/3. \ud6c4\ubc29 \ubc29\ud5a5 \uc774\ubbf8\uc9c0/[district]night_624C/[district]night_624C_140.json",
            "id": 3
        },
        {
            "time_step": 2,
            "original_data_path": "/content/drive/Othercomputers/\ub0b4 \ub178\ud2b8\ubd81/Forked_Models/Validation/Validation/_\ub77c\ubca8_General_val_C/district/3. \ud6c4\ubc29 \ubc29\ud5a5 \uc774\ubbf8\uc9c0/[district]night_624C/[district]night_624C_145.json",
            "id": 3
        },
        {
            "time_step": 3,
            "original_data_path": "/content/drive/Othercomputers/\ub0b4 \ub178\ud2b8\ubd81/Forked_Models/Validation/Validation/_\ub77c\ubca8_General_val_C/district/3. \ud6c4\ubc29 \ubc29\ud5a5 \uc774\ubbf8\uc9c0/[district]night_624C/[district]night_624C_150.json",
            "id": 3
        }
    ],
    "label": 1
}