{
    "data": [
        [
            0.446875,
            0.37407407407407406,
            -0.01770833333333338,
            -0.01944444444444443,
            0.019791666666666652,
            0.02870370370370373,
            -0.003645833333333348,
            0.05833333333333335
        ],
        [
            0.4265625,
            0.42407407407407405,
            -0.017708333333333326,
            -0.020370370370370317,
            0.021874999999999978,
            0.018518518518518545,
            -0.022395833333333337,
            0.05740740740740741
        ],
        [
            0.390625,
            0.5222222222222223,
            -0.010937499999999989,
            -0.04351851851851857,
            0.026041666666666685,
            -0.00462962962962965,
            -0.021874999999999978,
            0.0527777777777777
        ]
    ],
    "original_data": [
        {
            "time_step": 1,
            "original_data_path": "/content/drive/Othercomputers/\ub0b4 \ub178\ud2b8\ubd81/Forked_Models/Validation/Validation/_\ub77c\ubca8_General_val_C/district/3. \ud6c4\ubc29 \ubc29\ud5a5 \uc774\ubbf8\uc9c0/[district]leave_1017C/[district]leave_1017C_270.json",
            "id": 1
        },
        {
            "time_step": 2,
            "original_data_path": "/content/drive/Othercomputers/\ub0b4 \ub178\ud2b8\ubd81/Forked_Models/Validation/Validation/_\ub77c\ubca8_General_val_C/district/3. \ud6c4\ubc29 \ubc29\ud5a5 \uc774\ubbf8\uc9c0/[district]leave_1017C/[district]leave_1017C_275.json",
            "id": 1
        },
        {
            "time_step": 3,
            "original_data_path": "/content/drive/Othercomputers/\ub0b4 \ub178\ud2b8\ubd81/Forked_Models/Validation/Validation/_\ub77c\ubca8_General_val_C/district/3. \ud6c4\ubc29 \ubc29\ud5a5 \uc774\ubbf8\uc9c0/[district]leave_1017C/[district]leave_1017C_280.json",
            "id": 1
        }
    ],
    "label": 1
}