{
    "data": [
        [
            0.5796875,
            0.2777777777777778,
            -0.008333333333333304,
            -0.045370370370370394,
            -0.0010416666666667185,
            0.0537037037037037,
            0.01822916666666663,
            0.09166666666666667
        ],
        [
            0.5828125,
            0.2796296296296296,
            -0.008333333333333304,
            -0.045370370370370366,
            -0.0010416666666666075,
            0.0537037037037037,
            -0.0031249999999999334,
            0.09907407407407409
        ],
        [
            0.5953125,
            0.2898148148148148,
            -0.005729166666666674,
            -0.06388888888888888,
            -0.0078125,
            0.04999999999999999,
            -0.015625,
            0.0888888888888889
        ]
    ],
    "original_data": [
        {
            "time_step": 1,
            "original_data_path": "/content/drive/Othercomputers/\ub0b4 \ub178\ud2b8\ubd81/Forked_Models/Validation/Validation/_\ub77c\ubca8_General_val_C/district/3. \ud6c4\ubc29 \ubc29\ud5a5 \uc774\ubbf8\uc9c0/[district]day_949C/[district]day_949C_140.json",
            "id": 0
        },
        {
            "time_step": 2,
            "original_data_path": "/content/drive/Othercomputers/\ub0b4 \ub178\ud2b8\ubd81/Forked_Models/Validation/Validation/_\ub77c\ubca8_General_val_C/district/3. \ud6c4\ubc29 \ubc29\ud5a5 \uc774\ubbf8\uc9c0/[district]day_949C/[district]day_949C_145.json",
            "id": 0
        },
        {
            "time_step": 3,
            "original_data_path": "/content/drive/Othercomputers/\ub0b4 \ub178\ud2b8\ubd81/Forked_Models/Validation/Validation/_\ub77c\ubca8_General_val_C/district/3. \ud6c4\ubc29 \ubc29\ud5a5 \uc774\ubbf8\uc9c0/[district]day_949C/[district]day_949C_150.json",
            "id": 0
        }
    ],
    "label": 1
}