{
    "data": [
        [
            0.17083333333333334,
            0.31203703703703706,
            -0.0026041666666666574,
            -0.02407407407407408,
            -0.009895833333333326,
            0.0222222222222222,
            0.010416666666666657,
            0.007407407407407363
        ],
        [
            0.18020833333333333,
            0.2861111111111111,
            -0.0026041666666666574,
            -0.02407407407407408,
            -0.010416666666666657,
            0.029629629629629672,
            0.010416666666666657,
            0.015740740740740777
        ],
        [
            0.1875,
            0.26944444444444443,
            0.0005208333333333315,
            -0.0222222222222222,
            -0.0072916666666666685,
            0.021296296296296313,
            0.013541666666666674,
            0.007407407407407418
        ]
    ],
    "original_data": [
        {
            "time_step": 1,
            "original_data_path": "/content/drive/Othercomputers/\ub0b4 \ub178\ud2b8\ubd81/Forked_Models/Validation/Validation/_\ub77c\ubca8_General_val_C/district/3. \ud6c4\ubc29 \ubc29\ud5a5 \uc774\ubbf8\uc9c0/[district]day_613C/[district]day_613C_325.json",
            "id": 1
        },
        {
            "time_step": 2,
            "original_data_path": "/content/drive/Othercomputers/\ub0b4 \ub178\ud2b8\ubd81/Forked_Models/Validation/Validation/_\ub77c\ubca8_General_val_C/district/3. \ud6c4\ubc29 \ubc29\ud5a5 \uc774\ubbf8\uc9c0/[district]day_613C/[district]day_613C_330.json",
            "id": 1
        },
        {
            "time_step": 3,
            "original_data_path": "/content/drive/Othercomputers/\ub0b4 \ub178\ud2b8\ubd81/Forked_Models/Validation/Validation/_\ub77c\ubca8_General_val_C/district/3. \ud6c4\ubc29 \ubc29\ud5a5 \uc774\ubbf8\uc9c0/[district]day_613C/[district]day_613C_335.json",
            "id": 1
        }
    ],
    "label": 1
}