{
    "data": [
        [
            0.4921875,
            0.17962962962962964,
            0.0015625000000000222,
            -0.030555555555555558,
            -0.0234375,
            0.0018518518518518545,
            0.020312499999999956,
            0.002777777777777768
        ],
        [
            0.4921875,
            0.17962962962962964,
            0.0015625000000000222,
            -0.030555555555555558,
            -0.0234375,
            0.0018518518518518545,
            0.020312499999999956,
            0.002777777777777768
        ],
        [
            0.48541666666666666,
            0.1814814814814815,
            -0.0015625000000000222,
            -0.03425925925925927,
            -0.016666666666666663,
            0.0,
            0.024479166666666663,
            0.00740740740740739
        ]
    ],
    "original_data": [
        {
            "time_step": 1,
            "original_data_path": "/content/drive/Othercomputers/\ub0b4 \ub178\ud2b8\ubd81/Forked_Models/Validation/Validation/_\ub77c\ubca8_General_val_C/district/3. \ud6c4\ubc29 \ubc29\ud5a5 \uc774\ubbf8\uc9c0/[district]day_608C/[district]day_608C_200.json",
            "id": 2
        },
        {
            "time_step": 2,
            "original_data_path": "/content/drive/Othercomputers/\ub0b4 \ub178\ud2b8\ubd81/Forked_Models/Validation/Validation/_\ub77c\ubca8_General_val_C/district/3. \ud6c4\ubc29 \ubc29\ud5a5 \uc774\ubbf8\uc9c0/[district]day_608C/[district]day_608C_205.json",
            "id": 2
        },
        {
            "time_step": 3,
            "original_data_path": "/content/drive/Othercomputers/\ub0b4 \ub178\ud2b8\ubd81/Forked_Models/Validation/Validation/_\ub77c\ubca8_General_val_C/district/3. \ud6c4\ubc29 \ubc29\ud5a5 \uc774\ubbf8\uc9c0/[district]day_608C/[district]day_608C_210.json",
            "id": 2
        }
    ],
    "label": 1
}