{
    "data": [
        [
            0.36666666666666664,
            0.5435185185185185,
            -0.014062499999999978,
            -0.05833333333333335,
            -0.011979166666666652,
            0.002777777777777768,
            0.026041666666666685,
            0.036111111111111094
        ],
        [
            0.3307291666666667,
            0.4962962962962963,
            -0.01614583333333336,
            -0.04537037037037034,
            0.009895833333333326,
            -0.015740740740740722,
            0.029166666666666674,
            0.05277777777777776
        ],
        [
            0.2833333333333333,
            0.4925925925925926,
            -0.015625,
            -0.037037037037037035,
            0.004687500000000011,
            -0.020370370370370372,
            0.011979166666666652,
            0.040740740740740744
        ]
    ],
    "original_data": [
        {
            "time_step": 1,
            "original_data_path": "/content/drive/Othercomputers/\ub0b4 \ub178\ud2b8\ubd81/Forked_Models/Validation/Validation/_\ub77c\ubca8_General_val_C/district/3. \ud6c4\ubc29 \ubc29\ud5a5 \uc774\ubbf8\uc9c0/[district]night_506C/[district]night_506C_295.json",
            "id": 2
        },
        {
            "time_step": 2,
            "original_data_path": "/content/drive/Othercomputers/\ub0b4 \ub178\ud2b8\ubd81/Forked_Models/Validation/Validation/_\ub77c\ubca8_General_val_C/district/3. \ud6c4\ubc29 \ubc29\ud5a5 \uc774\ubbf8\uc9c0/[district]night_506C/[district]night_506C_300.json",
            "id": 2
        },
        {
            "time_step": 3,
            "original_data_path": "/content/drive/Othercomputers/\ub0b4 \ub178\ud2b8\ubd81/Forked_Models/Validation/Validation/_\ub77c\ubca8_General_val_C/district/3. \ud6c4\ubc29 \ubc29\ud5a5 \uc774\ubbf8\uc9c0/[district]night_506C/[district]night_506C_305.json",
            "id": 2
        }
    ],
    "label": 1
}