{
    "data": [
        [
            0.6380208333333334,
            0.18888888888888888,
            -0.00520833333333337,
            -0.03240740740740741,
            -0.028125000000000067,
            -0.0046296296296296224,
            0.02604166666666663,
            0.037962962962962976
        ],
        [
            0.6338541666666667,
            0.19537037037037036,
            -0.006250000000000089,
            -0.04259259259259257,
            -0.019270833333333348,
            -0.0111111111111111,
            0.021874999999999978,
            0.033333333333333354
        ],
        [
            0.6375,
            0.1935185185185185,
            -0.0078125,
            -0.03888888888888889,
            -0.020312499999999956,
            -0.006481481481481477,
            0.0234375,
            0.041666666666666685
        ]
    ],
    "original_data": [
        {
            "time_step": 1,
            "original_data_path": "/content/drive/Othercomputers/\ub0b4 \ub178\ud2b8\ubd81/Forked_Models/Validation/Validation/_\ub77c\ubca8_General_val_C/district/3. \ud6c4\ubc29 \ubc29\ud5a5 \uc774\ubbf8\uc9c0/[district]attend_966C/[district]attend_966C_60.json",
            "id": 0
        },
        {
            "time_step": 2,
            "original_data_path": "/content/drive/Othercomputers/\ub0b4 \ub178\ud2b8\ubd81/Forked_Models/Validation/Validation/_\ub77c\ubca8_General_val_C/district/3. \ud6c4\ubc29 \ubc29\ud5a5 \uc774\ubbf8\uc9c0/[district]attend_966C/[district]attend_966C_65.json",
            "id": 0
        },
        {
            "time_step": 3,
            "original_data_path": "/content/drive/Othercomputers/\ub0b4 \ub178\ud2b8\ubd81/Forked_Models/Validation/Validation/_\ub77c\ubca8_General_val_C/district/3. \ud6c4\ubc29 \ubc29\ud5a5 \uc774\ubbf8\uc9c0/[district]attend_966C/[district]attend_966C_70.json",
            "id": 0
        }
    ],
    "label": 1
}