{
    "data": [
        [
            0.4744791666666667,
            0.27037037037037037,
            -0.004166666666666652,
            -0.04999999999999999,
            -0.021875000000000033,
            0.003703703703703709,
            0.029687499999999978,
            0.03425925925925927
        ],
        [
            0.4671875,
            0.2861111111111111,
            -0.008333333333333304,
            -0.05277777777777776,
            -0.016666666666666663,
            -0.002777777777777768,
            0.02552083333333338,
            0.0314814814814815
        ],
        [
            0.453125,
            0.2972222222222222,
            -0.011458333333333348,
            -0.04629629629629628,
            0.002083333333333326,
            -0.003703703703703709,
            0.025000000000000022,
            0.060185185185185175
        ]
    ],
    "original_data": [
        {
            "time_step": 1,
            "original_data_path": "/content/drive/Othercomputers/\ub0b4 \ub178\ud2b8\ubd81/Forked_Models/Validation/Validation/_\ub77c\ubca8_General_val_C/district/3. \ud6c4\ubc29 \ubc29\ud5a5 \uc774\ubbf8\uc9c0/[district]attend_484C/[district]attend_484C_155.json",
            "id": 0
        },
        {
            "time_step": 2,
            "original_data_path": "/content/drive/Othercomputers/\ub0b4 \ub178\ud2b8\ubd81/Forked_Models/Validation/Validation/_\ub77c\ubca8_General_val_C/district/3. \ud6c4\ubc29 \ubc29\ud5a5 \uc774\ubbf8\uc9c0/[district]attend_484C/[district]attend_484C_160.json",
            "id": 0
        },
        {
            "time_step": 3,
            "original_data_path": "/content/drive/Othercomputers/\ub0b4 \ub178\ud2b8\ubd81/Forked_Models/Validation/Validation/_\ub77c\ubca8_General_val_C/district/3. \ud6c4\ubc29 \ubc29\ud5a5 \uc774\ubbf8\uc9c0/[district]attend_484C/[district]attend_484C_165.json",
            "id": 0
        }
    ],
    "label": 1
}