{
    "data": [
        [
            0.4875,
            0.5046296296296297,
            -0.019791666666666652,
            -0.05092592592592593,
            0.036458333333333315,
            0.025000000000000022,
            -0.016145833333333304,
            0.07685185185185184
        ],
        [
            0.44635416666666666,
            0.48518518518518516,
            -0.018229166666666685,
            -0.056481481481481466,
            0.03281250000000002,
            0.020370370370370372,
            -0.013020833333333315,
            0.07592592592592595
        ],
        [
            0.396875,
            0.4722222222222222,
            -0.014062499999999978,
            -0.04907407407407405,
            0.034375000000000044,
            0.00462962962962965,
            -0.011458333333333293,
            0.07314814814814818
        ]
    ],
    "original_data": [
        {
            "time_step": 1,
            "original_data_path": "/content/drive/Othercomputers/\ub0b4 \ub178\ud2b8\ubd81/Forked_Models/Validation/Validation/_\ub77c\ubca8_General_val_C/district/3. \ud6c4\ubc29 \ubc29\ud5a5 \uc774\ubbf8\uc9c0/[district]leave_598C/[district]leave_598C_240.json",
            "id": 1
        },
        {
            "time_step": 2,
            "original_data_path": "/content/drive/Othercomputers/\ub0b4 \ub178\ud2b8\ubd81/Forked_Models/Validation/Validation/_\ub77c\ubca8_General_val_C/district/3. \ud6c4\ubc29 \ubc29\ud5a5 \uc774\ubbf8\uc9c0/[district]leave_598C/[district]leave_598C_245.json",
            "id": 1
        },
        {
            "time_step": 3,
            "original_data_path": "/content/drive/Othercomputers/\ub0b4 \ub178\ud2b8\ubd81/Forked_Models/Validation/Validation/_\ub77c\ubca8_General_val_C/district/3. \ud6c4\ubc29 \ubc29\ud5a5 \uc774\ubbf8\uc9c0/[district]leave_598C/[district]leave_598C_250.json",
            "id": 1
        }
    ],
    "label": 1
}