{
    "data": [
        [
            0.5390625,
            0.27685185185185185,
            -0.033333333333333326,
            -0.07592592592592592,
            0.01041666666666663,
            0.00462962962962965,
            0.052604166666666674,
            0.009259259259259245
        ],
        [
            0.5359375,
            0.21666666666666667,
            -0.029687499999999978,
            -0.06759259259259259,
            0.011979166666666763,
            0.009259259259259245,
            0.039583333333333415,
            0.0009259259259259134
        ],
        [
            0.48020833333333335,
            0.22870370370370371,
            -0.036979166666666674,
            -0.053703703703703726,
            0.051562499999999956,
            0.006481481481481477,
            0.01510416666666664,
            0.03796296296296295
        ]
    ],
    "original_data": [
        {
            "time_step": 1,
            "original_data_path": "/content/drive/Othercomputers/\ub0b4 \ub178\ud2b8\ubd81/Forked_Models/Validation/Validation/_\ub77c\ubca8_General_val_C/district/3. \ud6c4\ubc29 \ubc29\ud5a5 \uc774\ubbf8\uc9c0/[district]day_022C/[district]day_022C_96.json",
            "id": 0
        },
        {
            "time_step": 2,
            "original_data_path": "/content/drive/Othercomputers/\ub0b4 \ub178\ud2b8\ubd81/Forked_Models/Validation/Validation/_\ub77c\ubca8_General_val_C/district/3. \ud6c4\ubc29 \ubc29\ud5a5 \uc774\ubbf8\uc9c0/[district]day_022C/[district]day_022C_98.json",
            "id": 0
        },
        {
            "time_step": 3,
            "original_data_path": "/content/drive/Othercomputers/\ub0b4 \ub178\ud2b8\ubd81/Forked_Models/Validation/Validation/_\ub77c\ubca8_General_val_C/district/3. \ud6c4\ubc29 \ubc29\ud5a5 \uc774\ubbf8\uc9c0/[district]day_022C/[district]day_022C_100.json",
            "id": 0
        }
    ],
    "label": 1
}