{
    "data": [
        [
            0.42864583333333334,
            0.39166666666666666,
            -0.003124999999999989,
            -0.030555555555555558,
            0.021874999999999978,
            -0.029629629629629617,
            0.02291666666666664,
            0.056481481481481466
        ],
        [
            0.4114583333333333,
            0.39166666666666666,
            -0.01874999999999999,
            -0.032407407407407385,
            0.021875000000000033,
            -0.021296296296296313,
            0.002604166666666685,
            0.056481481481481466
        ],
        [
            0.3958333333333333,
            0.387037037037037,
            -0.01822916666666663,
            -0.027777777777777735,
            0.02812500000000001,
            -0.004629629629629595,
            -0.014062499999999978,
            0.06388888888888894
        ]
    ],
    "original_data": [
        {
            "time_step": 1,
            "original_data_path": "/content/drive/Othercomputers/\ub0b4 \ub178\ud2b8\ubd81/Forked_Models/Validation/Validation/_\ub77c\ubca8_General_val_C/district/3. \ud6c4\ubc29 \ubc29\ud5a5 \uc774\ubbf8\uc9c0/[district]night_631C/[district]night_631C_270.json",
            "id": 1
        },
        {
            "time_step": 2,
            "original_data_path": "/content/drive/Othercomputers/\ub0b4 \ub178\ud2b8\ubd81/Forked_Models/Validation/Validation/_\ub77c\ubca8_General_val_C/district/3. \ud6c4\ubc29 \ubc29\ud5a5 \uc774\ubbf8\uc9c0/[district]night_631C/[district]night_631C_275.json",
            "id": 1
        },
        {
            "time_step": 3,
            "original_data_path": "/content/drive/Othercomputers/\ub0b4 \ub178\ud2b8\ubd81/Forked_Models/Validation/Validation/_\ub77c\ubca8_General_val_C/district/3. \ud6c4\ubc29 \ubc29\ud5a5 \uc774\ubbf8\uc9c0/[district]night_631C/[district]night_631C_280.json",
            "id": 1
        }
    ],
    "label": 1
}