{
    "data": [
        [
            0.36354166666666665,
            0.39351851851851855,
            -0.022395833333333337,
            -0.037962962962962976,
            0.02395833333333336,
            -0.0027777777777778234,
            0.004166666666666707,
            0.06851851851851848
        ],
        [
            0.3333333333333333,
            0.40370370370370373,
            -0.022395833333333337,
            -0.037962962962962976,
            0.02812500000000001,
            -0.0092592592592593,
            0.004166666666666707,
            0.06851851851851848
        ],
        [
            0.30416666666666664,
            0.4166666666666667,
            -0.02239583333333328,
            -0.037962962962962976,
            0.02395833333333336,
            -0.0092592592592593,
            0.004166666666666707,
            0.06851851851851848
        ]
    ],
    "original_data": [
        {
            "time_step": 1,
            "original_data_path": "/content/drive/Othercomputers/\ub0b4 \ub178\ud2b8\ubd81/Forked_Models/Validation/Validation/_\ub77c\ubca8_General_val_C/district/3. \ud6c4\ubc29 \ubc29\ud5a5 \uc774\ubbf8\uc9c0/[district]day_990C/[district]day_990C_280.json",
            "id": 3
        },
        {
            "time_step": 2,
            "original_data_path": "/content/drive/Othercomputers/\ub0b4 \ub178\ud2b8\ubd81/Forked_Models/Validation/Validation/_\ub77c\ubca8_General_val_C/district/3. \ud6c4\ubc29 \ubc29\ud5a5 \uc774\ubbf8\uc9c0/[district]day_990C/[district]day_990C_285.json",
            "id": 3
        },
        {
            "time_step": 3,
            "original_data_path": "/content/drive/Othercomputers/\ub0b4 \ub178\ud2b8\ubd81/Forked_Models/Validation/Validation/_\ub77c\ubca8_General_val_C/district/3. \ud6c4\ubc29 \ubc29\ud5a5 \uc774\ubbf8\uc9c0/[district]day_990C/[district]day_990C_290.json",
            "id": 3
        }
    ],
    "label": 1
}