{
    "data": [
        [
            0.5989583333333334,
            0.25092592592592594,
            -0.019270833333333348,
            -0.04814814814814816,
            0.02239583333333328,
            0.061111111111111116,
            -0.014583333333333393,
            0.08240740740740737
        ],
        [
            0.6015625,
            0.25,
            -0.014062499999999978,
            -0.0537037037037037,
            0.019791666666666652,
            0.06203703703703706,
            -0.017187500000000022,
            0.08333333333333331
        ],
        [
            0.5994791666666667,
            0.25,
            -0.015625,
            -0.05185185185185184,
            0.021874999999999978,
            0.06203703703703706,
            -0.015104166666666696,
            0.08333333333333331
        ]
    ],
    "original_data": [
        {
            "time_step": 1,
            "original_data_path": "/content/drive/Othercomputers/\ub0b4 \ub178\ud2b8\ubd81/Forked_Models/Validation/Validation/_\ub77c\ubca8_General_val_C/district/3. \ud6c4\ubc29 \ubc29\ud5a5 \uc774\ubbf8\uc9c0/[district]leave_1017C/[district]leave_1017C_195.json",
            "id": 1
        },
        {
            "time_step": 2,
            "original_data_path": "/content/drive/Othercomputers/\ub0b4 \ub178\ud2b8\ubd81/Forked_Models/Validation/Validation/_\ub77c\ubca8_General_val_C/district/3. \ud6c4\ubc29 \ubc29\ud5a5 \uc774\ubbf8\uc9c0/[district]leave_1017C/[district]leave_1017C_200.json",
            "id": 1
        },
        {
            "time_step": 3,
            "original_data_path": "/content/drive/Othercomputers/\ub0b4 \ub178\ud2b8\ubd81/Forked_Models/Validation/Validation/_\ub77c\ubca8_General_val_C/district/3. \ud6c4\ubc29 \ubc29\ud5a5 \uc774\ubbf8\uc9c0/[district]leave_1017C/[district]leave_1017C_205.json",
            "id": 1
        }
    ],
    "label": 1
}