{
    "data": [
        [
            0.434375,
            0.3148148148148148,
            -0.01302083333333337,
            -0.04629629629629628,
            0.004687500000000011,
            0.0009259259259259411,
            0.008333333333333304,
            0.04259259259259257
        ],
        [
            0.42916666666666664,
            0.325,
            -0.01510416666666664,
            -0.045370370370370394,
            0.0031250000000000444,
            0.0009259259259259411,
            0.014062500000000033,
            0.03888888888888886
        ],
        [
            0.41458333333333336,
            0.32314814814814813,
            -0.009895833333333381,
            -0.04351851851851851,
            0.016145833333333304,
            0.003703703703703709,
            0.009895833333333326,
            0.0537037037037037
        ]
    ],
    "original_data": [
        {
            "time_step": 1,
            "original_data_path": "/content/drive/Othercomputers/\ub0b4 \ub178\ud2b8\ubd81/Forked_Models/Validation/Validation/_\ub77c\ubca8_General_val_C/district/3. \ud6c4\ubc29 \ubc29\ud5a5 \uc774\ubbf8\uc9c0/[district]attend_484C/[district]attend_484C_185.json",
            "id": 0
        },
        {
            "time_step": 2,
            "original_data_path": "/content/drive/Othercomputers/\ub0b4 \ub178\ud2b8\ubd81/Forked_Models/Validation/Validation/_\ub77c\ubca8_General_val_C/district/3. \ud6c4\ubc29 \ubc29\ud5a5 \uc774\ubbf8\uc9c0/[district]attend_484C/[district]attend_484C_190.json",
            "id": 0
        },
        {
            "time_step": 3,
            "original_data_path": "/content/drive/Othercomputers/\ub0b4 \ub178\ud2b8\ubd81/Forked_Models/Validation/Validation/_\ub77c\ubca8_General_val_C/district/3. \ud6c4\ubc29 \ubc29\ud5a5 \uc774\ubbf8\uc9c0/[district]attend_484C/[district]attend_484C_195.json",
            "id": 0
        }
    ],
    "label": 1
}