{
    "data": [
        [
            0.5088541666666667,
            0.2601851851851852,
            -0.01666666666666672,
            -0.05555555555555555,
            0.022916666666666585,
            0.005555555555555536,
            -0.007291666666666696,
            0.045370370370370394
        ],
        [
            0.5088541666666667,
            0.25555555555555554,
            -0.01666666666666672,
            -0.0509259259259259,
            0.016666666666666607,
            0.0027777777777778234,
            -0.01041666666666674,
            0.05462962962962964
        ],
        [
            0.5052083333333334,
            0.2564814814814815,
            -0.023437500000000056,
            -0.04629629629629628,
            0.019270833333333348,
            0.002777777777777768,
            -0.017187500000000022,
            0.0537037037037037
        ]
    ],
    "original_data": [
        {
            "time_step": 1,
            "original_data_path": "/content/drive/Othercomputers/\ub0b4 \ub178\ud2b8\ubd81/Forked_Models/Validation/Validation/_\ub77c\ubca8_General_val_C/district/3. \ud6c4\ubc29 \ubc29\ud5a5 \uc774\ubbf8\uc9c0/[district]attend_1081C/[district]attend_1081C_210.json",
            "id": 0
        },
        {
            "time_step": 2,
            "original_data_path": "/content/drive/Othercomputers/\ub0b4 \ub178\ud2b8\ubd81/Forked_Models/Validation/Validation/_\ub77c\ubca8_General_val_C/district/3. \ud6c4\ubc29 \ubc29\ud5a5 \uc774\ubbf8\uc9c0/[district]attend_1081C/[district]attend_1081C_215.json",
            "id": 0
        },
        {
            "time_step": 3,
            "original_data_path": "/content/drive/Othercomputers/\ub0b4 \ub178\ud2b8\ubd81/Forked_Models/Validation/Validation/_\ub77c\ubca8_General_val_C/district/3. \ud6c4\ubc29 \ubc29\ud5a5 \uc774\ubbf8\uc9c0/[district]attend_1081C/[district]attend_1081C_220.json",
            "id": 0
        }
    ],
    "label": 1
}