{
    "data": [
        [
            0.40208333333333335,
            0.5231481481481481,
            0.0,
            -0.041666666666666685,
            -0.009895833333333326,
            -0.01851851851851849,
            0.03072916666666664,
            0.033333333333333326
        ],
        [
            0.4015625,
            0.5231481481481481,
            -0.0015624999999999667,
            -0.04351851851851851,
            -0.009374999999999967,
            -0.01851851851851849,
            0.03125,
            0.033333333333333326
        ],
        [
            0.4036458333333333,
            0.5166666666666667,
            0.0,
            -0.03703703703703709,
            -0.005729166666666674,
            -0.010185185185185186,
            0.03229166666666666,
            0.04166666666666663
        ]
    ],
    "original_data": [
        {
            "time_step": 1,
            "original_data_path": "/content/drive/Othercomputers/\ub0b4 \ub178\ud2b8\ubd81/Forked_Models/Validation/Validation/_\ub77c\ubca8_General_val_C/district/3. \ud6c4\ubc29 \ubc29\ud5a5 \uc774\ubbf8\uc9c0/[district]day_721C/[district]day_721C_155.json",
            "id": 2
        },
        {
            "time_step": 2,
            "original_data_path": "/content/drive/Othercomputers/\ub0b4 \ub178\ud2b8\ubd81/Forked_Models/Validation/Validation/_\ub77c\ubca8_General_val_C/district/3. \ud6c4\ubc29 \ubc29\ud5a5 \uc774\ubbf8\uc9c0/[district]day_721C/[district]day_721C_160.json",
            "id": 2
        },
        {
            "time_step": 3,
            "original_data_path": "/content/drive/Othercomputers/\ub0b4 \ub178\ud2b8\ubd81/Forked_Models/Validation/Validation/_\ub77c\ubca8_General_val_C/district/3. \ud6c4\ubc29 \ubc29\ud5a5 \uc774\ubbf8\uc9c0/[district]day_721C/[district]day_721C_165.json",
            "id": 2
        }
    ],
    "label": 1
}