{
    "data": [
        [
            0.4375,
            0.3148148148148148,
            -0.021354166666666674,
            -0.03425925925925927,
            0.029687499999999978,
            -0.037962962962962976,
            0.021354166666666674,
            0.06666666666666665
        ],
        [
            0.4421875,
            0.30833333333333335,
            -0.02083333333333337,
            -0.033333333333333326,
            0.02812500000000001,
            -0.02870370370370373,
            0.016666666666666663,
            0.07314814814814813
        ],
        [
            0.45,
            0.3111111111111111,
            -0.02864583333333337,
            -0.036111111111111094,
            0.02031250000000001,
            -0.0314814814814815,
            0.008854166666666663,
            0.07037037037037036
        ]
    ],
    "original_data": [
        {
            "time_step": 1,
            "original_data_path": "/content/drive/Othercomputers/\ub0b4 \ub178\ud2b8\ubd81/Forked_Models/Validation/Validation/_\ub77c\ubca8_General_val_C/district/3. \ud6c4\ubc29 \ubc29\ud5a5 \uc774\ubbf8\uc9c0/[district]day_992C/[district]day_992C_110.json",
            "id": 3
        },
        {
            "time_step": 2,
            "original_data_path": "/content/drive/Othercomputers/\ub0b4 \ub178\ud2b8\ubd81/Forked_Models/Validation/Validation/_\ub77c\ubca8_General_val_C/district/3. \ud6c4\ubc29 \ubc29\ud5a5 \uc774\ubbf8\uc9c0/[district]day_992C/[district]day_992C_115.json",
            "id": 3
        },
        {
            "time_step": 3,
            "original_data_path": "/content/drive/Othercomputers/\ub0b4 \ub178\ud2b8\ubd81/Forked_Models/Validation/Validation/_\ub77c\ubca8_General_val_C/district/3. \ud6c4\ubc29 \ubc29\ud5a5 \uc774\ubbf8\uc9c0/[district]day_992C/[district]day_992C_120.json",
            "id": 3
        }
    ],
    "label": 1
}