{
    "data": [
        [
            0.35208333333333336,
            0.5138888888888888,
            -0.013541666666666674,
            -0.03981481481481475,
            -0.030208333333333337,
            -0.0037037037037036535,
            0.04583333333333328,
            0.0185185185185186
        ],
        [
            0.35208333333333336,
            0.5138888888888888,
            -0.013541666666666674,
            -0.03981481481481475,
            -0.022395833333333337,
            -0.0064814814814814214,
            0.05260416666666662,
            0.019444444444444486
        ],
        [
            0.35208333333333336,
            0.5138888888888888,
            -0.01302083333333337,
            -0.03425925925925921,
            -0.03333333333333338,
            0.00462962962962965,
            0.039583333333333304,
            0.04351851851851862
        ]
    ],
    "original_data": [
        {
            "time_step": 1,
            "original_data_path": "/content/drive/Othercomputers/\ub0b4 \ub178\ud2b8\ubd81/Forked_Models/Validation/Validation/_\ub77c\ubca8_General_val_C/district/3. \ud6c4\ubc29 \ubc29\ud5a5 \uc774\ubbf8\uc9c0/[district]night_620C/[district]night_620C_150.json",
            "id": 3
        },
        {
            "time_step": 2,
            "original_data_path": "/content/drive/Othercomputers/\ub0b4 \ub178\ud2b8\ubd81/Forked_Models/Validation/Validation/_\ub77c\ubca8_General_val_C/district/3. \ud6c4\ubc29 \ubc29\ud5a5 \uc774\ubbf8\uc9c0/[district]night_620C/[district]night_620C_155.json",
            "id": 3
        },
        {
            "time_step": 3,
            "original_data_path": "/content/drive/Othercomputers/\ub0b4 \ub178\ud2b8\ubd81/Forked_Models/Validation/Validation/_\ub77c\ubca8_General_val_C/district/3. \ud6c4\ubc29 \ubc29\ud5a5 \uc774\ubbf8\uc9c0/[district]night_620C/[district]night_620C_160.json",
            "id": 3
        }
    ],
    "label": 1
}