{
    "data": [
        [
            0.603125,
            0.23981481481481481,
            -0.010937500000000044,
            -0.0425925925925926,
            -0.01302083333333337,
            0.014814814814814836,
            0.028124999999999956,
            0.09166666666666667
        ],
        [
            0.60625,
            0.24074074074074073,
            -0.016145833333333304,
            -0.04166666666666666,
            -0.008333333333333304,
            0.0203703703703704,
            0.02604166666666674,
            0.08333333333333334
        ],
        [
            0.6130208333333333,
            0.24537037037037038,
            -0.011458333333333348,
            -0.045370370370370366,
            -0.0078125,
            0.016666666666666635,
            0.025520833333333326,
            0.0962962962962963
        ]
    ],
    "original_data": [
        {
            "time_step": 1,
            "original_data_path": "/content/drive/Othercomputers/\ub0b4 \ub178\ud2b8\ubd81/Forked_Models/Validation/Validation/_\ub77c\ubca8_General_val_C/district/3. \ud6c4\ubc29 \ubc29\ud5a5 \uc774\ubbf8\uc9c0/[district]morning_1057C/[district]morning_1057C_180.json",
            "id": 1
        },
        {
            "time_step": 2,
            "original_data_path": "/content/drive/Othercomputers/\ub0b4 \ub178\ud2b8\ubd81/Forked_Models/Validation/Validation/_\ub77c\ubca8_General_val_C/district/3. \ud6c4\ubc29 \ubc29\ud5a5 \uc774\ubbf8\uc9c0/[district]morning_1057C/[district]morning_1057C_185.json",
            "id": 1
        },
        {
            "time_step": 3,
            "original_data_path": "/content/drive/Othercomputers/\ub0b4 \ub178\ud2b8\ubd81/Forked_Models/Validation/Validation/_\ub77c\ubca8_General_val_C/district/3. \ud6c4\ubc29 \ubc29\ud5a5 \uc774\ubbf8\uc9c0/[district]morning_1057C/[district]morning_1057C_190.json",
            "id": 1
        }
    ],
    "label": 1
}