{
    "data": [
        [
            0.6411458333333333,
            0.27314814814814814,
            0.0015625000000000222,
            -0.027777777777777762,
            -0.02604166666666663,
            0.0,
            0.01822916666666674,
            0.01944444444444443
        ],
        [
            0.6411458333333333,
            0.27314814814814814,
            0.0015625000000000222,
            -0.027777777777777762,
            -0.02604166666666663,
            0.0,
            0.01822916666666674,
            0.01944444444444443
        ],
        [
            0.6411458333333333,
            0.27314814814814814,
            0.0015625000000000222,
            -0.027777777777777762,
            -0.02604166666666663,
            0.0,
            0.01822916666666674,
            0.01944444444444443
        ]
    ],
    "original_data": [
        {
            "time_step": 1,
            "original_data_path": "/content/drive/Othercomputers/\ub0b4 \ub178\ud2b8\ubd81/Forked_Models/Validation/Validation/_\ub77c\ubca8_General_val_C/district/3. \ud6c4\ubc29 \ubc29\ud5a5 \uc774\ubbf8\uc9c0/[district]morning_512C/[district]morning_512C_130.json",
            "id": 1
        },
        {
            "time_step": 2,
            "original_data_path": "/content/drive/Othercomputers/\ub0b4 \ub178\ud2b8\ubd81/Forked_Models/Validation/Validation/_\ub77c\ubca8_General_val_C/district/3. \ud6c4\ubc29 \ubc29\ud5a5 \uc774\ubbf8\uc9c0/[district]morning_512C/[district]morning_512C_135.json",
            "id": 1
        },
        {
            "time_step": 3,
            "original_data_path": "/content/drive/Othercomputers/\ub0b4 \ub178\ud2b8\ubd81/Forked_Models/Validation/Validation/_\ub77c\ubca8_General_val_C/district/3. \ud6c4\ubc29 \ubc29\ud5a5 \uc774\ubbf8\uc9c0/[district]morning_512C/[district]morning_512C_140.json",
            "id": 1
        }
    ],
    "label": 1
}