{
    "data": [
        [
            0.3416666666666667,
            0.5370370370370371,
            -0.026041666666666685,
            -0.042592592592592626,
            0.024479166666666663,
            0.0018518518518517713,
            0.017708333333333326,
            0.06759259259259254
        ],
        [
            0.3333333333333333,
            0.5157407407407407,
            -0.021354166666666674,
            -0.04259259259259257,
            0.03125,
            0.03240740740740744,
            0.014062500000000033,
            0.06759259259259265
        ],
        [
            0.32760416666666664,
            0.5222222222222223,
            -0.015625,
            -0.045370370370370394,
            0.03229166666666672,
            0.025925925925925908,
            0.019791666666666707,
            0.061111111111111116
        ]
    ],
    "original_data": [
        {
            "time_step": 1,
            "original_data_path": "/content/drive/Othercomputers/\ub0b4 \ub178\ud2b8\ubd81/Forked_Models/Validation/Validation/_\ub77c\ubca8_General_val_C/district/3. \ud6c4\ubc29 \ubc29\ud5a5 \uc774\ubbf8\uc9c0/[district]day_706C/[district]day_706C_100.json",
            "id": 0
        },
        {
            "time_step": 2,
            "original_data_path": "/content/drive/Othercomputers/\ub0b4 \ub178\ud2b8\ubd81/Forked_Models/Validation/Validation/_\ub77c\ubca8_General_val_C/district/3. \ud6c4\ubc29 \ubc29\ud5a5 \uc774\ubbf8\uc9c0/[district]day_706C/[district]day_706C_105.json",
            "id": 0
        },
        {
            "time_step": 3,
            "original_data_path": "/content/drive/Othercomputers/\ub0b4 \ub178\ud2b8\ubd81/Forked_Models/Validation/Validation/_\ub77c\ubca8_General_val_C/district/3. \ud6c4\ubc29 \ubc29\ud5a5 \uc774\ubbf8\uc9c0/[district]day_706C/[district]day_706C_110.json",
            "id": 0
        }
    ],
    "label": 1
}