{
    "data": [
        [
            0.40625,
            0.5148148148148148,
            0.003124999999999989,
            -0.05092592592592593,
            0.007291666666666641,
            -0.002777777777777768,
            -0.015625,
            0.11111111111111105
        ],
        [
            0.4078125,
            0.5231481481481481,
            0.0015624999999999667,
            -0.059259259259259234,
            0.014062499999999978,
            0.005555555555555536,
            -0.021354166666666674,
            0.11111111111111116
        ],
        [
            0.4078125,
            0.5231481481481481,
            0.0015624999999999667,
            -0.04999999999999999,
            0.014062499999999978,
            0.005555555555555536,
            -0.030729166666666696,
            0.11111111111111116
        ]
    ],
    "original_data": [
        {
            "time_step": 1,
            "original_data_path": "/content/drive/Othercomputers/\ub0b4 \ub178\ud2b8\ubd81/Forked_Models/Validation/Validation/_\ub77c\ubca8_General_val_C/district/3. \ud6c4\ubc29 \ubc29\ud5a5 \uc774\ubbf8\uc9c0/[district]day_712C/[district]day_712C_155.json",
            "id": 6
        },
        {
            "time_step": 2,
            "original_data_path": "/content/drive/Othercomputers/\ub0b4 \ub178\ud2b8\ubd81/Forked_Models/Validation/Validation/_\ub77c\ubca8_General_val_C/district/3. \ud6c4\ubc29 \ubc29\ud5a5 \uc774\ubbf8\uc9c0/[district]day_712C/[district]day_712C_160.json",
            "id": 6
        },
        {
            "time_step": 3,
            "original_data_path": "/content/drive/Othercomputers/\ub0b4 \ub178\ud2b8\ubd81/Forked_Models/Validation/Validation/_\ub77c\ubca8_General_val_C/district/3. \ud6c4\ubc29 \ubc29\ud5a5 \uc774\ubbf8\uc9c0/[district]day_712C/[district]day_712C_165.json",
            "id": 6
        }
    ],
    "label": 1
}