{
    "data": [
        [
            0.5458333333333333,
            0.2037037037037037,
            -0.0078125,
            -0.03425925925925924,
            0.013541666666666674,
            0.021296296296296313,
            0.006250000000000089,
            0.06574074074074074
        ],
        [
            0.5458333333333333,
            0.2037037037037037,
            -0.005729166666666563,
            -0.03796296296296295,
            0.013541666666666674,
            0.01944444444444446,
            0.0078125,
            0.06203703703703703
        ],
        [
            0.5458333333333333,
            0.2037037037037037,
            -0.012499999999999956,
            -0.03518518518518518,
            0.012500000000000067,
            0.017592592592592604,
            0.0067708333333333925,
            0.06388888888888891
        ]
    ],
    "original_data": [
        {
            "time_step": 1,
            "original_data_path": "/content/drive/Othercomputers/\ub0b4 \ub178\ud2b8\ubd81/Forked_Models/Validation/Validation/_\ub77c\ubca8_General_val_C/district/3. \ud6c4\ubc29 \ubc29\ud5a5 \uc774\ubbf8\uc9c0/[district]morning_1119C/[district]morning_1119C_10.json",
            "id": 0
        },
        {
            "time_step": 2,
            "original_data_path": "/content/drive/Othercomputers/\ub0b4 \ub178\ud2b8\ubd81/Forked_Models/Validation/Validation/_\ub77c\ubca8_General_val_C/district/3. \ud6c4\ubc29 \ubc29\ud5a5 \uc774\ubbf8\uc9c0/[district]morning_1119C/[district]morning_1119C_15.json",
            "id": 0
        },
        {
            "time_step": 3,
            "original_data_path": "/content/drive/Othercomputers/\ub0b4 \ub178\ud2b8\ubd81/Forked_Models/Validation/Validation/_\ub77c\ubca8_General_val_C/district/3. \ud6c4\ubc29 \ubc29\ud5a5 \uc774\ubbf8\uc9c0/[district]morning_1119C/[district]morning_1119C_20.json",
            "id": 0
        }
    ],
    "label": 1
}