{
    "data": [
        [
            0.5864583333333333,
            0.08425925925925926,
            -0.005208333333333259,
            -0.02592592592592592,
            -0.017187500000000022,
            0.006481481481481491,
            0.01666666666666672,
            0.005555555555555564
        ],
        [
            0.5796875,
            0.0787037037037037,
            -0.004687500000000067,
            -0.025,
            -0.01302083333333337,
            0.016666666666666663,
            0.021874999999999978,
            0.014814814814814808
        ],
        [
            0.5822916666666667,
            0.07777777777777778,
            -0.0031249999999999334,
            -0.02592592592592593,
            -0.015625,
            0.01759259259259259,
            0.01822916666666663,
            0.015740740740740736
        ]
    ],
    "original_data": [
        {
            "time_step": 1,
            "original_data_path": "/content/drive/Othercomputers/\ub0b4 \ub178\ud2b8\ubd81/Forked_Models/Validation/Validation/_\ub77c\ubca8_General_val_C/district/3. \ud6c4\ubc29 \ubc29\ud5a5 \uc774\ubbf8\uc9c0/[district]leave_001C/[district]leave_001C_58.json",
            "id": 0
        },
        {
            "time_step": 2,
            "original_data_path": "/content/drive/Othercomputers/\ub0b4 \ub178\ud2b8\ubd81/Forked_Models/Validation/Validation/_\ub77c\ubca8_General_val_C/district/3. \ud6c4\ubc29 \ubc29\ud5a5 \uc774\ubbf8\uc9c0/[district]leave_001C/[district]leave_001C_60.json",
            "id": 0
        },
        {
            "time_step": 3,
            "original_data_path": "/content/drive/Othercomputers/\ub0b4 \ub178\ud2b8\ubd81/Forked_Models/Validation/Validation/_\ub77c\ubca8_General_val_C/district/3. \ud6c4\ubc29 \ubc29\ud5a5 \uc774\ubbf8\uc9c0/[district]leave_001C/[district]leave_001C_62.json",
            "id": 0
        }
    ],
    "label": 1
}