{
    "data": [
        [
            0.5932291666666667,
            0.23796296296296296,
            -0.009895833333333326,
            -0.030555555555555558,
            0.019270833333333348,
            0.022222222222222227,
            -0.0067708333333333925,
            0.08333333333333334
        ],
        [
            0.5927083333333333,
            0.23425925925925925,
            -0.01302083333333326,
            -0.020370370370370372,
            0.016145833333333415,
            0.024999999999999994,
            -0.009895833333333326,
            0.09259259259259259
        ],
        [
            0.5932291666666667,
            0.23796296296296296,
            -0.01302083333333337,
            -0.025925925925925936,
            0.019270833333333348,
            0.022222222222222227,
            -0.0067708333333333925,
            0.08333333333333334
        ]
    ],
    "original_data": [
        {
            "time_step": 1,
            "original_data_path": "/content/drive/Othercomputers/\ub0b4 \ub178\ud2b8\ubd81/Forked_Models/Validation/Validation/_\ub77c\ubca8_General_val_C/district/3. \ud6c4\ubc29 \ubc29\ud5a5 \uc774\ubbf8\uc9c0/[district]morning_979C/[district]morning_979C_145.json",
            "id": 2
        },
        {
            "time_step": 2,
            "original_data_path": "/content/drive/Othercomputers/\ub0b4 \ub178\ud2b8\ubd81/Forked_Models/Validation/Validation/_\ub77c\ubca8_General_val_C/district/3. \ud6c4\ubc29 \ubc29\ud5a5 \uc774\ubbf8\uc9c0/[district]morning_979C/[district]morning_979C_150.json",
            "id": 2
        },
        {
            "time_step": 3,
            "original_data_path": "/content/drive/Othercomputers/\ub0b4 \ub178\ud2b8\ubd81/Forked_Models/Validation/Validation/_\ub77c\ubca8_General_val_C/district/3. \ud6c4\ubc29 \ubc29\ud5a5 \uc774\ubbf8\uc9c0/[district]morning_979C/[district]morning_979C_155.json",
            "id": 2
        }
    ],
    "label": 1
}