{
    "data": [
        [
            0.428125,
            0.5666666666666667,
            -0.023958333333333304,
            -0.06388888888888888,
            0.050000000000000044,
            0.002777777777777768,
            -0.027083333333333293,
            0.1509259259259259
        ],
        [
            0.42864583333333334,
            0.4888888888888889,
            -0.017187500000000022,
            -0.07314814814814813,
            0.05312499999999998,
            0.0222222222222222,
            -0.036979166666666674,
            0.14259259259259266
        ],
        [
            0.39427083333333335,
            0.4685185185185185,
            -0.00833333333333336,
            -0.056481481481481466,
            0.06562499999999999,
            0.03518518518518515,
            -0.044791666666666674,
            0.12407407407407406
        ]
    ],
    "original_data": [
        {
            "time_step": 1,
            "original_data_path": "/content/drive/Othercomputers/\ub0b4 \ub178\ud2b8\ubd81/Forked_Models/Validation/Validation/_\ub77c\ubca8_General_val_C/district/3. \ud6c4\ubc29 \ubc29\ud5a5 \uc774\ubbf8\uc9c0/[district]night_632C/[district]night_632C_250.json",
            "id": 3
        },
        {
            "time_step": 2,
            "original_data_path": "/content/drive/Othercomputers/\ub0b4 \ub178\ud2b8\ubd81/Forked_Models/Validation/Validation/_\ub77c\ubca8_General_val_C/district/3. \ud6c4\ubc29 \ubc29\ud5a5 \uc774\ubbf8\uc9c0/[district]night_632C/[district]night_632C_255.json",
            "id": 3
        },
        {
            "time_step": 3,
            "original_data_path": "/content/drive/Othercomputers/\ub0b4 \ub178\ud2b8\ubd81/Forked_Models/Validation/Validation/_\ub77c\ubca8_General_val_C/district/3. \ud6c4\ubc29 \ubc29\ud5a5 \uc774\ubbf8\uc9c0/[district]night_632C/[district]night_632C_260.json",
            "id": 3
        }
    ],
    "label": 1
}