{
    "data": [
        [
            0.4244791666666667,
            0.3638888888888889,
            -0.015625,
            -0.033333333333333326,
            -0.004166666666666707,
            0.003703703703703709,
            0.001041666666666663,
            0.07407407407407407
        ],
        [
            0.39947916666666666,
            0.3527777777777778,
            -0.014583333333333337,
            -0.025925925925925963,
            0.004166666666666652,
            0.0037037037037036535,
            0.026041666666666685,
            0.08518518518518514
        ],
        [
            0.3697916666666667,
            0.35185185185185186,
            -0.021354166666666674,
            -0.021296296296296313,
            0.013020833333333315,
            0.0009259259259259411,
            0.001041666666666663,
            0.04907407407407405
        ]
    ],
    "original_data": [
        {
            "time_step": 1,
            "original_data_path": "/content/drive/Othercomputers/\ub0b4 \ub178\ud2b8\ubd81/Forked_Models/Validation/Validation/_\ub77c\ubca8_General_val_C/district/3. \ud6c4\ubc29 \ubc29\ud5a5 \uc774\ubbf8\uc9c0/[district]leave_461C/[district]leave_461C_240.json",
            "id": 3
        },
        {
            "time_step": 2,
            "original_data_path": "/content/drive/Othercomputers/\ub0b4 \ub178\ud2b8\ubd81/Forked_Models/Validation/Validation/_\ub77c\ubca8_General_val_C/district/3. \ud6c4\ubc29 \ubc29\ud5a5 \uc774\ubbf8\uc9c0/[district]leave_461C/[district]leave_461C_245.json",
            "id": 3
        },
        {
            "time_step": 3,
            "original_data_path": "/content/drive/Othercomputers/\ub0b4 \ub178\ud2b8\ubd81/Forked_Models/Validation/Validation/_\ub77c\ubca8_General_val_C/district/3. \ud6c4\ubc29 \ubc29\ud5a5 \uc774\ubbf8\uc9c0/[district]leave_461C/[district]leave_461C_250.json",
            "id": 3
        }
    ],
    "label": 1
}