{
    "data": [
        [
            0.5208333333333334,
            0.1925925925925926,
            -0.021875000000000033,
            -0.061111111111111116,
            0.051562499999999956,
            0.021296296296296285,
            -0.011458333333333348,
            0.06759259259259259
        ],
        [
            0.5380208333333333,
            0.20092592592592592,
            -0.022916666666666585,
            -0.06666666666666665,
            0.0390625,
            0.016666666666666663,
            -0.006249999999999978,
            0.0648148148148148
        ],
        [
            0.5234375,
            0.19537037037037036,
            -0.01822916666666663,
            -0.06296296296296294,
            0.038541666666666696,
            0.02685185185185185,
            -0.004687499999999956,
            0.056481481481481466
        ]
    ],
    "original_data": [
        {
            "time_step": 1,
            "original_data_path": "/content/drive/Othercomputers/\ub0b4 \ub178\ud2b8\ubd81/Forked_Models/Validation/Validation/_\ub77c\ubca8_General_val_C/district/3. \ud6c4\ubc29 \ubc29\ud5a5 \uc774\ubbf8\uc9c0/[district]day_025C/[district]day_025C_82.json",
            "id": 1
        },
        {
            "time_step": 2,
            "original_data_path": "/content/drive/Othercomputers/\ub0b4 \ub178\ud2b8\ubd81/Forked_Models/Validation/Validation/_\ub77c\ubca8_General_val_C/district/3. \ud6c4\ubc29 \ubc29\ud5a5 \uc774\ubbf8\uc9c0/[district]day_025C/[district]day_025C_84.json",
            "id": 1
        },
        {
            "time_step": 3,
            "original_data_path": "/content/drive/Othercomputers/\ub0b4 \ub178\ud2b8\ubd81/Forked_Models/Validation/Validation/_\ub77c\ubca8_General_val_C/district/3. \ud6c4\ubc29 \ubc29\ud5a5 \uc774\ubbf8\uc9c0/[district]day_025C/[district]day_025C_86.json",
            "id": 1
        }
    ],
    "label": 1
}