{
    "data": [
        [
            0.3697916666666667,
            0.40925925925925927,
            -0.001041666666666663,
            -0.033333333333333326,
            0.025520833333333326,
            0.006481481481481477,
            -0.0005208333333333592,
            0.10555555555555557
        ],
        [
            0.3614583333333333,
            0.4148148148148148,
            -0.005729166666666674,
            -0.04166666666666663,
            0.033333333333333326,
            -0.017592592592592604,
            0.001041666666666663,
            0.11666666666666664
        ],
        [
            0.35625,
            0.40555555555555556,
            -0.003124999999999989,
            -0.03518518518518521,
            0.024999999999999967,
            0.013888888888888895,
            0.0015624999999999667,
            0.10462962962962963
        ]
    ],
    "original_data": [
        {
            "time_step": 1,
            "original_data_path": "/content/drive/Othercomputers/\ub0b4 \ub178\ud2b8\ubd81/Forked_Models/Validation/Validation/_\ub77c\ubca8_General_val_C/district/3. \ud6c4\ubc29 \ubc29\ud5a5 \uc774\ubbf8\uc9c0/[district]morning_964C/[district]morning_964C_235.json",
            "id": 3
        },
        {
            "time_step": 2,
            "original_data_path": "/content/drive/Othercomputers/\ub0b4 \ub178\ud2b8\ubd81/Forked_Models/Validation/Validation/_\ub77c\ubca8_General_val_C/district/3. \ud6c4\ubc29 \ubc29\ud5a5 \uc774\ubbf8\uc9c0/[district]morning_964C/[district]morning_964C_240.json",
            "id": 3
        },
        {
            "time_step": 3,
            "original_data_path": "/content/drive/Othercomputers/\ub0b4 \ub178\ud2b8\ubd81/Forked_Models/Validation/Validation/_\ub77c\ubca8_General_val_C/district/3. \ud6c4\ubc29 \ubc29\ud5a5 \uc774\ubbf8\uc9c0/[district]morning_964C/[district]morning_964C_245.json",
            "id": 3
        }
    ],
    "label": 1
}