{
    "data": [
        [
            0.346875,
            0.6074074074074074,
            -0.016145833333333304,
            -0.08703703703703702,
            0.04375000000000001,
            -0.022222222222222254,
            -0.02291666666666664,
            0.15740740740740744
        ],
        [
            0.3375,
            0.5546296296296296,
            -0.015104166666666696,
            -0.047222222222222165,
            0.03489583333333329,
            -0.021296296296296258,
            0.0,
            0.11481481481481481
        ],
        [
            0.3416666666666667,
            0.4898148148148148,
            -0.017708333333333326,
            -0.05555555555555558,
            0.03072916666666664,
            -0.018518518518518545,
            0.0015624999999999667,
            0.0796296296296296
        ]
    ],
    "original_data": [
        {
            "time_step": 1,
            "original_data_path": "/content/drive/Othercomputers/\ub0b4 \ub178\ud2b8\ubd81/Forked_Models/Validation/Validation/_\ub77c\ubca8_General_val_C/district/3. \ud6c4\ubc29 \ubc29\ud5a5 \uc774\ubbf8\uc9c0/[district]leave_511C/[district]leave_511C_245.json",
            "id": 2
        },
        {
            "time_step": 2,
            "original_data_path": "/content/drive/Othercomputers/\ub0b4 \ub178\ud2b8\ubd81/Forked_Models/Validation/Validation/_\ub77c\ubca8_General_val_C/district/3. \ud6c4\ubc29 \ubc29\ud5a5 \uc774\ubbf8\uc9c0/[district]leave_511C/[district]leave_511C_250.json",
            "id": 2
        },
        {
            "time_step": 3,
            "original_data_path": "/content/drive/Othercomputers/\ub0b4 \ub178\ud2b8\ubd81/Forked_Models/Validation/Validation/_\ub77c\ubca8_General_val_C/district/3. \ud6c4\ubc29 \ubc29\ud5a5 \uc774\ubbf8\uc9c0/[district]leave_511C/[district]leave_511C_255.json",
            "id": 2
        }
    ],
    "label": 1
}