{
    "data": [
        [
            0.40989583333333335,
            0.3611111111111111,
            -0.019270833333333348,
            -0.028703703703703676,
            0.021354166666666674,
            -0.010185185185185186,
            0.006770833333333337,
            0.10925925925925928
        ],
        [
            0.4041666666666667,
            0.3731481481481482,
            -0.024479166666666663,
            -0.030555555555555558,
            0.017708333333333326,
            -0.0064814814814815325,
            0.009374999999999967,
            0.11851851851851847
        ],
        [
            0.4041666666666667,
            0.3731481481481482,
            -0.024479166666666663,
            -0.030555555555555558,
            0.017708333333333326,
            -0.0064814814814815325,
            0.009374999999999967,
            0.11851851851851847
        ]
    ],
    "original_data": [
        {
            "time_step": 1,
            "original_data_path": "/content/drive/Othercomputers/\ub0b4 \ub178\ud2b8\ubd81/Forked_Models/Validation/Validation/_\ub77c\ubca8_General_val_C/district/3. \ud6c4\ubc29 \ubc29\ud5a5 \uc774\ubbf8\uc9c0/[district]leave_1070C/[district]leave_1070C_125.json",
            "id": 0
        },
        {
            "time_step": 2,
            "original_data_path": "/content/drive/Othercomputers/\ub0b4 \ub178\ud2b8\ubd81/Forked_Models/Validation/Validation/_\ub77c\ubca8_General_val_C/district/3. \ud6c4\ubc29 \ubc29\ud5a5 \uc774\ubbf8\uc9c0/[district]leave_1070C/[district]leave_1070C_130.json",
            "id": 0
        },
        {
            "time_step": 3,
            "original_data_path": "/content/drive/Othercomputers/\ub0b4 \ub178\ud2b8\ubd81/Forked_Models/Validation/Validation/_\ub77c\ubca8_General_val_C/district/3. \ud6c4\ubc29 \ubc29\ud5a5 \uc774\ubbf8\uc9c0/[district]leave_1070C/[district]leave_1070C_135.json",
            "id": 0
        }
    ],
    "label": 1
}