{
    "data": [
        [
            0.3390625,
            0.3824074074074074,
            -0.020833333333333315,
            -0.02407407407407408,
            0.004166666666666652,
            0.0,
            0.005729166666666674,
            0.032407407407407385
        ],
        [
            0.31302083333333336,
            0.3888888888888889,
            -0.012500000000000011,
            -0.018518518518518545,
            0.006249999999999978,
            -0.006481481481481477,
            0.008854166666666663,
            0.05740740740740741
        ],
        [
            0.275,
            0.4148148148148148,
            -0.016666666666666663,
            -0.02685185185185185,
            0.0057291666666666186,
            0.010185185185185186,
            0.03125,
            0.037962962962962976
        ]
    ],
    "original_data": [
        {
            "time_step": 1,
            "original_data_path": "/content/drive/Othercomputers/\ub0b4 \ub178\ud2b8\ubd81/Forked_Models/Validation/Validation/_\ub77c\ubca8_General_val_C/district/3. \ud6c4\ubc29 \ubc29\ud5a5 \uc774\ubbf8\uc9c0/[district]leave_461C/[district]leave_461C_255.json",
            "id": 3
        },
        {
            "time_step": 2,
            "original_data_path": "/content/drive/Othercomputers/\ub0b4 \ub178\ud2b8\ubd81/Forked_Models/Validation/Validation/_\ub77c\ubca8_General_val_C/district/3. \ud6c4\ubc29 \ubc29\ud5a5 \uc774\ubbf8\uc9c0/[district]leave_461C/[district]leave_461C_260.json",
            "id": 3
        },
        {
            "time_step": 3,
            "original_data_path": "/content/drive/Othercomputers/\ub0b4 \ub178\ud2b8\ubd81/Forked_Models/Validation/Validation/_\ub77c\ubca8_General_val_C/district/3. \ud6c4\ubc29 \ubc29\ud5a5 \uc774\ubbf8\uc9c0/[district]leave_461C/[district]leave_461C_265.json",
            "id": 3
        }
    ],
    "label": 1
}