{
    "data": [
        [
            0.5791666666666667,
            0.23796296296296296,
            -0.01302083333333337,
            -0.040740740740740744,
            0.0005208333333333037,
            0.022222222222222227,
            0.02239583333333328,
            0.08518518518518517
        ],
        [
            0.5989583333333334,
            0.2351851851851852,
            -0.019791666666666652,
            -0.037037037037037035,
            -0.014062500000000089,
            0.03611111111111112,
            0.013541666666666674,
            0.08981481481481482
        ],
        [
            0.5994791666666667,
            0.2388888888888889,
            -0.011979166666666652,
            -0.037962962962962976,
            -0.009375000000000022,
            0.01574074074074075,
            0.021354166666666674,
            0.08055555555555552
        ]
    ],
    "original_data": [
        {
            "time_step": 1,
            "original_data_path": "/content/drive/Othercomputers/\ub0b4 \ub178\ud2b8\ubd81/Forked_Models/Validation/Validation/_\ub77c\ubca8_General_val_C/district/3. \ud6c4\ubc29 \ubc29\ud5a5 \uc774\ubbf8\uc9c0/[district]morning_1057C/[district]morning_1057C_165.json",
            "id": 1
        },
        {
            "time_step": 2,
            "original_data_path": "/content/drive/Othercomputers/\ub0b4 \ub178\ud2b8\ubd81/Forked_Models/Validation/Validation/_\ub77c\ubca8_General_val_C/district/3. \ud6c4\ubc29 \ubc29\ud5a5 \uc774\ubbf8\uc9c0/[district]morning_1057C/[district]morning_1057C_170.json",
            "id": 1
        },
        {
            "time_step": 3,
            "original_data_path": "/content/drive/Othercomputers/\ub0b4 \ub178\ud2b8\ubd81/Forked_Models/Validation/Validation/_\ub77c\ubca8_General_val_C/district/3. \ud6c4\ubc29 \ubc29\ud5a5 \uc774\ubbf8\uc9c0/[district]morning_1057C/[district]morning_1057C_175.json",
            "id": 1
        }
    ],
    "label": 1
}