{
    "data": [
        [
            0.365625,
            0.39444444444444443,
            -0.03125,
            -0.0537037037037037,
            0.021354166666666674,
            -0.02777777777777779,
            -0.012499999999999956,
            0.08425925925925926
        ],
        [
            0.3536458333333333,
            0.38333333333333336,
            -0.033854166666666685,
            -0.050000000000000044,
            0.015625,
            -0.020370370370370372,
            -0.003124999999999989,
            0.09074074074074073
        ],
        [
            0.3572916666666667,
            0.3888888888888889,
            -0.03958333333333336,
            -0.045370370370370394,
            0.02656249999999999,
            -0.014814814814814836,
            -0.007291666666666696,
            0.08796296296296297
        ]
    ],
    "original_data": [
        {
            "time_step": 1,
            "original_data_path": "/content/drive/Othercomputers/\ub0b4 \ub178\ud2b8\ubd81/Forked_Models/Validation/Validation/_\ub77c\ubca8_General_val_C/district/3. \ud6c4\ubc29 \ubc29\ud5a5 \uc774\ubbf8\uc9c0/[district]leave_075C/[district]leave_075C_62.json",
            "id": 2
        },
        {
            "time_step": 2,
            "original_data_path": "/content/drive/Othercomputers/\ub0b4 \ub178\ud2b8\ubd81/Forked_Models/Validation/Validation/_\ub77c\ubca8_General_val_C/district/3. \ud6c4\ubc29 \ubc29\ud5a5 \uc774\ubbf8\uc9c0/[district]leave_075C/[district]leave_075C_64.json",
            "id": 2
        },
        {
            "time_step": 3,
            "original_data_path": "/content/drive/Othercomputers/\ub0b4 \ub178\ud2b8\ubd81/Forked_Models/Validation/Validation/_\ub77c\ubca8_General_val_C/district/3. \ud6c4\ubc29 \ubc29\ud5a5 \uc774\ubbf8\uc9c0/[district]leave_075C/[district]leave_075C_66.json",
            "id": 2
        }
    ],
    "label": 1
}