{
    "data": [
        [
            0.4078125,
            0.5231481481481481,
            0.0015624999999999667,
            -0.04999999999999999,
            0.008333333333333304,
            0.0018518518518518823,
            -0.027083333333333348,
            0.10555555555555551
        ],
        [
            0.41510416666666666,
            0.524074074074074,
            -0.0005208333333333037,
            -0.04166666666666663,
            0.010937499999999989,
            -0.004629629629629539,
            -0.017187500000000022,
            0.07037037037037042
        ],
        [
            0.4203125,
            0.5231481481481481,
            0.004687500000000011,
            -0.0398148148148148,
            0.005729166666666674,
            -0.0037037037037036535,
            -0.01874999999999999,
            0.08148148148148149
        ]
    ],
    "original_data": [
        {
            "time_step": 1,
            "original_data_path": "/content/drive/Othercomputers/\ub0b4 \ub178\ud2b8\ubd81/Forked_Models/Validation/Validation/_\ub77c\ubca8_General_val_C/district/3. \ud6c4\ubc29 \ubc29\ud5a5 \uc774\ubbf8\uc9c0/[district]day_712C/[district]day_712C_175.json",
            "id": 6
        },
        {
            "time_step": 2,
            "original_data_path": "/content/drive/Othercomputers/\ub0b4 \ub178\ud2b8\ubd81/Forked_Models/Validation/Validation/_\ub77c\ubca8_General_val_C/district/3. \ud6c4\ubc29 \ubc29\ud5a5 \uc774\ubbf8\uc9c0/[district]day_712C/[district]day_712C_180.json",
            "id": 6
        },
        {
            "time_step": 3,
            "original_data_path": "/content/drive/Othercomputers/\ub0b4 \ub178\ud2b8\ubd81/Forked_Models/Validation/Validation/_\ub77c\ubca8_General_val_C/district/3. \ud6c4\ubc29 \ubc29\ud5a5 \uc774\ubbf8\uc9c0/[district]day_712C/[district]day_712C_185.json",
            "id": 6
        }
    ],
    "label": 1
}