{
    "data": [
        [
            0.3734375,
            0.34074074074074073,
            -0.008854166666666663,
            -0.037962962962962976,
            0.054166666666666696,
            0.02777777777777779,
            -0.04531249999999998,
            0.08796296296296297
        ],
        [
            0.3651041666666667,
            0.35185185185185186,
            -0.008854166666666663,
            -0.042592592592592626,
            0.05312499999999998,
            0.011111111111111127,
            -0.036979166666666674,
            0.07685185185185184
        ],
        [
            0.36614583333333334,
            0.3453703703703704,
            -0.009895833333333326,
            -0.03611111111111115,
            0.052083333333333315,
            0.017592592592592604,
            -0.03802083333333334,
            0.08333333333333331
        ]
    ],
    "original_data": [
        {
            "time_step": 1,
            "original_data_path": "/content/drive/Othercomputers/\ub0b4 \ub178\ud2b8\ubd81/Forked_Models/Validation/Validation/_\ub77c\ubca8_General_val_C/district/3. \ud6c4\ubc29 \ubc29\ud5a5 \uc774\ubbf8\uc9c0/[district]night_624C/[district]night_624C_45.json",
            "id": 2
        },
        {
            "time_step": 2,
            "original_data_path": "/content/drive/Othercomputers/\ub0b4 \ub178\ud2b8\ubd81/Forked_Models/Validation/Validation/_\ub77c\ubca8_General_val_C/district/3. \ud6c4\ubc29 \ubc29\ud5a5 \uc774\ubbf8\uc9c0/[district]night_624C/[district]night_624C_50.json",
            "id": 2
        },
        {
            "time_step": 3,
            "original_data_path": "/content/drive/Othercomputers/\ub0b4 \ub178\ud2b8\ubd81/Forked_Models/Validation/Validation/_\ub77c\ubca8_General_val_C/district/3. \ud6c4\ubc29 \ubc29\ud5a5 \uc774\ubbf8\uc9c0/[district]night_624C/[district]night_624C_55.json",
            "id": 2
        }
    ],
    "label": 1
}