{
    "data": [
        [
            0.5114583333333333,
            0.2462962962962963,
            -0.005729166666666674,
            -0.03888888888888889,
            0.010937499999999933,
            0.0314814814814815,
            0.016666666666666607,
            0.05925925925925929
        ],
        [
            0.5114583333333333,
            0.2462962962962963,
            -0.005729166666666674,
            -0.03888888888888889,
            0.010937499999999933,
            0.0314814814814815,
            0.016666666666666607,
            0.05925925925925929
        ],
        [
            0.5114583333333333,
            0.2462962962962963,
            -0.005729166666666674,
            -0.03888888888888889,
            0.010937499999999933,
            0.0314814814814815,
            0.016666666666666607,
            0.05925925925925929
        ]
    ],
    "original_data": [
        {
            "time_step": 1,
            "original_data_path": "/content/drive/Othercomputers/\ub0b4 \ub178\ud2b8\ubd81/Forked_Models/Validation/Validation/_\ub77c\ubca8_General_val_C/district/3. \ud6c4\ubc29 \ubc29\ud5a5 \uc774\ubbf8\uc9c0/[district]attend_1081C/[district]attend_1081C_95.json",
            "id": 0
        },
        {
            "time_step": 2,
            "original_data_path": "/content/drive/Othercomputers/\ub0b4 \ub178\ud2b8\ubd81/Forked_Models/Validation/Validation/_\ub77c\ubca8_General_val_C/district/3. \ud6c4\ubc29 \ubc29\ud5a5 \uc774\ubbf8\uc9c0/[district]attend_1081C/[district]attend_1081C_100.json",
            "id": 0
        },
        {
            "time_step": 3,
            "original_data_path": "/content/drive/Othercomputers/\ub0b4 \ub178\ud2b8\ubd81/Forked_Models/Validation/Validation/_\ub77c\ubca8_General_val_C/district/3. \ud6c4\ubc29 \ubc29\ud5a5 \uc774\ubbf8\uc9c0/[district]attend_1081C/[district]attend_1081C_105.json",
            "id": 0
        }
    ],
    "label": 1
}