{
    "data": [
        [
            0.44114583333333335,
            0.3333333333333333,
            -0.008854166666666663,
            -0.027777777777777735,
            0.01822916666666663,
            0.011111111111111127,
            0.002083333333333326,
            0.05555555555555558
        ],
        [
            0.434375,
            0.34629629629629627,
            -0.006250000000000033,
            -0.027777777777777735,
            0.025520833333333326,
            -0.0009259259259258856,
            0.001041666666666663,
            0.05185185185185187
        ],
        [
            0.4296875,
            0.3416666666666667,
            -0.009375000000000022,
            -0.025925925925925908,
            0.017708333333333326,
            0.007407407407407418,
            0.001041666666666663,
            0.06388888888888888
        ]
    ],
    "original_data": [
        {
            "time_step": 1,
            "original_data_path": "/content/drive/Othercomputers/\ub0b4 \ub178\ud2b8\ubd81/Forked_Models/Validation/Validation/_\ub77c\ubca8_General_val_C/district/3. \ud6c4\ubc29 \ubc29\ud5a5 \uc774\ubbf8\uc9c0/[district]night_624C/[district]night_624C_215.json",
            "id": 3
        },
        {
            "time_step": 2,
            "original_data_path": "/content/drive/Othercomputers/\ub0b4 \ub178\ud2b8\ubd81/Forked_Models/Validation/Validation/_\ub77c\ubca8_General_val_C/district/3. \ud6c4\ubc29 \ubc29\ud5a5 \uc774\ubbf8\uc9c0/[district]night_624C/[district]night_624C_220.json",
            "id": 3
        },
        {
            "time_step": 3,
            "original_data_path": "/content/drive/Othercomputers/\ub0b4 \ub178\ud2b8\ubd81/Forked_Models/Validation/Validation/_\ub77c\ubca8_General_val_C/district/3. \ud6c4\ubc29 \ubc29\ud5a5 \uc774\ubbf8\uc9c0/[district]night_624C/[district]night_624C_225.json",
            "id": 3
        }
    ],
    "label": 1
}