{
    "data": [
        [
            0.48385416666666664,
            0.33055555555555555,
            -0.007291666666666641,
            -0.0398148148148148,
            -0.015625,
            0.00462962962962965,
            0.0005208333333333592,
            0.04629629629629628
        ],
        [
            0.471875,
            0.33240740740740743,
            -0.004687500000000011,
            -0.04351851851851857,
            -0.008333333333333304,
            0.002777777777777768,
            0.006250000000000033,
            0.04537037037037034
        ],
        [
            0.45208333333333334,
            0.3527777777777778,
            -0.013020833333333315,
            -0.03888888888888892,
            -0.0015625000000000222,
            0.007407407407407363,
            0.004166666666666652,
            0.015740740740740722
        ]
    ],
    "original_data": [
        {
            "time_step": 1,
            "original_data_path": "/content/drive/Othercomputers/\ub0b4 \ub178\ud2b8\ubd81/Forked_Models/Validation/Validation/_\ub77c\ubca8_General_val_C/district/3. \ud6c4\ubc29 \ubc29\ud5a5 \uc774\ubbf8\uc9c0/[district]day_567C/[district]day_567C_225.json",
            "id": 2
        },
        {
            "time_step": 2,
            "original_data_path": "/content/drive/Othercomputers/\ub0b4 \ub178\ud2b8\ubd81/Forked_Models/Validation/Validation/_\ub77c\ubca8_General_val_C/district/3. \ud6c4\ubc29 \ubc29\ud5a5 \uc774\ubbf8\uc9c0/[district]day_567C/[district]day_567C_230.json",
            "id": 2
        },
        {
            "time_step": 3,
            "original_data_path": "/content/drive/Othercomputers/\ub0b4 \ub178\ud2b8\ubd81/Forked_Models/Validation/Validation/_\ub77c\ubca8_General_val_C/district/3. \ud6c4\ubc29 \ubc29\ud5a5 \uc774\ubbf8\uc9c0/[district]day_567C/[district]day_567C_235.json",
            "id": 2
        }
    ],
    "label": 1
}