{
    "data": [
        [
            0.3385416666666667,
            0.5185185185185185,
            -0.02031250000000001,
            -0.03796296296296292,
            0.036458333333333315,
            -0.007407407407407418,
            0.007291666666666641,
            0.08240740740740748
        ],
        [
            0.30104166666666665,
            0.49907407407407406,
            -0.02031250000000001,
            -0.03796296296296292,
            0.03177083333333336,
            -0.003703703703703709,
            0.014583333333333337,
            0.10925925925925922
        ],
        [
            0.2713541666666667,
            0.487962962962963,
            -0.015625,
            -0.02407407407407408,
            0.03281249999999997,
            -0.01666666666666672,
            0.018229166666666685,
            0.0851851851851852
        ]
    ],
    "original_data": [
        {
            "time_step": 1,
            "original_data_path": "/content/drive/Othercomputers/\ub0b4 \ub178\ud2b8\ubd81/Forked_Models/Validation/Validation/_\ub77c\ubca8_General_val_C/district/3. \ud6c4\ubc29 \ubc29\ud5a5 \uc774\ubbf8\uc9c0/[district]day_963C/[district]day_963C_285.json",
            "id": 0
        },
        {
            "time_step": 2,
            "original_data_path": "/content/drive/Othercomputers/\ub0b4 \ub178\ud2b8\ubd81/Forked_Models/Validation/Validation/_\ub77c\ubca8_General_val_C/district/3. \ud6c4\ubc29 \ubc29\ud5a5 \uc774\ubbf8\uc9c0/[district]day_963C/[district]day_963C_290.json",
            "id": 0
        },
        {
            "time_step": 3,
            "original_data_path": "/content/drive/Othercomputers/\ub0b4 \ub178\ud2b8\ubd81/Forked_Models/Validation/Validation/_\ub77c\ubca8_General_val_C/district/3. \ud6c4\ubc29 \ubc29\ud5a5 \uc774\ubbf8\uc9c0/[district]day_963C/[district]day_963C_295.json",
            "id": 0
        }
    ],
    "label": 1
}