{
    "data": [
        [
            0.465625,
            0.5092592592592593,
            -0.011979166666666652,
            -0.046296296296296335,
            0.02812500000000001,
            0.002777777777777768,
            -0.02656249999999999,
            0.09537037037037033
        ],
        [
            0.4359375,
            0.4703703703703704,
            -0.015625,
            -0.04999999999999999,
            0.026562500000000044,
            0.016666666666666663,
            -0.043749999999999956,
            0.12222222222222218
        ],
        [
            0.3515625,
            0.4648148148148148,
            -0.014062499999999978,
            -0.04537037037037034,
            0.04791666666666666,
            0.007407407407407418,
            -0.04322916666666665,
            0.10555555555555562
        ]
    ],
    "original_data": [
        {
            "time_step": 1,
            "original_data_path": "/content/drive/Othercomputers/\ub0b4 \ub178\ud2b8\ubd81/Forked_Models/Validation/Validation/_\ub77c\ubca8_General_val_C/district/3. \ud6c4\ubc29 \ubc29\ud5a5 \uc774\ubbf8\uc9c0/[district]night_617C/[district]night_617C_260.json",
            "id": 3
        },
        {
            "time_step": 2,
            "original_data_path": "/content/drive/Othercomputers/\ub0b4 \ub178\ud2b8\ubd81/Forked_Models/Validation/Validation/_\ub77c\ubca8_General_val_C/district/3. \ud6c4\ubc29 \ubc29\ud5a5 \uc774\ubbf8\uc9c0/[district]night_617C/[district]night_617C_265.json",
            "id": 3
        },
        {
            "time_step": 3,
            "original_data_path": "/content/drive/Othercomputers/\ub0b4 \ub178\ud2b8\ubd81/Forked_Models/Validation/Validation/_\ub77c\ubca8_General_val_C/district/3. \ud6c4\ubc29 \ubc29\ud5a5 \uc774\ubbf8\uc9c0/[district]night_617C/[district]night_617C_270.json",
            "id": 3
        }
    ],
    "label": 1
}