{
    "data": [
        [
            0.565625,
            0.3287037037037037,
            -0.030729166666666696,
            -0.03425925925925927,
            0.0234375,
            -0.0009259259259259411,
            0.0015624999999999112,
            0.08425925925925926
        ],
        [
            0.5572916666666666,
            0.32685185185185184,
            -0.027604166666666652,
            -0.032407407407407385,
            0.027604166666666652,
            -0.017592592592592604,
            -0.004166666666666652,
            0.07407407407407407
        ],
        [
            0.553125,
            0.32592592592592595,
            -0.027604166666666652,
            -0.03425925925925927,
            0.03229166666666672,
            -0.01666666666666672,
            -0.01822916666666663,
            0.05833333333333329
        ]
    ],
    "original_data": [
        {
            "time_step": 1,
            "original_data_path": "/content/drive/Othercomputers/\ub0b4 \ub178\ud2b8\ubd81/Forked_Models/Validation/Validation/_\ub77c\ubca8_General_val_C/district/3. \ud6c4\ubc29 \ubc29\ud5a5 \uc774\ubbf8\uc9c0/[district]attend_1124C/[district]attend_1124C_260.json",
            "id": 0
        },
        {
            "time_step": 2,
            "original_data_path": "/content/drive/Othercomputers/\ub0b4 \ub178\ud2b8\ubd81/Forked_Models/Validation/Validation/_\ub77c\ubca8_General_val_C/district/3. \ud6c4\ubc29 \ubc29\ud5a5 \uc774\ubbf8\uc9c0/[district]attend_1124C/[district]attend_1124C_265.json",
            "id": 0
        },
        {
            "time_step": 3,
            "original_data_path": "/content/drive/Othercomputers/\ub0b4 \ub178\ud2b8\ubd81/Forked_Models/Validation/Validation/_\ub77c\ubca8_General_val_C/district/3. \ud6c4\ubc29 \ubc29\ud5a5 \uc774\ubbf8\uc9c0/[district]attend_1124C/[district]attend_1124C_270.json",
            "id": 0
        }
    ],
    "label": 1
}