{
    "data": [
        [
            0.33125,
            0.737037037037037,
            -0.014583333333333337,
            -0.09907407407407409,
            0.05937500000000001,
            -0.04629629629629628,
            -0.029166666666666674,
            0.18240740740740735
        ],
        [
            0.32395833333333335,
            0.737037037037037,
            -0.014062500000000033,
            -0.0981481481481482,
            0.06666666666666665,
            -0.04629629629629628,
            -0.021875000000000033,
            0.18240740740740735
        ],
        [
            0.3375,
            0.7018518518518518,
            -0.015104166666666696,
            -0.08333333333333337,
            0.05572916666666666,
            -0.03703703703703698,
            -0.03229166666666666,
            0.1611111111111111
        ]
    ],
    "original_data": [
        {
            "time_step": 1,
            "original_data_path": "/content/drive/Othercomputers/\ub0b4 \ub178\ud2b8\ubd81/Forked_Models/Validation/Validation/_\ub77c\ubca8_General_val_C/district/3. \ud6c4\ubc29 \ubc29\ud5a5 \uc774\ubbf8\uc9c0/[district]leave_511C/[district]leave_511C_230.json",
            "id": 2
        },
        {
            "time_step": 2,
            "original_data_path": "/content/drive/Othercomputers/\ub0b4 \ub178\ud2b8\ubd81/Forked_Models/Validation/Validation/_\ub77c\ubca8_General_val_C/district/3. \ud6c4\ubc29 \ubc29\ud5a5 \uc774\ubbf8\uc9c0/[district]leave_511C/[district]leave_511C_235.json",
            "id": 2
        },
        {
            "time_step": 3,
            "original_data_path": "/content/drive/Othercomputers/\ub0b4 \ub178\ud2b8\ubd81/Forked_Models/Validation/Validation/_\ub77c\ubca8_General_val_C/district/3. \ud6c4\ubc29 \ubc29\ud5a5 \uc774\ubbf8\uc9c0/[district]leave_511C/[district]leave_511C_240.json",
            "id": 2
        }
    ],
    "label": 1
}