{
    "data": [
        [
            0.4239583333333333,
            0.49166666666666664,
            -0.010416666666666685,
            -0.037037037037037035,
            -0.010416666666666685,
            -0.006481481481481477,
            0.017187500000000022,
            0.07037037037037036
        ],
        [
            0.425,
            0.4898148148148148,
            -0.01041666666666663,
            -0.037037037037037035,
            -0.01041666666666663,
            -0.006481481481481477,
            0.017187500000000022,
            0.07037037037037042
        ],
        [
            0.42291666666666666,
            0.4935185185185185,
            -0.010416666666666685,
            -0.037037037037037035,
            -0.010416666666666685,
            -0.006481481481481477,
            0.017187500000000022,
            0.07037037037037036
        ]
    ],
    "original_data": [
        {
            "time_step": 1,
            "original_data_path": "/content/drive/Othercomputers/\ub0b4 \ub178\ud2b8\ubd81/Forked_Models/Validation/Validation/_\ub77c\ubca8_General_val_C/district/3. \ud6c4\ubc29 \ubc29\ud5a5 \uc774\ubbf8\uc9c0/[district]morning_649C/[district]morning_649C_75.json",
            "id": 3
        },
        {
            "time_step": 2,
            "original_data_path": "/content/drive/Othercomputers/\ub0b4 \ub178\ud2b8\ubd81/Forked_Models/Validation/Validation/_\ub77c\ubca8_General_val_C/district/3. \ud6c4\ubc29 \ubc29\ud5a5 \uc774\ubbf8\uc9c0/[district]morning_649C/[district]morning_649C_80.json",
            "id": 3
        },
        {
            "time_step": 3,
            "original_data_path": "/content/drive/Othercomputers/\ub0b4 \ub178\ud2b8\ubd81/Forked_Models/Validation/Validation/_\ub77c\ubca8_General_val_C/district/3. \ud6c4\ubc29 \ubc29\ud5a5 \uc774\ubbf8\uc9c0/[district]morning_649C/[district]morning_649C_85.json",
            "id": 3
        }
    ],
    "label": 1
}