{
    "data": [
        [
            0.409375,
            0.5638888888888889,
            -0.015625,
            -0.037962962962962976,
            0.014062500000000033,
            -0.028703703703703676,
            0.003124999999999989,
            0.06018518518518523
        ],
        [
            0.40208333333333335,
            0.5675925925925925,
            -0.015625,
            -0.03703703703703698,
            0.021354166666666674,
            -0.03240740740740733,
            0.01041666666666663,
            0.05648148148148158
        ],
        [
            0.40208333333333335,
            0.5675925925925925,
            -0.011458333333333348,
            -0.03981481481481475,
            0.024999999999999967,
            -0.04629629629629628,
            0.01041666666666663,
            0.05648148148148158
        ]
    ],
    "original_data": [
        {
            "time_step": 1,
            "original_data_path": "/content/drive/Othercomputers/\ub0b4 \ub178\ud2b8\ubd81/Forked_Models/Validation/Validation/_\ub77c\ubca8_General_val_C/district/3. \ud6c4\ubc29 \ubc29\ud5a5 \uc774\ubbf8\uc9c0/[district]day_575C/[district]day_575C_20.json",
            "id": 5
        },
        {
            "time_step": 2,
            "original_data_path": "/content/drive/Othercomputers/\ub0b4 \ub178\ud2b8\ubd81/Forked_Models/Validation/Validation/_\ub77c\ubca8_General_val_C/district/3. \ud6c4\ubc29 \ubc29\ud5a5 \uc774\ubbf8\uc9c0/[district]day_575C/[district]day_575C_25.json",
            "id": 5
        },
        {
            "time_step": 3,
            "original_data_path": "/content/drive/Othercomputers/\ub0b4 \ub178\ud2b8\ubd81/Forked_Models/Validation/Validation/_\ub77c\ubca8_General_val_C/district/3. \ud6c4\ubc29 \ubc29\ud5a5 \uc774\ubbf8\uc9c0/[district]day_575C/[district]day_575C_30.json",
            "id": 5
        }
    ],
    "label": 1
}