{
    "data": [
        [
            0.5432291666666667,
            0.20092592592592592,
            -0.021874999999999978,
            -0.11388888888888889,
            0.0010416666666667185,
            0.02685185185185185,
            0.038541666666666696,
            0.09074074074074076
        ],
        [
            0.5526041666666667,
            0.19814814814814816,
            -0.013541666666666674,
            -0.11111111111111112,
            -0.011979166666666652,
            0.033333333333333326,
            0.04062500000000002,
            0.09907407407407406
        ],
        [
            0.5598958333333334,
            0.19537037037037036,
            -0.02083333333333337,
            -0.11018518518518518,
            0.004166666666666652,
            0.025925925925925936,
            0.03645833333333326,
            0.0888888888888889
        ]
    ],
    "original_data": [
        {
            "time_step": 1,
            "original_data_path": "/content/drive/Othercomputers/\ub0b4 \ub178\ud2b8\ubd81/Forked_Models/Validation/Validation/_\ub77c\ubca8_General_val_C/district/3. \ud6c4\ubc29 \ubc29\ud5a5 \uc774\ubbf8\uc9c0/[district]day_022C/[district]day_022C_8.json",
            "id": 0
        },
        {
            "time_step": 2,
            "original_data_path": "/content/drive/Othercomputers/\ub0b4 \ub178\ud2b8\ubd81/Forked_Models/Validation/Validation/_\ub77c\ubca8_General_val_C/district/3. \ud6c4\ubc29 \ubc29\ud5a5 \uc774\ubbf8\uc9c0/[district]day_022C/[district]day_022C_10.json",
            "id": 0
        },
        {
            "time_step": 3,
            "original_data_path": "/content/drive/Othercomputers/\ub0b4 \ub178\ud2b8\ubd81/Forked_Models/Validation/Validation/_\ub77c\ubca8_General_val_C/district/3. \ud6c4\ubc29 \ubc29\ud5a5 \uc774\ubbf8\uc9c0/[district]day_022C/[district]day_022C_12.json",
            "id": 0
        }
    ],
    "label": 1
}