{
    "data": [
        [
            0.6494791666666667,
            0.5111111111111111,
            0.003645833333333237,
            -0.030555555555555503,
            -0.03385416666666674,
            0.0,
            0.03385416666666663,
            0.030555555555555558
        ],
        [
            0.65625,
            0.5046296296296297,
            0.002083333333333326,
            -0.042592592592592626,
            -0.04062500000000002,
            0.0064814814814814214,
            0.027083333333333348,
            0.03703703703703698
        ],
        [
            0.6614583333333334,
            0.48333333333333334,
            0.0,
            -0.04259259259259257,
            -0.04583333333333339,
            0.027777777777777735,
            0.022916666666666585,
            0.03425925925925927
        ]
    ],
    "original_data": [
        {
            "time_step": 1,
            "original_data_path": "/content/drive/Othercomputers/\ub0b4 \ub178\ud2b8\ubd81/Forked_Models/Validation/Validation/_\ub77c\ubca8_General_val_C/district/3. \ud6c4\ubc29 \ubc29\ud5a5 \uc774\ubbf8\uc9c0/[district]morning_957C/[district]morning_957C_55.json",
            "id": 2
        },
        {
            "time_step": 2,
            "original_data_path": "/content/drive/Othercomputers/\ub0b4 \ub178\ud2b8\ubd81/Forked_Models/Validation/Validation/_\ub77c\ubca8_General_val_C/district/3. \ud6c4\ubc29 \ubc29\ud5a5 \uc774\ubbf8\uc9c0/[district]morning_957C/[district]morning_957C_60.json",
            "id": 2
        },
        {
            "time_step": 3,
            "original_data_path": "/content/drive/Othercomputers/\ub0b4 \ub178\ud2b8\ubd81/Forked_Models/Validation/Validation/_\ub77c\ubca8_General_val_C/district/3. \ud6c4\ubc29 \ubc29\ud5a5 \uc774\ubbf8\uc9c0/[district]morning_957C/[district]morning_957C_65.json",
            "id": 2
        }
    ],
    "label": 1
}