{
    "data": [
        [
            0.4276041666666667,
            0.8018518518518518,
            -0.002604166666666685,
            -0.06481481481481477,
            0.0625,
            0.04166666666666674,
            -0.07916666666666666,
            0.08703703703703702
        ],
        [
            0.4244791666666667,
            0.6935185185185185,
            -0.005729166666666674,
            -0.05092592592592593,
            0.051562499999999956,
            0.05555555555555558,
            -0.06354166666666666,
            0.10185185185185186
        ],
        [
            0.4244791666666667,
            0.6583333333333333,
            -0.012500000000000011,
            -0.05740740740740735,
            0.047395833333333304,
            0.0444444444444444,
            -0.05312500000000003,
            0.09074074074074079
        ]
    ],
    "original_data": [
        {
            "time_step": 1,
            "original_data_path": "/content/drive/Othercomputers/\ub0b4 \ub178\ud2b8\ubd81/Forked_Models/Validation/Validation/_\ub77c\ubca8_General_val_C/district/3. \ud6c4\ubc29 \ubc29\ud5a5 \uc774\ubbf8\uc9c0/[district]night_617C/[district]night_617C_280.json",
            "id": 4
        },
        {
            "time_step": 2,
            "original_data_path": "/content/drive/Othercomputers/\ub0b4 \ub178\ud2b8\ubd81/Forked_Models/Validation/Validation/_\ub77c\ubca8_General_val_C/district/3. \ud6c4\ubc29 \ubc29\ud5a5 \uc774\ubbf8\uc9c0/[district]night_617C/[district]night_617C_285.json",
            "id": 4
        },
        {
            "time_step": 3,
            "original_data_path": "/content/drive/Othercomputers/\ub0b4 \ub178\ud2b8\ubd81/Forked_Models/Validation/Validation/_\ub77c\ubca8_General_val_C/district/3. \ud6c4\ubc29 \ubc29\ud5a5 \uc774\ubbf8\uc9c0/[district]night_617C/[district]night_617C_290.json",
            "id": 4
        }
    ],
    "label": 1
}