{
    "data": [
        [
            0.41302083333333334,
            0.34814814814814815,
            -0.017708333333333326,
            -0.025000000000000022,
            0.024479166666666663,
            0.002777777777777768,
            0.008854166666666663,
            0.10925925925925928
        ],
        [
            0.41302083333333334,
            0.34814814814814815,
            -0.017708333333333326,
            -0.025000000000000022,
            0.024479166666666663,
            0.002777777777777768,
            0.011979166666666652,
            0.1111111111111111
        ],
        [
            0.4114583333333333,
            0.3527777777777778,
            -0.020833333333333315,
            -0.02870370370370373,
            0.022916666666666696,
            0.002777777777777768,
            0.008854166666666663,
            0.10925925925925922
        ]
    ],
    "original_data": [
        {
            "time_step": 1,
            "original_data_path": "/content/drive/Othercomputers/\ub0b4 \ub178\ud2b8\ubd81/Forked_Models/Validation/Validation/_\ub77c\ubca8_General_val_C/district/3. \ud6c4\ubc29 \ubc29\ud5a5 \uc774\ubbf8\uc9c0/[district]leave_1070C/[district]leave_1070C_70.json",
            "id": 0
        },
        {
            "time_step": 2,
            "original_data_path": "/content/drive/Othercomputers/\ub0b4 \ub178\ud2b8\ubd81/Forked_Models/Validation/Validation/_\ub77c\ubca8_General_val_C/district/3. \ud6c4\ubc29 \ubc29\ud5a5 \uc774\ubbf8\uc9c0/[district]leave_1070C/[district]leave_1070C_75.json",
            "id": 0
        },
        {
            "time_step": 3,
            "original_data_path": "/content/drive/Othercomputers/\ub0b4 \ub178\ud2b8\ubd81/Forked_Models/Validation/Validation/_\ub77c\ubca8_General_val_C/district/3. \ud6c4\ubc29 \ubc29\ud5a5 \uc774\ubbf8\uc9c0/[district]leave_1070C/[district]leave_1070C_80.json",
            "id": 0
        }
    ],
    "label": 1
}