{
    "data": [
        [
            0.4427083333333333,
            0.10277777777777777,
            -0.021354166666666674,
            -0.021296296296296285,
            0.06927083333333334,
            0.045370370370370366,
            0.004166666666666707,
            0.12407407407407409
        ],
        [
            0.4453125,
            0.10740740740740741,
            -0.02031250000000001,
            -0.02500000000000001,
            0.07708333333333328,
            0.04814814814814815,
            -0.005208333333333315,
            0.12222222222222222
        ],
        [
            0.43697916666666664,
            0.11203703703703703,
            -0.02291666666666664,
            -0.007407407407407404,
            0.07864583333333336,
            0.03703703703703705,
            0.0020833333333333814,
            0.09722222222222222
        ]
    ],
    "original_data": [
        {
            "time_step": 1,
            "original_data_path": "/content/drive/Othercomputers/\ub0b4 \ub178\ud2b8\ubd81/Forked_Models/Validation/Validation/_\ub77c\ubca8_General_val_C/district/3. \ud6c4\ubc29 \ubc29\ud5a5 \uc774\ubbf8\uc9c0/[district]leave_046C/[district]leave_046C_98.json",
            "id": 0
        },
        {
            "time_step": 2,
            "original_data_path": "/content/drive/Othercomputers/\ub0b4 \ub178\ud2b8\ubd81/Forked_Models/Validation/Validation/_\ub77c\ubca8_General_val_C/district/3. \ud6c4\ubc29 \ubc29\ud5a5 \uc774\ubbf8\uc9c0/[district]leave_046C/[district]leave_046C_100.json",
            "id": 0
        },
        {
            "time_step": 3,
            "original_data_path": "/content/drive/Othercomputers/\ub0b4 \ub178\ud2b8\ubd81/Forked_Models/Validation/Validation/_\ub77c\ubca8_General_val_C/district/3. \ud6c4\ubc29 \ubc29\ud5a5 \uc774\ubbf8\uc9c0/[district]leave_046C/[district]leave_046C_102.json",
            "id": 0
        }
    ],
    "label": 1
}