{
    "data": [
        [
            0.3984375,
            0.5453703703703704,
            -0.010416666666666685,
            -0.05092592592592593,
            0.02656249999999999,
            -0.028703703703703676,
            0.003645833333333348,
            0.06296296296296289
        ],
        [
            0.3984375,
            0.5453703703703704,
            -0.009375000000000022,
            -0.04722222222222222,
            0.02656249999999999,
            -0.028703703703703676,
            0.003645833333333348,
            0.06296296296296289
        ],
        [
            0.3984375,
            0.5453703703703704,
            -0.009375000000000022,
            -0.04722222222222222,
            0.02656249999999999,
            -0.028703703703703676,
            0.003645833333333348,
            0.06296296296296289
        ]
    ],
    "original_data": [
        {
            "time_step": 1,
            "original_data_path": "/content/drive/Othercomputers/\ub0b4 \ub178\ud2b8\ubd81/Forked_Models/Validation/Validation/_\ub77c\ubca8_General_val_C/district/3. \ud6c4\ubc29 \ubc29\ud5a5 \uc774\ubbf8\uc9c0/[district]day_575C/[district]day_575C_85.json",
            "id": 5
        },
        {
            "time_step": 2,
            "original_data_path": "/content/drive/Othercomputers/\ub0b4 \ub178\ud2b8\ubd81/Forked_Models/Validation/Validation/_\ub77c\ubca8_General_val_C/district/3. \ud6c4\ubc29 \ubc29\ud5a5 \uc774\ubbf8\uc9c0/[district]day_575C/[district]day_575C_90.json",
            "id": 5
        },
        {
            "time_step": 3,
            "original_data_path": "/content/drive/Othercomputers/\ub0b4 \ub178\ud2b8\ubd81/Forked_Models/Validation/Validation/_\ub77c\ubca8_General_val_C/district/3. \ud6c4\ubc29 \ubc29\ud5a5 \uc774\ubbf8\uc9c0/[district]day_575C/[district]day_575C_95.json",
            "id": 5
        }
    ],
    "label": 1
}