{
    "data": [
        [
            0.4359375,
            0.3388888888888889,
            -0.0036458333333332926,
            -0.03425925925925927,
            0.008854166666666663,
            -0.00462962962962965,
            0.011458333333333348,
            0.04999999999999999
        ],
        [
            0.43802083333333336,
            0.33611111111111114,
            -0.0078125,
            -0.03425925925925927,
            0.011458333333333293,
            0.0,
            0.01510416666666664,
            0.05833333333333329
        ],
        [
            0.43697916666666664,
            0.33611111111111114,
            -0.0078125,
            -0.030555555555555558,
            0.0078125,
            -0.0018518518518518823,
            0.018229166666666685,
            0.04907407407407405
        ]
    ],
    "original_data": [
        {
            "time_step": 1,
            "original_data_path": "/content/drive/Othercomputers/\ub0b4 \ub178\ud2b8\ubd81/Forked_Models/Validation/Validation/_\ub77c\ubca8_General_val_C/district/3. \ud6c4\ubc29 \ubc29\ud5a5 \uc774\ubbf8\uc9c0/[district]night_624C/[district]night_624C_170.json",
            "id": 3
        },
        {
            "time_step": 2,
            "original_data_path": "/content/drive/Othercomputers/\ub0b4 \ub178\ud2b8\ubd81/Forked_Models/Validation/Validation/_\ub77c\ubca8_General_val_C/district/3. \ud6c4\ubc29 \ubc29\ud5a5 \uc774\ubbf8\uc9c0/[district]night_624C/[district]night_624C_175.json",
            "id": 3
        },
        {
            "time_step": 3,
            "original_data_path": "/content/drive/Othercomputers/\ub0b4 \ub178\ud2b8\ubd81/Forked_Models/Validation/Validation/_\ub77c\ubca8_General_val_C/district/3. \ud6c4\ubc29 \ubc29\ud5a5 \uc774\ubbf8\uc9c0/[district]night_624C/[district]night_624C_180.json",
            "id": 3
        }
    ],
    "label": 1
}