{
    "data": [
        [
            0.4036458333333333,
            0.5342592592592592,
            -0.001041666666666663,
            -0.051851851851851816,
            -0.0036458333333332926,
            -0.04074074074074069,
            0.03489583333333335,
            0.028703703703703787
        ],
        [
            0.4036458333333333,
            0.5305555555555556,
            -0.0005208333333333037,
            -0.05462962962962964,
            -0.004687499999999956,
            -0.037037037037037035,
            0.030729166666666696,
            0.024074074074074026
        ],
        [
            0.4010416666666667,
            0.5287037037037037,
            -0.002083333333333326,
            -0.0537037037037037,
            -0.003645833333333348,
            -0.032407407407407385,
            0.033333333333333326,
            0.022222222222222254
        ]
    ],
    "original_data": [
        {
            "time_step": 1,
            "original_data_path": "/content/drive/Othercomputers/\ub0b4 \ub178\ud2b8\ubd81/Forked_Models/Validation/Validation/_\ub77c\ubca8_General_val_C/district/3. \ud6c4\ubc29 \ubc29\ud5a5 \uc774\ubbf8\uc9c0/[district]day_721C/[district]day_721C_115.json",
            "id": 2
        },
        {
            "time_step": 2,
            "original_data_path": "/content/drive/Othercomputers/\ub0b4 \ub178\ud2b8\ubd81/Forked_Models/Validation/Validation/_\ub77c\ubca8_General_val_C/district/3. \ud6c4\ubc29 \ubc29\ud5a5 \uc774\ubbf8\uc9c0/[district]day_721C/[district]day_721C_120.json",
            "id": 2
        },
        {
            "time_step": 3,
            "original_data_path": "/content/drive/Othercomputers/\ub0b4 \ub178\ud2b8\ubd81/Forked_Models/Validation/Validation/_\ub77c\ubca8_General_val_C/district/3. \ud6c4\ubc29 \ubc29\ud5a5 \uc774\ubbf8\uc9c0/[district]day_721C/[district]day_721C_125.json",
            "id": 2
        }
    ],
    "label": 1
}