{
    "data": [
        [
            0.3692708333333333,
            0.5333333333333333,
            -0.009374999999999967,
            -0.08055555555555555,
            -0.024999999999999967,
            0.03981481481481486,
            0.025520833333333326,
            0.07037037037037042
        ],
        [
            0.3729166666666667,
            0.5277777777777778,
            -0.013020833333333315,
            -0.07500000000000001,
            -0.028645833333333315,
            0.045370370370370394,
            0.021874999999999978,
            0.07592592592592595
        ],
        [
            0.3729166666666667,
            0.5277777777777778,
            -0.0078125,
            -0.06574074074074077,
            -0.028645833333333315,
            0.045370370370370394,
            0.021874999999999978,
            0.07592592592592595
        ]
    ],
    "original_data": [
        {
            "time_step": 1,
            "original_data_path": "/content/drive/Othercomputers/\ub0b4 \ub178\ud2b8\ubd81/Forked_Models/Validation/Validation/_\ub77c\ubca8_General_val_C/district/3. \ud6c4\ubc29 \ubc29\ud5a5 \uc774\ubbf8\uc9c0/[district]day_955C/[district]day_955C_25.json",
            "id": 0
        },
        {
            "time_step": 2,
            "original_data_path": "/content/drive/Othercomputers/\ub0b4 \ub178\ud2b8\ubd81/Forked_Models/Validation/Validation/_\ub77c\ubca8_General_val_C/district/3. \ud6c4\ubc29 \ubc29\ud5a5 \uc774\ubbf8\uc9c0/[district]day_955C/[district]day_955C_30.json",
            "id": 0
        },
        {
            "time_step": 3,
            "original_data_path": "/content/drive/Othercomputers/\ub0b4 \ub178\ud2b8\ubd81/Forked_Models/Validation/Validation/_\ub77c\ubca8_General_val_C/district/3. \ud6c4\ubc29 \ubc29\ud5a5 \uc774\ubbf8\uc9c0/[district]day_955C/[district]day_955C_35.json",
            "id": 0
        }
    ],
    "label": 1
}