{
    "data": [
        [
            0.40729166666666666,
            0.2537037037037037,
            -0.004166666666666652,
            -0.02685185185185185,
            -0.019270833333333348,
            0.021296296296296313,
            0.022916666666666696,
            0.033333333333333326
        ],
        [
            0.40729166666666666,
            0.26296296296296295,
            -0.004166666666666652,
            -0.036111111111111094,
            -0.019270833333333348,
            0.012037037037037068,
            0.022916666666666696,
            0.02407407407407408
        ],
        [
            0.41041666666666665,
            0.2638888888888889,
            0.0,
            -0.03611111111111112,
            -0.02031250000000001,
            0.010185185185185186,
            0.021875000000000033,
            0.021296296296296313
        ]
    ],
    "original_data": [
        {
            "time_step": 1,
            "original_data_path": "/content/drive/Othercomputers/\ub0b4 \ub178\ud2b8\ubd81/Forked_Models/Validation/Validation/_\ub77c\ubca8_General_val_C/district/3. \ud6c4\ubc29 \ubc29\ud5a5 \uc774\ubbf8\uc9c0/[district]leave_438C/[district]leave_438C_10.json",
            "id": 0
        },
        {
            "time_step": 2,
            "original_data_path": "/content/drive/Othercomputers/\ub0b4 \ub178\ud2b8\ubd81/Forked_Models/Validation/Validation/_\ub77c\ubca8_General_val_C/district/3. \ud6c4\ubc29 \ubc29\ud5a5 \uc774\ubbf8\uc9c0/[district]leave_438C/[district]leave_438C_15.json",
            "id": 0
        },
        {
            "time_step": 3,
            "original_data_path": "/content/drive/Othercomputers/\ub0b4 \ub178\ud2b8\ubd81/Forked_Models/Validation/Validation/_\ub77c\ubca8_General_val_C/district/3. \ud6c4\ubc29 \ubc29\ud5a5 \uc774\ubbf8\uc9c0/[district]leave_438C/[district]leave_438C_20.json",
            "id": 0
        }
    ],
    "label": 1
}