{
    "data": [
        [
            0.4947916666666667,
            0.3416666666666667,
            -0.003645833333333348,
            -0.05185185185185187,
            -0.03125,
            -0.030555555555555558,
            0.03281249999999997,
            0.032407407407407385
        ],
        [
            0.4947916666666667,
            0.3416666666666667,
            -0.003645833333333348,
            -0.05185185185185187,
            -0.03125,
            -0.030555555555555558,
            0.03281249999999997,
            0.032407407407407385
        ],
        [
            0.4947916666666667,
            0.3314814814814815,
            -0.003645833333333348,
            -0.041666666666666685,
            -0.03125,
            -0.020370370370370372,
            0.02916666666666662,
            0.040740740740740744
        ]
    ],
    "original_data": [
        {
            "time_step": 1,
            "original_data_path": "/content/drive/Othercomputers/\ub0b4 \ub178\ud2b8\ubd81/Forked_Models/Validation/Validation/_\ub77c\ubca8_General_val_C/district/3. \ud6c4\ubc29 \ubc29\ud5a5 \uc774\ubbf8\uc9c0/[district]day_683C/[district]day_683C_65.json",
            "id": 0
        },
        {
            "time_step": 2,
            "original_data_path": "/content/drive/Othercomputers/\ub0b4 \ub178\ud2b8\ubd81/Forked_Models/Validation/Validation/_\ub77c\ubca8_General_val_C/district/3. \ud6c4\ubc29 \ubc29\ud5a5 \uc774\ubbf8\uc9c0/[district]day_683C/[district]day_683C_70.json",
            "id": 0
        },
        {
            "time_step": 3,
            "original_data_path": "/content/drive/Othercomputers/\ub0b4 \ub178\ud2b8\ubd81/Forked_Models/Validation/Validation/_\ub77c\ubca8_General_val_C/district/3. \ud6c4\ubc29 \ubc29\ud5a5 \uc774\ubbf8\uc9c0/[district]day_683C/[district]day_683C_75.json",
            "id": 0
        }
    ],
    "label": 1
}