{
    "data": [
        [
            0.40989583333333335,
            0.5611111111111111,
            -0.017708333333333326,
            -0.051851851851851816,
            0.013541666666666674,
            -0.025925925925925908,
            -0.001041666666666663,
            0.062962962962963
        ],
        [
            0.40989583333333335,
            0.5611111111111111,
            -0.017708333333333326,
            -0.054629629629629584,
            0.013541666666666674,
            -0.025925925925925908,
            -0.001041666666666663,
            0.062962962962963
        ],
        [
            0.40989583333333335,
            0.5611111111111111,
            -0.017708333333333326,
            -0.054629629629629584,
            0.013541666666666674,
            -0.025925925925925908,
            0.0026041666666666297,
            0.062962962962963
        ]
    ],
    "original_data": [
        {
            "time_step": 1,
            "original_data_path": "/content/drive/Othercomputers/\ub0b4 \ub178\ud2b8\ubd81/Forked_Models/Validation/Validation/_\ub77c\ubca8_General_val_C/district/3. \ud6c4\ubc29 \ubc29\ud5a5 \uc774\ubbf8\uc9c0/[district]day_575C/[district]day_575C_0.json",
            "id": 5
        },
        {
            "time_step": 2,
            "original_data_path": "/content/drive/Othercomputers/\ub0b4 \ub178\ud2b8\ubd81/Forked_Models/Validation/Validation/_\ub77c\ubca8_General_val_C/district/3. \ud6c4\ubc29 \ubc29\ud5a5 \uc774\ubbf8\uc9c0/[district]day_575C/[district]day_575C_5.json",
            "id": 5
        },
        {
            "time_step": 3,
            "original_data_path": "/content/drive/Othercomputers/\ub0b4 \ub178\ud2b8\ubd81/Forked_Models/Validation/Validation/_\ub77c\ubca8_General_val_C/district/3. \ud6c4\ubc29 \ubc29\ud5a5 \uc774\ubbf8\uc9c0/[district]day_575C/[district]day_575C_10.json",
            "id": 5
        }
    ],
    "label": 1
}