{
    "data": [
        [
            0.44114583333333335,
            0.3333333333333333,
            -0.00833333333333336,
            -0.020370370370370372,
            0.01822916666666663,
            0.011111111111111127,
            0.002083333333333326,
            0.07222222222222224
        ],
        [
            0.44114583333333335,
            0.3333333333333333,
            -0.00833333333333336,
            -0.020370370370370372,
            0.01822916666666663,
            0.011111111111111127,
            0.002083333333333326,
            0.07222222222222224
        ],
        [
            0.44114583333333335,
            0.3333333333333333,
            -0.00833333333333336,
            -0.020370370370370372,
            0.01822916666666663,
            0.011111111111111127,
            0.009895833333333326,
            0.06574074074074077
        ]
    ],
    "original_data": [
        {
            "time_step": 1,
            "original_data_path": "/content/drive/Othercomputers/\ub0b4 \ub178\ud2b8\ubd81/Forked_Models/Validation/Validation/_\ub77c\ubca8_General_val_C/district/3. \ud6c4\ubc29 \ubc29\ud5a5 \uc774\ubbf8\uc9c0/[district]night_624C/[district]night_624C_200.json",
            "id": 3
        },
        {
            "time_step": 2,
            "original_data_path": "/content/drive/Othercomputers/\ub0b4 \ub178\ud2b8\ubd81/Forked_Models/Validation/Validation/_\ub77c\ubca8_General_val_C/district/3. \ud6c4\ubc29 \ubc29\ud5a5 \uc774\ubbf8\uc9c0/[district]night_624C/[district]night_624C_205.json",
            "id": 3
        },
        {
            "time_step": 3,
            "original_data_path": "/content/drive/Othercomputers/\ub0b4 \ub178\ud2b8\ubd81/Forked_Models/Validation/Validation/_\ub77c\ubca8_General_val_C/district/3. \ud6c4\ubc29 \ubc29\ud5a5 \uc774\ubbf8\uc9c0/[district]night_624C/[district]night_624C_210.json",
            "id": 3
        }
    ],
    "label": 1
}