{
    "data": [
        [
            0.38177083333333334,
            0.5333333333333333,
            0.0005208333333333037,
            -0.0398148148148148,
            -0.009895833333333326,
            -0.0037037037037036535,
            0.029166666666666674,
            0.030555555555555558
        ],
        [
            0.38177083333333334,
            0.5333333333333333,
            0.0005208333333333037,
            -0.0398148148148148,
            -0.006249999999999978,
            -0.007407407407407418,
            0.029166666666666674,
            0.030555555555555558
        ],
        [
            0.3807291666666667,
            0.525,
            -0.0005208333333333592,
            -0.0314814814814815,
            0.006249999999999978,
            0.0009259259259258856,
            0.02812500000000001,
            0.047222222222222165
        ]
    ],
    "original_data": [
        {
            "time_step": 1,
            "original_data_path": "/content/drive/Othercomputers/\ub0b4 \ub178\ud2b8\ubd81/Forked_Models/Validation/Validation/_\ub77c\ubca8_General_val_C/district/3. \ud6c4\ubc29 \ubc29\ud5a5 \uc774\ubbf8\uc9c0/[district]leave_499C/[district]leave_499C_185.json",
            "id": 1
        },
        {
            "time_step": 2,
            "original_data_path": "/content/drive/Othercomputers/\ub0b4 \ub178\ud2b8\ubd81/Forked_Models/Validation/Validation/_\ub77c\ubca8_General_val_C/district/3. \ud6c4\ubc29 \ubc29\ud5a5 \uc774\ubbf8\uc9c0/[district]leave_499C/[district]leave_499C_190.json",
            "id": 1
        },
        {
            "time_step": 3,
            "original_data_path": "/content/drive/Othercomputers/\ub0b4 \ub178\ud2b8\ubd81/Forked_Models/Validation/Validation/_\ub77c\ubca8_General_val_C/district/3. \ud6c4\ubc29 \ubc29\ud5a5 \uc774\ubbf8\uc9c0/[district]leave_499C/[district]leave_499C_195.json",
            "id": 1
        }
    ],
    "label": 1
}