{
    "data": [
        [
            0.446875,
            0.5990740740740741,
            -0.009895833333333381,
            -0.050000000000000044,
            -0.016666666666666663,
            -0.01388888888888895,
            0.020833333333333315,
            0.042592592592592626
        ],
        [
            0.44166666666666665,
            0.5972222222222222,
            -0.011458333333333293,
            -0.051851851851851816,
            0.0015625000000000222,
            -0.026851851851851793,
            0.018229166666666685,
            0.025925925925925908
        ],
        [
            0.45729166666666665,
            0.6018518518518519,
            -0.021874999999999978,
            -0.06481481481481477,
            0.013541666666666674,
            -0.029629629629629672,
            -0.005208333333333315,
            0.0537037037037037
        ]
    ],
    "original_data": [
        {
            "time_step": 1,
            "original_data_path": "/content/drive/Othercomputers/\ub0b4 \ub178\ud2b8\ubd81/Forked_Models/Validation/Validation/_\ub77c\ubca8_General_val_C/district/3. \ud6c4\ubc29 \ubc29\ud5a5 \uc774\ubbf8\uc9c0/[district]leave_642C/[district]leave_642C_90.json",
            "id": 6
        },
        {
            "time_step": 2,
            "original_data_path": "/content/drive/Othercomputers/\ub0b4 \ub178\ud2b8\ubd81/Forked_Models/Validation/Validation/_\ub77c\ubca8_General_val_C/district/3. \ud6c4\ubc29 \ubc29\ud5a5 \uc774\ubbf8\uc9c0/[district]leave_642C/[district]leave_642C_95.json",
            "id": 6
        },
        {
            "time_step": 3,
            "original_data_path": "/content/drive/Othercomputers/\ub0b4 \ub178\ud2b8\ubd81/Forked_Models/Validation/Validation/_\ub77c\ubca8_General_val_C/district/3. \ud6c4\ubc29 \ubc29\ud5a5 \uc774\ubbf8\uc9c0/[district]leave_642C/[district]leave_642C_100.json",
            "id": 6
        }
    ],
    "label": 1
}