{
    "data": [
        [
            0.3885416666666667,
            0.4101851851851852,
            -0.019270833333333348,
            -0.037037037037037035,
            0.029687499999999978,
            -0.0009259259259259411,
            0.021354166666666674,
            0.08981481481481479
        ],
        [
            0.3802083333333333,
            0.4222222222222222,
            -0.020312499999999956,
            -0.04629629629629628,
            0.030208333333333337,
            -0.011111111111111127,
            0.019791666666666707,
            0.08148148148148143
        ],
        [
            0.37395833333333334,
            0.4111111111111111,
            -0.022916666666666696,
            -0.037037037037037035,
            0.025520833333333326,
            0.0,
            0.010416666666666685,
            0.08055555555555555
        ]
    ],
    "original_data": [
        {
            "time_step": 1,
            "original_data_path": "/content/drive/Othercomputers/\ub0b4 \ub178\ud2b8\ubd81/Forked_Models/Validation/Validation/_\ub77c\ubca8_General_val_C/district/3. \ud6c4\ubc29 \ubc29\ud5a5 \uc774\ubbf8\uc9c0/[district]night_631C/[district]night_631C_10.json",
            "id": 2
        },
        {
            "time_step": 2,
            "original_data_path": "/content/drive/Othercomputers/\ub0b4 \ub178\ud2b8\ubd81/Forked_Models/Validation/Validation/_\ub77c\ubca8_General_val_C/district/3. \ud6c4\ubc29 \ubc29\ud5a5 \uc774\ubbf8\uc9c0/[district]night_631C/[district]night_631C_15.json",
            "id": 2
        },
        {
            "time_step": 3,
            "original_data_path": "/content/drive/Othercomputers/\ub0b4 \ub178\ud2b8\ubd81/Forked_Models/Validation/Validation/_\ub77c\ubca8_General_val_C/district/3. \ud6c4\ubc29 \ubc29\ud5a5 \uc774\ubbf8\uc9c0/[district]night_631C/[district]night_631C_20.json",
            "id": 2
        }
    ],
    "label": 1
}