{
    "data": [
        [
            0.45208333333333334,
            0.32407407407407407,
            -0.012500000000000011,
            -0.04907407407407405,
            0.009375000000000022,
            0.0314814814814815,
            0.021354166666666674,
            0.13425925925925924
        ],
        [
            0.46041666666666664,
            0.3212962962962963,
            -0.008333333333333304,
            -0.04351851851851851,
            0.0020833333333333814,
            0.0314814814814815,
            0.012500000000000011,
            0.1333333333333333
        ],
        [
            0.46041666666666664,
            0.3194444444444444,
            -0.0078125,
            -0.0398148148148148,
            0.0020833333333333814,
            0.03333333333333338,
            0.01666666666666672,
            0.13148148148148153
        ]
    ],
    "original_data": [
        {
            "time_step": 1,
            "original_data_path": "/content/drive/Othercomputers/\ub0b4 \ub178\ud2b8\ubd81/Forked_Models/Validation/Validation/_\ub77c\ubca8_General_val_C/district/3. \ud6c4\ubc29 \ubc29\ud5a5 \uc774\ubbf8\uc9c0/[district]day_963C/[district]day_963C_160.json",
            "id": 1
        },
        {
            "time_step": 2,
            "original_data_path": "/content/drive/Othercomputers/\ub0b4 \ub178\ud2b8\ubd81/Forked_Models/Validation/Validation/_\ub77c\ubca8_General_val_C/district/3. \ud6c4\ubc29 \ubc29\ud5a5 \uc774\ubbf8\uc9c0/[district]day_963C/[district]day_963C_165.json",
            "id": 1
        },
        {
            "time_step": 3,
            "original_data_path": "/content/drive/Othercomputers/\ub0b4 \ub178\ud2b8\ubd81/Forked_Models/Validation/Validation/_\ub77c\ubca8_General_val_C/district/3. \ud6c4\ubc29 \ubc29\ud5a5 \uc774\ubbf8\uc9c0/[district]day_963C/[district]day_963C_170.json",
            "id": 1
        }
    ],
    "label": 1
}