{
    "data": [
        [
            0.5067708333333333,
            0.23981481481481481,
            -0.016145833333333304,
            -0.037037037037037035,
            0.025000000000000022,
            0.012962962962962954,
            -0.005208333333333259,
            0.04814814814814816
        ],
        [
            0.5098958333333333,
            0.24537037037037038,
            -0.017708333333333326,
            -0.040740740740740744,
            0.019270833333333348,
            0.014814814814814808,
            -0.010416666666666685,
            0.05925925925925926
        ],
        [
            0.5083333333333333,
            0.25277777777777777,
            -0.016145833333333304,
            -0.048148148148148134,
            0.022395833333333393,
            0.00833333333333336,
            -0.004687499999999956,
            0.05185185185185187
        ]
    ],
    "original_data": [
        {
            "time_step": 1,
            "original_data_path": "/content/drive/Othercomputers/\ub0b4 \ub178\ud2b8\ubd81/Forked_Models/Validation/Validation/_\ub77c\ubca8_General_val_C/district/3. \ud6c4\ubc29 \ubc29\ud5a5 \uc774\ubbf8\uc9c0/[district]attend_1081C/[district]attend_1081C_195.json",
            "id": 0
        },
        {
            "time_step": 2,
            "original_data_path": "/content/drive/Othercomputers/\ub0b4 \ub178\ud2b8\ubd81/Forked_Models/Validation/Validation/_\ub77c\ubca8_General_val_C/district/3. \ud6c4\ubc29 \ubc29\ud5a5 \uc774\ubbf8\uc9c0/[district]attend_1081C/[district]attend_1081C_200.json",
            "id": 0
        },
        {
            "time_step": 3,
            "original_data_path": "/content/drive/Othercomputers/\ub0b4 \ub178\ud2b8\ubd81/Forked_Models/Validation/Validation/_\ub77c\ubca8_General_val_C/district/3. \ud6c4\ubc29 \ubc29\ud5a5 \uc774\ubbf8\uc9c0/[district]attend_1081C/[district]attend_1081C_205.json",
            "id": 0
        }
    ],
    "label": 1
}