{
    "data": [
        [
            0.5421875,
            0.5361111111111111,
            -0.009895833333333326,
            -0.022222222222222254,
            0.014583333333333282,
            -0.037037037037037035,
            0.02239583333333328,
            0.029629629629629672
        ],
        [
            0.5484375,
            0.4666666666666667,
            -0.014583333333333393,
            -0.02685185185185185,
            -0.006249999999999978,
            -0.013888888888888895,
            0.03125,
            0.033333333333333326
        ],
        [
            0.5348958333333333,
            0.4648148148148148,
            -0.00520833333333337,
            -0.03796296296296292,
            -0.011979166666666652,
            -0.007407407407407363,
            0.03645833333333337,
            0.03240740740740744
        ]
    ],
    "original_data": [
        {
            "time_step": 1,
            "original_data_path": "/content/drive/Othercomputers/\ub0b4 \ub178\ud2b8\ubd81/Forked_Models/Validation/Validation/_\ub77c\ubca8_General_val_C/district/3. \ud6c4\ubc29 \ubc29\ud5a5 \uc774\ubbf8\uc9c0/[district]morning_649C/[district]morning_649C_45.json",
            "id": 3
        },
        {
            "time_step": 2,
            "original_data_path": "/content/drive/Othercomputers/\ub0b4 \ub178\ud2b8\ubd81/Forked_Models/Validation/Validation/_\ub77c\ubca8_General_val_C/district/3. \ud6c4\ubc29 \ubc29\ud5a5 \uc774\ubbf8\uc9c0/[district]morning_649C/[district]morning_649C_50.json",
            "id": 3
        },
        {
            "time_step": 3,
            "original_data_path": "/content/drive/Othercomputers/\ub0b4 \ub178\ud2b8\ubd81/Forked_Models/Validation/Validation/_\ub77c\ubca8_General_val_C/district/3. \ud6c4\ubc29 \ubc29\ud5a5 \uc774\ubbf8\uc9c0/[district]morning_649C/[district]morning_649C_55.json",
            "id": 3
        }
    ],
    "label": 1
}