{
    "data": [
        [
            0.30052083333333335,
            0.46574074074074073,
            -0.022916666666666696,
            -0.04999999999999999,
            0.03437499999999999,
            -0.003703703703703709,
            -0.022916666666666696,
            0.06851851851851848
        ],
        [
            0.2635416666666667,
            0.4722222222222222,
            -0.021875000000000006,
            -0.07407407407407407,
            0.03281249999999997,
            -0.01481481481481478,
            -0.0234375,
            0.036111111111111094
        ],
        [
            0.23541666666666666,
            0.4398148148148148,
            -0.017708333333333326,
            -0.0398148148148148,
            0.033854166666666685,
            0.009259259259259245,
            -0.020312499999999983,
            0.04814814814814816
        ]
    ],
    "original_data": [
        {
            "time_step": 1,
            "original_data_path": "/content/drive/Othercomputers/\ub0b4 \ub178\ud2b8\ubd81/Forked_Models/Validation/Validation/_\ub77c\ubca8_General_val_C/district/3. \ud6c4\ubc29 \ubc29\ud5a5 \uc774\ubbf8\uc9c0/[district]attend_533C/[district]attend_533C_265.json",
            "id": 4
        },
        {
            "time_step": 2,
            "original_data_path": "/content/drive/Othercomputers/\ub0b4 \ub178\ud2b8\ubd81/Forked_Models/Validation/Validation/_\ub77c\ubca8_General_val_C/district/3. \ud6c4\ubc29 \ubc29\ud5a5 \uc774\ubbf8\uc9c0/[district]attend_533C/[district]attend_533C_270.json",
            "id": 4
        },
        {
            "time_step": 3,
            "original_data_path": "/content/drive/Othercomputers/\ub0b4 \ub178\ud2b8\ubd81/Forked_Models/Validation/Validation/_\ub77c\ubca8_General_val_C/district/3. \ud6c4\ubc29 \ubc29\ud5a5 \uc774\ubbf8\uc9c0/[district]attend_533C/[district]attend_533C_275.json",
            "id": 4
        }
    ],
    "label": 1
}