{
    "data": [
        [
            0.4010416666666667,
            0.2175925925925926,
            -0.0005208333333333592,
            -0.02314814814814814,
            -0.004687500000000011,
            0.010185185185185186,
            0.04062499999999997,
            0.03518518518518518
        ],
        [
            0.4296875,
            0.23703703703703705,
            -0.002083333333333326,
            -0.023148148148148168,
            -0.009895833333333326,
            0.01203703703703704,
            0.02291666666666664,
            0.02407407407407408
        ],
        [
            0.46458333333333335,
            0.3037037037037037,
            0.0005208333333333037,
            -0.02685185185185185,
            -0.004687500000000011,
            -0.002777777777777768,
            0.016666666666666663,
            0.01944444444444443
        ]
    ],
    "original_data": [
        {
            "time_step": 1,
            "original_data_path": "/content/drive/Othercomputers/\ub0b4 \ub178\ud2b8\ubd81/Forked_Models/Validation/Validation/_\ub77c\ubca8_General_val_C/district/3. \ud6c4\ubc29 \ubc29\ud5a5 \uc774\ubbf8\uc9c0/[district]morning_516C/[district]morning_516C_100.json",
            "id": 0
        },
        {
            "time_step": 2,
            "original_data_path": "/content/drive/Othercomputers/\ub0b4 \ub178\ud2b8\ubd81/Forked_Models/Validation/Validation/_\ub77c\ubca8_General_val_C/district/3. \ud6c4\ubc29 \ubc29\ud5a5 \uc774\ubbf8\uc9c0/[district]morning_516C/[district]morning_516C_105.json",
            "id": 0
        },
        {
            "time_step": 3,
            "original_data_path": "/content/drive/Othercomputers/\ub0b4 \ub178\ud2b8\ubd81/Forked_Models/Validation/Validation/_\ub77c\ubca8_General_val_C/district/3. \ud6c4\ubc29 \ubc29\ud5a5 \uc774\ubbf8\uc9c0/[district]morning_516C/[district]morning_516C_110.json",
            "id": 0
        }
    ],
    "label": 1
}