{
    "data": [
        [
            0.5395833333333333,
            0.1712962962962963,
            -0.027083333333333348,
            -0.03888888888888889,
            0.033333333333333326,
            0.015740740740740722,
            -0.021874999999999978,
            0.09537037037037036
        ],
        [
            0.51875,
            0.17314814814814813,
            -0.017708333333333326,
            -0.033333333333333326,
            0.04947916666666663,
            0.023148148148148168,
            -0.01302083333333337,
            0.09907407407407406
        ],
        [
            0.5161458333333333,
            0.17314814814814813,
            -0.017187499999999967,
            -0.033333333333333326,
            0.04010416666666672,
            0.020370370370370372,
            -0.012499999999999956,
            0.09907407407407406
        ]
    ],
    "original_data": [
        {
            "time_step": 1,
            "original_data_path": "/content/drive/Othercomputers/\ub0b4 \ub178\ud2b8\ubd81/Forked_Models/Validation/Validation/_\ub77c\ubca8_General_val_C/district/3. \ud6c4\ubc29 \ubc29\ud5a5 \uc774\ubbf8\uc9c0/[district]attend_064C/[district]attend_064C_70.json",
            "id": 0
        },
        {
            "time_step": 2,
            "original_data_path": "/content/drive/Othercomputers/\ub0b4 \ub178\ud2b8\ubd81/Forked_Models/Validation/Validation/_\ub77c\ubca8_General_val_C/district/3. \ud6c4\ubc29 \ubc29\ud5a5 \uc774\ubbf8\uc9c0/[district]attend_064C/[district]attend_064C_72.json",
            "id": 0
        },
        {
            "time_step": 3,
            "original_data_path": "/content/drive/Othercomputers/\ub0b4 \ub178\ud2b8\ubd81/Forked_Models/Validation/Validation/_\ub77c\ubca8_General_val_C/district/3. \ud6c4\ubc29 \ubc29\ud5a5 \uc774\ubbf8\uc9c0/[district]attend_064C/[district]attend_064C_74.json",
            "id": 0
        }
    ],
    "label": 1
}