{
    "data": [
        [
            0.43854166666666666,
            0.3509259259259259,
            -0.02291666666666664,
            -0.03888888888888886,
            -0.01510416666666664,
            0.037962962962962976,
            0.044270833333333315,
            0.09259259259259262
        ],
        [
            0.3963541666666667,
            0.34814814814814815,
            -0.02395833333333336,
            -0.02870370370370373,
            -0.002604166666666685,
            0.010185185185185186,
            0.04062499999999997,
            0.11388888888888887
        ],
        [
            0.4005208333333333,
            0.3712962962962963,
            -0.021354166666666674,
            -0.02777777777777779,
            0.016666666666666663,
            0.014814814814814836,
            0.03958333333333336,
            0.13611111111111113
        ]
    ],
    "original_data": [
        {
            "time_step": 1,
            "original_data_path": "/content/drive/Othercomputers/\ub0b4 \ub178\ud2b8\ubd81/Forked_Models/Validation/Validation/_\ub77c\ubca8_General_val_C/district/3. \ud6c4\ubc29 \ubc29\ud5a5 \uc774\ubbf8\uc9c0/[district]leave_075C/[district]leave_075C_0.json",
            "id": 2
        },
        {
            "time_step": 2,
            "original_data_path": "/content/drive/Othercomputers/\ub0b4 \ub178\ud2b8\ubd81/Forked_Models/Validation/Validation/_\ub77c\ubca8_General_val_C/district/3. \ud6c4\ubc29 \ubc29\ud5a5 \uc774\ubbf8\uc9c0/[district]leave_075C/[district]leave_075C_2.json",
            "id": 2
        },
        {
            "time_step": 3,
            "original_data_path": "/content/drive/Othercomputers/\ub0b4 \ub178\ud2b8\ubd81/Forked_Models/Validation/Validation/_\ub77c\ubca8_General_val_C/district/3. \ud6c4\ubc29 \ubc29\ud5a5 \uc774\ubbf8\uc9c0/[district]leave_075C/[district]leave_075C_4.json",
            "id": 2
        }
    ],
    "label": 1
}