{
    "data": [
        [
            0.6546875,
            0.19166666666666668,
            -0.016666666666666607,
            -0.06944444444444446,
            -0.021874999999999978,
            0.07222222222222222,
            0.06145833333333339,
            0.07870370370370369
        ],
        [
            0.5942708333333333,
            0.2222222222222222,
            -0.016145833333333304,
            -0.06388888888888888,
            -0.015104166666666585,
            0.05185185185185187,
            0.061979166666666696,
            0.08148148148148149
        ],
        [
            0.521875,
            0.25,
            -0.02656249999999999,
            -0.05462962962962964,
            -0.006249999999999978,
            0.0851851851851852,
            0.05156250000000007,
            0.04444444444444445
        ]
    ],
    "original_data": [
        {
            "time_step": 1,
            "original_data_path": "/content/drive/Othercomputers/\ub0b4 \ub178\ud2b8\ubd81/Forked_Models/Validation/Validation/_\ub77c\ubca8_General_val_C/district/3. \ud6c4\ubc29 \ubc29\ud5a5 \uc774\ubbf8\uc9c0/[district]attend_057C/[district]attend_057C_26.json",
            "id": 3
        },
        {
            "time_step": 2,
            "original_data_path": "/content/drive/Othercomputers/\ub0b4 \ub178\ud2b8\ubd81/Forked_Models/Validation/Validation/_\ub77c\ubca8_General_val_C/district/3. \ud6c4\ubc29 \ubc29\ud5a5 \uc774\ubbf8\uc9c0/[district]attend_057C/[district]attend_057C_28.json",
            "id": 3
        },
        {
            "time_step": 3,
            "original_data_path": "/content/drive/Othercomputers/\ub0b4 \ub178\ud2b8\ubd81/Forked_Models/Validation/Validation/_\ub77c\ubca8_General_val_C/district/3. \ud6c4\ubc29 \ubc29\ud5a5 \uc774\ubbf8\uc9c0/[district]attend_057C/[district]attend_057C_30.json",
            "id": 3
        }
    ],
    "label": 1
}