{
    "data": [
        [
            0.359375,
            0.462037037037037,
            -0.03125,
            -0.05462962962962964,
            0.029166666666666674,
            0.02314814814814814,
            0.0,
            0.1518518518518519
        ],
        [
            0.3458333333333333,
            0.47314814814814815,
            -0.04010416666666666,
            -0.04629629629629628,
            0.029687500000000033,
            0.01851851851851849,
            0.013541666666666674,
            0.1472222222222222
        ],
        [
            0.33489583333333334,
            0.49907407407407406,
            -0.04010416666666666,
            -0.04629629629629628,
            0.023958333333333304,
            0.0018518518518518268,
            0.014062499999999978,
            0.17129629629629634
        ]
    ],
    "original_data": [
        {
            "time_step": 1,
            "original_data_path": "/content/drive/Othercomputers/\ub0b4 \ub178\ud2b8\ubd81/Forked_Models/Validation/Validation/_\ub77c\ubca8_General_val_C/district/3. \ud6c4\ubc29 \ubc29\ud5a5 \uc774\ubbf8\uc9c0/[district]leave_1078C/[district]leave_1078C_195.json",
            "id": 0
        },
        {
            "time_step": 2,
            "original_data_path": "/content/drive/Othercomputers/\ub0b4 \ub178\ud2b8\ubd81/Forked_Models/Validation/Validation/_\ub77c\ubca8_General_val_C/district/3. \ud6c4\ubc29 \ubc29\ud5a5 \uc774\ubbf8\uc9c0/[district]leave_1078C/[district]leave_1078C_200.json",
            "id": 0
        },
        {
            "time_step": 3,
            "original_data_path": "/content/drive/Othercomputers/\ub0b4 \ub178\ud2b8\ubd81/Forked_Models/Validation/Validation/_\ub77c\ubca8_General_val_C/district/3. \ud6c4\ubc29 \ubc29\ud5a5 \uc774\ubbf8\uc9c0/[district]leave_1078C/[district]leave_1078C_205.json",
            "id": 0
        }
    ],
    "label": 1
}