{
    "data": [
        [
            0.3572916666666667,
            0.39444444444444443,
            -0.010937499999999989,
            -0.029629629629629617,
            0.02031250000000001,
            -0.002777777777777768,
            -0.004166666666666652,
            0.0490740740740741
        ],
        [
            0.3145833333333333,
            0.3972222222222222,
            -0.011458333333333348,
            -0.030555555555555558,
            0.021875000000000033,
            0.0,
            -0.0015624999999999667,
            0.05185185185185187
        ],
        [
            0.2598958333333333,
            0.4166666666666667,
            -0.015104166666666669,
            -0.029629629629629672,
            0.018229166666666685,
            0.009259259259259245,
            -0.010416666666666657,
            0.0398148148148148
        ]
    ],
    "original_data": [
        {
            "time_step": 1,
            "original_data_path": "/content/drive/Othercomputers/\ub0b4 \ub178\ud2b8\ubd81/Forked_Models/Validation/Validation/_\ub77c\ubca8_General_val_C/district/3. \ud6c4\ubc29 \ubc29\ud5a5 \uc774\ubbf8\uc9c0/[district]day_575C/[district]day_575C_295.json",
            "id": 2
        },
        {
            "time_step": 2,
            "original_data_path": "/content/drive/Othercomputers/\ub0b4 \ub178\ud2b8\ubd81/Forked_Models/Validation/Validation/_\ub77c\ubca8_General_val_C/district/3. \ud6c4\ubc29 \ubc29\ud5a5 \uc774\ubbf8\uc9c0/[district]day_575C/[district]day_575C_300.json",
            "id": 2
        },
        {
            "time_step": 3,
            "original_data_path": "/content/drive/Othercomputers/\ub0b4 \ub178\ud2b8\ubd81/Forked_Models/Validation/Validation/_\ub77c\ubca8_General_val_C/district/3. \ud6c4\ubc29 \ubc29\ud5a5 \uc774\ubbf8\uc9c0/[district]day_575C/[district]day_575C_305.json",
            "id": 2
        }
    ],
    "label": 1
}