{
    "data": [
        [
            0.3765625,
            0.5333333333333333,
            -0.009895833333333381,
            -0.06574074074074071,
            -0.02031250000000001,
            0.033333333333333326,
            0.01822916666666663,
            0.06481481481481477
        ],
        [
            0.3765625,
            0.5333333333333333,
            -0.009895833333333381,
            -0.06574074074074071,
            -0.024479166666666663,
            0.02777777777777779,
            0.01822916666666663,
            0.06481481481481477
        ],
        [
            0.3765625,
            0.5333333333333333,
            -0.009895833333333381,
            -0.06574074074074071,
            -0.02552083333333338,
            0.024074074074074137,
            0.01822916666666663,
            0.06481481481481477
        ]
    ],
    "original_data": [
        {
            "time_step": 1,
            "original_data_path": "/content/drive/Othercomputers/\ub0b4 \ub178\ud2b8\ubd81/Forked_Models/Validation/Validation/_\ub77c\ubca8_General_val_C/district/3. \ud6c4\ubc29 \ubc29\ud5a5 \uc774\ubbf8\uc9c0/[district]day_955C/[district]day_955C_75.json",
            "id": 0
        },
        {
            "time_step": 2,
            "original_data_path": "/content/drive/Othercomputers/\ub0b4 \ub178\ud2b8\ubd81/Forked_Models/Validation/Validation/_\ub77c\ubca8_General_val_C/district/3. \ud6c4\ubc29 \ubc29\ud5a5 \uc774\ubbf8\uc9c0/[district]day_955C/[district]day_955C_80.json",
            "id": 0
        },
        {
            "time_step": 3,
            "original_data_path": "/content/drive/Othercomputers/\ub0b4 \ub178\ud2b8\ubd81/Forked_Models/Validation/Validation/_\ub77c\ubca8_General_val_C/district/3. \ud6c4\ubc29 \ubc29\ud5a5 \uc774\ubbf8\uc9c0/[district]day_955C/[district]day_955C_85.json",
            "id": 0
        }
    ],
    "label": 1
}