{
    "data": [
        [
            0.46875,
            0.33425925925925926,
            -0.007291666666666641,
            -0.041666666666666685,
            -0.003645833333333348,
            0.011111111111111127,
            0.009375000000000022,
            0.06851851851851853
        ],
        [
            0.4666666666666667,
            0.33240740740740743,
            -0.006770833333333337,
            -0.03888888888888892,
            -0.0015625000000000222,
            0.012962962962962954,
            0.011458333333333348,
            0.07037037037037036
        ],
        [
            0.465625,
            0.3351851851851852,
            -0.006770833333333337,
            -0.042592592592592626,
            -0.0005208333333333592,
            0.010185185185185186,
            0.012500000000000011,
            0.06759259259259259
        ]
    ],
    "original_data": [
        {
            "time_step": 1,
            "original_data_path": "/content/drive/Othercomputers/\ub0b4 \ub178\ud2b8\ubd81/Forked_Models/Validation/Validation/_\ub77c\ubca8_General_val_C/district/3. \ud6c4\ubc29 \ubc29\ud5a5 \uc774\ubbf8\uc9c0/[district]day_567C/[district]day_567C_125.json",
            "id": 2
        },
        {
            "time_step": 2,
            "original_data_path": "/content/drive/Othercomputers/\ub0b4 \ub178\ud2b8\ubd81/Forked_Models/Validation/Validation/_\ub77c\ubca8_General_val_C/district/3. \ud6c4\ubc29 \ubc29\ud5a5 \uc774\ubbf8\uc9c0/[district]day_567C/[district]day_567C_130.json",
            "id": 2
        },
        {
            "time_step": 3,
            "original_data_path": "/content/drive/Othercomputers/\ub0b4 \ub178\ud2b8\ubd81/Forked_Models/Validation/Validation/_\ub77c\ubca8_General_val_C/district/3. \ud6c4\ubc29 \ubc29\ud5a5 \uc774\ubbf8\uc9c0/[district]day_567C/[district]day_567C_135.json",
            "id": 2
        }
    ],
    "label": 1
}