{
    "data": [
        [
            0.5567708333333333,
            0.2611111111111111,
            -0.0005208333333333037,
            -0.021296296296296313,
            -0.021354166666666674,
            0.010185185185185186,
            0.025000000000000022,
            0.012962962962962954
        ],
        [
            0.5552083333333333,
            0.262037037037037,
            -0.0015625000000000222,
            -0.0222222222222222,
            -0.021874999999999978,
            0.010185185185185186,
            0.0234375,
            0.0092592592592593
        ],
        [
            0.559375,
            0.2574074074074074,
            -0.0026041666666666297,
            -0.020370370370370372,
            -0.02864583333333326,
            0.017592592592592604,
            0.022395833333333393,
            0.005555555555555536
        ]
    ],
    "original_data": [
        {
            "time_step": 1,
            "original_data_path": "/content/drive/Othercomputers/\ub0b4 \ub178\ud2b8\ubd81/Forked_Models/Validation/Validation/_\ub77c\ubca8_General_val_C/district/3. \ud6c4\ubc29 \ubc29\ud5a5 \uc774\ubbf8\uc9c0/[district]morning_979C/[district]morning_979C_125.json",
            "id": 1
        },
        {
            "time_step": 2,
            "original_data_path": "/content/drive/Othercomputers/\ub0b4 \ub178\ud2b8\ubd81/Forked_Models/Validation/Validation/_\ub77c\ubca8_General_val_C/district/3. \ud6c4\ubc29 \ubc29\ud5a5 \uc774\ubbf8\uc9c0/[district]morning_979C/[district]morning_979C_130.json",
            "id": 1
        },
        {
            "time_step": 3,
            "original_data_path": "/content/drive/Othercomputers/\ub0b4 \ub178\ud2b8\ubd81/Forked_Models/Validation/Validation/_\ub77c\ubca8_General_val_C/district/3. \ud6c4\ubc29 \ubc29\ud5a5 \uc774\ubbf8\uc9c0/[district]morning_979C/[district]morning_979C_135.json",
            "id": 1
        }
    ],
    "label": 1
}