{
    "data": [
        [
            0.4244791666666667,
            0.6583333333333333,
            -0.012500000000000011,
            -0.05740740740740735,
            0.047395833333333304,
            0.0444444444444444,
            -0.05312500000000003,
            0.09074074074074079
        ],
        [
            0.4192708333333333,
            0.6064814814814815,
            -0.016145833333333304,
            -0.03981481481481486,
            0.044791666666666674,
            0.042592592592592515,
            -0.03749999999999998,
            0.1064814814814814
        ],
        [
            0.4109375,
            0.5657407407407408,
            -0.017708333333333326,
            -0.03888888888888886,
            0.046875,
            0.03703703703703698,
            -0.02083333333333337,
            0.10648148148148151
        ]
    ],
    "original_data": [
        {
            "time_step": 1,
            "original_data_path": "/content/drive/Othercomputers/\ub0b4 \ub178\ud2b8\ubd81/Forked_Models/Validation/Validation/_\ub77c\ubca8_General_val_C/district/3. \ud6c4\ubc29 \ubc29\ud5a5 \uc774\ubbf8\uc9c0/[district]night_617C/[district]night_617C_290.json",
            "id": 4
        },
        {
            "time_step": 2,
            "original_data_path": "/content/drive/Othercomputers/\ub0b4 \ub178\ud2b8\ubd81/Forked_Models/Validation/Validation/_\ub77c\ubca8_General_val_C/district/3. \ud6c4\ubc29 \ubc29\ud5a5 \uc774\ubbf8\uc9c0/[district]night_617C/[district]night_617C_295.json",
            "id": 4
        },
        {
            "time_step": 3,
            "original_data_path": "/content/drive/Othercomputers/\ub0b4 \ub178\ud2b8\ubd81/Forked_Models/Validation/Validation/_\ub77c\ubca8_General_val_C/district/3. \ud6c4\ubc29 \ubc29\ud5a5 \uc774\ubbf8\uc9c0/[district]night_617C/[district]night_617C_300.json",
            "id": 4
        }
    ],
    "label": 1
}