{
    "data": [
        [
            0.4119791666666667,
            0.5157407407407407,
            -0.02395833333333336,
            -0.01944444444444443,
            0.005208333333333315,
            0.022222222222222254,
            0.009374999999999967,
            0.12314814814814812
        ],
        [
            0.4046875,
            0.5092592592592593,
            -0.014062499999999978,
            -0.025000000000000022,
            0.010937500000000044,
            0.016666666666666607,
            0.004166666666666707,
            0.0981481481481481
        ],
        [
            0.40729166666666666,
            0.46574074074074073,
            -0.014062499999999978,
            -0.024999999999999967,
            0.021354166666666674,
            0.0,
            0.0,
            0.0759259259259259
        ]
    ],
    "original_data": [
        {
            "time_step": 1,
            "original_data_path": "/content/drive/Othercomputers/\ub0b4 \ub178\ud2b8\ubd81/Forked_Models/Validation/Validation/_\ub77c\ubca8_General_val_C/district/3. \ud6c4\ubc29 \ubc29\ud5a5 \uc774\ubbf8\uc9c0/[district]morning_657C/[district]morning_657C_240.json",
            "id": 0
        },
        {
            "time_step": 2,
            "original_data_path": "/content/drive/Othercomputers/\ub0b4 \ub178\ud2b8\ubd81/Forked_Models/Validation/Validation/_\ub77c\ubca8_General_val_C/district/3. \ud6c4\ubc29 \ubc29\ud5a5 \uc774\ubbf8\uc9c0/[district]morning_657C/[district]morning_657C_245.json",
            "id": 0
        },
        {
            "time_step": 3,
            "original_data_path": "/content/drive/Othercomputers/\ub0b4 \ub178\ud2b8\ubd81/Forked_Models/Validation/Validation/_\ub77c\ubca8_General_val_C/district/3. \ud6c4\ubc29 \ubc29\ud5a5 \uc774\ubbf8\uc9c0/[district]morning_657C/[district]morning_657C_250.json",
            "id": 0
        }
    ],
    "label": 1
}