{
    "data": [
        [
            0.5119791666666667,
            0.18796296296296297,
            0.0010416666666667185,
            -0.0314814814814815,
            -0.012500000000000011,
            -0.023148148148148168,
            0.034375000000000044,
            0.02685185185185185
        ],
        [
            0.5046875,
            0.19074074074074074,
            0.0031250000000000444,
            -0.03148148148148147,
            -0.015624999999999944,
            -0.01203703703703704,
            0.036979166666666674,
            0.030555555555555558
        ],
        [
            0.49322916666666666,
            0.19722222222222222,
            0.003124999999999989,
            -0.03425925925925924,
            -0.025520833333333326,
            0.008333333333333331,
            0.039062500000000056,
            0.013888888888888895
        ]
    ],
    "original_data": [
        {
            "time_step": 1,
            "original_data_path": "/content/drive/Othercomputers/\ub0b4 \ub178\ud2b8\ubd81/Forked_Models/Validation/Validation/_\ub77c\ubca8_General_val_C/district/3. \ud6c4\ubc29 \ubc29\ud5a5 \uc774\ubbf8\uc9c0/[district]day_608C/[district]day_608C_50.json",
            "id": 1
        },
        {
            "time_step": 2,
            "original_data_path": "/content/drive/Othercomputers/\ub0b4 \ub178\ud2b8\ubd81/Forked_Models/Validation/Validation/_\ub77c\ubca8_General_val_C/district/3. \ud6c4\ubc29 \ubc29\ud5a5 \uc774\ubbf8\uc9c0/[district]day_608C/[district]day_608C_55.json",
            "id": 1
        },
        {
            "time_step": 3,
            "original_data_path": "/content/drive/Othercomputers/\ub0b4 \ub178\ud2b8\ubd81/Forked_Models/Validation/Validation/_\ub77c\ubca8_General_val_C/district/3. \ud6c4\ubc29 \ubc29\ud5a5 \uc774\ubbf8\uc9c0/[district]day_608C/[district]day_608C_60.json",
            "id": 1
        }
    ],
    "label": 1
}