{
    "data": [
        [
            0.7645833333333333,
            0.1787037037037037,
            0.036979166666666674,
            -0.049074074074074076,
            -0.09791666666666665,
            0.045370370370370366,
            -0.004687499999999956,
            0.09814814814814815
        ],
        [
            0.7536458333333333,
            0.16203703703703703,
            0.03489583333333335,
            -0.05,
            -0.09270833333333339,
            0.04629629629629631,
            -0.004687500000000067,
            0.09999999999999998
        ],
        [
            0.7552083333333334,
            0.175,
            0.03489583333333335,
            -0.049074074074074076,
            -0.0932291666666667,
            0.045370370370370394,
            -0.0067708333333333925,
            0.08425925925925926
        ]
    ],
    "original_data": [
        {
            "time_step": 1,
            "original_data_path": "/content/drive/Othercomputers/\ub0b4 \ub178\ud2b8\ubd81/Forked_Models/Validation/Validation/_\ub77c\ubca8_General_val_C/district/3. \ud6c4\ubc29 \ubc29\ud5a5 \uc774\ubbf8\uc9c0/[district]leave_007C/[district]leave_007C_52.json",
            "id": 0
        },
        {
            "time_step": 2,
            "original_data_path": "/content/drive/Othercomputers/\ub0b4 \ub178\ud2b8\ubd81/Forked_Models/Validation/Validation/_\ub77c\ubca8_General_val_C/district/3. \ud6c4\ubc29 \ubc29\ud5a5 \uc774\ubbf8\uc9c0/[district]leave_007C/[district]leave_007C_54.json",
            "id": 0
        },
        {
            "time_step": 3,
            "original_data_path": "/content/drive/Othercomputers/\ub0b4 \ub178\ud2b8\ubd81/Forked_Models/Validation/Validation/_\ub77c\ubca8_General_val_C/district/3. \ud6c4\ubc29 \ubc29\ud5a5 \uc774\ubbf8\uc9c0/[district]leave_007C/[district]leave_007C_56.json",
            "id": 0
        }
    ],
    "label": 1
}