{
    "data": [
        [
            0.515625,
            0.16574074074074074,
            -0.025520833333333326,
            -0.03425925925925927,
            0.03645833333333337,
            0.0018518518518518545,
            -0.021874999999999978,
            0.10185185185185186
        ],
        [
            0.5234375,
            0.18518518518518517,
            -0.027083333333333348,
            -0.0537037037037037,
            0.031770833333333304,
            -0.021296296296296285,
            -0.025000000000000022,
            0.07870370370370372
        ],
        [
            0.5234375,
            0.1685185185185185,
            -0.027083333333333348,
            -0.037037037037037035,
            0.031770833333333304,
            -0.0046296296296296224,
            -0.025000000000000022,
            0.09537037037037038
        ]
    ],
    "original_data": [
        {
            "time_step": 1,
            "original_data_path": "/content/drive/Othercomputers/\ub0b4 \ub178\ud2b8\ubd81/Forked_Models/Validation/Validation/_\ub77c\ubca8_General_val_C/district/3. \ud6c4\ubc29 \ubc29\ud5a5 \uc774\ubbf8\uc9c0/[district]attend_064C/[district]attend_064C_16.json",
            "id": 0
        },
        {
            "time_step": 2,
            "original_data_path": "/content/drive/Othercomputers/\ub0b4 \ub178\ud2b8\ubd81/Forked_Models/Validation/Validation/_\ub77c\ubca8_General_val_C/district/3. \ud6c4\ubc29 \ubc29\ud5a5 \uc774\ubbf8\uc9c0/[district]attend_064C/[district]attend_064C_18.json",
            "id": 0
        },
        {
            "time_step": 3,
            "original_data_path": "/content/drive/Othercomputers/\ub0b4 \ub178\ud2b8\ubd81/Forked_Models/Validation/Validation/_\ub77c\ubca8_General_val_C/district/3. \ud6c4\ubc29 \ubc29\ud5a5 \uc774\ubbf8\uc9c0/[district]attend_064C/[district]attend_064C_20.json",
            "id": 0
        }
    ],
    "label": 1
}