{
    "data": [
        [
            0.5697916666666667,
            0.19722222222222222,
            -0.004166666666666652,
            -0.028703703703703703,
            -0.0234375,
            0.01944444444444446,
            0.024479166666666607,
            0.013888888888888895
        ],
        [
            0.5713541666666667,
            0.2,
            -0.004166666666666763,
            -0.02777777777777779,
            -0.022916666666666696,
            0.01944444444444443,
            0.0234375,
            0.013888888888888867
        ],
        [
            0.571875,
            0.20555555555555555,
            -0.002083333333333326,
            -0.025925925925925908,
            -0.0234375,
            0.013888888888888895,
            0.022916666666666696,
            0.009259259259259273
        ]
    ],
    "original_data": [
        {
            "time_step": 1,
            "original_data_path": "/content/drive/Othercomputers/\ub0b4 \ub178\ud2b8\ubd81/Forked_Models/Validation/Validation/_\ub77c\ubca8_General_val_C/district/3. \ud6c4\ubc29 \ubc29\ud5a5 \uc774\ubbf8\uc9c0/[district]day_025C/[district]day_025C_2.json",
            "id": 1
        },
        {
            "time_step": 2,
            "original_data_path": "/content/drive/Othercomputers/\ub0b4 \ub178\ud2b8\ubd81/Forked_Models/Validation/Validation/_\ub77c\ubca8_General_val_C/district/3. \ud6c4\ubc29 \ubc29\ud5a5 \uc774\ubbf8\uc9c0/[district]day_025C/[district]day_025C_4.json",
            "id": 1
        },
        {
            "time_step": 3,
            "original_data_path": "/content/drive/Othercomputers/\ub0b4 \ub178\ud2b8\ubd81/Forked_Models/Validation/Validation/_\ub77c\ubca8_General_val_C/district/3. \ud6c4\ubc29 \ubc29\ud5a5 \uc774\ubbf8\uc9c0/[district]day_025C/[district]day_025C_6.json",
            "id": 1
        }
    ],
    "label": 1
}