{
    "data": [
        [
            0.7703125,
            0.4787037037037037,
            0.002083333333333326,
            -0.062037037037037,
            0.034375000000000044,
            0.020370370370370372,
            -0.03802083333333328,
            0.015740740740740777
        ],
        [
            0.7703125,
            0.4787037037037037,
            0.002083333333333326,
            -0.062037037037037,
            0.036979166666666674,
            0.0222222222222222,
            -0.03802083333333328,
            0.015740740740740777
        ],
        [
            0.775,
            0.4787037037037037,
            0.004687499999999956,
            -0.061111111111111116,
            0.031770833333333304,
            0.023148148148148195,
            -0.04270833333333335,
            0.015740740740740777
        ]
    ],
    "original_data": [
        {
            "time_step": 1,
            "original_data_path": "/content/drive/Othercomputers/\ub0b4 \ub178\ud2b8\ubd81/Forked_Models/Validation/Validation/_\ub77c\ubca8_General_val_C/district/[district]night_641C/[district]night_641C_58.json",
            "id": 3
        },
        {
            "time_step": 2,
            "original_data_path": "/content/drive/Othercomputers/\ub0b4 \ub178\ud2b8\ubd81/Forked_Models/Validation/Validation/_\ub77c\ubca8_General_val_C/district/[district]night_641C/[district]night_641C_60.json",
            "id": 3
        },
        {
            "time_step": 3,
            "original_data_path": "/content/drive/Othercomputers/\ub0b4 \ub178\ud2b8\ubd81/Forked_Models/Validation/Validation/_\ub77c\ubca8_General_val_C/district/[district]night_641C/[district]night_641C_62.json",
            "id": 3
        }
    ],
    "label": 2
}