{
    "data": [
        [
            0.8520833333333333,
            0.44351851851851853,
            0.0005208333333334147,
            -0.03888888888888892,
            -0.03281250000000002,
            -0.025000000000000022,
            0.030729166666666696,
            -0.0009259259259259411
        ],
        [
            0.8479166666666667,
            0.42314814814814816,
            0.0015625000000000222,
            -0.037037037037037035,
            -0.027604166666666652,
            -0.013888888888888895,
            0.026562500000000044,
            -0.003703703703703709
        ],
        [
            0.8479166666666667,
            0.42314814814814816,
            0.002083333333333326,
            -0.040740740740740744,
            -0.027604166666666652,
            -0.013888888888888895,
            0.025520833333333326,
            0.0009259259259258856
        ]
    ],
    "original_data": [
        {
            "time_step": 1,
            "original_data_path": "/content/drive/Othercomputers/\ub0b4 \ub178\ud2b8\ubd81/Forked_Models/Validation/Validation/_\ub77c\ubca8_General_val_C/district/[district]morning_1116C/[district]morning_1116C_200.json",
            "id": 3
        },
        {
            "time_step": 2,
            "original_data_path": "/content/drive/Othercomputers/\ub0b4 \ub178\ud2b8\ubd81/Forked_Models/Validation/Validation/_\ub77c\ubca8_General_val_C/district/[district]morning_1116C/[district]morning_1116C_205.json",
            "id": 3
        },
        {
            "time_step": 3,
            "original_data_path": "/content/drive/Othercomputers/\ub0b4 \ub178\ud2b8\ubd81/Forked_Models/Validation/Validation/_\ub77c\ubca8_General_val_C/district/[district]morning_1116C/[district]morning_1116C_210.json",
            "id": 3
        }
    ],
    "label": 2
}