{
    "data": [
        [
            0.6125,
            0.2574074074074074,
            0.0005208333333333037,
            -0.021296296296296313,
            -0.025000000000000022,
            0.011111111111111127,
            0.029166666666666674,
            0.011111111111111127
        ],
        [
            0.6125,
            0.2574074074074074,
            -0.0005208333333334147,
            -0.022222222222222227,
            -0.025000000000000022,
            0.011111111111111127,
            0.029166666666666674,
            0.011111111111111127
        ],
        [
            0.6125,
            0.2574074074074074,
            0.0010416666666666075,
            -0.021296296296296313,
            -0.025000000000000022,
            0.011111111111111127,
            0.029166666666666674,
            0.011111111111111127
        ]
    ],
    "original_data": [
        {
            "time_step": 1,
            "original_data_path": "/content/drive/Othercomputers/\ub0b4 \ub178\ud2b8\ubd81/Forked_Models/Validation/Validation/_\ub77c\ubca8_General_val_C/district/[district]morning_1116C/[district]morning_1116C_330.json",
            "id": 1
        },
        {
            "time_step": 2,
            "original_data_path": "/content/drive/Othercomputers/\ub0b4 \ub178\ud2b8\ubd81/Forked_Models/Validation/Validation/_\ub77c\ubca8_General_val_C/district/[district]morning_1116C/[district]morning_1116C_335.json",
            "id": 1
        },
        {
            "time_step": 3,
            "original_data_path": "/content/drive/Othercomputers/\ub0b4 \ub178\ud2b8\ubd81/Forked_Models/Validation/Validation/_\ub77c\ubca8_General_val_C/district/[district]morning_1116C/[district]morning_1116C_340.json",
            "id": 1
        }
    ],
    "label": 2
}