{
    "data": [
        [
            0.7489583333333333,
            0.6046296296296296,
            0.05104166666666676,
            -0.12962962962962965,
            0.06093750000000009,
            0.22870370370370374,
            -0.08229166666666665,
            -0.04351851851851851
        ],
        [
            0.8713541666666667,
            0.5296296296296297,
            0.01822916666666663,
            -0.10370370370370374,
            0.04791666666666672,
            0.17222222222222217,
            -0.08489583333333328,
            0.01851851851851849
        ],
        [
            0.9078125,
            0.4685185185185185,
            -0.009895833333333326,
            -0.12592592592592589,
            0.029687499999999978,
            0.0759259259259259,
            -0.08333333333333337,
            0.0398148148148148
        ]
    ],
    "original_data": [
        {
            "time_step": 1,
            "original_data_path": "/content/drive/Othercomputers/\ub0b4 \ub178\ud2b8\ubd81/Forked_Models/Validation/Validation/_\ub77c\ubca8_General_val_C/district/[district]day_571C/[district]day_571C_104.json",
            "id": 2
        },
        {
            "time_step": 2,
            "original_data_path": "/content/drive/Othercomputers/\ub0b4 \ub178\ud2b8\ubd81/Forked_Models/Validation/Validation/_\ub77c\ubca8_General_val_C/district/[district]day_571C/[district]day_571C_106.json",
            "id": 2
        },
        {
            "time_step": 3,
            "original_data_path": "/content/drive/Othercomputers/\ub0b4 \ub178\ud2b8\ubd81/Forked_Models/Validation/Validation/_\ub77c\ubca8_General_val_C/district/[district]day_571C/[district]day_571C_108.json",
            "id": 2
        }
    ],
    "label": 2
}