{
    "data": [
        [
            0.615625,
            0.2564814814814815,
            -0.004166666666666652,
            -0.025925925925925908,
            -0.03125,
            0.00833333333333336,
            0.025000000000000022,
            0.015740740740740722
        ],
        [
            0.6130208333333333,
            0.25833333333333336,
            -0.0026041666666666297,
            -0.0314814814814815,
            -0.03281250000000002,
            0.012962962962962954,
            0.027604166666666652,
            0.01388888888888884
        ],
        [
            0.6130208333333333,
            0.25833333333333336,
            -0.004166666666666652,
            -0.030555555555555586,
            -0.02864583333333337,
            0.0037037037037036535,
            0.027604166666666652,
            0.01388888888888884
        ]
    ],
    "original_data": [
        {
            "time_step": 1,
            "original_data_path": "/content/drive/Othercomputers/\ub0b4 \ub178\ud2b8\ubd81/Forked_Models/Validation/Validation/_\ub77c\ubca8_General_val_C/district/[district]morning_1116C/[district]morning_1116C_60.json",
            "id": 1
        },
        {
            "time_step": 2,
            "original_data_path": "/content/drive/Othercomputers/\ub0b4 \ub178\ud2b8\ubd81/Forked_Models/Validation/Validation/_\ub77c\ubca8_General_val_C/district/[district]morning_1116C/[district]morning_1116C_65.json",
            "id": 1
        },
        {
            "time_step": 3,
            "original_data_path": "/content/drive/Othercomputers/\ub0b4 \ub178\ud2b8\ubd81/Forked_Models/Validation/Validation/_\ub77c\ubca8_General_val_C/district/[district]morning_1116C/[district]morning_1116C_70.json",
            "id": 1
        }
    ],
    "label": 2
}