{
    "data": [
        [
            0.8307291666666666,
            0.4398148148148148,
            -0.0015624999999999112,
            -0.06759259259259259,
            -0.011458333333333348,
            -0.0490740740740741,
            0.02864583333333337,
            0.04999999999999999
        ],
        [
            0.8322916666666667,
            0.4351851851851852,
            -0.0010416666666666075,
            -0.056481481481481466,
            -0.018749999999999933,
            -0.032407407407407385,
            0.028125000000000067,
            0.05833333333333335
        ],
        [
            0.8416666666666667,
            0.42407407407407405,
            0.00520833333333337,
            -0.051851851851851816,
            -0.02083333333333337,
            -0.029629629629629617,
            0.025520833333333326,
            0.08703703703703702
        ]
    ],
    "original_data": [
        {
            "time_step": 1,
            "original_data_path": "/content/drive/Othercomputers/\ub0b4 \ub178\ud2b8\ubd81/Forked_Models/Validation/Validation/_\ub77c\ubca8_General_val_C/district/[district]day_571C/[district]day_571C_128.json",
            "id": 2
        },
        {
            "time_step": 2,
            "original_data_path": "/content/drive/Othercomputers/\ub0b4 \ub178\ud2b8\ubd81/Forked_Models/Validation/Validation/_\ub77c\ubca8_General_val_C/district/[district]day_571C/[district]day_571C_130.json",
            "id": 2
        },
        {
            "time_step": 3,
            "original_data_path": "/content/drive/Othercomputers/\ub0b4 \ub178\ud2b8\ubd81/Forked_Models/Validation/Validation/_\ub77c\ubca8_General_val_C/district/[district]day_571C/[district]day_571C_132.json",
            "id": 2
        }
    ],
    "label": 2
}