{
    "data": [
        [
            0.3609375,
            0.3768518518518518,
            -0.002604166666666685,
            -0.032407407407407385,
            0.04166666666666663,
            0.02407407407407408,
            -0.02812500000000001,
            0.037962962962962976
        ],
        [
            0.3609375,
            0.3768518518518518,
            -0.002604166666666685,
            -0.032407407407407385,
            0.04166666666666663,
            0.02407407407407408,
            -0.02812500000000001,
            0.037962962962962976
        ],
        [
            0.3609375,
            0.3768518518518518,
            -0.002604166666666685,
            -0.032407407407407385,
            0.04166666666666663,
            0.02407407407407408,
            -0.02812500000000001,
            0.037962962962962976
        ]
    ],
    "original_data": [
        {
            "time_step": 1,
            "original_data_path": "/content/drive/Othercomputers/\ub0b4 \ub178\ud2b8\ubd81/Forked_Models/Validation/Validation/_\ub77c\ubca8_General_val_C/district/[district]morning_480C/[district]morning_480C_82.json",
            "id": 1
        },
        {
            "time_step": 2,
            "original_data_path": "/content/drive/Othercomputers/\ub0b4 \ub178\ud2b8\ubd81/Forked_Models/Validation/Validation/_\ub77c\ubca8_General_val_C/district/[district]morning_480C/[district]morning_480C_84.json",
            "id": 1
        },
        {
            "time_step": 3,
            "original_data_path": "/content/drive/Othercomputers/\ub0b4 \ub178\ud2b8\ubd81/Forked_Models/Validation/Validation/_\ub77c\ubca8_General_val_C/district/[district]morning_480C/[district]morning_480C_86.json",
            "id": 1
        }
    ],
    "label": 2
}