{
    "data": [
        [
            0.3609375,
            0.34074074074074073,
            -0.0015625000000000222,
            -0.029629629629629617,
            0.04218749999999999,
            0.03425925925925927,
            -0.027083333333333348,
            0.041666666666666685
        ],
        [
            0.3625,
            0.33240740740740743,
            0.0,
            -0.02870370370370373,
            0.04218749999999999,
            0.027777777777777735,
            -0.029687499999999978,
            0.04629629629629628
        ],
        [
            0.36822916666666666,
            0.32685185185185184,
            -0.0015625000000000222,
            -0.03425925925925927,
            0.041145833333333326,
            0.02314814814814814,
            -0.031770833333333304,
            0.041666666666666685
        ]
    ],
    "original_data": [
        {
            "time_step": 1,
            "original_data_path": "/content/drive/Othercomputers/\ub0b4 \ub178\ud2b8\ubd81/Forked_Models/Validation/Validation/_\ub77c\ubca8_General_val_C/district/[district]morning_480C/[district]morning_480C_108.json",
            "id": 1
        },
        {
            "time_step": 2,
            "original_data_path": "/content/drive/Othercomputers/\ub0b4 \ub178\ud2b8\ubd81/Forked_Models/Validation/Validation/_\ub77c\ubca8_General_val_C/district/[district]morning_480C/[district]morning_480C_110.json",
            "id": 1
        },
        {
            "time_step": 3,
            "original_data_path": "/content/drive/Othercomputers/\ub0b4 \ub178\ud2b8\ubd81/Forked_Models/Validation/Validation/_\ub77c\ubca8_General_val_C/district/[district]morning_480C/[district]morning_480C_112.json",
            "id": 1
        }
    ],
    "label": 2
}