{
    "data": [
        [
            0.8463541666666666,
            0.40925925925925927,
            0.006250000000000089,
            -0.02407407407407408,
            -0.035937499999999956,
            0.003703703703703709,
            0.02604166666666674,
            0.009259259259259245
        ],
        [
            0.8473958333333333,
            0.41203703703703703,
            0.0078125,
            -0.01851851851851849,
            -0.0390625,
            0.00833333333333336,
            0.027083333333333348,
            0.018518518518518545
        ],
        [
            0.8489583333333334,
            0.41759259259259257,
            0.0078125,
            -0.021296296296296258,
            -0.038541666666666696,
            -0.004629629629629595,
            0.0234375,
            0.006481481481481477
        ]
    ],
    "original_data": [
        {
            "time_step": 1,
            "original_data_path": "/content/drive/Othercomputers/\ub0b4 \ub178\ud2b8\ubd81/Forked_Models/Validation/Validation/_\ub77c\ubca8_General_val_C/district/[district]morning_1116C/[district]morning_1116C_300.json",
            "id": 3
        },
        {
            "time_step": 2,
            "original_data_path": "/content/drive/Othercomputers/\ub0b4 \ub178\ud2b8\ubd81/Forked_Models/Validation/Validation/_\ub77c\ubca8_General_val_C/district/[district]morning_1116C/[district]morning_1116C_305.json",
            "id": 3
        },
        {
            "time_step": 3,
            "original_data_path": "/content/drive/Othercomputers/\ub0b4 \ub178\ud2b8\ubd81/Forked_Models/Validation/Validation/_\ub77c\ubca8_General_val_C/district/[district]morning_1116C/[district]morning_1116C_310.json",
            "id": 3
        }
    ],
    "label": 2
}