{
    "data": [
        [
            0.3619791666666667,
            0.37222222222222223,
            -0.002604166666666685,
            -0.030555555555555558,
            0.04062499999999997,
            0.025925925925925908,
            -0.03229166666666666,
            0.04166666666666663
        ],
        [
            0.3619791666666667,
            0.37222222222222223,
            -0.006250000000000033,
            -0.02777777777777779,
            0.04062499999999997,
            0.025925925925925908,
            -0.03229166666666666,
            0.04166666666666663
        ],
        [
            0.3619791666666667,
            0.37222222222222223,
            -0.0015625000000000222,
            -0.03240740740740744,
            0.04062499999999997,
            0.025925925925925908,
            -0.03229166666666666,
            0.04166666666666663
        ]
    ],
    "original_data": [
        {
            "time_step": 1,
            "original_data_path": "/content/drive/Othercomputers/\ub0b4 \ub178\ud2b8\ubd81/Forked_Models/Validation/Validation/_\ub77c\ubca8_General_val_C/district/[district]morning_480C/[district]morning_480C_184.json",
            "id": 1
        },
        {
            "time_step": 2,
            "original_data_path": "/content/drive/Othercomputers/\ub0b4 \ub178\ud2b8\ubd81/Forked_Models/Validation/Validation/_\ub77c\ubca8_General_val_C/district/[district]morning_480C/[district]morning_480C_186.json",
            "id": 1
        },
        {
            "time_step": 3,
            "original_data_path": "/content/drive/Othercomputers/\ub0b4 \ub178\ud2b8\ubd81/Forked_Models/Validation/Validation/_\ub77c\ubca8_General_val_C/district/[district]morning_480C/[district]morning_480C_188.json",
            "id": 1
        }
    ],
    "label": 2
}