{
    "data": [
        [
            0.8473958333333333,
            0.4212962962962963,
            0.012499999999999956,
            -0.051851851851851816,
            -0.026562500000000044,
            -0.029629629629629617,
            0.015625,
            0.09351851851851856
        ],
        [
            0.8473958333333333,
            0.4212962962962963,
            0.012499999999999956,
            -0.051851851851851816,
            -0.026562500000000044,
            -0.029629629629629617,
            0.015625,
            0.09351851851851856
        ],
        [
            0.8432291666666667,
            0.4185185185185185,
            0.016145833333333304,
            -0.04999999999999999,
            -0.017187500000000022,
            -0.0222222222222222,
            0.02083333333333326,
            0.09537037037037033
        ]
    ],
    "original_data": [
        {
            "time_step": 1,
            "original_data_path": "/content/drive/Othercomputers/\ub0b4 \ub178\ud2b8\ubd81/Forked_Models/Validation/Validation/_\ub77c\ubca8_General_val_C/district/[district]day_571C/[district]day_571C_138.json",
            "id": 2
        },
        {
            "time_step": 2,
            "original_data_path": "/content/drive/Othercomputers/\ub0b4 \ub178\ud2b8\ubd81/Forked_Models/Validation/Validation/_\ub77c\ubca8_General_val_C/district/[district]day_571C/[district]day_571C_140.json",
            "id": 2
        },
        {
            "time_step": 3,
            "original_data_path": "/content/drive/Othercomputers/\ub0b4 \ub178\ud2b8\ubd81/Forked_Models/Validation/Validation/_\ub77c\ubca8_General_val_C/district/[district]day_571C/[district]day_571C_142.json",
            "id": 2
        }
    ],
    "label": 2
}