{
    "data": [
        [
            0.36822916666666666,
            0.32685185185185184,
            -0.0015625000000000222,
            -0.03425925925925927,
            0.041145833333333326,
            0.02314814814814814,
            -0.031770833333333304,
            0.041666666666666685
        ],
        [
            0.3765625,
            0.32222222222222224,
            0.0015624999999999667,
            -0.03240740740740744,
            0.03854166666666664,
            0.024999999999999967,
            -0.03333333333333338,
            0.04166666666666663
        ],
        [
            0.3807291666666667,
            0.3148148148148148,
            0.005208333333333315,
            -0.025000000000000022,
            0.03749999999999998,
            0.032407407407407385,
            -0.033333333333333326,
            0.04259259259259257
        ]
    ],
    "original_data": [
        {
            "time_step": 1,
            "original_data_path": "/content/drive/Othercomputers/\ub0b4 \ub178\ud2b8\ubd81/Forked_Models/Validation/Validation/_\ub77c\ubca8_General_val_C/district/[district]morning_480C/[district]morning_480C_112.json",
            "id": 1
        },
        {
            "time_step": 2,
            "original_data_path": "/content/drive/Othercomputers/\ub0b4 \ub178\ud2b8\ubd81/Forked_Models/Validation/Validation/_\ub77c\ubca8_General_val_C/district/[district]morning_480C/[district]morning_480C_114.json",
            "id": 1
        },
        {
            "time_step": 3,
            "original_data_path": "/content/drive/Othercomputers/\ub0b4 \ub178\ud2b8\ubd81/Forked_Models/Validation/Validation/_\ub77c\ubca8_General_val_C/district/[district]morning_480C/[district]morning_480C_116.json",
            "id": 1
        }
    ],
    "label": 2
}