{
    "data": [
        [
            0.45208333333333334,
            0.5907407407407408,
            -0.006770833333333337,
            -0.11851851851851858,
            0.05624999999999997,
            0.0009259259259258856,
            -0.08281250000000001,
            0.09444444444444444
        ],
        [
            0.440625,
            0.5861111111111111,
            -0.013541666666666674,
            -0.11481481481481487,
            0.07812500000000006,
            0.012962962962962954,
            -0.06510416666666663,
            0.08055555555555549
        ],
        [
            0.43333333333333335,
            0.5879629629629629,
            -0.002083333333333326,
            -0.12222222222222218,
            0.07708333333333328,
            0.047222222222222276,
            -0.07500000000000001,
            0.05648148148148158
        ]
    ],
    "original_data": [
        {
            "time_step": 1,
            "original_data_path": "/content/drive/Othercomputers/\ub0b4 \ub178\ud2b8\ubd81/Forked_Models/Validation/Validation/_\ub77c\ubca8_General_val_C/district/[district]day_571C/[district]day_571C_166.json",
            "id": 4
        },
        {
            "time_step": 2,
            "original_data_path": "/content/drive/Othercomputers/\ub0b4 \ub178\ud2b8\ubd81/Forked_Models/Validation/Validation/_\ub77c\ubca8_General_val_C/district/[district]day_571C/[district]day_571C_168.json",
            "id": 4
        },
        {
            "time_step": 3,
            "original_data_path": "/content/drive/Othercomputers/\ub0b4 \ub178\ud2b8\ubd81/Forked_Models/Validation/Validation/_\ub77c\ubca8_General_val_C/district/[district]day_571C/[district]day_571C_170.json",
            "id": 4
        }
    ],
    "label": 2
}