{
    "data": [
        [
            0.7083333333333334,
            0.35555555555555557,
            0.003645833333333348,
            -0.029629629629629617,
            0.023958333333333304,
            0.013888888888888895,
            -0.033333333333333326,
            0.012962962962962954
        ],
        [
            0.7083333333333334,
            0.35555555555555557,
            0.003645833333333348,
            -0.029629629629629617,
            0.023958333333333304,
            0.013888888888888895,
            -0.033333333333333326,
            0.012962962962962954
        ],
        [
            0.7109375,
            0.35555555555555557,
            0.004166666666666652,
            -0.03240740740740744,
            0.021354166666666674,
            0.013888888888888895,
            -0.035937499999999956,
            0.012962962962962954
        ]
    ],
    "original_data": [
        {
            "time_step": 1,
            "original_data_path": "/content/drive/Othercomputers/\ub0b4 \ub178\ud2b8\ubd81/Forked_Models/Validation/Validation/_\ub77c\ubca8_General_val_C/district/[district]morning_480C/[district]morning_480C_200.json",
            "id": 0
        },
        {
            "time_step": 2,
            "original_data_path": "/content/drive/Othercomputers/\ub0b4 \ub178\ud2b8\ubd81/Forked_Models/Validation/Validation/_\ub77c\ubca8_General_val_C/district/[district]morning_480C/[district]morning_480C_202.json",
            "id": 0
        },
        {
            "time_step": 3,
            "original_data_path": "/content/drive/Othercomputers/\ub0b4 \ub178\ud2b8\ubd81/Forked_Models/Validation/Validation/_\ub77c\ubca8_General_val_C/district/[district]morning_480C/[district]morning_480C_204.json",
            "id": 0
        }
    ],
    "label": 2
}