{
    "data": [
        [
            0.8583333333333333,
            0.4564814814814815,
            0.0067708333333333925,
            -0.03240740740740744,
            -0.03697916666666656,
            -0.002777777777777768,
            0.01822916666666674,
            -0.00462962962962965
        ],
        [
            0.8572916666666667,
            0.462037037037037,
            0.006249999999999978,
            -0.025925925925925908,
            -0.035937499999999956,
            -0.008333333333333304,
            0.021874999999999978,
            -0.008333333333333304
        ],
        [
            0.8578125,
            0.46296296296296297,
            0.004687500000000067,
            -0.025000000000000022,
            -0.03645833333333326,
            -0.009259259259259245,
            0.021354166666666674,
            -0.009259259259259245
        ]
    ],
    "original_data": [
        {
            "time_step": 1,
            "original_data_path": "/content/drive/Othercomputers/\ub0b4 \ub178\ud2b8\ubd81/Forked_Models/Validation/Validation/_\ub77c\ubca8_General_val_C/district/[district]morning_1116C/[district]morning_1116C_485.json",
            "id": 3
        },
        {
            "time_step": 2,
            "original_data_path": "/content/drive/Othercomputers/\ub0b4 \ub178\ud2b8\ubd81/Forked_Models/Validation/Validation/_\ub77c\ubca8_General_val_C/district/[district]morning_1116C/[district]morning_1116C_490.json",
            "id": 3
        },
        {
            "time_step": 3,
            "original_data_path": "/content/drive/Othercomputers/\ub0b4 \ub178\ud2b8\ubd81/Forked_Models/Validation/Validation/_\ub77c\ubca8_General_val_C/district/[district]morning_1116C/[district]morning_1116C_495.json",
            "id": 3
        }
    ],
    "label": 2
}