{
    "data": [
        [
            0.7109375,
            0.3472222222222222,
            0.003645833333333348,
            -0.028703703703703676,
            0.025000000000000022,
            0.02870370370370373,
            -0.034375000000000044,
            0.01944444444444443
        ],
        [
            0.7109375,
            0.3472222222222222,
            0.003645833333333348,
            -0.028703703703703676,
            0.025000000000000022,
            0.02870370370370373,
            -0.034375000000000044,
            0.01944444444444443
        ],
        [
            0.7083333333333334,
            0.3509259259259259,
            0.005729166666666674,
            -0.02777777777777779,
            0.027604166666666652,
            0.025000000000000022,
            -0.031770833333333415,
            0.015740740740740722
        ]
    ],
    "original_data": [
        {
            "time_step": 1,
            "original_data_path": "/content/drive/Othercomputers/\ub0b4 \ub178\ud2b8\ubd81/Forked_Models/Validation/Validation/_\ub77c\ubca8_General_val_C/district/[district]morning_480C/[district]morning_480C_8.json",
            "id": 0
        },
        {
            "time_step": 2,
            "original_data_path": "/content/drive/Othercomputers/\ub0b4 \ub178\ud2b8\ubd81/Forked_Models/Validation/Validation/_\ub77c\ubca8_General_val_C/district/[district]morning_480C/[district]morning_480C_10.json",
            "id": 0
        },
        {
            "time_step": 3,
            "original_data_path": "/content/drive/Othercomputers/\ub0b4 \ub178\ud2b8\ubd81/Forked_Models/Validation/Validation/_\ub77c\ubca8_General_val_C/district/[district]morning_480C/[district]morning_480C_12.json",
            "id": 0
        }
    ],
    "label": 2
}