{
    "data": [
        [
            0.1421875,
            0.6444444444444445,
            -0.04010416666666666,
            -0.08796296296296302,
            -0.0359375,
            0.13055555555555554,
            0.024479166666666663,
            -0.06944444444444453
        ],
        [
            0.20416666666666666,
            0.6722222222222223,
            -0.041145833333333326,
            -0.09537037037037044,
            0.06302083333333336,
            0.04074074074074063,
            -0.02708333333333332,
            0.02962962962962956
        ],
        [
            0.284375,
            0.6138888888888889,
            0.005729166666666674,
            -0.09351851851851856,
            0.06666666666666665,
            0.062037037037037,
            -0.06145833333333331,
            0.03425925925925921
        ]
    ],
    "original_data": [
        {
            "time_step": 1,
            "original_data_path": "/content/drive/Othercomputers/\ub0b4 \ub178\ud2b8\ubd81/Forked_Models/Validation/Validation/_\ub77c\ubca8_General_val_C/district/[district]day_571C/[district]day_571C_156.json",
            "id": 4
        },
        {
            "time_step": 2,
            "original_data_path": "/content/drive/Othercomputers/\ub0b4 \ub178\ud2b8\ubd81/Forked_Models/Validation/Validation/_\ub77c\ubca8_General_val_C/district/[district]day_571C/[district]day_571C_158.json",
            "id": 4
        },
        {
            "time_step": 3,
            "original_data_path": "/content/drive/Othercomputers/\ub0b4 \ub178\ud2b8\ubd81/Forked_Models/Validation/Validation/_\ub77c\ubca8_General_val_C/district/[district]day_571C/[district]day_571C_160.json",
            "id": 4
        }
    ],
    "label": 2
}