{
    "data": [
        [
            0.8411458333333334,
            0.425,
            0.014583333333333282,
            -0.061111111111111116,
            -0.02083333333333337,
            -0.036111111111111094,
            0.026562499999999933,
            0.08240740740740743
        ],
        [
            0.8401041666666667,
            0.42407407407407405,
            0.009895833333333326,
            -0.06296296296296294,
            -0.01822916666666663,
            -0.03518518518518515,
            0.027604166666666652,
            0.08333333333333337
        ],
        [
            0.8375,
            0.425,
            0.002083333333333326,
            -0.06574074074074071,
            -0.017187500000000022,
            -0.036111111111111094,
            0.025000000000000022,
            0.08055555555555555
        ]
    ],
    "original_data": [
        {
            "time_step": 1,
            "original_data_path": "/content/drive/Othercomputers/\ub0b4 \ub178\ud2b8\ubd81/Forked_Models/Validation/Validation/_\ub77c\ubca8_General_val_C/district/[district]day_571C/[district]day_571C_144.json",
            "id": 2
        },
        {
            "time_step": 2,
            "original_data_path": "/content/drive/Othercomputers/\ub0b4 \ub178\ud2b8\ubd81/Forked_Models/Validation/Validation/_\ub77c\ubca8_General_val_C/district/[district]day_571C/[district]day_571C_146.json",
            "id": 2
        },
        {
            "time_step": 3,
            "original_data_path": "/content/drive/Othercomputers/\ub0b4 \ub178\ud2b8\ubd81/Forked_Models/Validation/Validation/_\ub77c\ubca8_General_val_C/district/[district]day_571C/[district]day_571C_148.json",
            "id": 2
        }
    ],
    "label": 2
}