{
    "data": [
        [
            0.025520833333333333,
            0.5916666666666667,
            -0.01875,
            -0.061111111111111116,
            -0.025520833333333333,
            0.056481481481481466,
            0.052083333333333336,
            -0.07685185185185184
        ],
        [
            0.05,
            0.6537037037037037,
            -0.028125000000000004,
            -0.0703703703703703,
            -0.034895833333333334,
            0.09166666666666667,
            0.02083333333333333,
            -0.09907407407407409
        ],
        [
            0.09270833333333334,
            0.6277777777777778,
            -0.04479166666666667,
            -0.08333333333333337,
            -0.034375,
            0.125,
            0.010937500000000003,
            -0.09444444444444444
        ]
    ],
    "original_data": [
        {
            "time_step": 1,
            "original_data_path": "/content/drive/Othercomputers/\ub0b4 \ub178\ud2b8\ubd81/Forked_Models/Validation/Validation/_\ub77c\ubca8_General_val_C/district/[district]day_571C/[district]day_571C_150.json",
            "id": 4
        },
        {
            "time_step": 2,
            "original_data_path": "/content/drive/Othercomputers/\ub0b4 \ub178\ud2b8\ubd81/Forked_Models/Validation/Validation/_\ub77c\ubca8_General_val_C/district/[district]day_571C/[district]day_571C_152.json",
            "id": 4
        },
        {
            "time_step": 3,
            "original_data_path": "/content/drive/Othercomputers/\ub0b4 \ub178\ud2b8\ubd81/Forked_Models/Validation/Validation/_\ub77c\ubca8_General_val_C/district/[district]day_571C/[district]day_571C_154.json",
            "id": 4
        }
    ],
    "label": 2
}