{
    "data": [
        [
            0.4234375,
            0.6944444444444444,
            -0.018229166666666685,
            -0.045370370370370394,
            -0.0234375,
            -0.03240740740740733,
            0.04947916666666663,
            0.1166666666666667
        ],
        [
            0.4234375,
            0.6944444444444444,
            -0.018229166666666685,
            -0.045370370370370394,
            -0.0234375,
            -0.03240740740740733,
            0.04947916666666663,
            0.1166666666666667
        ],
        [
            0.42083333333333334,
            0.6981481481481482,
            -0.018229166666666685,
            -0.04444444444444451,
            -0.020833333333333315,
            -0.036111111111111094,
            0.052083333333333315,
            0.11296296296296293
        ]
    ],
    "original_data": [
        {
            "time_step": 1,
            "original_data_path": "/content/drive/Othercomputers/\ub0b4 \ub178\ud2b8\ubd81/Forked_Models/Validation/Validation/_\ub77c\ubca8_General_val_C/district/3. \ud6c4\ubc29 \ubc29\ud5a5 \uc774\ubbf8\uc9c0/[district]morning_649C/[district]morning_649C_25.json",
            "id": 4
        },
        {
            "time_step": 2,
            "original_data_path": "/content/drive/Othercomputers/\ub0b4 \ub178\ud2b8\ubd81/Forked_Models/Validation/Validation/_\ub77c\ubca8_General_val_C/district/3. \ud6c4\ubc29 \ubc29\ud5a5 \uc774\ubbf8\uc9c0/[district]morning_649C/[district]morning_649C_30.json",
            "id": 4
        },
        {
            "time_step": 3,
            "original_data_path": "/content/drive/Othercomputers/\ub0b4 \ub178\ud2b8\ubd81/Forked_Models/Validation/Validation/_\ub77c\ubca8_General_val_C/district/3. \ud6c4\ubc29 \ubc29\ud5a5 \uc774\ubbf8\uc9c0/[district]morning_649C/[district]morning_649C_35.json",
            "id": 4
        }
    ],
    "label": 2
}