{
    "data": [
        [
            0.3416666666666667,
            0.26851851851851855,
            -0.006250000000000033,
            -0.022222222222222254,
            -0.020833333333333315,
            0.028703703703703676,
            0.03072916666666664,
            0.01759259259259255
        ],
        [
            0.3416666666666667,
            0.2657407407407407,
            -0.006250000000000033,
            -0.025925925925925908,
            -0.020833333333333315,
            0.0314814814814815,
            0.03072916666666664,
            0.020370370370370372
        ],
        [
            0.34270833333333334,
            0.26851851851851855,
            -0.009375000000000022,
            -0.022222222222222254,
            -0.021874999999999978,
            0.028703703703703676,
            0.029687499999999978,
            0.01759259259259255
        ]
    ],
    "original_data": [
        {
            "time_step": 1,
            "original_data_path": "/content/drive/Othercomputers/\ub0b4 \ub178\ud2b8\ubd81/Forked_Models/Validation/Validation/_\ub77c\ubca8_General_val_C/district/3. \ud6c4\ubc29 \ubc29\ud5a5 \uc774\ubbf8\uc9c0/[district]leave_1056C/[district]leave_1056C_415.json",
            "id": 1
        },
        {
            "time_step": 2,
            "original_data_path": "/content/drive/Othercomputers/\ub0b4 \ub178\ud2b8\ubd81/Forked_Models/Validation/Validation/_\ub77c\ubca8_General_val_C/district/3. \ud6c4\ubc29 \ubc29\ud5a5 \uc774\ubbf8\uc9c0/[district]leave_1056C/[district]leave_1056C_420.json",
            "id": 1
        },
        {
            "time_step": 3,
            "original_data_path": "/content/drive/Othercomputers/\ub0b4 \ub178\ud2b8\ubd81/Forked_Models/Validation/Validation/_\ub77c\ubca8_General_val_C/district/3. \ud6c4\ubc29 \ubc29\ud5a5 \uc774\ubbf8\uc9c0/[district]leave_1056C/[district]leave_1056C_425.json",
            "id": 1
        }
    ],
    "label": 2
}