{
    "data": [
        [
            0.41041666666666665,
            0.29814814814814816,
            -0.001041666666666663,
            -0.012037037037037068,
            -0.02291666666666664,
            -0.0009259259259259411,
            0.03177083333333336,
            0.0018518518518518268
        ],
        [
            0.41041666666666665,
            0.3,
            -0.0015624999999999667,
            -0.011111111111111127,
            -0.023958333333333304,
            0.0018518518518518823,
            0.03177083333333336,
            0.0
        ],
        [
            0.41041666666666665,
            0.30092592592592593,
            -0.002083333333333326,
            -0.011111111111111127,
            -0.0234375,
            0.0,
            0.03125,
            -0.0018518518518518823
        ]
    ],
    "original_data": [
        {
            "time_step": 1,
            "original_data_path": "/content/drive/Othercomputers/\ub0b4 \ub178\ud2b8\ubd81/Forked_Models/Validation/Validation/_\ub77c\ubca8_General_val_C/district/3. \ud6c4\ubc29 \ubc29\ud5a5 \uc774\ubbf8\uc9c0/[district]leave_642C/[district]leave_642C_20.json",
            "id": 1
        },
        {
            "time_step": 2,
            "original_data_path": "/content/drive/Othercomputers/\ub0b4 \ub178\ud2b8\ubd81/Forked_Models/Validation/Validation/_\ub77c\ubca8_General_val_C/district/3. \ud6c4\ubc29 \ubc29\ud5a5 \uc774\ubbf8\uc9c0/[district]leave_642C/[district]leave_642C_25.json",
            "id": 1
        },
        {
            "time_step": 3,
            "original_data_path": "/content/drive/Othercomputers/\ub0b4 \ub178\ud2b8\ubd81/Forked_Models/Validation/Validation/_\ub77c\ubca8_General_val_C/district/3. \ud6c4\ubc29 \ubc29\ud5a5 \uc774\ubbf8\uc9c0/[district]leave_642C/[district]leave_642C_30.json",
            "id": 1
        }
    ],
    "label": 2
}