{
    "data": [
        [
            0.64375,
            0.4842592592592593,
            -0.0010416666666667185,
            -0.04814814814814816,
            -0.021354166666666674,
            -0.006481481481481477,
            0.03645833333333326,
            0.004629629629629595
        ],
        [
            0.64375,
            0.4842592592592593,
            -0.0010416666666667185,
            -0.04814814814814816,
            -0.021354166666666674,
            -0.006481481481481477,
            0.03645833333333326,
            0.004629629629629595
        ],
        [
            0.6458333333333334,
            0.48055555555555557,
            0.002083333333333326,
            -0.03611111111111115,
            -0.0234375,
            -0.002777777777777768,
            0.03437499999999993,
            0.008333333333333304
        ]
    ],
    "original_data": [
        {
            "time_step": 1,
            "original_data_path": "/content/drive/Othercomputers/\ub0b4 \ub178\ud2b8\ubd81/Forked_Models/Validation/Validation/_\ub77c\ubca8_General_val_C/district/3. \ud6c4\ubc29 \ubc29\ud5a5 \uc774\ubbf8\uc9c0/[district]leave_438C/[district]leave_438C_585.json",
            "id": 2
        },
        {
            "time_step": 2,
            "original_data_path": "/content/drive/Othercomputers/\ub0b4 \ub178\ud2b8\ubd81/Forked_Models/Validation/Validation/_\ub77c\ubca8_General_val_C/district/3. \ud6c4\ubc29 \ubc29\ud5a5 \uc774\ubbf8\uc9c0/[district]leave_438C/[district]leave_438C_590.json",
            "id": 2
        },
        {
            "time_step": 3,
            "original_data_path": "/content/drive/Othercomputers/\ub0b4 \ub178\ud2b8\ubd81/Forked_Models/Validation/Validation/_\ub77c\ubca8_General_val_C/district/3. \ud6c4\ubc29 \ubc29\ud5a5 \uc774\ubbf8\uc9c0/[district]leave_438C/[district]leave_438C_595.json",
            "id": 2
        }
    ],
    "label": 2
}