{
    "data": [
        [
            0.196875,
            0.6675925925925926,
            -0.029687500000000006,
            -0.062962962962963,
            -0.010416666666666657,
            -0.008333333333333415,
            0.05104166666666668,
            0.033333333333333326
        ],
        [
            0.17864583333333334,
            0.6731481481481482,
            -0.0078125,
            -0.062962962962963,
            0.0078125,
            -0.01388888888888895,
            0.06354166666666666,
            0.025925925925925908
        ],
        [
            0.18229166666666666,
            0.6759259259259259,
            -0.015625,
            -0.061111111111111116,
            0.00416666666666668,
            -0.01666666666666672,
            0.05781250000000002,
            0.025000000000000022
        ]
    ],
    "original_data": [
        {
            "time_step": 1,
            "original_data_path": "/content/drive/Othercomputers/\ub0b4 \ub178\ud2b8\ubd81/Forked_Models/Validation/Validation/_\ub77c\ubca8_General_val_C/district/3. \ud6c4\ubc29 \ubc29\ud5a5 \uc774\ubbf8\uc9c0/[district]day_022C/[district]day_022C_84.json",
            "id": 1
        },
        {
            "time_step": 2,
            "original_data_path": "/content/drive/Othercomputers/\ub0b4 \ub178\ud2b8\ubd81/Forked_Models/Validation/Validation/_\ub77c\ubca8_General_val_C/district/3. \ud6c4\ubc29 \ubc29\ud5a5 \uc774\ubbf8\uc9c0/[district]day_022C/[district]day_022C_86.json",
            "id": 1
        },
        {
            "time_step": 3,
            "original_data_path": "/content/drive/Othercomputers/\ub0b4 \ub178\ud2b8\ubd81/Forked_Models/Validation/Validation/_\ub77c\ubca8_General_val_C/district/3. \ud6c4\ubc29 \ubc29\ud5a5 \uc774\ubbf8\uc9c0/[district]day_022C/[district]day_022C_88.json",
            "id": 1
        }
    ],
    "label": 2
}