{
    "data": [
        [
            0.3307291666666667,
            0.7944444444444444,
            -0.008854166666666663,
            -0.04537037037037028,
            0.06510416666666663,
            -0.02962962962962956,
            -0.03229166666666666,
            0.11388888888888893
        ],
        [
            0.325,
            0.8574074074074074,
            -0.012500000000000011,
            -0.04999999999999993,
            0.08541666666666664,
            0.0064814814814815325,
            -0.05208333333333337,
            0.13796296296296295
        ],
        [
            0.3229166666666667,
            0.9,
            -0.006250000000000033,
            -0.05185185185185193,
            0.09687499999999999,
            0.026851851851851793,
            -0.050000000000000044,
            0.09537037037037033
        ]
    ],
    "original_data": [
        {
            "time_step": 1,
            "original_data_path": "/content/drive/Othercomputers/\ub0b4 \ub178\ud2b8\ubd81/Forked_Models/Validation/Validation/_\ub77c\ubca8_General_val_C/district/3. \ud6c4\ubc29 \ubc29\ud5a5 \uc774\ubbf8\uc9c0/[district]day_708C/[district]day_708C_370.json",
            "id": 8
        },
        {
            "time_step": 2,
            "original_data_path": "/content/drive/Othercomputers/\ub0b4 \ub178\ud2b8\ubd81/Forked_Models/Validation/Validation/_\ub77c\ubca8_General_val_C/district/3. \ud6c4\ubc29 \ubc29\ud5a5 \uc774\ubbf8\uc9c0/[district]day_708C/[district]day_708C_375.json",
            "id": 8
        },
        {
            "time_step": 3,
            "original_data_path": "/content/drive/Othercomputers/\ub0b4 \ub178\ud2b8\ubd81/Forked_Models/Validation/Validation/_\ub77c\ubca8_General_val_C/district/3. \ud6c4\ubc29 \ubc29\ud5a5 \uc774\ubbf8\uc9c0/[district]day_708C/[district]day_708C_380.json",
            "id": 8
        }
    ],
    "label": 2
}