{
    "data": [
        [
            0.6463541666666667,
            0.4935185185185185,
            0.0031250000000000444,
            -0.015740740740740722,
            -0.03385416666666663,
            0.002777777777777768,
            0.029687499999999978,
            -0.002777777777777768
        ],
        [
            0.6463541666666667,
            0.4935185185185185,
            0.004166666666666652,
            -0.02407407407407408,
            -0.03385416666666663,
            0.002777777777777768,
            0.029687499999999978,
            -0.002777777777777768
        ],
        [
            0.6442708333333333,
            0.49074074074074076,
            0.004687499999999956,
            -0.029629629629629617,
            -0.031770833333333304,
            0.005555555555555536,
            0.031770833333333304,
            0.0
        ]
    ],
    "original_data": [
        {
            "time_step": 1,
            "original_data_path": "/content/drive/Othercomputers/\ub0b4 \ub178\ud2b8\ubd81/Forked_Models/Validation/Validation/_\ub77c\ubca8_General_val_C/district/3. \ud6c4\ubc29 \ubc29\ud5a5 \uc774\ubbf8\uc9c0/[district]day_712C/[district]day_712C_555.json",
            "id": 5
        },
        {
            "time_step": 2,
            "original_data_path": "/content/drive/Othercomputers/\ub0b4 \ub178\ud2b8\ubd81/Forked_Models/Validation/Validation/_\ub77c\ubca8_General_val_C/district/3. \ud6c4\ubc29 \ubc29\ud5a5 \uc774\ubbf8\uc9c0/[district]day_712C/[district]day_712C_560.json",
            "id": 5
        },
        {
            "time_step": 3,
            "original_data_path": "/content/drive/Othercomputers/\ub0b4 \ub178\ud2b8\ubd81/Forked_Models/Validation/Validation/_\ub77c\ubca8_General_val_C/district/3. \ud6c4\ubc29 \ubc29\ud5a5 \uc774\ubbf8\uc9c0/[district]day_712C/[district]day_712C_565.json",
            "id": 5
        }
    ],
    "label": 2
}