{
    "data": [
        [
            0.8541666666666666,
            0.5685185185185185,
            -0.009374999999999911,
            -0.04907407407407405,
            -0.04531249999999998,
            0.0037037037037036535,
            0.02864583333333337,
            0.030555555555555558
        ],
        [
            0.853125,
            0.5527777777777778,
            -0.008333333333333304,
            -0.033333333333333326,
            -0.042187500000000044,
            0.00925925925925919,
            0.029687499999999978,
            0.04629629629629628
        ],
        [
            0.853125,
            0.5444444444444444,
            -0.008854166666666718,
            -0.03888888888888886,
            -0.04166666666666674,
            0.01666666666666672,
            0.02239583333333328,
            0.03981481481481486
        ]
    ],
    "original_data": [
        {
            "time_step": 1,
            "original_data_path": "/content/drive/Othercomputers/\ub0b4 \ub178\ud2b8\ubd81/Forked_Models/Validation/Validation/_\ub77c\ubca8_General_val_C/district/3. \ud6c4\ubc29 \ubc29\ud5a5 \uc774\ubbf8\uc9c0/[district]day_950C/[district]day_950C_95.json",
            "id": 3
        },
        {
            "time_step": 2,
            "original_data_path": "/content/drive/Othercomputers/\ub0b4 \ub178\ud2b8\ubd81/Forked_Models/Validation/Validation/_\ub77c\ubca8_General_val_C/district/3. \ud6c4\ubc29 \ubc29\ud5a5 \uc774\ubbf8\uc9c0/[district]day_950C/[district]day_950C_100.json",
            "id": 3
        },
        {
            "time_step": 3,
            "original_data_path": "/content/drive/Othercomputers/\ub0b4 \ub178\ud2b8\ubd81/Forked_Models/Validation/Validation/_\ub77c\ubca8_General_val_C/district/3. \ud6c4\ubc29 \ubc29\ud5a5 \uc774\ubbf8\uc9c0/[district]day_950C/[district]day_950C_105.json",
            "id": 3
        }
    ],
    "label": 2
}