{
    "data": [
        [
            0.41510416666666666,
            0.19444444444444445,
            -0.0005208333333333037,
            -0.01944444444444446,
            -0.018229166666666685,
            0.007407407407407418,
            0.013541666666666674,
            0.0009259259259259134
        ],
        [
            0.41822916666666665,
            0.1925925925925926,
            -0.0036458333333332926,
            -0.017592592592592604,
            -0.01510416666666664,
            0.005555555555555564,
            0.021354166666666674,
            0.002777777777777768
        ],
        [
            0.4239583333333333,
            0.18518518518518517,
            -0.0005208333333333037,
            -0.02314814814814814,
            -0.020833333333333315,
            0.012962962962962982,
            0.027604166666666652,
            0.01203703703703704
        ]
    ],
    "original_data": [
        {
            "time_step": 1,
            "original_data_path": "/content/drive/Othercomputers/\ub0b4 \ub178\ud2b8\ubd81/Forked_Models/Validation/Validation/_\ub77c\ubca8_General_val_C/district/3. \ud6c4\ubc29 \ubc29\ud5a5 \uc774\ubbf8\uc9c0/[district]night_623C/[district]night_623C_160.json",
            "id": 6
        },
        {
            "time_step": 2,
            "original_data_path": "/content/drive/Othercomputers/\ub0b4 \ub178\ud2b8\ubd81/Forked_Models/Validation/Validation/_\ub77c\ubca8_General_val_C/district/3. \ud6c4\ubc29 \ubc29\ud5a5 \uc774\ubbf8\uc9c0/[district]night_623C/[district]night_623C_165.json",
            "id": 6
        },
        {
            "time_step": 3,
            "original_data_path": "/content/drive/Othercomputers/\ub0b4 \ub178\ud2b8\ubd81/Forked_Models/Validation/Validation/_\ub77c\ubca8_General_val_C/district/3. \ud6c4\ubc29 \ubc29\ud5a5 \uc774\ubbf8\uc9c0/[district]night_623C/[district]night_623C_170.json",
            "id": 6
        }
    ],
    "label": 2
}