{
    "data": [
        [
            0.4046875,
            0.4583333333333333,
            -0.010937499999999989,
            -0.07222222222222219,
            0.05833333333333335,
            0.055555555555555525,
            -0.023958333333333304,
            0.1305555555555556
        ],
        [
            0.40208333333333335,
            0.425,
            -0.015104166666666696,
            -0.05833333333333335,
            0.03385416666666663,
            0.020370370370370372,
            -0.0015625000000000222,
            0.12500000000000006
        ],
        [
            0.4041666666666667,
            0.38333333333333336,
            -0.00833333333333336,
            -0.05925925925925929,
            0.028645833333333315,
            0.01481481481481478,
            0.017187499999999967,
            0.1018518518518518
        ]
    ],
    "original_data": [
        {
            "time_step": 1,
            "original_data_path": "/content/drive/Othercomputers/\ub0b4 \ub178\ud2b8\ubd81/Forked_Models/Validation/Validation/_\ub77c\ubca8_General_val_C/district/3. \ud6c4\ubc29 \ubc29\ud5a5 \uc774\ubbf8\uc9c0/[district]leave_1078C/[district]leave_1078C_445.json",
            "id": 4
        },
        {
            "time_step": 2,
            "original_data_path": "/content/drive/Othercomputers/\ub0b4 \ub178\ud2b8\ubd81/Forked_Models/Validation/Validation/_\ub77c\ubca8_General_val_C/district/3. \ud6c4\ubc29 \ubc29\ud5a5 \uc774\ubbf8\uc9c0/[district]leave_1078C/[district]leave_1078C_450.json",
            "id": 4
        },
        {
            "time_step": 3,
            "original_data_path": "/content/drive/Othercomputers/\ub0b4 \ub178\ud2b8\ubd81/Forked_Models/Validation/Validation/_\ub77c\ubca8_General_val_C/district/3. \ud6c4\ubc29 \ubc29\ud5a5 \uc774\ubbf8\uc9c0/[district]leave_1078C/[district]leave_1078C_455.json",
            "id": 4
        }
    ],
    "label": 2
}