{
    "data": [
        [
            0.7864583333333334,
            0.2796296296296296,
            0.005729166666666674,
            -0.01944444444444443,
            -0.03229166666666672,
            0.018518518518518545,
            0.02499999999999991,
            0.02685185185185185
        ],
        [
            0.7854166666666667,
            0.27037037037037037,
            0.00520833333333337,
            -0.028703703703703703,
            -0.03125,
            0.021296296296296313,
            0.026562500000000044,
            0.0314814814814815
        ],
        [
            0.7859375,
            0.2712962962962963,
            0.0031250000000000444,
            -0.029629629629629645,
            -0.031770833333333304,
            0.020370370370370372,
            0.02604166666666674,
            0.030555555555555558
        ]
    ],
    "original_data": [
        {
            "time_step": 1,
            "original_data_path": "/content/drive/Othercomputers/\ub0b4 \ub178\ud2b8\ubd81/Forked_Models/Validation/Validation/_\ub77c\ubca8_General_val_C/district/3. \ud6c4\ubc29 \ubc29\ud5a5 \uc774\ubbf8\uc9c0/[district]morning_1119C/[district]morning_1119C_260.json",
            "id": 2
        },
        {
            "time_step": 2,
            "original_data_path": "/content/drive/Othercomputers/\ub0b4 \ub178\ud2b8\ubd81/Forked_Models/Validation/Validation/_\ub77c\ubca8_General_val_C/district/3. \ud6c4\ubc29 \ubc29\ud5a5 \uc774\ubbf8\uc9c0/[district]morning_1119C/[district]morning_1119C_265.json",
            "id": 2
        },
        {
            "time_step": 3,
            "original_data_path": "/content/drive/Othercomputers/\ub0b4 \ub178\ud2b8\ubd81/Forked_Models/Validation/Validation/_\ub77c\ubca8_General_val_C/district/3. \ud6c4\ubc29 \ubc29\ud5a5 \uc774\ubbf8\uc9c0/[district]morning_1119C/[district]morning_1119C_270.json",
            "id": 2
        }
    ],
    "label": 2
}