{
    "data": [
        [
            0.5989583333333334,
            0.8240740740740741,
            0.033333333333333326,
            -0.062037037037037,
            0.0010416666666666075,
            0.1527777777777778,
            -0.017708333333333326,
            -0.09351851851851856
        ],
        [
            0.6145833333333334,
            0.7981481481481482,
            0.025520833333333326,
            -0.04814814814814816,
            -0.01041666666666674,
            0.1694444444444444,
            -0.04010416666666672,
            -0.06666666666666665
        ],
        [
            0.6291666666666667,
            0.7564814814814815,
            0.02083333333333337,
            -0.05277777777777781,
            -0.004166666666666652,
            0.10833333333333328,
            -0.04583333333333328,
            -0.04814814814814816
        ]
    ],
    "original_data": [
        {
            "time_step": 1,
            "original_data_path": "/content/drive/Othercomputers/\ub0b4 \ub178\ud2b8\ubd81/Forked_Models/Validation/Validation/_\ub77c\ubca8_General_val_C/district/3. \ud6c4\ubc29 \ubc29\ud5a5 \uc774\ubbf8\uc9c0/[district]day_420C/[district]day_420C_380.json",
            "id": 6
        },
        {
            "time_step": 2,
            "original_data_path": "/content/drive/Othercomputers/\ub0b4 \ub178\ud2b8\ubd81/Forked_Models/Validation/Validation/_\ub77c\ubca8_General_val_C/district/3. \ud6c4\ubc29 \ubc29\ud5a5 \uc774\ubbf8\uc9c0/[district]day_420C/[district]day_420C_385.json",
            "id": 6
        },
        {
            "time_step": 3,
            "original_data_path": "/content/drive/Othercomputers/\ub0b4 \ub178\ud2b8\ubd81/Forked_Models/Validation/Validation/_\ub77c\ubca8_General_val_C/district/3. \ud6c4\ubc29 \ubc29\ud5a5 \uc774\ubbf8\uc9c0/[district]day_420C/[district]day_420C_390.json",
            "id": 6
        }
    ],
    "label": 2
}