{
    "data": [
        [
            0.634375,
            0.11574074074074074,
            -0.002083333333333326,
            -0.019444444444444445,
            -0.011458333333333348,
            0.022222222222222213,
            0.017187500000000022,
            0.014814814814814822
        ],
        [
            0.6348958333333333,
            0.11388888888888889,
            -0.0031250000000000444,
            -0.019444444444444445,
            -0.011979166666666652,
            0.023148148148148154,
            0.01666666666666672,
            0.016666666666666677
        ],
        [
            0.6322916666666667,
            0.1111111111111111,
            -0.002083333333333326,
            -0.01759259259259259,
            -0.009375000000000022,
            0.025925925925925936,
            0.019270833333333348,
            0.018518518518518517
        ]
    ],
    "original_data": [
        {
            "time_step": 1,
            "original_data_path": "/content/drive/Othercomputers/\ub0b4 \ub178\ud2b8\ubd81/Forked_Models/Validation/Validation/_\ub77c\ubca8_General_val_C/district/3. \ud6c4\ubc29 \ubc29\ud5a5 \uc774\ubbf8\uc9c0/[district]attend_024C/[district]attend_024C_138.json",
            "id": 0
        },
        {
            "time_step": 2,
            "original_data_path": "/content/drive/Othercomputers/\ub0b4 \ub178\ud2b8\ubd81/Forked_Models/Validation/Validation/_\ub77c\ubca8_General_val_C/district/3. \ud6c4\ubc29 \ubc29\ud5a5 \uc774\ubbf8\uc9c0/[district]attend_024C/[district]attend_024C_140.json",
            "id": 0
        },
        {
            "time_step": 3,
            "original_data_path": "/content/drive/Othercomputers/\ub0b4 \ub178\ud2b8\ubd81/Forked_Models/Validation/Validation/_\ub77c\ubca8_General_val_C/district/3. \ud6c4\ubc29 \ubc29\ud5a5 \uc774\ubbf8\uc9c0/[district]attend_024C/[district]attend_024C_142.json",
            "id": 0
        }
    ],
    "label": 2
}