{
    "data": [
        [
            0.3463541666666667,
            0.29074074074074074,
            -0.001041666666666663,
            -0.032407407407407385,
            -0.017708333333333326,
            0.0018518518518518268,
            0.0234375,
            0.011111111111111127
        ],
        [
            0.34427083333333336,
            0.29259259259259257,
            0.001041666666666663,
            -0.03425925925925921,
            -0.01666666666666672,
            0.00462962962962965,
            0.025520833333333326,
            0.0092592592592593
        ],
        [
            0.340625,
            0.2953703703703704,
            -0.004687500000000011,
            -0.037037037037037035,
            -0.02031250000000001,
            -0.0027777777777778234,
            0.025520833333333326,
            0.007407407407407363
        ]
    ],
    "original_data": [
        {
            "time_step": 1,
            "original_data_path": "/content/drive/Othercomputers/\ub0b4 \ub178\ud2b8\ubd81/Forked_Models/Validation/Validation/_\ub77c\ubca8_General_val_C/district/3. \ud6c4\ubc29 \ubc29\ud5a5 \uc774\ubbf8\uc9c0/[district]day_731C/[district]day_731C_180.json",
            "id": 2
        },
        {
            "time_step": 2,
            "original_data_path": "/content/drive/Othercomputers/\ub0b4 \ub178\ud2b8\ubd81/Forked_Models/Validation/Validation/_\ub77c\ubca8_General_val_C/district/3. \ud6c4\ubc29 \ubc29\ud5a5 \uc774\ubbf8\uc9c0/[district]day_731C/[district]day_731C_185.json",
            "id": 2
        },
        {
            "time_step": 3,
            "original_data_path": "/content/drive/Othercomputers/\ub0b4 \ub178\ud2b8\ubd81/Forked_Models/Validation/Validation/_\ub77c\ubca8_General_val_C/district/3. \ud6c4\ubc29 \ubc29\ud5a5 \uc774\ubbf8\uc9c0/[district]day_731C/[district]day_731C_190.json",
            "id": 2
        }
    ],
    "label": 2
}