{
    "data": [
        [
            0.646875,
            0.4740740740740741,
            0.0010416666666667185,
            -0.019444444444444486,
            -0.02604166666666663,
            0.011111111111111072,
            0.025000000000000022,
            0.016666666666666663
        ],
        [
            0.6447916666666667,
            0.4777777777777778,
            0.0,
            -0.025925925925925963,
            -0.023958333333333304,
            0.007407407407407363,
            0.027083333333333348,
            0.012962962962962954
        ],
        [
            0.646875,
            0.4740740740740741,
            0.0010416666666667185,
            -0.019444444444444486,
            -0.02604166666666663,
            0.011111111111111072,
            0.025000000000000022,
            0.016666666666666663
        ]
    ],
    "original_data": [
        {
            "time_step": 1,
            "original_data_path": "/content/drive/Othercomputers/\ub0b4 \ub178\ud2b8\ubd81/Forked_Models/Validation/Validation/_\ub77c\ubca8_General_val_C/district/3. \ud6c4\ubc29 \ubc29\ud5a5 \uc774\ubbf8\uc9c0/[district]leave_461C/[district]leave_461C_340.json",
            "id": 2
        },
        {
            "time_step": 2,
            "original_data_path": "/content/drive/Othercomputers/\ub0b4 \ub178\ud2b8\ubd81/Forked_Models/Validation/Validation/_\ub77c\ubca8_General_val_C/district/3. \ud6c4\ubc29 \ubc29\ud5a5 \uc774\ubbf8\uc9c0/[district]leave_461C/[district]leave_461C_345.json",
            "id": 2
        },
        {
            "time_step": 3,
            "original_data_path": "/content/drive/Othercomputers/\ub0b4 \ub178\ud2b8\ubd81/Forked_Models/Validation/Validation/_\ub77c\ubca8_General_val_C/district/3. \ud6c4\ubc29 \ubc29\ud5a5 \uc774\ubbf8\uc9c0/[district]leave_461C/[district]leave_461C_350.json",
            "id": 2
        }
    ],
    "label": 2
}