{
    "data": [
        [
            0.34739583333333335,
            0.24444444444444444,
            -0.005729166666666674,
            -0.025925925925925908,
            -0.021875000000000033,
            0.030555555555555586,
            0.03072916666666664,
            0.0203703703703704
        ],
        [
            0.34739583333333335,
            0.25,
            -0.005729166666666674,
            -0.024999999999999994,
            -0.021875000000000033,
            0.030555555555555558,
            0.03072916666666664,
            0.020370370370370372
        ],
        [
            0.340625,
            0.2537037037037037,
            -0.00833333333333336,
            -0.02777777777777779,
            -0.019791666666666652,
            0.020370370370370372,
            0.03593750000000001,
            0.016666666666666663
        ]
    ],
    "original_data": [
        {
            "time_step": 1,
            "original_data_path": "/content/drive/Othercomputers/\ub0b4 \ub178\ud2b8\ubd81/Forked_Models/Validation/Validation/_\ub77c\ubca8_General_val_C/district/3. \ud6c4\ubc29 \ubc29\ud5a5 \uc774\ubbf8\uc9c0/[district]night_632C/[district]night_632C_415.json",
            "id": 4
        },
        {
            "time_step": 2,
            "original_data_path": "/content/drive/Othercomputers/\ub0b4 \ub178\ud2b8\ubd81/Forked_Models/Validation/Validation/_\ub77c\ubca8_General_val_C/district/3. \ud6c4\ubc29 \ubc29\ud5a5 \uc774\ubbf8\uc9c0/[district]night_632C/[district]night_632C_420.json",
            "id": 4
        },
        {
            "time_step": 3,
            "original_data_path": "/content/drive/Othercomputers/\ub0b4 \ub178\ud2b8\ubd81/Forked_Models/Validation/Validation/_\ub77c\ubca8_General_val_C/district/3. \ud6c4\ubc29 \ubc29\ud5a5 \uc774\ubbf8\uc9c0/[district]night_632C/[district]night_632C_425.json",
            "id": 4
        }
    ],
    "label": 2
}