{
    "data": [
        [
            0.196875,
            0.649074074074074,
            -0.015625,
            -0.042592592592592515,
            0.0,
            0.03425925925925932,
            0.06718749999999998,
            0.037962962962962976
        ],
        [
            0.20208333333333334,
            0.649074074074074,
            -0.017708333333333326,
            -0.03888888888888886,
            -0.009374999999999994,
            0.029629629629629672,
            0.06354166666666666,
            0.0537037037037037
        ],
        [
            0.20208333333333334,
            0.6453703703703704,
            -0.017708333333333326,
            -0.03888888888888886,
            -0.006770833333333337,
            0.037962962962962976,
            0.06354166666666666,
            0.05555555555555558
        ]
    ],
    "original_data": [
        {
            "time_step": 1,
            "original_data_path": "/content/drive/Othercomputers/\ub0b4 \ub178\ud2b8\ubd81/Forked_Models/Validation/Validation/_\ub77c\ubca8_General_val_C/district/3. \ud6c4\ubc29 \ubc29\ud5a5 \uc774\ubbf8\uc9c0/[district]leave_046C/[district]leave_046C_218.json",
            "id": 6
        },
        {
            "time_step": 2,
            "original_data_path": "/content/drive/Othercomputers/\ub0b4 \ub178\ud2b8\ubd81/Forked_Models/Validation/Validation/_\ub77c\ubca8_General_val_C/district/3. \ud6c4\ubc29 \ubc29\ud5a5 \uc774\ubbf8\uc9c0/[district]leave_046C/[district]leave_046C_220.json",
            "id": 6
        },
        {
            "time_step": 3,
            "original_data_path": "/content/drive/Othercomputers/\ub0b4 \ub178\ud2b8\ubd81/Forked_Models/Validation/Validation/_\ub77c\ubca8_General_val_C/district/3. \ud6c4\ubc29 \ubc29\ud5a5 \uc774\ubbf8\uc9c0/[district]leave_046C/[district]leave_046C_222.json",
            "id": 6
        }
    ],
    "label": 2
}