{
    "data": [
        [
            0.6463541666666667,
            0.4666666666666667,
            0.0,
            -0.03888888888888892,
            -0.030208333333333393,
            0.003703703703703709,
            0.034375000000000044,
            0.032407407407407385
        ],
        [
            0.6463541666666667,
            0.4666666666666667,
            0.0015625000000000222,
            -0.0398148148148148,
            -0.030208333333333393,
            0.003703703703703709,
            0.034375000000000044,
            0.032407407407407385
        ],
        [
            0.6552083333333333,
            0.47129629629629627,
            0.0031250000000000444,
            -0.037037037037037035,
            -0.030729166666666585,
            0.007407407407407418,
            0.031770833333333415,
            0.050925925925925986
        ]
    ],
    "original_data": [
        {
            "time_step": 1,
            "original_data_path": "/content/drive/Othercomputers/\ub0b4 \ub178\ud2b8\ubd81/Forked_Models/Validation/Validation/_\ub77c\ubca8_General_val_C/district/3. \ud6c4\ubc29 \ubc29\ud5a5 \uc774\ubbf8\uc9c0/[district]day_712C/[district]day_712C_55.json",
            "id": 5
        },
        {
            "time_step": 2,
            "original_data_path": "/content/drive/Othercomputers/\ub0b4 \ub178\ud2b8\ubd81/Forked_Models/Validation/Validation/_\ub77c\ubca8_General_val_C/district/3. \ud6c4\ubc29 \ubc29\ud5a5 \uc774\ubbf8\uc9c0/[district]day_712C/[district]day_712C_60.json",
            "id": 5
        },
        {
            "time_step": 3,
            "original_data_path": "/content/drive/Othercomputers/\ub0b4 \ub178\ud2b8\ubd81/Forked_Models/Validation/Validation/_\ub77c\ubca8_General_val_C/district/3. \ud6c4\ubc29 \ubc29\ud5a5 \uc774\ubbf8\uc9c0/[district]day_712C/[district]day_712C_65.json",
            "id": 5
        }
    ],
    "label": 2
}