{
    "data": [
        [
            0.42604166666666665,
            0.1259259259259259,
            -0.0036458333333332926,
            -0.013888888888888881,
            -0.006249999999999978,
            0.00833333333333336,
            0.010937499999999989,
            0.006481481481481505
        ],
        [
            0.41510416666666666,
            0.13055555555555556,
            -0.003645833333333348,
            -0.013888888888888895,
            -0.005729166666666674,
            0.012962962962962954,
            0.013020833333333315,
            0.005555555555555536
        ],
        [
            0.3984375,
            0.14537037037037037,
            -0.003124999999999989,
            -0.016666666666666663,
            -0.005729166666666674,
            0.010185185185185186,
            0.013541666666666674,
            -0.005555555555555564
        ]
    ],
    "original_data": [
        {
            "time_step": 1,
            "original_data_path": "/content/drive/Othercomputers/\ub0b4 \ub178\ud2b8\ubd81/Forked_Models/Validation/Validation/_\ub77c\ubca8_General_val_C/district/3. \ud6c4\ubc29 \ubc29\ud5a5 \uc774\ubbf8\uc9c0/[district]attend_037C/[district]attend_037C_166.json",
            "id": 5
        },
        {
            "time_step": 2,
            "original_data_path": "/content/drive/Othercomputers/\ub0b4 \ub178\ud2b8\ubd81/Forked_Models/Validation/Validation/_\ub77c\ubca8_General_val_C/district/3. \ud6c4\ubc29 \ubc29\ud5a5 \uc774\ubbf8\uc9c0/[district]attend_037C/[district]attend_037C_168.json",
            "id": 5
        },
        {
            "time_step": 3,
            "original_data_path": "/content/drive/Othercomputers/\ub0b4 \ub178\ud2b8\ubd81/Forked_Models/Validation/Validation/_\ub77c\ubca8_General_val_C/district/3. \ud6c4\ubc29 \ubc29\ud5a5 \uc774\ubbf8\uc9c0/[district]attend_037C/[district]attend_037C_170.json",
            "id": 5
        }
    ],
    "label": 2
}