{
    "data": [
        [
            0.2630208333333333,
            0.8611111111111112,
            -0.039583333333333304,
            -0.02592592592592602,
            0.015104166666666696,
            -0.05833333333333335,
            0.002083333333333326,
            0.1324074074074073
        ],
        [
            0.26614583333333336,
            0.8425925925925926,
            -0.03541666666666668,
            -0.040740740740740744,
            0.012499999999999956,
            -0.06296296296296289,
            -0.006770833333333337,
            0.11851851851851858
        ],
        [
            0.26458333333333334,
            0.8490740740740741,
            -0.03541666666666668,
            -0.03888888888888886,
            0.02031250000000001,
            -0.05740740740740746,
            -0.008854166666666663,
            0.11851851851851847
        ]
    ],
    "original_data": [
        {
            "time_step": 1,
            "original_data_path": "/content/drive/Othercomputers/\ub0b4 \ub178\ud2b8\ubd81/Forked_Models/Validation/Validation/_\ub77c\ubca8_General_val_C/district/3. \ud6c4\ubc29 \ubc29\ud5a5 \uc774\ubbf8\uc9c0/[district]leave_642C/[district]leave_642C_330.json",
            "id": 8
        },
        {
            "time_step": 2,
            "original_data_path": "/content/drive/Othercomputers/\ub0b4 \ub178\ud2b8\ubd81/Forked_Models/Validation/Validation/_\ub77c\ubca8_General_val_C/district/3. \ud6c4\ubc29 \ubc29\ud5a5 \uc774\ubbf8\uc9c0/[district]leave_642C/[district]leave_642C_335.json",
            "id": 8
        },
        {
            "time_step": 3,
            "original_data_path": "/content/drive/Othercomputers/\ub0b4 \ub178\ud2b8\ubd81/Forked_Models/Validation/Validation/_\ub77c\ubca8_General_val_C/district/3. \ud6c4\ubc29 \ubc29\ud5a5 \uc774\ubbf8\uc9c0/[district]leave_642C/[district]leave_642C_340.json",
            "id": 8
        }
    ],
    "label": 2
}