{
    "data": [
        [
            0.590625,
            0.2712962962962963,
            -0.007291666666666585,
            -0.018518518518518545,
            -0.01822916666666663,
            0.013888888888888895,
            0.022916666666666696,
            0.016666666666666663
        ],
        [
            0.5916666666666667,
            0.2712962962962963,
            -0.0067708333333333925,
            -0.018518518518518545,
            -0.016145833333333304,
            0.007407407407407418,
            0.020312499999999956,
            0.013888888888888895
        ],
        [
            0.5916666666666667,
            0.2712962962962963,
            -0.0067708333333333925,
            -0.018518518518518545,
            -0.016145833333333304,
            0.009259259259259245,
            0.020312499999999956,
            0.015740740740740722
        ]
    ],
    "original_data": [
        {
            "time_step": 1,
            "original_data_path": "/content/drive/Othercomputers/\ub0b4 \ub178\ud2b8\ubd81/Forked_Models/Validation/Validation/_\ub77c\ubca8_General_val_C/district/3. \ud6c4\ubc29 \ubc29\ud5a5 \uc774\ubbf8\uc9c0/[district]attend_1124C/[district]attend_1124C_445.json",
            "id": 2
        },
        {
            "time_step": 2,
            "original_data_path": "/content/drive/Othercomputers/\ub0b4 \ub178\ud2b8\ubd81/Forked_Models/Validation/Validation/_\ub77c\ubca8_General_val_C/district/3. \ud6c4\ubc29 \ubc29\ud5a5 \uc774\ubbf8\uc9c0/[district]attend_1124C/[district]attend_1124C_450.json",
            "id": 2
        },
        {
            "time_step": 3,
            "original_data_path": "/content/drive/Othercomputers/\ub0b4 \ub178\ud2b8\ubd81/Forked_Models/Validation/Validation/_\ub77c\ubca8_General_val_C/district/3. \ud6c4\ubc29 \ubc29\ud5a5 \uc774\ubbf8\uc9c0/[district]attend_1124C/[district]attend_1124C_455.json",
            "id": 2
        }
    ],
    "label": 2
}