{
    "data": [
        [
            0.3963541666666667,
            0.37407407407407406,
            -0.018229166666666685,
            -0.056481481481481466,
            0.009895833333333326,
            0.03888888888888892,
            0.019791666666666652,
            0.11296296296296299
        ],
        [
            0.3963541666666667,
            0.37407407407407406,
            -0.012500000000000011,
            -0.055555555555555525,
            0.009895833333333326,
            0.03888888888888892,
            0.026041666666666685,
            0.11574074074074076
        ],
        [
            0.4010416666666667,
            0.3731481481481482,
            -0.010937500000000044,
            -0.05555555555555558,
            0.011979166666666652,
            0.04629629629629628,
            0.027604166666666652,
            0.11388888888888887
        ]
    ],
    "original_data": [
        {
            "time_step": 1,
            "original_data_path": "/content/drive/Othercomputers/\ub0b4 \ub178\ud2b8\ubd81/Forked_Models/Validation/Validation/_\ub77c\ubca8_General_val_C/district/3. \ud6c4\ubc29 \ubc29\ud5a5 \uc774\ubbf8\uc9c0/[district]leave_1078C/[district]leave_1078C_475.json",
            "id": 4
        },
        {
            "time_step": 2,
            "original_data_path": "/content/drive/Othercomputers/\ub0b4 \ub178\ud2b8\ubd81/Forked_Models/Validation/Validation/_\ub77c\ubca8_General_val_C/district/3. \ud6c4\ubc29 \ubc29\ud5a5 \uc774\ubbf8\uc9c0/[district]leave_1078C/[district]leave_1078C_480.json",
            "id": 4
        },
        {
            "time_step": 3,
            "original_data_path": "/content/drive/Othercomputers/\ub0b4 \ub178\ud2b8\ubd81/Forked_Models/Validation/Validation/_\ub77c\ubca8_General_val_C/district/3. \ud6c4\ubc29 \ubc29\ud5a5 \uc774\ubbf8\uc9c0/[district]leave_1078C/[district]leave_1078C_485.json",
            "id": 4
        }
    ],
    "label": 2
}