{
    "data": [
        [
            0.5208333333333334,
            0.36666666666666664,
            -0.003645833333333348,
            -0.0398148148148148,
            -0.031250000000000056,
            0.05277777777777781,
            0.016145833333333304,
            -0.01759259259259255
        ],
        [
            0.5192708333333333,
            0.36666666666666664,
            0.0,
            -0.0398148148148148,
            -0.021354166666666674,
            0.041666666666666685,
            0.014062499999999978,
            -0.015740740740740722
        ],
        [
            0.5265625,
            0.3685185185185185,
            0.0026041666666666297,
            -0.036111111111111094,
            -0.021354166666666674,
            0.040740740740740744,
            0.011458333333333237,
            -0.017592592592592604
        ]
    ],
    "original_data": [
        {
            "time_step": 1,
            "original_data_path": "/content/drive/Othercomputers/\ub0b4 \ub178\ud2b8\ubd81/Forked_Models/Validation/Validation/_\ub77c\ubca8_General_val_C/district/3. \ud6c4\ubc29 \ubc29\ud5a5 \uc774\ubbf8\uc9c0/[district]day_420C/[district]day_420C_70.json",
            "id": 3
        },
        {
            "time_step": 2,
            "original_data_path": "/content/drive/Othercomputers/\ub0b4 \ub178\ud2b8\ubd81/Forked_Models/Validation/Validation/_\ub77c\ubca8_General_val_C/district/3. \ud6c4\ubc29 \ubc29\ud5a5 \uc774\ubbf8\uc9c0/[district]day_420C/[district]day_420C_75.json",
            "id": 3
        },
        {
            "time_step": 3,
            "original_data_path": "/content/drive/Othercomputers/\ub0b4 \ub178\ud2b8\ubd81/Forked_Models/Validation/Validation/_\ub77c\ubca8_General_val_C/district/3. \ud6c4\ubc29 \ubc29\ud5a5 \uc774\ubbf8\uc9c0/[district]day_420C/[district]day_420C_80.json",
            "id": 3
        }
    ],
    "label": 2
}