{
    "data": [
        [
            0.4192708333333333,
            0.7833333333333333,
            0.001041666666666663,
            -0.09444444444444444,
            0.0895833333333334,
            0.06481481481481477,
            -0.08124999999999999,
            0.01666666666666672
        ],
        [
            0.4270833333333333,
            0.6018518518518519,
            -0.0005208333333333037,
            -0.08611111111111114,
            0.07760416666666664,
            0.07777777777777772,
            -0.05781249999999999,
            0.03425925925925921
        ],
        [
            0.4354166666666667,
            0.4666666666666667,
            0.003645833333333348,
            -0.06944444444444448,
            0.06093749999999998,
            0.09629629629629632,
            -0.04999999999999999,
            0.042592592592592626
        ]
    ],
    "original_data": [
        {
            "time_step": 1,
            "original_data_path": "/content/drive/Othercomputers/\ub0b4 \ub178\ud2b8\ubd81/Forked_Models/Validation/Validation/_\ub77c\ubca8_General_val_C/district/3. \ud6c4\ubc29 \ubc29\ud5a5 \uc774\ubbf8\uc9c0/[district]night_632C/[district]night_632C_340.json",
            "id": 4
        },
        {
            "time_step": 2,
            "original_data_path": "/content/drive/Othercomputers/\ub0b4 \ub178\ud2b8\ubd81/Forked_Models/Validation/Validation/_\ub77c\ubca8_General_val_C/district/3. \ud6c4\ubc29 \ubc29\ud5a5 \uc774\ubbf8\uc9c0/[district]night_632C/[district]night_632C_345.json",
            "id": 4
        },
        {
            "time_step": 3,
            "original_data_path": "/content/drive/Othercomputers/\ub0b4 \ub178\ud2b8\ubd81/Forked_Models/Validation/Validation/_\ub77c\ubca8_General_val_C/district/3. \ud6c4\ubc29 \ubc29\ud5a5 \uc774\ubbf8\uc9c0/[district]night_632C/[district]night_632C_350.json",
            "id": 4
        }
    ],
    "label": 2
}