{
    "data": [
        [
            0.3375,
            0.24814814814814815,
            -0.009375000000000022,
            -0.018518518518518517,
            -0.017187500000000022,
            0.04166666666666666,
            0.02604166666666663,
            0.013888888888888867
        ],
        [
            0.3375,
            0.24814814814814815,
            -0.009375000000000022,
            -0.018518518518518517,
            -0.017187500000000022,
            0.04166666666666666,
            0.02604166666666663,
            0.013888888888888867
        ],
        [
            0.3375,
            0.24814814814814815,
            -0.009375000000000022,
            -0.018518518518518517,
            -0.017187500000000022,
            0.04166666666666666,
            0.02604166666666663,
            0.013888888888888867
        ]
    ],
    "original_data": [
        {
            "time_step": 1,
            "original_data_path": "/content/drive/Othercomputers/\ub0b4 \ub178\ud2b8\ubd81/Forked_Models/Validation/Validation/_\ub77c\ubca8_General_val_C/district/3. \ud6c4\ubc29 \ubc29\ud5a5 \uc774\ubbf8\uc9c0/[district]night_615C/[district]night_615C_310.json",
            "id": 0
        },
        {
            "time_step": 2,
            "original_data_path": "/content/drive/Othercomputers/\ub0b4 \ub178\ud2b8\ubd81/Forked_Models/Validation/Validation/_\ub77c\ubca8_General_val_C/district/3. \ud6c4\ubc29 \ubc29\ud5a5 \uc774\ubbf8\uc9c0/[district]night_615C/[district]night_615C_315.json",
            "id": 0
        },
        {
            "time_step": 3,
            "original_data_path": "/content/drive/Othercomputers/\ub0b4 \ub178\ud2b8\ubd81/Forked_Models/Validation/Validation/_\ub77c\ubca8_General_val_C/district/3. \ud6c4\ubc29 \ubc29\ud5a5 \uc774\ubbf8\uc9c0/[district]night_615C/[district]night_615C_320.json",
            "id": 0
        }
    ],
    "label": 2
}