{
    "data": [
        [
            0.6666666666666666,
            0.6518518518518519,
            0.002083333333333326,
            -0.03333333333333344,
            -0.04166666666666663,
            0.03888888888888886,
            0.0390625,
            0.04629629629629628
        ],
        [
            0.6614583333333334,
            0.6796296296296296,
            0.0031249999999999334,
            -0.033333333333333326,
            -0.034375000000000044,
            0.019444444444444486,
            0.04010416666666661,
            0.012037037037037068
        ],
        [
            0.6744791666666666,
            0.6981481481481482,
            0.0015625000000000222,
            -0.030555555555555558,
            -0.04010416666666661,
            0.011111111111111072,
            0.031770833333333415,
            0.0018518518518517713
        ]
    ],
    "original_data": [
        {
            "time_step": 1,
            "original_data_path": "/content/drive/Othercomputers/\ub0b4 \ub178\ud2b8\ubd81/Forked_Models/Validation/Validation/_\ub77c\ubca8_General_val_C/district/3. \ud6c4\ubc29 \ubc29\ud5a5 \uc774\ubbf8\uc9c0/[district]night_632C/[district]night_632C_390.json",
            "id": 2
        },
        {
            "time_step": 2,
            "original_data_path": "/content/drive/Othercomputers/\ub0b4 \ub178\ud2b8\ubd81/Forked_Models/Validation/Validation/_\ub77c\ubca8_General_val_C/district/3. \ud6c4\ubc29 \ubc29\ud5a5 \uc774\ubbf8\uc9c0/[district]night_632C/[district]night_632C_395.json",
            "id": 2
        },
        {
            "time_step": 3,
            "original_data_path": "/content/drive/Othercomputers/\ub0b4 \ub178\ud2b8\ubd81/Forked_Models/Validation/Validation/_\ub77c\ubca8_General_val_C/district/3. \ud6c4\ubc29 \ubc29\ud5a5 \uc774\ubbf8\uc9c0/[district]night_632C/[district]night_632C_400.json",
            "id": 2
        }
    ],
    "label": 2
}