{
    "data": [
        [
            0.8286458333333333,
            0.2351851851851852,
            0.0031250000000000444,
            -0.04722222222222222,
            -0.031770833333333304,
            0.0111111111111111,
            0.038541666666666696,
            0.04629629629629631
        ],
        [
            0.8286458333333333,
            0.23796296296296296,
            0.0031250000000000444,
            -0.04629629629629628,
            -0.031770833333333304,
            0.011111111111111127,
            0.0390625,
            0.045370370370370366
        ],
        [
            0.8302083333333333,
            0.23055555555555557,
            0.0015625000000000222,
            -0.05000000000000002,
            -0.033333333333333326,
            0.009259259259259245,
            0.03749999999999998,
            0.04351851851851851
        ]
    ],
    "original_data": [
        {
            "time_step": 1,
            "original_data_path": "/content/drive/Othercomputers/\ub0b4 \ub178\ud2b8\ubd81/Forked_Models/Validation/Validation/_\ub77c\ubca8_General_val_C/district/3. \ud6c4\ubc29 \ubc29\ud5a5 \uc774\ubbf8\uc9c0/[district]leave_046C/[district]leave_046C_26.json",
            "id": 3
        },
        {
            "time_step": 2,
            "original_data_path": "/content/drive/Othercomputers/\ub0b4 \ub178\ud2b8\ubd81/Forked_Models/Validation/Validation/_\ub77c\ubca8_General_val_C/district/3. \ud6c4\ubc29 \ubc29\ud5a5 \uc774\ubbf8\uc9c0/[district]leave_046C/[district]leave_046C_28.json",
            "id": 3
        },
        {
            "time_step": 3,
            "original_data_path": "/content/drive/Othercomputers/\ub0b4 \ub178\ud2b8\ubd81/Forked_Models/Validation/Validation/_\ub77c\ubca8_General_val_C/district/3. \ud6c4\ubc29 \ubc29\ud5a5 \uc774\ubbf8\uc9c0/[district]leave_046C/[district]leave_046C_30.json",
            "id": 3
        }
    ],
    "label": 2
}