{
    "data": [
        [
            0.6880208333333333,
            0.7166666666666667,
            0.008333333333333415,
            -0.02777777777777779,
            -0.05781249999999993,
            0.0018518518518518823,
            0.027604166666666652,
            0.062037037037037
        ],
        [
            0.6947916666666667,
            0.7240740740740741,
            0.01041666666666663,
            -0.031481481481481555,
            -0.05833333333333335,
            -0.011111111111111183,
            0.027604166666666652,
            0.05555555555555558
        ],
        [
            0.7005208333333334,
            0.7157407407407408,
            0.009374999999999911,
            -0.03240740740740744,
            -0.055208333333333415,
            -0.025000000000000022,
            0.02864583333333326,
            0.03981481481481475
        ]
    ],
    "original_data": [
        {
            "time_step": 1,
            "original_data_path": "/content/drive/Othercomputers/\ub0b4 \ub178\ud2b8\ubd81/Forked_Models/Validation/Validation/_\ub77c\ubca8_General_val_C/district/3. \ud6c4\ubc29 \ubc29\ud5a5 \uc774\ubbf8\uc9c0/[district]night_632C/[district]night_632C_490.json",
            "id": 2
        },
        {
            "time_step": 2,
            "original_data_path": "/content/drive/Othercomputers/\ub0b4 \ub178\ud2b8\ubd81/Forked_Models/Validation/Validation/_\ub77c\ubca8_General_val_C/district/3. \ud6c4\ubc29 \ubc29\ud5a5 \uc774\ubbf8\uc9c0/[district]night_632C/[district]night_632C_495.json",
            "id": 2
        },
        {
            "time_step": 3,
            "original_data_path": "/content/drive/Othercomputers/\ub0b4 \ub178\ud2b8\ubd81/Forked_Models/Validation/Validation/_\ub77c\ubca8_General_val_C/district/3. \ud6c4\ubc29 \ubc29\ud5a5 \uc774\ubbf8\uc9c0/[district]night_632C/[district]night_632C_500.json",
            "id": 2
        }
    ],
    "label": 2
}