{
    "data": [
        [
            0.515625,
            0.3611111111111111,
            0.0031250000000000444,
            -0.030555555555555558,
            -0.033333333333333326,
            0.05462962962962964,
            0.015625,
            -0.014814814814814836
        ],
        [
            0.515625,
            0.36944444444444446,
            0.002083333333333326,
            -0.030555555555555558,
            -0.03125,
            0.059259259259259234,
            0.02083333333333337,
            -0.02407407407407408
        ],
        [
            0.5213541666666667,
            0.36944444444444446,
            -0.002083333333333326,
            -0.029629629629629672,
            -0.033333333333333326,
            0.06666666666666665,
            0.015104166666666696,
            -0.02407407407407408
        ]
    ],
    "original_data": [
        {
            "time_step": 1,
            "original_data_path": "/content/drive/Othercomputers/\ub0b4 \ub178\ud2b8\ubd81/Forked_Models/Validation/Validation/_\ub77c\ubca8_General_val_C/district/3. \ud6c4\ubc29 \ubc29\ud5a5 \uc774\ubbf8\uc9c0/[district]day_420C/[district]day_420C_45.json",
            "id": 3
        },
        {
            "time_step": 2,
            "original_data_path": "/content/drive/Othercomputers/\ub0b4 \ub178\ud2b8\ubd81/Forked_Models/Validation/Validation/_\ub77c\ubca8_General_val_C/district/3. \ud6c4\ubc29 \ubc29\ud5a5 \uc774\ubbf8\uc9c0/[district]day_420C/[district]day_420C_50.json",
            "id": 3
        },
        {
            "time_step": 3,
            "original_data_path": "/content/drive/Othercomputers/\ub0b4 \ub178\ud2b8\ubd81/Forked_Models/Validation/Validation/_\ub77c\ubca8_General_val_C/district/3. \ud6c4\ubc29 \ubc29\ud5a5 \uc774\ubbf8\uc9c0/[district]day_420C/[district]day_420C_55.json",
            "id": 3
        }
    ],
    "label": 2
}