{
    "data": [
        [
            0.6479166666666667,
            0.4861111111111111,
            -0.0026041666666667407,
            -0.040740740740740744,
            -0.03593750000000007,
            0.0018518518518518823,
            0.02864583333333326,
            -0.0018518518518518268
        ],
        [
            0.6447916666666667,
            0.4861111111111111,
            -0.0026041666666666297,
            -0.04537037037037034,
            -0.035937499999999956,
            0.0018518518518518823,
            0.027604166666666652,
            -0.00462962962962965
        ],
        [
            0.6447916666666667,
            0.4861111111111111,
            -0.004166666666666652,
            -0.04537037037037034,
            -0.035937499999999956,
            0.0018518518518518823,
            0.027604166666666652,
            -0.00462962962962965
        ]
    ],
    "original_data": [
        {
            "time_step": 1,
            "original_data_path": "/content/drive/Othercomputers/\ub0b4 \ub178\ud2b8\ubd81/Forked_Models/Validation/Validation/_\ub77c\ubca8_General_val_C/district/3. \ud6c4\ubc29 \ubc29\ud5a5 \uc774\ubbf8\uc9c0/[district]night_617C/[district]night_617C_220.json",
            "id": 2
        },
        {
            "time_step": 2,
            "original_data_path": "/content/drive/Othercomputers/\ub0b4 \ub178\ud2b8\ubd81/Forked_Models/Validation/Validation/_\ub77c\ubca8_General_val_C/district/3. \ud6c4\ubc29 \ubc29\ud5a5 \uc774\ubbf8\uc9c0/[district]night_617C/[district]night_617C_225.json",
            "id": 2
        },
        {
            "time_step": 3,
            "original_data_path": "/content/drive/Othercomputers/\ub0b4 \ub178\ud2b8\ubd81/Forked_Models/Validation/Validation/_\ub77c\ubca8_General_val_C/district/3. \ud6c4\ubc29 \ubc29\ud5a5 \uc774\ubbf8\uc9c0/[district]night_617C/[district]night_617C_230.json",
            "id": 2
        }
    ],
    "label": 2
}