{
    "data": [
        [
            0.6338541666666667,
            0.2972222222222222,
            -0.002083333333333437,
            -0.03425925925925927,
            -0.027604166666666763,
            0.0018518518518518268,
            0.020312499999999956,
            0.007407407407407418
        ],
        [
            0.6338541666666667,
            0.2972222222222222,
            0.002083333333333326,
            -0.028703703703703676,
            -0.027604166666666763,
            0.0018518518518518268,
            0.020312499999999956,
            0.007407407407407418
        ],
        [
            0.6338541666666667,
            0.2972222222222222,
            0.0010416666666666075,
            -0.02777777777777779,
            -0.027604166666666763,
            0.0018518518518518268,
            0.020312499999999956,
            0.007407407407407418
        ]
    ],
    "original_data": [
        {
            "time_step": 1,
            "original_data_path": "/content/drive/Othercomputers/\ub0b4 \ub178\ud2b8\ubd81/Forked_Models/Validation/Validation/_\ub77c\ubca8_General_val_C/district/3. \ud6c4\ubc29 \ubc29\ud5a5 \uc774\ubbf8\uc9c0/[district]leave_438C/[district]leave_438C_605.json",
            "id": 1
        },
        {
            "time_step": 2,
            "original_data_path": "/content/drive/Othercomputers/\ub0b4 \ub178\ud2b8\ubd81/Forked_Models/Validation/Validation/_\ub77c\ubca8_General_val_C/district/3. \ud6c4\ubc29 \ubc29\ud5a5 \uc774\ubbf8\uc9c0/[district]leave_438C/[district]leave_438C_610.json",
            "id": 1
        },
        {
            "time_step": 3,
            "original_data_path": "/content/drive/Othercomputers/\ub0b4 \ub178\ud2b8\ubd81/Forked_Models/Validation/Validation/_\ub77c\ubca8_General_val_C/district/3. \ud6c4\ubc29 \ubc29\ud5a5 \uc774\ubbf8\uc9c0/[district]leave_438C/[district]leave_438C_615.json",
            "id": 1
        }
    ],
    "label": 2
}