{
    "data": [
        [
            0.6489583333333333,
            0.487962962962963,
            0.008854166666666718,
            -0.02777777777777779,
            -0.023958333333333304,
            -0.014814814814814836,
            0.030729166666666696,
            0.05462962962962964
        ],
        [
            0.6541666666666667,
            0.4898148148148148,
            0.003645833333333348,
            -0.025925925925925908,
            -0.027083333333333348,
            -0.018518518518518545,
            0.028124999999999956,
            0.05555555555555558
        ],
        [
            0.6588541666666666,
            0.4925925925925926,
            0.002083333333333326,
            -0.028703703703703676,
            -0.027604166666666652,
            -0.0222222222222222,
            0.02604166666666674,
            0.05833333333333335
        ]
    ],
    "original_data": [
        {
            "time_step": 1,
            "original_data_path": "/content/drive/Othercomputers/\ub0b4 \ub178\ud2b8\ubd81/Forked_Models/Validation/Validation/_\ub77c\ubca8_General_val_C/district/3. \ud6c4\ubc29 \ubc29\ud5a5 \uc774\ubbf8\uc9c0/[district]attend_560C/[district]attend_560C_495.json",
            "id": 1
        },
        {
            "time_step": 2,
            "original_data_path": "/content/drive/Othercomputers/\ub0b4 \ub178\ud2b8\ubd81/Forked_Models/Validation/Validation/_\ub77c\ubca8_General_val_C/district/3. \ud6c4\ubc29 \ubc29\ud5a5 \uc774\ubbf8\uc9c0/[district]attend_560C/[district]attend_560C_500.json",
            "id": 1
        },
        {
            "time_step": 3,
            "original_data_path": "/content/drive/Othercomputers/\ub0b4 \ub178\ud2b8\ubd81/Forked_Models/Validation/Validation/_\ub77c\ubca8_General_val_C/district/3. \ud6c4\ubc29 \ubc29\ud5a5 \uc774\ubbf8\uc9c0/[district]attend_560C/[district]attend_560C_505.json",
            "id": 1
        }
    ],
    "label": 2
}