{
    "data": [
        [
            0.8255208333333334,
            0.22314814814814815,
            0.0005208333333333037,
            -0.05925925925925926,
            -0.038541666666666696,
            0.020370370370370372,
            0.029166666666666674,
            0.025925925925925936
        ],
        [
            0.8333333333333334,
            0.23055555555555557,
            0.004166666666666652,
            -0.05092592592592593,
            -0.038541666666666696,
            0.006481481481481477,
            0.028124999999999956,
            0.01944444444444443
        ],
        [
            0.8354166666666667,
            0.22870370370370371,
            0.004687499999999956,
            -0.04722222222222222,
            -0.04166666666666674,
            0.0111111111111111,
            0.027083333333333348,
            0.023148148148148112
        ]
    ],
    "original_data": [
        {
            "time_step": 1,
            "original_data_path": "/content/drive/Othercomputers/\ub0b4 \ub178\ud2b8\ubd81/Forked_Models/Validation/Validation/_\ub77c\ubca8_General_val_C/district/3. \ud6c4\ubc29 \ubc29\ud5a5 \uc774\ubbf8\uc9c0/[district]leave_046C/[district]leave_046C_214.json",
            "id": 3
        },
        {
            "time_step": 2,
            "original_data_path": "/content/drive/Othercomputers/\ub0b4 \ub178\ud2b8\ubd81/Forked_Models/Validation/Validation/_\ub77c\ubca8_General_val_C/district/3. \ud6c4\ubc29 \ubc29\ud5a5 \uc774\ubbf8\uc9c0/[district]leave_046C/[district]leave_046C_216.json",
            "id": 3
        },
        {
            "time_step": 3,
            "original_data_path": "/content/drive/Othercomputers/\ub0b4 \ub178\ud2b8\ubd81/Forked_Models/Validation/Validation/_\ub77c\ubca8_General_val_C/district/3. \ud6c4\ubc29 \ubc29\ud5a5 \uc774\ubbf8\uc9c0/[district]leave_046C/[district]leave_046C_218.json",
            "id": 3
        }
    ],
    "label": 2
}