{
    "data": [
        [
            0.628125,
            0.2759259259259259,
            -0.0010416666666667185,
            -0.024999999999999967,
            -0.0234375,
            -0.0009259259259258856,
            0.022916666666666585,
            0.021296296296296313
        ],
        [
            0.6276041666666666,
            0.2861111111111111,
            -0.0031249999999999334,
            -0.030555555555555558,
            -0.025520833333333326,
            0.0018518518518518823,
            0.025520833333333326,
            0.017592592592592604
        ],
        [
            0.628125,
            0.29074074074074074,
            -0.0010416666666667185,
            -0.025925925925925908,
            -0.0234375,
            -0.0009259259259259411,
            0.03020833333333328,
            0.005555555555555536
        ]
    ],
    "original_data": [
        {
            "time_step": 1,
            "original_data_path": "/content/drive/Othercomputers/\ub0b4 \ub178\ud2b8\ubd81/Forked_Models/Validation/Validation/_\ub77c\ubca8_General_val_C/district/3. \ud6c4\ubc29 \ubc29\ud5a5 \uc774\ubbf8\uc9c0/[district]day_420C/[district]day_420C_535.json",
            "id": 2
        },
        {
            "time_step": 2,
            "original_data_path": "/content/drive/Othercomputers/\ub0b4 \ub178\ud2b8\ubd81/Forked_Models/Validation/Validation/_\ub77c\ubca8_General_val_C/district/3. \ud6c4\ubc29 \ubc29\ud5a5 \uc774\ubbf8\uc9c0/[district]day_420C/[district]day_420C_540.json",
            "id": 2
        },
        {
            "time_step": 3,
            "original_data_path": "/content/drive/Othercomputers/\ub0b4 \ub178\ud2b8\ubd81/Forked_Models/Validation/Validation/_\ub77c\ubca8_General_val_C/district/3. \ud6c4\ubc29 \ubc29\ud5a5 \uc774\ubbf8\uc9c0/[district]day_420C/[district]day_420C_545.json",
            "id": 2
        }
    ],
    "label": 2
}