{
    "data": [
        [
            0.7880208333333333,
            0.36666666666666664,
            0.003645833333333348,
            -0.06296296296296294,
            -0.04010416666666661,
            0.01296296296296301,
            0.050000000000000044,
            0.02407407407407408
        ],
        [
            0.8020833333333334,
            0.36574074074074076,
            0.0078125,
            -0.04814814814814816,
            -0.05052083333333335,
            0.02777777777777779,
            0.04583333333333328,
            0.029629629629629617
        ],
        [
            0.7947916666666667,
            0.36018518518518516,
            0.00520833333333337,
            -0.04166666666666663,
            -0.04427083333333337,
            0.037037037037037035,
            0.05312499999999998,
            0.03518518518518521
        ]
    ],
    "original_data": [
        {
            "time_step": 1,
            "original_data_path": "/content/drive/Othercomputers/\ub0b4 \ub178\ud2b8\ubd81/Forked_Models/Validation/Validation/_\ub77c\ubca8_General_val_C/district/3. \ud6c4\ubc29 \ubc29\ud5a5 \uc774\ubbf8\uc9c0/[district]attend_064C/[district]attend_064C_58.json",
            "id": 1
        },
        {
            "time_step": 2,
            "original_data_path": "/content/drive/Othercomputers/\ub0b4 \ub178\ud2b8\ubd81/Forked_Models/Validation/Validation/_\ub77c\ubca8_General_val_C/district/3. \ud6c4\ubc29 \ubc29\ud5a5 \uc774\ubbf8\uc9c0/[district]attend_064C/[district]attend_064C_60.json",
            "id": 1
        },
        {
            "time_step": 3,
            "original_data_path": "/content/drive/Othercomputers/\ub0b4 \ub178\ud2b8\ubd81/Forked_Models/Validation/Validation/_\ub77c\ubca8_General_val_C/district/3. \ud6c4\ubc29 \ubc29\ud5a5 \uc774\ubbf8\uc9c0/[district]attend_064C/[district]attend_064C_62.json",
            "id": 1
        }
    ],
    "label": 2
}