{
    "data": [
        [
            0.5145833333333333,
            0.26666666666666666,
            -0.006249999999999978,
            -0.040740740740740744,
            -0.02083333333333326,
            -0.012962962962962954,
            0.03229166666666672,
            -0.011111111111111127
        ],
        [
            0.5020833333333333,
            0.26944444444444443,
            0.004687499999999956,
            -0.03518518518518518,
            -0.024999999999999967,
            -0.015740740740740722,
            0.03125,
            0.0009259259259259411
        ],
        [
            0.4953125,
            0.25462962962962965,
            0.009374999999999967,
            -0.04074074074074077,
            -0.029166666666666674,
            -0.012037037037037068,
            0.03229166666666666,
            0.01481481481481478
        ]
    ],
    "original_data": [
        {
            "time_step": 1,
            "original_data_path": "/content/drive/Othercomputers/\ub0b4 \ub178\ud2b8\ubd81/Forked_Models/Validation/Validation/_\ub77c\ubca8_General_val_C/district/3. \ud6c4\ubc29 \ubc29\ud5a5 \uc774\ubbf8\uc9c0/[district]day_731C/[district]day_731C_230.json",
            "id": 0
        },
        {
            "time_step": 2,
            "original_data_path": "/content/drive/Othercomputers/\ub0b4 \ub178\ud2b8\ubd81/Forked_Models/Validation/Validation/_\ub77c\ubca8_General_val_C/district/3. \ud6c4\ubc29 \ubc29\ud5a5 \uc774\ubbf8\uc9c0/[district]day_731C/[district]day_731C_235.json",
            "id": 0
        },
        {
            "time_step": 3,
            "original_data_path": "/content/drive/Othercomputers/\ub0b4 \ub178\ud2b8\ubd81/Forked_Models/Validation/Validation/_\ub77c\ubca8_General_val_C/district/3. \ud6c4\ubc29 \ubc29\ud5a5 \uc774\ubbf8\uc9c0/[district]day_731C/[district]day_731C_240.json",
            "id": 0
        }
    ],
    "label": 2
}