{
    "data": [
        [
            0.55625,
            0.37592592592592594,
            -0.0026041666666667407,
            -0.03888888888888892,
            -0.021354166666666674,
            -0.005555555555555591,
            0.0234375,
            0.006481481481481477
        ],
        [
            0.5526041666666667,
            0.37777777777777777,
            -0.004166666666666652,
            -0.033333333333333326,
            -0.02604166666666663,
            -0.0009259259259259411,
            0.02604166666666663,
            0.009259259259259245
        ],
        [
            0.5541666666666667,
            0.3787037037037037,
            -0.003645833333333348,
            -0.041666666666666685,
            -0.02604166666666674,
            -0.0018518518518518823,
            0.02604166666666663,
            0.014814814814814836
        ]
    ],
    "original_data": [
        {
            "time_step": 1,
            "original_data_path": "/content/drive/Othercomputers/\ub0b4 \ub178\ud2b8\ubd81/Forked_Models/Validation/Validation/_\ub77c\ubca8_General_val_C/district/3. \ud6c4\ubc29 \ubc29\ud5a5 \uc774\ubbf8\uc9c0/[district]day_708C/[district]day_708C_35.json",
            "id": 5
        },
        {
            "time_step": 2,
            "original_data_path": "/content/drive/Othercomputers/\ub0b4 \ub178\ud2b8\ubd81/Forked_Models/Validation/Validation/_\ub77c\ubca8_General_val_C/district/3. \ud6c4\ubc29 \ubc29\ud5a5 \uc774\ubbf8\uc9c0/[district]day_708C/[district]day_708C_40.json",
            "id": 5
        },
        {
            "time_step": 3,
            "original_data_path": "/content/drive/Othercomputers/\ub0b4 \ub178\ud2b8\ubd81/Forked_Models/Validation/Validation/_\ub77c\ubca8_General_val_C/district/3. \ud6c4\ubc29 \ubc29\ud5a5 \uc774\ubbf8\uc9c0/[district]day_708C/[district]day_708C_45.json",
            "id": 5
        }
    ],
    "label": 2
}