{
    "data": [
        [
            0.4046875,
            0.5166666666666667,
            -0.005208333333333315,
            -0.054629629629629695,
            -0.01510416666666664,
            -0.0009259259259259967,
            0.024479166666666663,
            0.05555555555555547
        ],
        [
            0.40572916666666664,
            0.5166666666666667,
            -0.008854166666666663,
            -0.05555555555555558,
            -0.016145833333333304,
            -0.0009259259259259967,
            0.0234375,
            0.05555555555555547
        ],
        [
            0.40520833333333334,
            0.5111111111111111,
            -0.005729166666666674,
            -0.04907407407407405,
            -0.015625,
            0.00462962962962965,
            0.023958333333333304,
            0.061111111111111116
        ]
    ],
    "original_data": [
        {
            "time_step": 1,
            "original_data_path": "/content/drive/Othercomputers/\ub0b4 \ub178\ud2b8\ubd81/Forked_Models/Validation/Validation/_\ub77c\ubca8_General_val_C/district/3. \ud6c4\ubc29 \ubc29\ud5a5 \uc774\ubbf8\uc9c0/[district]leave_642C/[district]leave_642C_465.json",
            "id": 10
        },
        {
            "time_step": 2,
            "original_data_path": "/content/drive/Othercomputers/\ub0b4 \ub178\ud2b8\ubd81/Forked_Models/Validation/Validation/_\ub77c\ubca8_General_val_C/district/3. \ud6c4\ubc29 \ubc29\ud5a5 \uc774\ubbf8\uc9c0/[district]leave_642C/[district]leave_642C_470.json",
            "id": 10
        },
        {
            "time_step": 3,
            "original_data_path": "/content/drive/Othercomputers/\ub0b4 \ub178\ud2b8\ubd81/Forked_Models/Validation/Validation/_\ub77c\ubca8_General_val_C/district/3. \ud6c4\ubc29 \ubc29\ud5a5 \uc774\ubbf8\uc9c0/[district]leave_642C/[district]leave_642C_475.json",
            "id": 10
        }
    ],
    "label": 2
}