{
    "data": [
        [
            0.40260416666666665,
            0.5092592592592593,
            -0.008854166666666663,
            -0.04814814814814816,
            0.0078125,
            -0.01296296296296301,
            0.036979166666666674,
            0.08333333333333326
        ],
        [
            0.3958333333333333,
            0.5351851851851852,
            -0.001041666666666663,
            -0.05277777777777781,
            0.014583333333333337,
            -0.01666666666666672,
            0.03125,
            0.09999999999999998
        ],
        [
            0.3796875,
            0.5574074074074075,
            0.0005208333333333037,
            -0.06666666666666671,
            0.014062499999999978,
            -0.02314814814814825,
            0.0390625,
            0.08796296296296291
        ]
    ],
    "original_data": [
        {
            "time_step": 1,
            "original_data_path": "/content/drive/Othercomputers/\ub0b4 \ub178\ud2b8\ubd81/Forked_Models/Validation/Validation/_\ub77c\ubca8_General_val_C/district/3. \ud6c4\ubc29 \ubc29\ud5a5 \uc774\ubbf8\uc9c0/[district]day_420C/[district]day_420C_420.json",
            "id": 10
        },
        {
            "time_step": 2,
            "original_data_path": "/content/drive/Othercomputers/\ub0b4 \ub178\ud2b8\ubd81/Forked_Models/Validation/Validation/_\ub77c\ubca8_General_val_C/district/3. \ud6c4\ubc29 \ubc29\ud5a5 \uc774\ubbf8\uc9c0/[district]day_420C/[district]day_420C_425.json",
            "id": 10
        },
        {
            "time_step": 3,
            "original_data_path": "/content/drive/Othercomputers/\ub0b4 \ub178\ud2b8\ubd81/Forked_Models/Validation/Validation/_\ub77c\ubca8_General_val_C/district/3. \ud6c4\ubc29 \ubc29\ud5a5 \uc774\ubbf8\uc9c0/[district]day_420C/[district]day_420C_430.json",
            "id": 10
        }
    ],
    "label": 2
}