{
    "data": [
        [
            0.6796875,
            0.5453703703703704,
            0.01041666666666663,
            -0.019444444444444486,
            -0.04270833333333335,
            -0.046296296296296335,
            0.021354166666666674,
            -0.012037037037037068
        ],
        [
            0.6796875,
            0.5453703703703704,
            0.01041666666666663,
            -0.019444444444444486,
            -0.04270833333333335,
            -0.046296296296296335,
            0.021354166666666674,
            -0.012037037037037068
        ],
        [
            0.6822916666666666,
            0.5472222222222223,
            0.0078125,
            -0.02129629629629637,
            -0.04531249999999998,
            -0.04814814814814822,
            0.018750000000000044,
            -0.01388888888888895
        ]
    ],
    "original_data": [
        {
            "time_step": 1,
            "original_data_path": "/content/drive/Othercomputers/\ub0b4 \ub178\ud2b8\ubd81/Forked_Models/Validation/Validation/_\ub77c\ubca8_General_val_C/district/3. \ud6c4\ubc29 \ubc29\ud5a5 \uc774\ubbf8\uc9c0/[district]day_420C/[district]day_420C_520.json",
            "id": 5
        },
        {
            "time_step": 2,
            "original_data_path": "/content/drive/Othercomputers/\ub0b4 \ub178\ud2b8\ubd81/Forked_Models/Validation/Validation/_\ub77c\ubca8_General_val_C/district/3. \ud6c4\ubc29 \ubc29\ud5a5 \uc774\ubbf8\uc9c0/[district]day_420C/[district]day_420C_525.json",
            "id": 5
        },
        {
            "time_step": 3,
            "original_data_path": "/content/drive/Othercomputers/\ub0b4 \ub178\ud2b8\ubd81/Forked_Models/Validation/Validation/_\ub77c\ubca8_General_val_C/district/3. \ud6c4\ubc29 \ubc29\ud5a5 \uc774\ubbf8\uc9c0/[district]day_420C/[district]day_420C_530.json",
            "id": 5
        }
    ],
    "label": 2
}