{
    "data": [
        [
            0.6302083333333334,
            0.49722222222222223,
            0.002083333333333326,
            -0.03888888888888892,
            -0.019791666666666652,
            0.01388888888888884,
            0.03541666666666665,
            0.016666666666666607
        ],
        [
            0.6302083333333334,
            0.49722222222222223,
            0.002083333333333326,
            -0.03888888888888892,
            -0.019791666666666652,
            0.01388888888888884,
            0.03541666666666665,
            0.016666666666666607
        ],
        [
            0.6302083333333334,
            0.49722222222222223,
            0.002083333333333326,
            -0.03888888888888892,
            -0.019791666666666652,
            0.01388888888888884,
            0.03541666666666665,
            0.016666666666666607
        ]
    ],
    "original_data": [
        {
            "time_step": 1,
            "original_data_path": "/content/drive/Othercomputers/\ub0b4 \ub178\ud2b8\ubd81/Forked_Models/Validation/Validation/_\ub77c\ubca8_General_val_C/district/3. \ud6c4\ubc29 \ubc29\ud5a5 \uc774\ubbf8\uc9c0/[district]day_955C/[district]day_955C_300.json",
            "id": 2
        },
        {
            "time_step": 2,
            "original_data_path": "/content/drive/Othercomputers/\ub0b4 \ub178\ud2b8\ubd81/Forked_Models/Validation/Validation/_\ub77c\ubca8_General_val_C/district/3. \ud6c4\ubc29 \ubc29\ud5a5 \uc774\ubbf8\uc9c0/[district]day_955C/[district]day_955C_305.json",
            "id": 2
        },
        {
            "time_step": 3,
            "original_data_path": "/content/drive/Othercomputers/\ub0b4 \ub178\ud2b8\ubd81/Forked_Models/Validation/Validation/_\ub77c\ubca8_General_val_C/district/3. \ud6c4\ubc29 \ubc29\ud5a5 \uc774\ubbf8\uc9c0/[district]day_955C/[district]day_955C_310.json",
            "id": 2
        }
    ],
    "label": 2
}