{
    "data": [
        [
            0.4036458333333333,
            0.4361111111111111,
            -0.009895833333333326,
            -0.033333333333333326,
            0.014062500000000033,
            0.01851851851851849,
            -0.01041666666666663,
            0.10648148148148151
        ],
        [
            0.39114583333333336,
            0.45555555555555555,
            -0.011979166666666707,
            -0.037962962962962976,
            0.019791666666666652,
            -0.005555555555555536,
            -0.0005208333333333592,
            0.08981481481481485
        ],
        [
            0.3880208333333333,
            0.4462962962962963,
            -0.006770833333333337,
            -0.029629629629629617,
            0.017708333333333326,
            0.0018518518518518268,
            0.0,
            0.0981481481481481
        ]
    ],
    "original_data": [
        {
            "time_step": 1,
            "original_data_path": "/content/drive/Othercomputers/\ub0b4 \ub178\ud2b8\ubd81/Forked_Models/Validation/Validation/_\ub77c\ubca8_General_val_C/district/3. \ud6c4\ubc29 \ubc29\ud5a5 \uc774\ubbf8\uc9c0/[district]night_620C/[district]night_620C_505.json",
            "id": 5
        },
        {
            "time_step": 2,
            "original_data_path": "/content/drive/Othercomputers/\ub0b4 \ub178\ud2b8\ubd81/Forked_Models/Validation/Validation/_\ub77c\ubca8_General_val_C/district/3. \ud6c4\ubc29 \ubc29\ud5a5 \uc774\ubbf8\uc9c0/[district]night_620C/[district]night_620C_510.json",
            "id": 5
        },
        {
            "time_step": 3,
            "original_data_path": "/content/drive/Othercomputers/\ub0b4 \ub178\ud2b8\ubd81/Forked_Models/Validation/Validation/_\ub77c\ubca8_General_val_C/district/3. \ud6c4\ubc29 \ubc29\ud5a5 \uc774\ubbf8\uc9c0/[district]night_620C/[district]night_620C_515.json",
            "id": 5
        }
    ],
    "label": 2
}