{
    "data": [
        [
            0.7817708333333333,
            0.4546296296296296,
            0.007291666666666696,
            -0.07499999999999996,
            -0.025000000000000022,
            -0.012037037037037013,
            0.04531249999999998,
            0.030555555555555558
        ],
        [
            0.7817708333333333,
            0.4546296296296296,
            0.007291666666666696,
            -0.07499999999999996,
            -0.025000000000000022,
            -0.012037037037037013,
            0.04531249999999998,
            0.030555555555555558
        ],
        [
            0.7817708333333333,
            0.4546296296296296,
            0.004166666666666652,
            -0.07407407407407407,
            -0.025000000000000022,
            -0.012037037037037013,
            0.04531249999999998,
            0.030555555555555558
        ]
    ],
    "original_data": [
        {
            "time_step": 1,
            "original_data_path": "/content/drive/Othercomputers/\ub0b4 \ub178\ud2b8\ubd81/Forked_Models/Validation/Validation/_\ub77c\ubca8_General_val_C/district/3. \ud6c4\ubc29 \ubc29\ud5a5 \uc774\ubbf8\uc9c0/[district]leave_046C/[district]leave_046C_160.json",
            "id": 4
        },
        {
            "time_step": 2,
            "original_data_path": "/content/drive/Othercomputers/\ub0b4 \ub178\ud2b8\ubd81/Forked_Models/Validation/Validation/_\ub77c\ubca8_General_val_C/district/3. \ud6c4\ubc29 \ubc29\ud5a5 \uc774\ubbf8\uc9c0/[district]leave_046C/[district]leave_046C_162.json",
            "id": 4
        },
        {
            "time_step": 3,
            "original_data_path": "/content/drive/Othercomputers/\ub0b4 \ub178\ud2b8\ubd81/Forked_Models/Validation/Validation/_\ub77c\ubca8_General_val_C/district/3. \ud6c4\ubc29 \ubc29\ud5a5 \uc774\ubbf8\uc9c0/[district]leave_046C/[district]leave_046C_164.json",
            "id": 4
        }
    ],
    "label": 2
}