{
    "data": [
        [
            0.6380208333333334,
            0.2916666666666667,
            -0.0005208333333334147,
            -0.02314814814814814,
            -0.019270833333333348,
            0.002777777777777768,
            0.021354166666666674,
            0.01851851851851849
        ],
        [
            0.6380208333333334,
            0.2916666666666667,
            0.0010416666666666075,
            -0.02407407407407408,
            -0.019270833333333348,
            0.002777777777777768,
            0.021354166666666674,
            0.01851851851851849
        ],
        [
            0.6380208333333334,
            0.2916666666666667,
            -0.0005208333333334147,
            -0.02314814814814814,
            -0.019270833333333348,
            0.002777777777777768,
            0.021354166666666674,
            0.01851851851851849
        ]
    ],
    "original_data": [
        {
            "time_step": 1,
            "original_data_path": "/content/drive/Othercomputers/\ub0b4 \ub178\ud2b8\ubd81/Forked_Models/Validation/Validation/_\ub77c\ubca8_General_val_C/district/3. \ud6c4\ubc29 \ubc29\ud5a5 \uc774\ubbf8\uc9c0/[district]leave_461C/[district]leave_461C_565.json",
            "id": 1
        },
        {
            "time_step": 2,
            "original_data_path": "/content/drive/Othercomputers/\ub0b4 \ub178\ud2b8\ubd81/Forked_Models/Validation/Validation/_\ub77c\ubca8_General_val_C/district/3. \ud6c4\ubc29 \ubc29\ud5a5 \uc774\ubbf8\uc9c0/[district]leave_461C/[district]leave_461C_570.json",
            "id": 1
        },
        {
            "time_step": 3,
            "original_data_path": "/content/drive/Othercomputers/\ub0b4 \ub178\ud2b8\ubd81/Forked_Models/Validation/Validation/_\ub77c\ubca8_General_val_C/district/3. \ud6c4\ubc29 \ubc29\ud5a5 \uc774\ubbf8\uc9c0/[district]leave_461C/[district]leave_461C_575.json",
            "id": 1
        }
    ],
    "label": 2
}