{
    "data": [
        [
            0.5291666666666667,
            0.3675925925925926,
            0.003645833333333348,
            -0.032407407407407385,
            -0.02604166666666663,
            0.045370370370370394,
            0.011458333333333348,
            -0.010185185185185186
        ],
        [
            0.5328125,
            0.37037037037037035,
            0.0,
            -0.03518518518518515,
            -0.027604166666666652,
            0.040740740740740744,
            0.0078125,
            -0.012962962962962954
        ],
        [
            0.53125,
            0.3648148148148148,
            0.005729166666666674,
            -0.037037037037037035,
            -0.02604166666666663,
            0.05555555555555558,
            0.009375000000000022,
            -0.007407407407407418
        ]
    ],
    "original_data": [
        {
            "time_step": 1,
            "original_data_path": "/content/drive/Othercomputers/\ub0b4 \ub178\ud2b8\ubd81/Forked_Models/Validation/Validation/_\ub77c\ubca8_General_val_C/district/3. \ud6c4\ubc29 \ubc29\ud5a5 \uc774\ubbf8\uc9c0/[district]day_420C/[district]day_420C_165.json",
            "id": 3
        },
        {
            "time_step": 2,
            "original_data_path": "/content/drive/Othercomputers/\ub0b4 \ub178\ud2b8\ubd81/Forked_Models/Validation/Validation/_\ub77c\ubca8_General_val_C/district/3. \ud6c4\ubc29 \ubc29\ud5a5 \uc774\ubbf8\uc9c0/[district]day_420C/[district]day_420C_170.json",
            "id": 3
        },
        {
            "time_step": 3,
            "original_data_path": "/content/drive/Othercomputers/\ub0b4 \ub178\ud2b8\ubd81/Forked_Models/Validation/Validation/_\ub77c\ubca8_General_val_C/district/3. \ud6c4\ubc29 \ubc29\ud5a5 \uc774\ubbf8\uc9c0/[district]day_420C/[district]day_420C_175.json",
            "id": 3
        }
    ],
    "label": 2
}