{
    "data": [
        [
            0.571875,
            0.2064814814814815,
            -0.0005208333333333037,
            -0.02777777777777779,
            -0.02447916666666672,
            0.029629629629629617,
            0.017187500000000022,
            0.029629629629629617
        ],
        [
            0.571875,
            0.2064814814814815,
            -0.0005208333333333037,
            -0.02777777777777779,
            -0.02447916666666672,
            0.029629629629629617,
            0.017187500000000022,
            0.029629629629629617
        ],
        [
            0.571875,
            0.2064814814814815,
            -0.0005208333333333037,
            -0.02777777777777779,
            -0.02447916666666672,
            0.030555555555555558,
            0.017187500000000022,
            0.029629629629629617
        ]
    ],
    "original_data": [
        {
            "time_step": 1,
            "original_data_path": "/content/drive/Othercomputers/\ub0b4 \ub178\ud2b8\ubd81/Forked_Models/Validation/Validation/_\ub77c\ubca8_General_val_C/district/3. \ud6c4\ubc29 \ubc29\ud5a5 \uc774\ubbf8\uc9c0/[district]morning_071C/[district]morning_071C_84.json",
            "id": 1
        },
        {
            "time_step": 2,
            "original_data_path": "/content/drive/Othercomputers/\ub0b4 \ub178\ud2b8\ubd81/Forked_Models/Validation/Validation/_\ub77c\ubca8_General_val_C/district/3. \ud6c4\ubc29 \ubc29\ud5a5 \uc774\ubbf8\uc9c0/[district]morning_071C/[district]morning_071C_86.json",
            "id": 1
        },
        {
            "time_step": 3,
            "original_data_path": "/content/drive/Othercomputers/\ub0b4 \ub178\ud2b8\ubd81/Forked_Models/Validation/Validation/_\ub77c\ubca8_General_val_C/district/3. \ud6c4\ubc29 \ubc29\ud5a5 \uc774\ubbf8\uc9c0/[district]morning_071C/[district]morning_071C_88.json",
            "id": 1
        }
    ],
    "label": 2
}