{
    "data": [
        [
            0.3104166666666667,
            0.862037037037037,
            -0.014583333333333337,
            -0.05740740740740746,
            0.04583333333333334,
            -0.061111111111111116,
            -0.00833333333333336,
            0.13148148148148142
        ],
        [
            0.303125,
            0.8916666666666667,
            -0.022395833333333337,
            -0.06018518518518523,
            0.05520833333333336,
            -0.07592592592592595,
            0.001041666666666663,
            0.07314814814814807
        ],
        [
            0.3182291666666667,
            0.8962962962962963,
            -0.04270833333333335,
            -0.05555555555555547,
            0.04010416666666666,
            -0.08055555555555549,
            -0.010937499999999989,
            0.08148148148148149
        ]
    ],
    "original_data": [
        {
            "time_step": 1,
            "original_data_path": "/content/drive/Othercomputers/\ub0b4 \ub178\ud2b8\ubd81/Forked_Models/Validation/Validation/_\ub77c\ubca8_General_val_C/district/3. \ud6c4\ubc29 \ubc29\ud5a5 \uc774\ubbf8\uc9c0/[district]day_712C/[district]day_712C_500.json",
            "id": 11
        },
        {
            "time_step": 2,
            "original_data_path": "/content/drive/Othercomputers/\ub0b4 \ub178\ud2b8\ubd81/Forked_Models/Validation/Validation/_\ub77c\ubca8_General_val_C/district/3. \ud6c4\ubc29 \ubc29\ud5a5 \uc774\ubbf8\uc9c0/[district]day_712C/[district]day_712C_505.json",
            "id": 11
        },
        {
            "time_step": 3,
            "original_data_path": "/content/drive/Othercomputers/\ub0b4 \ub178\ud2b8\ubd81/Forked_Models/Validation/Validation/_\ub77c\ubca8_General_val_C/district/3. \ud6c4\ubc29 \ubc29\ud5a5 \uc774\ubbf8\uc9c0/[district]day_712C/[district]day_712C_510.json",
            "id": 11
        }
    ],
    "label": 2
}