{
    "data": [
        [
            0.7380208333333333,
            0.2074074074074074,
            0.002083333333333326,
            -0.040740740740740744,
            -0.03125,
            0.010185185185185186,
            0.028124999999999956,
            0.024999999999999994
        ],
        [
            0.7390625,
            0.2222222222222222,
            0.002083333333333326,
            -0.0398148148148148,
            -0.03229166666666661,
            0.0,
            0.027083333333333348,
            0.014814814814814836
        ],
        [
            0.7229166666666667,
            0.20555555555555555,
            0.0067708333333333925,
            -0.024074074074074053,
            -0.017187500000000022,
            0.014814814814814836,
            0.041145833333333326,
            0.029629629629629645
        ]
    ],
    "original_data": [
        {
            "time_step": 1,
            "original_data_path": "/content/drive/Othercomputers/\ub0b4 \ub178\ud2b8\ubd81/Forked_Models/Validation/Validation/_\ub77c\ubca8_General_val_C/district/3. \ud6c4\ubc29 \ubc29\ud5a5 \uc774\ubbf8\uc9c0/[district]day_025C/[district]day_025C_18.json",
            "id": 0
        },
        {
            "time_step": 2,
            "original_data_path": "/content/drive/Othercomputers/\ub0b4 \ub178\ud2b8\ubd81/Forked_Models/Validation/Validation/_\ub77c\ubca8_General_val_C/district/3. \ud6c4\ubc29 \ubc29\ud5a5 \uc774\ubbf8\uc9c0/[district]day_025C/[district]day_025C_20.json",
            "id": 0
        },
        {
            "time_step": 3,
            "original_data_path": "/content/drive/Othercomputers/\ub0b4 \ub178\ud2b8\ubd81/Forked_Models/Validation/Validation/_\ub77c\ubca8_General_val_C/district/3. \ud6c4\ubc29 \ubc29\ud5a5 \uc774\ubbf8\uc9c0/[district]day_025C/[district]day_025C_22.json",
            "id": 0
        }
    ],
    "label": 2
}