{
    "data": [
        [
            0.47760416666666666,
            0.7018518518518518,
            0.004687500000000011,
            -0.06851851851851853,
            0.017708333333333326,
            0.07592592592592595,
            -0.011979166666666652,
            -0.01851851851851849
        ],
        [
            0.5,
            0.7296296296296296,
            -0.003645833333333348,
            -0.06481481481481477,
            0.025520833333333326,
            0.07037037037037042,
            -0.02031250000000001,
            -0.029629629629629672
        ],
        [
            0.5057291666666667,
            0.7342592592592593,
            -0.003645833333333348,
            -0.05833333333333335,
            0.03125,
            0.08333333333333326,
            -0.027604166666666652,
            -0.02129629629629637
        ]
    ],
    "original_data": [
        {
            "time_step": 1,
            "original_data_path": "/content/drive/Othercomputers/\ub0b4 \ub178\ud2b8\ubd81/Forked_Models/Validation/Validation/_\ub77c\ubca8_General_val_C/district/3. \ud6c4\ubc29 \ubc29\ud5a5 \uc774\ubbf8\uc9c0/[district]day_712C/[district]day_712C_465.json",
            "id": 12
        },
        {
            "time_step": 2,
            "original_data_path": "/content/drive/Othercomputers/\ub0b4 \ub178\ud2b8\ubd81/Forked_Models/Validation/Validation/_\ub77c\ubca8_General_val_C/district/3. \ud6c4\ubc29 \ubc29\ud5a5 \uc774\ubbf8\uc9c0/[district]day_712C/[district]day_712C_470.json",
            "id": 12
        },
        {
            "time_step": 3,
            "original_data_path": "/content/drive/Othercomputers/\ub0b4 \ub178\ud2b8\ubd81/Forked_Models/Validation/Validation/_\ub77c\ubca8_General_val_C/district/3. \ud6c4\ubc29 \ubc29\ud5a5 \uc774\ubbf8\uc9c0/[district]day_712C/[district]day_712C_475.json",
            "id": 12
        }
    ],
    "label": 2
}