{
    "data": [
        [
            0.334375,
            0.2638888888888889,
            -0.0078125,
            -0.033333333333333326,
            -0.016145833333333304,
            0.02685185185185185,
            0.0390625,
            0.0
        ],
        [
            0.334375,
            0.2638888888888889,
            -0.0078125,
            -0.033333333333333326,
            -0.016145833333333304,
            0.02685185185185185,
            0.0390625,
            0.008333333333333304
        ],
        [
            0.334375,
            0.2638888888888889,
            -0.0078125,
            -0.033333333333333326,
            -0.016145833333333304,
            0.02685185185185185,
            0.041666666666666685,
            0.00462962962962965
        ]
    ],
    "original_data": [
        {
            "time_step": 1,
            "original_data_path": "/content/drive/Othercomputers/\ub0b4 \ub178\ud2b8\ubd81/Forked_Models/Validation/Validation/_\ub77c\ubca8_General_val_C/district/3. \ud6c4\ubc29 \ubc29\ud5a5 \uc774\ubbf8\uc9c0/[district]night_617C/[district]night_617C_390.json",
            "id": 0
        },
        {
            "time_step": 2,
            "original_data_path": "/content/drive/Othercomputers/\ub0b4 \ub178\ud2b8\ubd81/Forked_Models/Validation/Validation/_\ub77c\ubca8_General_val_C/district/3. \ud6c4\ubc29 \ubc29\ud5a5 \uc774\ubbf8\uc9c0/[district]night_617C/[district]night_617C_395.json",
            "id": 0
        },
        {
            "time_step": 3,
            "original_data_path": "/content/drive/Othercomputers/\ub0b4 \ub178\ud2b8\ubd81/Forked_Models/Validation/Validation/_\ub77c\ubca8_General_val_C/district/3. \ud6c4\ubc29 \ubc29\ud5a5 \uc774\ubbf8\uc9c0/[district]night_617C/[district]night_617C_400.json",
            "id": 0
        }
    ],
    "label": 2
}