{
    "data": [
        [
            0.3385416666666667,
            0.3074074074074074,
            -0.007291666666666696,
            -0.012962962962962954,
            -0.016666666666666663,
            0.017592592592592604,
            0.021354166666666674,
            -0.002777777777777768
        ],
        [
            0.3385416666666667,
            0.30925925925925923,
            -0.007291666666666696,
            -0.012962962962962954,
            -0.016666666666666663,
            0.017592592592592604,
            0.021354166666666674,
            -0.002777777777777768
        ],
        [
            0.3380208333333333,
            0.3148148148148148,
            -0.005729166666666674,
            -0.00833333333333336,
            -0.017187499999999967,
            0.010185185185185186,
            0.021875000000000033,
            -0.007407407407407418
        ]
    ],
    "original_data": [
        {
            "time_step": 1,
            "original_data_path": "/content/drive/Othercomputers/\ub0b4 \ub178\ud2b8\ubd81/Forked_Models/Validation/Validation/_\ub77c\ubca8_General_val_C/district/3. \ud6c4\ubc29 \ubc29\ud5a5 \uc774\ubbf8\uc9c0/[district]leave_642C/[district]leave_642C_300.json",
            "id": 3
        },
        {
            "time_step": 2,
            "original_data_path": "/content/drive/Othercomputers/\ub0b4 \ub178\ud2b8\ubd81/Forked_Models/Validation/Validation/_\ub77c\ubca8_General_val_C/district/3. \ud6c4\ubc29 \ubc29\ud5a5 \uc774\ubbf8\uc9c0/[district]leave_642C/[district]leave_642C_305.json",
            "id": 3
        },
        {
            "time_step": 3,
            "original_data_path": "/content/drive/Othercomputers/\ub0b4 \ub178\ud2b8\ubd81/Forked_Models/Validation/Validation/_\ub77c\ubca8_General_val_C/district/3. \ud6c4\ubc29 \ubc29\ud5a5 \uc774\ubbf8\uc9c0/[district]leave_642C/[district]leave_642C_310.json",
            "id": 3
        }
    ],
    "label": 2
}