{
    "data": [
        [
            0.46197916666666666,
            0.425,
            -0.004166666666666652,
            -0.05833333333333335,
            0.019270833333333348,
            -0.02314814814814814,
            -0.016666666666666663,
            0.10648148148148145
        ],
        [
            0.46979166666666666,
            0.41574074074074074,
            -0.005729166666666674,
            -0.04814814814814816,
            0.010416666666666685,
            -0.014814814814814836,
            -0.011458333333333348,
            0.1074074074074074
        ],
        [
            0.47291666666666665,
            0.42314814814814816,
            -0.005729166666666674,
            -0.05185185185185187,
            0.008854166666666663,
            -0.022222222222222254,
            -0.011458333333333293,
            0.10277777777777775
        ]
    ],
    "original_data": [
        {
            "time_step": 1,
            "original_data_path": "/content/drive/Othercomputers/\ub0b4 \ub178\ud2b8\ubd81/Forked_Models/Validation/Validation/_\ub77c\ubca8_General_val_C/district/3. \ud6c4\ubc29 \ubc29\ud5a5 \uc774\ubbf8\uc9c0/[district]leave_075C/[district]leave_075C_230.json",
            "id": 5
        },
        {
            "time_step": 2,
            "original_data_path": "/content/drive/Othercomputers/\ub0b4 \ub178\ud2b8\ubd81/Forked_Models/Validation/Validation/_\ub77c\ubca8_General_val_C/district/3. \ud6c4\ubc29 \ubc29\ud5a5 \uc774\ubbf8\uc9c0/[district]leave_075C/[district]leave_075C_232.json",
            "id": 5
        },
        {
            "time_step": 3,
            "original_data_path": "/content/drive/Othercomputers/\ub0b4 \ub178\ud2b8\ubd81/Forked_Models/Validation/Validation/_\ub77c\ubca8_General_val_C/district/3. \ud6c4\ubc29 \ubc29\ud5a5 \uc774\ubbf8\uc9c0/[district]leave_075C/[district]leave_075C_234.json",
            "id": 5
        }
    ],
    "label": 2
}