{
    "data": [
        [
            0.46145833333333336,
            0.31574074074074077,
            -0.008854166666666718,
            -0.0490740740740741,
            0.021874999999999978,
            -0.0027777777777778234,
            -0.011979166666666707,
            0.04907407407407405
        ],
        [
            0.4609375,
            0.3037037037037037,
            -0.008854166666666663,
            -0.04999999999999999,
            0.02291666666666664,
            -0.011111111111111127,
            -0.011979166666666652,
            0.04999999999999999
        ],
        [
            0.46510416666666665,
            0.287962962962963,
            -0.009374999999999967,
            -0.0314814814814815,
            0.014583333333333337,
            0.006481481481481477,
            -0.010937499999999989,
            0.06759259259259259
        ]
    ],
    "original_data": [
        {
            "time_step": 1,
            "original_data_path": "/content/drive/Othercomputers/\ub0b4 \ub178\ud2b8\ubd81/Forked_Models/Validation/Validation/_\ub77c\ubca8_General_val_C/district/3. \ud6c4\ubc29 \ubc29\ud5a5 \uc774\ubbf8\uc9c0/[district]night_623C/[district]night_623C_460.json",
            "id": 8
        },
        {
            "time_step": 2,
            "original_data_path": "/content/drive/Othercomputers/\ub0b4 \ub178\ud2b8\ubd81/Forked_Models/Validation/Validation/_\ub77c\ubca8_General_val_C/district/3. \ud6c4\ubc29 \ubc29\ud5a5 \uc774\ubbf8\uc9c0/[district]night_623C/[district]night_623C_465.json",
            "id": 8
        },
        {
            "time_step": 3,
            "original_data_path": "/content/drive/Othercomputers/\ub0b4 \ub178\ud2b8\ubd81/Forked_Models/Validation/Validation/_\ub77c\ubca8_General_val_C/district/3. \ud6c4\ubc29 \ubc29\ud5a5 \uc774\ubbf8\uc9c0/[district]night_623C/[district]night_623C_470.json",
            "id": 8
        }
    ],
    "label": 2
}