{
    "data": [
        [
            0.8453125,
            0.5555555555555556,
            0.0005208333333333037,
            -0.029629629629629672,
            -0.036979166666666674,
            -0.0037037037037037646,
            0.03385416666666663,
            0.014814814814814836
        ],
        [
            0.8453125,
            0.5564814814814815,
            0.0,
            -0.03240740740740744,
            -0.036979166666666674,
            -0.00462962962962965,
            0.03385416666666663,
            0.01388888888888895
        ],
        [
            0.8401041666666667,
            0.5555555555555556,
            0.0078125,
            -0.025925925925925908,
            -0.031770833333333304,
            -0.0037037037037037646,
            0.0390625,
            0.014814814814814836
        ]
    ],
    "original_data": [
        {
            "time_step": 1,
            "original_data_path": "/content/drive/Othercomputers/\ub0b4 \ub178\ud2b8\ubd81/Forked_Models/Validation/Validation/_\ub77c\ubca8_General_val_C/district/3. \ud6c4\ubc29 \ubc29\ud5a5 \uc774\ubbf8\uc9c0/[district]day_949C/[district]day_949C_230.json",
            "id": 2
        },
        {
            "time_step": 2,
            "original_data_path": "/content/drive/Othercomputers/\ub0b4 \ub178\ud2b8\ubd81/Forked_Models/Validation/Validation/_\ub77c\ubca8_General_val_C/district/3. \ud6c4\ubc29 \ubc29\ud5a5 \uc774\ubbf8\uc9c0/[district]day_949C/[district]day_949C_235.json",
            "id": 2
        },
        {
            "time_step": 3,
            "original_data_path": "/content/drive/Othercomputers/\ub0b4 \ub178\ud2b8\ubd81/Forked_Models/Validation/Validation/_\ub77c\ubca8_General_val_C/district/3. \ud6c4\ubc29 \ubc29\ud5a5 \uc774\ubbf8\uc9c0/[district]day_949C/[district]day_949C_240.json",
            "id": 2
        }
    ],
    "label": 2
}