{
    "data": [
        [
            0.6385416666666667,
            0.4824074074074074,
            -0.0005208333333333037,
            -0.04537037037037034,
            -0.03541666666666665,
            0.0,
            0.02239583333333328,
            0.0018518518518518823
        ],
        [
            0.6385416666666667,
            0.4824074074074074,
            -0.0005208333333333037,
            -0.04537037037037034,
            -0.03541666666666665,
            0.0,
            0.02239583333333328,
            0.0018518518518518823
        ],
        [
            0.6385416666666667,
            0.4824074074074074,
            -0.0005208333333333037,
            -0.04537037037037034,
            -0.03541666666666665,
            0.0,
            0.02239583333333328,
            0.0018518518518518823
        ]
    ],
    "original_data": [
        {
            "time_step": 1,
            "original_data_path": "/content/drive/Othercomputers/\ub0b4 \ub178\ud2b8\ubd81/Forked_Models/Validation/Validation/_\ub77c\ubca8_General_val_C/district/3. \ud6c4\ubc29 \ubc29\ud5a5 \uc774\ubbf8\uc9c0/[district]night_617C/[district]night_617C_535.json",
            "id": 2
        },
        {
            "time_step": 2,
            "original_data_path": "/content/drive/Othercomputers/\ub0b4 \ub178\ud2b8\ubd81/Forked_Models/Validation/Validation/_\ub77c\ubca8_General_val_C/district/3. \ud6c4\ubc29 \ubc29\ud5a5 \uc774\ubbf8\uc9c0/[district]night_617C/[district]night_617C_540.json",
            "id": 2
        },
        {
            "time_step": 3,
            "original_data_path": "/content/drive/Othercomputers/\ub0b4 \ub178\ud2b8\ubd81/Forked_Models/Validation/Validation/_\ub77c\ubca8_General_val_C/district/3. \ud6c4\ubc29 \ubc29\ud5a5 \uc774\ubbf8\uc9c0/[district]night_617C/[district]night_617C_545.json",
            "id": 2
        }
    ],
    "label": 2
}