{
    "data": [
        [
            0.5572916666666666,
            0.2740740740740741,
            0.0005208333333334147,
            -0.041666666666666685,
            -0.019270833333333348,
            0.006481481481481477,
            0.03750000000000009,
            0.017592592592592604
        ],
        [
            0.5572916666666666,
            0.2740740740740741,
            0.0005208333333334147,
            -0.041666666666666685,
            -0.019270833333333348,
            0.006481481481481477,
            0.03750000000000009,
            0.017592592592592604
        ],
        [
            0.5572916666666666,
            0.2740740740740741,
            0.0005208333333334147,
            -0.041666666666666685,
            -0.019270833333333348,
            0.006481481481481477,
            0.034375000000000044,
            0.01851851851851849
        ]
    ],
    "original_data": [
        {
            "time_step": 1,
            "original_data_path": "/content/drive/Othercomputers/\ub0b4 \ub178\ud2b8\ubd81/Forked_Models/Validation/Validation/_\ub77c\ubca8_General_val_C/district/3. \ud6c4\ubc29 \ubc29\ud5a5 \uc774\ubbf8\uc9c0/[district]day_683C/[district]day_683C_445.json",
            "id": 3
        },
        {
            "time_step": 2,
            "original_data_path": "/content/drive/Othercomputers/\ub0b4 \ub178\ud2b8\ubd81/Forked_Models/Validation/Validation/_\ub77c\ubca8_General_val_C/district/3. \ud6c4\ubc29 \ubc29\ud5a5 \uc774\ubbf8\uc9c0/[district]day_683C/[district]day_683C_450.json",
            "id": 3
        },
        {
            "time_step": 3,
            "original_data_path": "/content/drive/Othercomputers/\ub0b4 \ub178\ud2b8\ubd81/Forked_Models/Validation/Validation/_\ub77c\ubca8_General_val_C/district/3. \ud6c4\ubc29 \ubc29\ud5a5 \uc774\ubbf8\uc9c0/[district]day_683C/[district]day_683C_455.json",
            "id": 3
        }
    ],
    "label": 2
}