{
    "data": [
        [
            0.36666666666666664,
            0.5962962962962963,
            -0.033333333333333326,
            -0.08148148148148149,
            0.018229166666666685,
            -0.02314814814814814,
            0.04010416666666672,
            0.0796296296296296
        ],
        [
            0.36666666666666664,
            0.5962962962962963,
            -0.033333333333333326,
            -0.08148148148148149,
            0.027083333333333348,
            -0.03518518518518521,
            0.04010416666666672,
            0.0796296296296296
        ],
        [
            0.36666666666666664,
            0.5962962962962963,
            -0.033333333333333326,
            -0.08148148148148149,
            0.021875000000000033,
            -0.03240740740740744,
            0.04010416666666672,
            0.0796296296296296
        ]
    ],
    "original_data": [
        {
            "time_step": 1,
            "original_data_path": "/content/drive/Othercomputers/\ub0b4 \ub178\ud2b8\ubd81/Forked_Models/Validation/Validation/_\ub77c\ubca8_General_val_C/district/3. \ud6c4\ubc29 \ubc29\ud5a5 \uc774\ubbf8\uc9c0/[district]attend_534C/[district]attend_534C_25.json",
            "id": 3
        },
        {
            "time_step": 2,
            "original_data_path": "/content/drive/Othercomputers/\ub0b4 \ub178\ud2b8\ubd81/Forked_Models/Validation/Validation/_\ub77c\ubca8_General_val_C/district/3. \ud6c4\ubc29 \ubc29\ud5a5 \uc774\ubbf8\uc9c0/[district]attend_534C/[district]attend_534C_30.json",
            "id": 3
        },
        {
            "time_step": 3,
            "original_data_path": "/content/drive/Othercomputers/\ub0b4 \ub178\ud2b8\ubd81/Forked_Models/Validation/Validation/_\ub77c\ubca8_General_val_C/district/3. \ud6c4\ubc29 \ubc29\ud5a5 \uc774\ubbf8\uc9c0/[district]attend_534C/[district]attend_534C_35.json",
            "id": 3
        }
    ],
    "label": 2
}