{
    "data": [
        [
            0.5333333333333333,
            0.04537037037037037,
            0.0031250000000000444,
            -0.02314814814814815,
            -0.031770833333333304,
            -0.004629629629629629,
            0.023958333333333304,
            0.023148148148148147
        ],
        [
            0.525,
            0.03888888888888889,
            0.005208333333333259,
            -0.02314814814814815,
            -0.0234375,
            0.0018518518518518545,
            0.025520833333333326,
            0.018518518518518517
        ],
        [
            0.5338541666666666,
            0.03425925925925926,
            0.004166666666666652,
            -0.0212962962962963,
            -0.030729166666666585,
            0.007407407407407404,
            0.02187500000000009,
            0.019444444444444445
        ]
    ],
    "original_data": [
        {
            "time_step": 1,
            "original_data_path": "/content/drive/Othercomputers/\ub0b4 \ub178\ud2b8\ubd81/Forked_Models/Validation/Validation/_\ub77c\ubca8_General_val_C/district/3. \ud6c4\ubc29 \ubc29\ud5a5 \uc774\ubbf8\uc9c0/[district]leave_075C/[district]leave_075C_262.json",
            "id": 0
        },
        {
            "time_step": 2,
            "original_data_path": "/content/drive/Othercomputers/\ub0b4 \ub178\ud2b8\ubd81/Forked_Models/Validation/Validation/_\ub77c\ubca8_General_val_C/district/3. \ud6c4\ubc29 \ubc29\ud5a5 \uc774\ubbf8\uc9c0/[district]leave_075C/[district]leave_075C_264.json",
            "id": 0
        },
        {
            "time_step": 3,
            "original_data_path": "/content/drive/Othercomputers/\ub0b4 \ub178\ud2b8\ubd81/Forked_Models/Validation/Validation/_\ub77c\ubca8_General_val_C/district/3. \ud6c4\ubc29 \ubc29\ud5a5 \uc774\ubbf8\uc9c0/[district]leave_075C/[district]leave_075C_266.json",
            "id": 0
        }
    ],
    "label": 2
}