{
    "data": [
        [
            0.5635416666666667,
            0.287962962962963,
            0.004166666666666652,
            -0.04444444444444445,
            -0.0234375,
            -0.00462962962962965,
            0.031770833333333304,
            0.010185185185185186
        ],
        [
            0.5635416666666667,
            0.287962962962963,
            0.004166666666666652,
            -0.04444444444444445,
            -0.0234375,
            -0.00462962962962965,
            0.031770833333333304,
            0.010185185185185186
        ],
        [
            0.5635416666666667,
            0.287962962962963,
            0.004166666666666652,
            -0.04444444444444445,
            -0.0234375,
            -0.00462962962962965,
            0.031770833333333304,
            0.010185185185185186
        ]
    ],
    "original_data": [
        {
            "time_step": 1,
            "original_data_path": "/content/drive/Othercomputers/\ub0b4 \ub178\ud2b8\ubd81/Forked_Models/Validation/Validation/_\ub77c\ubca8_General_val_C/district/3. \ud6c4\ubc29 \ubc29\ud5a5 \uc774\ubbf8\uc9c0/[district]day_683C/[district]day_683C_335.json",
            "id": 3
        },
        {
            "time_step": 2,
            "original_data_path": "/content/drive/Othercomputers/\ub0b4 \ub178\ud2b8\ubd81/Forked_Models/Validation/Validation/_\ub77c\ubca8_General_val_C/district/3. \ud6c4\ubc29 \ubc29\ud5a5 \uc774\ubbf8\uc9c0/[district]day_683C/[district]day_683C_340.json",
            "id": 3
        },
        {
            "time_step": 3,
            "original_data_path": "/content/drive/Othercomputers/\ub0b4 \ub178\ud2b8\ubd81/Forked_Models/Validation/Validation/_\ub77c\ubca8_General_val_C/district/3. \ud6c4\ubc29 \ubc29\ud5a5 \uc774\ubbf8\uc9c0/[district]day_683C/[district]day_683C_345.json",
            "id": 3
        }
    ],
    "label": 2
}