{
    "data": [
        [
            0.33177083333333335,
            0.3212962962962963,
            -0.004687500000000011,
            -0.022222222222222254,
            -0.018229166666666685,
            0.011111111111111127,
            0.019270833333333293,
            -0.013888888888888895
        ],
        [
            0.32916666666666666,
            0.3287037037037037,
            -0.009895833333333326,
            -0.021296296296296313,
            -0.017708333333333326,
            0.012037037037037013,
            0.022916666666666696,
            -0.007407407407407418
        ],
        [
            0.3260416666666667,
            0.3527777777777778,
            -0.004687500000000011,
            -0.01296296296296301,
            -0.01614583333333336,
            0.004629629629629595,
            0.024999999999999967,
            -0.014814814814814836
        ]
    ],
    "original_data": [
        {
            "time_step": 1,
            "original_data_path": "/content/drive/Othercomputers/\ub0b4 \ub178\ud2b8\ubd81/Forked_Models/Validation/Validation/_\ub77c\ubca8_General_val_C/district/3. \ud6c4\ubc29 \ubc29\ud5a5 \uc774\ubbf8\uc9c0/[district]leave_642C/[district]leave_642C_85.json",
            "id": 3
        },
        {
            "time_step": 2,
            "original_data_path": "/content/drive/Othercomputers/\ub0b4 \ub178\ud2b8\ubd81/Forked_Models/Validation/Validation/_\ub77c\ubca8_General_val_C/district/3. \ud6c4\ubc29 \ubc29\ud5a5 \uc774\ubbf8\uc9c0/[district]leave_642C/[district]leave_642C_90.json",
            "id": 3
        },
        {
            "time_step": 3,
            "original_data_path": "/content/drive/Othercomputers/\ub0b4 \ub178\ud2b8\ubd81/Forked_Models/Validation/Validation/_\ub77c\ubca8_General_val_C/district/3. \ud6c4\ubc29 \ubc29\ud5a5 \uc774\ubbf8\uc9c0/[district]leave_642C/[district]leave_642C_95.json",
            "id": 3
        }
    ],
    "label": 2
}