{
    "data": [
        [
            0.5130208333333334,
            0.4925925925925926,
            0.0015624999999999112,
            -0.062037037037037,
            -0.014583333333333393,
            0.12777777777777777,
            -0.003645833333333348,
            -0.02314814814814814
        ],
        [
            0.509375,
            0.4888888888888889,
            0.005208333333333259,
            -0.05833333333333329,
            -0.012500000000000011,
            0.12407407407407406,
            -0.016666666666666663,
            -0.02314814814814814
        ],
        [
            0.509375,
            0.4888888888888889,
            0.005208333333333259,
            -0.05833333333333329,
            -0.02083333333333337,
            0.11388888888888887,
            -0.016666666666666663,
            -0.02314814814814814
        ]
    ],
    "original_data": [
        {
            "time_step": 1,
            "original_data_path": "/content/drive/Othercomputers/\ub0b4 \ub178\ud2b8\ubd81/Forked_Models/Validation/Validation/_\ub77c\ubca8_General_val_C/district/3. \ud6c4\ubc29 \ubc29\ud5a5 \uc774\ubbf8\uc9c0/[district]leave_511C/[district]leave_511C_565.json",
            "id": 1
        },
        {
            "time_step": 2,
            "original_data_path": "/content/drive/Othercomputers/\ub0b4 \ub178\ud2b8\ubd81/Forked_Models/Validation/Validation/_\ub77c\ubca8_General_val_C/district/3. \ud6c4\ubc29 \ubc29\ud5a5 \uc774\ubbf8\uc9c0/[district]leave_511C/[district]leave_511C_570.json",
            "id": 1
        },
        {
            "time_step": 3,
            "original_data_path": "/content/drive/Othercomputers/\ub0b4 \ub178\ud2b8\ubd81/Forked_Models/Validation/Validation/_\ub77c\ubca8_General_val_C/district/3. \ud6c4\ubc29 \ubc29\ud5a5 \uc774\ubbf8\uc9c0/[district]leave_511C/[district]leave_511C_575.json",
            "id": 1
        }
    ],
    "label": 2
}