{
    "data": [
        [
            0.5,
            0.058333333333333334,
            -0.0005208333333333592,
            -0.015740740740740743,
            -0.01874999999999999,
            0.018518518518518517,
            0.01822916666666663,
            0.023148148148148154
        ],
        [
            0.5,
            0.058333333333333334,
            -0.0005208333333333592,
            -0.015740740740740743,
            -0.01874999999999999,
            0.018518518518518517,
            0.01822916666666663,
            0.023148148148148154
        ],
        [
            0.5,
            0.058333333333333334,
            -0.0005208333333333592,
            -0.015740740740740743,
            -0.01874999999999999,
            0.018518518518518517,
            0.012499999999999956,
            0.022222222222222227
        ]
    ],
    "original_data": [
        {
            "time_step": 1,
            "original_data_path": "/content/drive/Othercomputers/\ub0b4 \ub178\ud2b8\ubd81/Forked_Models/Validation/Validation/_\ub77c\ubca8_General_val_C/district/3. \ud6c4\ubc29 \ubc29\ud5a5 \uc774\ubbf8\uc9c0/[district]leave_075C/[district]leave_075C_34.json",
            "id": 0
        },
        {
            "time_step": 2,
            "original_data_path": "/content/drive/Othercomputers/\ub0b4 \ub178\ud2b8\ubd81/Forked_Models/Validation/Validation/_\ub77c\ubca8_General_val_C/district/3. \ud6c4\ubc29 \ubc29\ud5a5 \uc774\ubbf8\uc9c0/[district]leave_075C/[district]leave_075C_36.json",
            "id": 0
        },
        {
            "time_step": 3,
            "original_data_path": "/content/drive/Othercomputers/\ub0b4 \ub178\ud2b8\ubd81/Forked_Models/Validation/Validation/_\ub77c\ubca8_General_val_C/district/3. \ud6c4\ubc29 \ubc29\ud5a5 \uc774\ubbf8\uc9c0/[district]leave_075C/[district]leave_075C_38.json",
            "id": 0
        }
    ],
    "label": 2
}