{
    "data": [
        [
            0.8046875,
            0.18981481481481483,
            -0.0026041666666666297,
            -0.02777777777777779,
            -0.034375000000000044,
            0.036111111111111094,
            0.036979166666666674,
            0.044444444444444425
        ],
        [
            0.8005208333333333,
            0.18796296296296297,
            -0.0015625000000000222,
            -0.025925925925925936,
            -0.03125,
            0.03796296296296295,
            0.04010416666666661,
            0.04629629629629628
        ],
        [
            0.8052083333333333,
            0.18425925925925926,
            -0.005208333333333259,
            -0.02685185185185185,
            -0.03437499999999993,
            0.03888888888888889,
            0.036979166666666674,
            0.048148148148148134
        ]
    ],
    "original_data": [
        {
            "time_step": 1,
            "original_data_path": "/content/drive/Othercomputers/\ub0b4 \ub178\ud2b8\ubd81/Forked_Models/Validation/Validation/_\ub77c\ubca8_General_val_C/district/3. \ud6c4\ubc29 \ubc29\ud5a5 \uc774\ubbf8\uc9c0/[district]leave_007C/[district]leave_007C_168.json",
            "id": 2
        },
        {
            "time_step": 2,
            "original_data_path": "/content/drive/Othercomputers/\ub0b4 \ub178\ud2b8\ubd81/Forked_Models/Validation/Validation/_\ub77c\ubca8_General_val_C/district/3. \ud6c4\ubc29 \ubc29\ud5a5 \uc774\ubbf8\uc9c0/[district]leave_007C/[district]leave_007C_170.json",
            "id": 2
        },
        {
            "time_step": 3,
            "original_data_path": "/content/drive/Othercomputers/\ub0b4 \ub178\ud2b8\ubd81/Forked_Models/Validation/Validation/_\ub77c\ubca8_General_val_C/district/3. \ud6c4\ubc29 \ubc29\ud5a5 \uc774\ubbf8\uc9c0/[district]leave_007C/[district]leave_007C_172.json",
            "id": 2
        }
    ],
    "label": 2
}