{
    "data": [
        [
            0.32760416666666664,
            0.899074074074074,
            -0.04635416666666664,
            -0.03240740740740733,
            0.034375000000000044,
            -0.06574074074074066,
            -0.002083333333333326,
            0.10000000000000009
        ],
        [
            0.32708333333333334,
            0.9361111111111111,
            -0.05625000000000002,
            -0.06018518518518523,
            0.0390625,
            -0.0712962962962963,
            -0.0015625000000000222,
            0.062962962962963
        ],
        [
            0.321875,
            0.9361111111111111,
            -0.04791666666666666,
            -0.06944444444444442,
            0.036458333333333315,
            -0.07407407407407407,
            -0.0015625000000000222,
            0.062962962962963
        ]
    ],
    "original_data": [
        {
            "time_step": 1,
            "original_data_path": "/content/drive/Othercomputers/\ub0b4 \ub178\ud2b8\ubd81/Forked_Models/Validation/Validation/_\ub77c\ubca8_General_val_C/district/3. \ud6c4\ubc29 \ubc29\ud5a5 \uc774\ubbf8\uc9c0/[district]night_623C/[district]night_623C_535.json",
            "id": 9
        },
        {
            "time_step": 2,
            "original_data_path": "/content/drive/Othercomputers/\ub0b4 \ub178\ud2b8\ubd81/Forked_Models/Validation/Validation/_\ub77c\ubca8_General_val_C/district/3. \ud6c4\ubc29 \ubc29\ud5a5 \uc774\ubbf8\uc9c0/[district]night_623C/[district]night_623C_540.json",
            "id": 9
        },
        {
            "time_step": 3,
            "original_data_path": "/content/drive/Othercomputers/\ub0b4 \ub178\ud2b8\ubd81/Forked_Models/Validation/Validation/_\ub77c\ubca8_General_val_C/district/3. \ud6c4\ubc29 \ubc29\ud5a5 \uc774\ubbf8\uc9c0/[district]night_623C/[district]night_623C_545.json",
            "id": 9
        }
    ],
    "label": 2
}