{
    "data": [
        [
            0.34479166666666666,
            0.29814814814814816,
            -0.002083333333333326,
            -0.03611111111111115,
            -0.019791666666666652,
            -0.0018518518518518823,
            0.025000000000000022,
            0.0
        ],
        [
            0.34479166666666666,
            0.29814814814814816,
            -0.002083333333333326,
            -0.03611111111111115,
            -0.019791666666666652,
            -0.0018518518518518823,
            0.0234375,
            -0.0018518518518518823
        ],
        [
            0.34479166666666666,
            0.29814814814814816,
            -0.002083333333333326,
            -0.03611111111111115,
            -0.019791666666666652,
            -0.0018518518518518823,
            0.0234375,
            -0.0018518518518518823
        ]
    ],
    "original_data": [
        {
            "time_step": 1,
            "original_data_path": "/content/drive/Othercomputers/\ub0b4 \ub178\ud2b8\ubd81/Forked_Models/Validation/Validation/_\ub77c\ubca8_General_val_C/district/3. \ud6c4\ubc29 \ubc29\ud5a5 \uc774\ubbf8\uc9c0/[district]leave_594C/[district]leave_594C_285.json",
            "id": 2
        },
        {
            "time_step": 2,
            "original_data_path": "/content/drive/Othercomputers/\ub0b4 \ub178\ud2b8\ubd81/Forked_Models/Validation/Validation/_\ub77c\ubca8_General_val_C/district/3. \ud6c4\ubc29 \ubc29\ud5a5 \uc774\ubbf8\uc9c0/[district]leave_594C/[district]leave_594C_290.json",
            "id": 2
        },
        {
            "time_step": 3,
            "original_data_path": "/content/drive/Othercomputers/\ub0b4 \ub178\ud2b8\ubd81/Forked_Models/Validation/Validation/_\ub77c\ubca8_General_val_C/district/3. \ud6c4\ubc29 \ubc29\ud5a5 \uc774\ubbf8\uc9c0/[district]leave_594C/[district]leave_594C_295.json",
            "id": 2
        }
    ],
    "label": 2
}