{
    "data": [
        [
            0.36302083333333335,
            0.8453703703703703,
            -0.010937499999999989,
            -0.0444444444444444,
            0.04270833333333329,
            -0.0712962962962963,
            -0.0005208333333333592,
            0.14074074074074083
        ],
        [
            0.3572916666666667,
            0.8416666666666667,
            -0.005208333333333315,
            -0.06018518518518523,
            0.05624999999999997,
            -0.05833333333333335,
            0.0005208333333333037,
            0.13518518518518519
        ],
        [
            0.35052083333333334,
            0.8388888888888889,
            -0.004687500000000011,
            -0.05833333333333335,
            0.0630208333333333,
            -0.05555555555555558,
            0.007291666666666641,
            0.13796296296296295
        ]
    ],
    "original_data": [
        {
            "time_step": 1,
            "original_data_path": "/content/drive/Othercomputers/\ub0b4 \ub178\ud2b8\ubd81/Forked_Models/Validation/Validation/_\ub77c\ubca8_General_val_C/district/3. \ud6c4\ubc29 \ubc29\ud5a5 \uc774\ubbf8\uc9c0/[district]day_708C/[district]day_708C_90.json",
            "id": 8
        },
        {
            "time_step": 2,
            "original_data_path": "/content/drive/Othercomputers/\ub0b4 \ub178\ud2b8\ubd81/Forked_Models/Validation/Validation/_\ub77c\ubca8_General_val_C/district/3. \ud6c4\ubc29 \ubc29\ud5a5 \uc774\ubbf8\uc9c0/[district]day_708C/[district]day_708C_95.json",
            "id": 8
        },
        {
            "time_step": 3,
            "original_data_path": "/content/drive/Othercomputers/\ub0b4 \ub178\ud2b8\ubd81/Forked_Models/Validation/Validation/_\ub77c\ubca8_General_val_C/district/3. \ud6c4\ubc29 \ubc29\ud5a5 \uc774\ubbf8\uc9c0/[district]day_708C/[district]day_708C_100.json",
            "id": 8
        }
    ],
    "label": 2
}