{
    "data": [
        [
            0.44479166666666664,
            0.45185185185185184,
            -0.011979166666666652,
            -0.05833333333333329,
            -0.015625,
            -0.011111111111111072,
            0.012500000000000011,
            0.11296296296296293
        ],
        [
            0.44427083333333334,
            0.44166666666666665,
            -0.022395833333333337,
            -0.06851851851851848,
            0.017187500000000022,
            -0.021296296296296258,
            0.005729166666666674,
            0.09722222222222221
        ],
        [
            0.453125,
            0.4361111111111111,
            -0.014062499999999978,
            -0.0537037037037037,
            0.025520833333333326,
            -0.0314814814814815,
            -0.006770833333333337,
            0.0796296296296296
        ]
    ],
    "original_data": [
        {
            "time_step": 1,
            "original_data_path": "/content/drive/Othercomputers/\ub0b4 \ub178\ud2b8\ubd81/Forked_Models/Validation/Validation/_\ub77c\ubca8_General_val_C/district/3. \ud6c4\ubc29 \ubc29\ud5a5 \uc774\ubbf8\uc9c0/[district]leave_075C/[district]leave_075C_196.json",
            "id": 5
        },
        {
            "time_step": 2,
            "original_data_path": "/content/drive/Othercomputers/\ub0b4 \ub178\ud2b8\ubd81/Forked_Models/Validation/Validation/_\ub77c\ubca8_General_val_C/district/3. \ud6c4\ubc29 \ubc29\ud5a5 \uc774\ubbf8\uc9c0/[district]leave_075C/[district]leave_075C_198.json",
            "id": 5
        },
        {
            "time_step": 3,
            "original_data_path": "/content/drive/Othercomputers/\ub0b4 \ub178\ud2b8\ubd81/Forked_Models/Validation/Validation/_\ub77c\ubca8_General_val_C/district/3. \ud6c4\ubc29 \ubc29\ud5a5 \uc774\ubbf8\uc9c0/[district]leave_075C/[district]leave_075C_200.json",
            "id": 5
        }
    ],
    "label": 2
}