{
    "data": [
        [
            0.5536458333333333,
            0.28055555555555556,
            0.0026041666666667407,
            -0.033333333333333326,
            -0.027083333333333237,
            0.02314814814814814,
            0.022395833333333393,
            0.025925925925925908
        ],
        [
            0.5536458333333333,
            0.28055555555555556,
            0.0026041666666667407,
            -0.033333333333333326,
            -0.027083333333333237,
            0.02314814814814814,
            0.022395833333333393,
            0.025925925925925908
        ],
        [
            0.5536458333333333,
            0.28055555555555556,
            0.0026041666666667407,
            -0.033333333333333326,
            -0.027083333333333237,
            0.02314814814814814,
            0.022395833333333393,
            0.025925925925925908
        ]
    ],
    "original_data": [
        {
            "time_step": 1,
            "original_data_path": "/content/drive/Othercomputers/\ub0b4 \ub178\ud2b8\ubd81/Forked_Models/Validation/Validation/_\ub77c\ubca8_General_val_C/district/3. \ud6c4\ubc29 \ubc29\ud5a5 \uc774\ubbf8\uc9c0/[district]day_712C/[district]day_712C_125.json",
            "id": 2
        },
        {
            "time_step": 2,
            "original_data_path": "/content/drive/Othercomputers/\ub0b4 \ub178\ud2b8\ubd81/Forked_Models/Validation/Validation/_\ub77c\ubca8_General_val_C/district/3. \ud6c4\ubc29 \ubc29\ud5a5 \uc774\ubbf8\uc9c0/[district]day_712C/[district]day_712C_130.json",
            "id": 2
        },
        {
            "time_step": 3,
            "original_data_path": "/content/drive/Othercomputers/\ub0b4 \ub178\ud2b8\ubd81/Forked_Models/Validation/Validation/_\ub77c\ubca8_General_val_C/district/3. \ud6c4\ubc29 \ubc29\ud5a5 \uc774\ubbf8\uc9c0/[district]day_712C/[district]day_712C_135.json",
            "id": 2
        }
    ],
    "label": 2
}