{
    "data": [
        [
            0.3359375,
            0.2898148148148148,
            -0.004166666666666652,
            -0.03518518518518515,
            -0.025520833333333326,
            0.002777777777777768,
            0.033854166666666685,
            -0.0009259259259259411
        ],
        [
            0.33645833333333336,
            0.2898148148148148,
            -0.002604166666666685,
            -0.02777777777777779,
            -0.025000000000000022,
            0.010185185185185186,
            0.033333333333333326,
            -0.0009259259259259411
        ],
        [
            0.33541666666666664,
            0.29074074074074074,
            -0.0015624999999999667,
            -0.02870370370370373,
            -0.023958333333333304,
            0.009259259259259245,
            0.034375000000000044,
            -0.0018518518518518823
        ]
    ],
    "original_data": [
        {
            "time_step": 1,
            "original_data_path": "/content/drive/Othercomputers/\ub0b4 \ub178\ud2b8\ubd81/Forked_Models/Validation/Validation/_\ub77c\ubca8_General_val_C/district/3. \ud6c4\ubc29 \ubc29\ud5a5 \uc774\ubbf8\uc9c0/[district]day_420C/[district]day_420C_530.json",
            "id": 0
        },
        {
            "time_step": 2,
            "original_data_path": "/content/drive/Othercomputers/\ub0b4 \ub178\ud2b8\ubd81/Forked_Models/Validation/Validation/_\ub77c\ubca8_General_val_C/district/3. \ud6c4\ubc29 \ubc29\ud5a5 \uc774\ubbf8\uc9c0/[district]day_420C/[district]day_420C_535.json",
            "id": 0
        },
        {
            "time_step": 3,
            "original_data_path": "/content/drive/Othercomputers/\ub0b4 \ub178\ud2b8\ubd81/Forked_Models/Validation/Validation/_\ub77c\ubca8_General_val_C/district/3. \ud6c4\ubc29 \ubc29\ud5a5 \uc774\ubbf8\uc9c0/[district]day_420C/[district]day_420C_540.json",
            "id": 0
        }
    ],
    "label": 2
}