{
    "data": [
        [
            0.49375,
            0.10277777777777777,
            0.004166666666666652,
            -0.019444444444444445,
            0.017187500000000022,
            0.009259259259259259,
            -0.01302083333333337,
            0.009259259259259259
        ],
        [
            0.5020833333333333,
            0.08148148148148149,
            0.006249999999999978,
            -0.014814814814814822,
            0.010937500000000044,
            0.009259259259259259,
            -0.016666666666666663,
            0.00555555555555555
        ],
        [
            0.5135416666666667,
            0.07222222222222222,
            0.006249999999999978,
            -0.012037037037037034,
            0.009375000000000022,
            0.010185185185185186,
            -0.015104166666666696,
            0.004629629629629636
        ]
    ],
    "original_data": [
        {
            "time_step": 1,
            "original_data_path": "/content/drive/Othercomputers/\ub0b4 \ub178\ud2b8\ubd81/Forked_Models/Validation/Validation/_\ub77c\ubca8_General_val_C/district/3. \ud6c4\ubc29 \ubc29\ud5a5 \uc774\ubbf8\uc9c0/[district]leave_511C/[district]leave_511C_420.json",
            "id": 3
        },
        {
            "time_step": 2,
            "original_data_path": "/content/drive/Othercomputers/\ub0b4 \ub178\ud2b8\ubd81/Forked_Models/Validation/Validation/_\ub77c\ubca8_General_val_C/district/3. \ud6c4\ubc29 \ubc29\ud5a5 \uc774\ubbf8\uc9c0/[district]leave_511C/[district]leave_511C_425.json",
            "id": 3
        },
        {
            "time_step": 3,
            "original_data_path": "/content/drive/Othercomputers/\ub0b4 \ub178\ud2b8\ubd81/Forked_Models/Validation/Validation/_\ub77c\ubca8_General_val_C/district/3. \ud6c4\ubc29 \ubc29\ud5a5 \uc774\ubbf8\uc9c0/[district]leave_511C/[district]leave_511C_430.json",
            "id": 3
        }
    ],
    "label": 2
}