{
    "data": [
        [
            0.42604166666666665,
            0.18425925925925926,
            -0.0015624999999999667,
            -0.021296296296296285,
            -0.016145833333333304,
            0.01203703703703704,
            0.026041666666666685,
            0.013888888888888895
        ],
        [
            0.4296875,
            0.18333333333333332,
            -0.002604166666666685,
            -0.017592592592592576,
            -0.019791666666666652,
            0.012962962962962982,
            0.022395833333333337,
            0.014814814814814836
        ],
        [
            0.4296875,
            0.18333333333333332,
            -0.002604166666666685,
            -0.017592592592592576,
            -0.019791666666666652,
            0.012962962962962982,
            0.022395833333333337,
            0.014814814814814836
        ]
    ],
    "original_data": [
        {
            "time_step": 1,
            "original_data_path": "/content/drive/Othercomputers/\ub0b4 \ub178\ud2b8\ubd81/Forked_Models/Validation/Validation/_\ub77c\ubca8_General_val_C/district/3. \ud6c4\ubc29 \ubc29\ud5a5 \uc774\ubbf8\uc9c0/[district]night_623C/[district]night_623C_185.json",
            "id": 6
        },
        {
            "time_step": 2,
            "original_data_path": "/content/drive/Othercomputers/\ub0b4 \ub178\ud2b8\ubd81/Forked_Models/Validation/Validation/_\ub77c\ubca8_General_val_C/district/3. \ud6c4\ubc29 \ubc29\ud5a5 \uc774\ubbf8\uc9c0/[district]night_623C/[district]night_623C_190.json",
            "id": 6
        },
        {
            "time_step": 3,
            "original_data_path": "/content/drive/Othercomputers/\ub0b4 \ub178\ud2b8\ubd81/Forked_Models/Validation/Validation/_\ub77c\ubca8_General_val_C/district/3. \ud6c4\ubc29 \ubc29\ud5a5 \uc774\ubbf8\uc9c0/[district]night_623C/[district]night_623C_195.json",
            "id": 6
        }
    ],
    "label": 2
}