{
    "data": [
        [
            0.7942708333333334,
            0.3675925925925926,
            -0.005729166666666674,
            -0.060185185185185175,
            -0.04947916666666674,
            0.021296296296296313,
            0.054166666666666585,
            0.02777777777777779
        ],
        [
            0.79375,
            0.37962962962962965,
            0.0005208333333334147,
            -0.06574074074074077,
            -0.04999999999999993,
            0.01759259259259255,
            0.050000000000000044,
            0.010185185185185186
        ],
        [
            0.7973958333333333,
            0.35648148148148145,
            0.0,
            -0.06666666666666665,
            -0.052604166666666674,
            0.03703703703703709,
            0.047395833333333415,
            0.029629629629629672
        ]
    ],
    "original_data": [
        {
            "time_step": 1,
            "original_data_path": "/content/drive/Othercomputers/\ub0b4 \ub178\ud2b8\ubd81/Forked_Models/Validation/Validation/_\ub77c\ubca8_General_val_C/district/3. \ud6c4\ubc29 \ubc29\ud5a5 \uc774\ubbf8\uc9c0/[district]attend_064C/[district]attend_064C_88.json",
            "id": 1
        },
        {
            "time_step": 2,
            "original_data_path": "/content/drive/Othercomputers/\ub0b4 \ub178\ud2b8\ubd81/Forked_Models/Validation/Validation/_\ub77c\ubca8_General_val_C/district/3. \ud6c4\ubc29 \ubc29\ud5a5 \uc774\ubbf8\uc9c0/[district]attend_064C/[district]attend_064C_90.json",
            "id": 1
        },
        {
            "time_step": 3,
            "original_data_path": "/content/drive/Othercomputers/\ub0b4 \ub178\ud2b8\ubd81/Forked_Models/Validation/Validation/_\ub77c\ubca8_General_val_C/district/3. \ud6c4\ubc29 \ubc29\ud5a5 \uc774\ubbf8\uc9c0/[district]attend_064C/[district]attend_064C_92.json",
            "id": 1
        }
    ],
    "label": 2
}