{
    "data": [
        [
            0.8291666666666667,
            0.2101851851851852,
            0.0010416666666666075,
            -0.04814814814814816,
            -0.04322916666666676,
            0.032407407407407385,
            0.029687499999999978,
            0.037037037037037035
        ],
        [
            0.8291666666666667,
            0.21203703703703702,
            0.004166666666666652,
            -0.04722222222222222,
            -0.04322916666666676,
            0.0314814814814815,
            0.029687499999999978,
            0.03611111111111112
        ],
        [
            0.8291666666666667,
            0.21203703703703702,
            0.0026041666666666297,
            -0.04722222222222222,
            -0.038541666666666696,
            0.02777777777777779,
            0.029687499999999978,
            0.03611111111111112
        ]
    ],
    "original_data": [
        {
            "time_step": 1,
            "original_data_path": "/content/drive/Othercomputers/\ub0b4 \ub178\ud2b8\ubd81/Forked_Models/Validation/Validation/_\ub77c\ubca8_General_val_C/district/3. \ud6c4\ubc29 \ubc29\ud5a5 \uc774\ubbf8\uc9c0/[district]leave_046C/[district]leave_046C_106.json",
            "id": 3
        },
        {
            "time_step": 2,
            "original_data_path": "/content/drive/Othercomputers/\ub0b4 \ub178\ud2b8\ubd81/Forked_Models/Validation/Validation/_\ub77c\ubca8_General_val_C/district/3. \ud6c4\ubc29 \ubc29\ud5a5 \uc774\ubbf8\uc9c0/[district]leave_046C/[district]leave_046C_108.json",
            "id": 3
        },
        {
            "time_step": 3,
            "original_data_path": "/content/drive/Othercomputers/\ub0b4 \ub178\ud2b8\ubd81/Forked_Models/Validation/Validation/_\ub77c\ubca8_General_val_C/district/3. \ud6c4\ubc29 \ubc29\ud5a5 \uc774\ubbf8\uc9c0/[district]leave_046C/[district]leave_046C_110.json",
            "id": 3
        }
    ],
    "label": 2
}