{
    "data": [
        [
            0.4947916666666667,
            0.22314814814814815,
            0.009374999999999967,
            -0.0537037037037037,
            0.02916666666666662,
            0.01574074074074075,
            -0.024479166666666663,
            0.006481481481481477
        ],
        [
            0.4973958333333333,
            0.18333333333333332,
            0.005208333333333315,
            -0.0398148148148148,
            0.019791666666666707,
            0.033333333333333354,
            -0.023958333333333304,
            0.018518518518518545
        ],
        [
            0.4942708333333333,
            0.17222222222222222,
            0.002083333333333326,
            -0.0398148148148148,
            0.019791666666666652,
            0.018518518518518517,
            -0.023958333333333304,
            0.010185185185185186
        ]
    ],
    "original_data": [
        {
            "time_step": 1,
            "original_data_path": "/content/drive/Othercomputers/\ub0b4 \ub178\ud2b8\ubd81/Forked_Models/Validation/Validation/_\ub77c\ubca8_General_val_C/district/3. \ud6c4\ubc29 \ubc29\ud5a5 \uc774\ubbf8\uc9c0/[district]attend_534C/[district]attend_534C_365.json",
            "id": 4
        },
        {
            "time_step": 2,
            "original_data_path": "/content/drive/Othercomputers/\ub0b4 \ub178\ud2b8\ubd81/Forked_Models/Validation/Validation/_\ub77c\ubca8_General_val_C/district/3. \ud6c4\ubc29 \ubc29\ud5a5 \uc774\ubbf8\uc9c0/[district]attend_534C/[district]attend_534C_370.json",
            "id": 4
        },
        {
            "time_step": 3,
            "original_data_path": "/content/drive/Othercomputers/\ub0b4 \ub178\ud2b8\ubd81/Forked_Models/Validation/Validation/_\ub77c\ubca8_General_val_C/district/3. \ud6c4\ubc29 \ubc29\ud5a5 \uc774\ubbf8\uc9c0/[district]attend_534C/[district]attend_534C_375.json",
            "id": 4
        }
    ],
    "label": 2
}