{
    "data": [
        [
            0.6385416666666667,
            0.4925925925925926,
            0.003645833333333348,
            -0.08055555555555555,
            -0.031770833333333304,
            0.010185185185185186,
            0.022916666666666696,
            0.002777777777777768
        ],
        [
            0.6385416666666667,
            0.4925925925925926,
            0.003645833333333348,
            -0.08055555555555555,
            -0.031770833333333304,
            0.010185185185185186,
            0.022916666666666696,
            0.002777777777777768
        ],
        [
            0.6385416666666667,
            0.4925925925925926,
            0.003645833333333348,
            -0.08055555555555555,
            -0.031770833333333304,
            0.010185185185185186,
            0.022916666666666696,
            0.002777777777777768
        ]
    ],
    "original_data": [
        {
            "time_step": 1,
            "original_data_path": "/content/drive/Othercomputers/\ub0b4 \ub178\ud2b8\ubd81/Forked_Models/Validation/Validation/_\ub77c\ubca8_General_val_C/district/3. \ud6c4\ubc29 \ubc29\ud5a5 \uc774\ubbf8\uc9c0/[district]attend_534C/[district]attend_534C_550.json",
            "id": 2
        },
        {
            "time_step": 2,
            "original_data_path": "/content/drive/Othercomputers/\ub0b4 \ub178\ud2b8\ubd81/Forked_Models/Validation/Validation/_\ub77c\ubca8_General_val_C/district/3. \ud6c4\ubc29 \ubc29\ud5a5 \uc774\ubbf8\uc9c0/[district]attend_534C/[district]attend_534C_555.json",
            "id": 2
        },
        {
            "time_step": 3,
            "original_data_path": "/content/drive/Othercomputers/\ub0b4 \ub178\ud2b8\ubd81/Forked_Models/Validation/Validation/_\ub77c\ubca8_General_val_C/district/3. \ud6c4\ubc29 \ubc29\ud5a5 \uc774\ubbf8\uc9c0/[district]attend_534C/[district]attend_534C_560.json",
            "id": 2
        }
    ],
    "label": 2
}