{
    "data": [
        [
            0.8114583333333333,
            0.19537037037037036,
            0.002083333333333437,
            -0.032407407407407385,
            -0.03749999999999998,
            0.028703703703703703,
            0.03125,
            0.037037037037037035
        ],
        [
            0.8109375,
            0.19537037037037036,
            0.002083333333333326,
            -0.032407407407407385,
            -0.03802083333333328,
            0.028703703703703703,
            0.031770833333333304,
            0.037037037037037035
        ],
        [
            0.8119791666666667,
            0.19537037037037036,
            0.002083333333333326,
            -0.032407407407407385,
            -0.0390625,
            0.028703703703703703,
            0.031770833333333304,
            0.037037037037037035
        ]
    ],
    "original_data": [
        {
            "time_step": 1,
            "original_data_path": "/content/drive/Othercomputers/\ub0b4 \ub178\ud2b8\ubd81/Forked_Models/Validation/Validation/_\ub77c\ubca8_General_val_C/district/3. \ud6c4\ubc29 \ubc29\ud5a5 \uc774\ubbf8\uc9c0/[district]leave_007C/[district]leave_007C_100.json",
            "id": 2
        },
        {
            "time_step": 2,
            "original_data_path": "/content/drive/Othercomputers/\ub0b4 \ub178\ud2b8\ubd81/Forked_Models/Validation/Validation/_\ub77c\ubca8_General_val_C/district/3. \ud6c4\ubc29 \ubc29\ud5a5 \uc774\ubbf8\uc9c0/[district]leave_007C/[district]leave_007C_102.json",
            "id": 2
        },
        {
            "time_step": 3,
            "original_data_path": "/content/drive/Othercomputers/\ub0b4 \ub178\ud2b8\ubd81/Forked_Models/Validation/Validation/_\ub77c\ubca8_General_val_C/district/3. \ud6c4\ubc29 \ubc29\ud5a5 \uc774\ubbf8\uc9c0/[district]leave_007C/[district]leave_007C_104.json",
            "id": 2
        }
    ],
    "label": 2
}