{
    "data": [
        [
            0.39010416666666664,
            0.4962962962962963,
            -0.012499999999999956,
            -0.07685185185185184,
            -0.03125,
            0.0222222222222222,
            0.05208333333333337,
            0.027777777777777735
        ],
        [
            0.39010416666666664,
            0.4962962962962963,
            -0.012499999999999956,
            -0.07685185185185184,
            -0.03125,
            0.0222222222222222,
            0.05208333333333337,
            0.027777777777777735
        ],
        [
            0.39010416666666664,
            0.4962962962962963,
            -0.012499999999999956,
            -0.07685185185185184,
            -0.03125,
            0.0222222222222222,
            0.05208333333333337,
            0.027777777777777735
        ]
    ],
    "original_data": [
        {
            "time_step": 1,
            "original_data_path": "/content/drive/Othercomputers/\ub0b4 \ub178\ud2b8\ubd81/Forked_Models/Validation/Validation/_\ub77c\ubca8_General_val_C/district/3. \ud6c4\ubc29 \ubc29\ud5a5 \uc774\ubbf8\uc9c0/[district]day_567C/[district]day_567C_0.json",
            "id": 3
        },
        {
            "time_step": 2,
            "original_data_path": "/content/drive/Othercomputers/\ub0b4 \ub178\ud2b8\ubd81/Forked_Models/Validation/Validation/_\ub77c\ubca8_General_val_C/district/3. \ud6c4\ubc29 \ubc29\ud5a5 \uc774\ubbf8\uc9c0/[district]day_567C/[district]day_567C_5.json",
            "id": 3
        },
        {
            "time_step": 3,
            "original_data_path": "/content/drive/Othercomputers/\ub0b4 \ub178\ud2b8\ubd81/Forked_Models/Validation/Validation/_\ub77c\ubca8_General_val_C/district/3. \ud6c4\ubc29 \ubc29\ud5a5 \uc774\ubbf8\uc9c0/[district]day_567C/[district]day_567C_10.json",
            "id": 3
        }
    ],
    "label": 2
}