{
    "data": [
        [
            0.2578125,
            0.8842592592592593,
            -0.04218749999999999,
            -0.04166666666666674,
            0.009895833333333326,
            -0.06944444444444453,
            0.0078125,
            0.11481481481481481
        ],
        [
            0.25729166666666664,
            0.8740740740740741,
            -0.039583333333333304,
            -0.03240740740740744,
            0.009895833333333381,
            -0.062962962962963,
            -0.0005208333333333037,
            0.125
        ],
        [
            0.2515625,
            0.8740740740740741,
            -0.04375000000000001,
            -0.03703703703703709,
            0.021874999999999978,
            -0.06574074074074077,
            0.0026041666666666297,
            0.125
        ]
    ],
    "original_data": [
        {
            "time_step": 1,
            "original_data_path": "/content/drive/Othercomputers/\ub0b4 \ub178\ud2b8\ubd81/Forked_Models/Validation/Validation/_\ub77c\ubca8_General_val_C/district/3. \ud6c4\ubc29 \ubc29\ud5a5 \uc774\ubbf8\uc9c0/[district]leave_642C/[district]leave_642C_390.json",
            "id": 8
        },
        {
            "time_step": 2,
            "original_data_path": "/content/drive/Othercomputers/\ub0b4 \ub178\ud2b8\ubd81/Forked_Models/Validation/Validation/_\ub77c\ubca8_General_val_C/district/3. \ud6c4\ubc29 \ubc29\ud5a5 \uc774\ubbf8\uc9c0/[district]leave_642C/[district]leave_642C_395.json",
            "id": 8
        },
        {
            "time_step": 3,
            "original_data_path": "/content/drive/Othercomputers/\ub0b4 \ub178\ud2b8\ubd81/Forked_Models/Validation/Validation/_\ub77c\ubca8_General_val_C/district/3. \ud6c4\ubc29 \ubc29\ud5a5 \uc774\ubbf8\uc9c0/[district]leave_642C/[district]leave_642C_400.json",
            "id": 8
        }
    ],
    "label": 2
}