{
    "data": [
        [
            0.2791666666666667,
            0.9037037037037037,
            -0.028645833333333315,
            -0.012962962962962954,
            -0.003645833333333348,
            -0.06666666666666665,
            0.021874999999999978,
            0.09537037037037044
        ],
        [
            0.2921875,
            0.8907407407407407,
            -0.033333333333333326,
            -0.022222222222222254,
            -0.005208333333333315,
            -0.06574074074074077,
            0.013541666666666674,
            0.10833333333333339
        ],
        [
            0.29635416666666664,
            0.8759259259259259,
            -0.02656249999999999,
            -0.07499999999999996,
            0.006250000000000033,
            -0.0888888888888888,
            -0.004166666666666652,
            0.10925925925925928
        ]
    ],
    "original_data": [
        {
            "time_step": 1,
            "original_data_path": "/content/drive/Othercomputers/\ub0b4 \ub178\ud2b8\ubd81/Forked_Models/Validation/Validation/_\ub77c\ubca8_General_val_C/district/3. \ud6c4\ubc29 \ubc29\ud5a5 \uc774\ubbf8\uc9c0/[district]leave_642C/[district]leave_642C_110.json",
            "id": 8
        },
        {
            "time_step": 2,
            "original_data_path": "/content/drive/Othercomputers/\ub0b4 \ub178\ud2b8\ubd81/Forked_Models/Validation/Validation/_\ub77c\ubca8_General_val_C/district/3. \ud6c4\ubc29 \ubc29\ud5a5 \uc774\ubbf8\uc9c0/[district]leave_642C/[district]leave_642C_115.json",
            "id": 8
        },
        {
            "time_step": 3,
            "original_data_path": "/content/drive/Othercomputers/\ub0b4 \ub178\ud2b8\ubd81/Forked_Models/Validation/Validation/_\ub77c\ubca8_General_val_C/district/3. \ud6c4\ubc29 \ubc29\ud5a5 \uc774\ubbf8\uc9c0/[district]leave_642C/[district]leave_642C_120.json",
            "id": 8
        }
    ],
    "label": 2
}