{
    "data": [
        [
            0.5302083333333333,
            0.32222222222222224,
            -0.006249999999999978,
            -0.02777777777777779,
            -0.023958333333333304,
            -0.00833333333333336,
            0.026562500000000044,
            -0.0092592592592593
        ],
        [
            0.5302083333333333,
            0.32222222222222224,
            -0.006249999999999978,
            -0.02777777777777779,
            -0.023958333333333304,
            -0.00833333333333336,
            0.026562500000000044,
            -0.0092592592592593
        ],
        [
            0.5302083333333333,
            0.32222222222222224,
            -0.006249999999999978,
            -0.02777777777777779,
            -0.023958333333333304,
            -0.00833333333333336,
            0.026562500000000044,
            -0.0092592592592593
        ]
    ],
    "original_data": [
        {
            "time_step": 1,
            "original_data_path": "/content/drive/Othercomputers/\ub0b4 \ub178\ud2b8\ubd81/Forked_Models/Validation/Validation/_\ub77c\ubca8_General_val_C/district/3. \ud6c4\ubc29 \ubc29\ud5a5 \uc774\ubbf8\uc9c0/[district]day_581C/[district]day_581C_455.json",
            "id": 0
        },
        {
            "time_step": 2,
            "original_data_path": "/content/drive/Othercomputers/\ub0b4 \ub178\ud2b8\ubd81/Forked_Models/Validation/Validation/_\ub77c\ubca8_General_val_C/district/3. \ud6c4\ubc29 \ubc29\ud5a5 \uc774\ubbf8\uc9c0/[district]day_581C/[district]day_581C_460.json",
            "id": 0
        },
        {
            "time_step": 3,
            "original_data_path": "/content/drive/Othercomputers/\ub0b4 \ub178\ud2b8\ubd81/Forked_Models/Validation/Validation/_\ub77c\ubca8_General_val_C/district/3. \ud6c4\ubc29 \ubc29\ud5a5 \uc774\ubbf8\uc9c0/[district]day_581C/[district]day_581C_465.json",
            "id": 0
        }
    ],
    "label": 2
}