{
    "data": [
        [
            0.6557291666666667,
            0.7027777777777777,
            0.026562499999999933,
            -0.04351851851851851,
            -0.03541666666666665,
            0.05092592592592593,
            0.018749999999999933,
            -0.012962962962962954
        ],
        [
            0.6526041666666667,
            0.6851851851851852,
            0.029166666666666674,
            -0.033333333333333326,
            -0.0546875,
            0.054629629629629584,
            0.03489583333333335,
            -0.012962962962962954
        ],
        [
            0.6927083333333334,
            0.7129629629629629,
            0.020312499999999956,
            -0.047222222222222165,
            -0.0625,
            0.007407407407407418,
            0.04322916666666665,
            -0.015740740740740722
        ]
    ],
    "original_data": [
        {
            "time_step": 1,
            "original_data_path": "/content/drive/Othercomputers/\ub0b4 \ub178\ud2b8\ubd81/Forked_Models/Validation/Validation/_\ub77c\ubca8_General_val_C/district/3. \ud6c4\ubc29 \ubc29\ud5a5 \uc774\ubbf8\uc9c0/[district]day_420C/[district]day_420C_410.json",
            "id": 6
        },
        {
            "time_step": 2,
            "original_data_path": "/content/drive/Othercomputers/\ub0b4 \ub178\ud2b8\ubd81/Forked_Models/Validation/Validation/_\ub77c\ubca8_General_val_C/district/3. \ud6c4\ubc29 \ubc29\ud5a5 \uc774\ubbf8\uc9c0/[district]day_420C/[district]day_420C_415.json",
            "id": 6
        },
        {
            "time_step": 3,
            "original_data_path": "/content/drive/Othercomputers/\ub0b4 \ub178\ud2b8\ubd81/Forked_Models/Validation/Validation/_\ub77c\ubca8_General_val_C/district/3. \ud6c4\ubc29 \ubc29\ud5a5 \uc774\ubbf8\uc9c0/[district]day_420C/[district]day_420C_420.json",
            "id": 6
        }
    ],
    "label": 2
}