{
    "data": [
        [
            0.665625,
            0.05648148148148148,
            -0.0078125,
            -0.025,
            -0.027083333333333348,
            0.0,
            0.015625,
            0.002777777777777782
        ],
        [
            0.6692708333333334,
            0.05648148148148148,
            -0.009895833333333326,
            -0.02222222222222222,
            -0.026562500000000044,
            0.004629629629629629,
            0.016666666666666607,
            0.002777777777777782
        ],
        [
            0.6609375,
            0.03796296296296296,
            -0.002083333333333326,
            -0.024074074074074074,
            -0.016666666666666607,
            0.01296296296296296,
            0.01666666666666672,
            0.01759259259259259
        ]
    ],
    "original_data": [
        {
            "time_step": 1,
            "original_data_path": "/content/drive/Othercomputers/\ub0b4 \ub178\ud2b8\ubd81/Forked_Models/Validation/Validation/_\ub77c\ubca8_General_val_C/district/3. \ud6c4\ubc29 \ubc29\ud5a5 \uc774\ubbf8\uc9c0/[district]attend_1048C/[district]attend_1048C_510.json",
            "id": 3
        },
        {
            "time_step": 2,
            "original_data_path": "/content/drive/Othercomputers/\ub0b4 \ub178\ud2b8\ubd81/Forked_Models/Validation/Validation/_\ub77c\ubca8_General_val_C/district/3. \ud6c4\ubc29 \ubc29\ud5a5 \uc774\ubbf8\uc9c0/[district]attend_1048C/[district]attend_1048C_515.json",
            "id": 3
        },
        {
            "time_step": 3,
            "original_data_path": "/content/drive/Othercomputers/\ub0b4 \ub178\ud2b8\ubd81/Forked_Models/Validation/Validation/_\ub77c\ubca8_General_val_C/district/3. \ud6c4\ubc29 \ubc29\ud5a5 \uc774\ubbf8\uc9c0/[district]attend_1048C/[district]attend_1048C_520.json",
            "id": 3
        }
    ],
    "label": 2
}