{
    "data": [
        [
            0.653125,
            0.4685185185185185,
            0.002083333333333326,
            -0.01851851851851849,
            -0.039583333333333304,
            0.014814814814814836,
            0.020312500000000067,
            0.02407407407407408
        ],
        [
            0.653125,
            0.4685185185185185,
            0.002083333333333326,
            -0.01851851851851849,
            -0.039583333333333304,
            0.014814814814814836,
            0.020312500000000067,
            0.02407407407407408
        ],
        [
            0.653125,
            0.4685185185185185,
            0.002083333333333326,
            -0.01851851851851849,
            -0.039583333333333304,
            0.014814814814814836,
            0.020312500000000067,
            0.02407407407407408
        ]
    ],
    "original_data": [
        {
            "time_step": 1,
            "original_data_path": "/content/drive/Othercomputers/\ub0b4 \ub178\ud2b8\ubd81/Forked_Models/Validation/Validation/_\ub77c\ubca8_General_val_C/district/3. \ud6c4\ubc29 \ubc29\ud5a5 \uc774\ubbf8\uc9c0/[district]attend_542C/[district]attend_542C_190.json",
            "id": 1
        },
        {
            "time_step": 2,
            "original_data_path": "/content/drive/Othercomputers/\ub0b4 \ub178\ud2b8\ubd81/Forked_Models/Validation/Validation/_\ub77c\ubca8_General_val_C/district/3. \ud6c4\ubc29 \ubc29\ud5a5 \uc774\ubbf8\uc9c0/[district]attend_542C/[district]attend_542C_195.json",
            "id": 1
        },
        {
            "time_step": 3,
            "original_data_path": "/content/drive/Othercomputers/\ub0b4 \ub178\ud2b8\ubd81/Forked_Models/Validation/Validation/_\ub77c\ubca8_General_val_C/district/3. \ud6c4\ubc29 \ubc29\ud5a5 \uc774\ubbf8\uc9c0/[district]attend_542C/[district]attend_542C_200.json",
            "id": 1
        }
    ],
    "label": 2
}