{
    "data": [
        [
            0.3515625,
            0.27870370370370373,
            -0.006770833333333337,
            -0.023148148148148195,
            -0.02031250000000001,
            0.01388888888888884,
            0.030208333333333337,
            0.015740740740740722
        ],
        [
            0.35260416666666666,
            0.27870370370370373,
            -0.007291666666666641,
            -0.023148148148148195,
            -0.025520833333333326,
            0.01388888888888884,
            0.029166666666666674,
            0.015740740740740722
        ],
        [
            0.35208333333333336,
            0.2759259259259259,
            -0.006250000000000033,
            -0.01851851851851849,
            -0.02031250000000001,
            0.012962962962962954,
            0.029687499999999978,
            0.018518518518518545
        ]
    ],
    "original_data": [
        {
            "time_step": 1,
            "original_data_path": "/content/drive/Othercomputers/\ub0b4 \ub178\ud2b8\ubd81/Forked_Models/Validation/Validation/_\ub77c\ubca8_General_val_C/district/3. \ud6c4\ubc29 \ubc29\ud5a5 \uc774\ubbf8\uc9c0/[district]morning_957C/[district]morning_957C_275.json",
            "id": 0
        },
        {
            "time_step": 2,
            "original_data_path": "/content/drive/Othercomputers/\ub0b4 \ub178\ud2b8\ubd81/Forked_Models/Validation/Validation/_\ub77c\ubca8_General_val_C/district/3. \ud6c4\ubc29 \ubc29\ud5a5 \uc774\ubbf8\uc9c0/[district]morning_957C/[district]morning_957C_280.json",
            "id": 0
        },
        {
            "time_step": 3,
            "original_data_path": "/content/drive/Othercomputers/\ub0b4 \ub178\ud2b8\ubd81/Forked_Models/Validation/Validation/_\ub77c\ubca8_General_val_C/district/3. \ud6c4\ubc29 \ubc29\ud5a5 \uc774\ubbf8\uc9c0/[district]morning_957C/[district]morning_957C_285.json",
            "id": 0
        }
    ],
    "label": 2
}