{
    "data": [
        [
            0.6421875,
            0.4935185185185185,
            0.0031249999999999334,
            -0.0314814814814815,
            -0.03749999999999998,
            0.007407407407407363,
            0.03489583333333335,
            0.01018518518518513
        ],
        [
            0.64375,
            0.49166666666666664,
            0.0,
            -0.02685185185185185,
            -0.038541666666666696,
            0.009259259259259245,
            0.03281249999999991,
            0.015740740740740777
        ],
        [
            0.64375,
            0.49166666666666664,
            0.0,
            -0.02685185185185185,
            -0.038541666666666696,
            0.009259259259259245,
            0.03437499999999993,
            0.016666666666666663
        ]
    ],
    "original_data": [
        {
            "time_step": 1,
            "original_data_path": "/content/drive/Othercomputers/\ub0b4 \ub178\ud2b8\ubd81/Forked_Models/Validation/Validation/_\ub77c\ubca8_General_val_C/district/3. \ud6c4\ubc29 \ubc29\ud5a5 \uc774\ubbf8\uc9c0/[district]attend_560C/[district]attend_560C_210.json",
            "id": 1
        },
        {
            "time_step": 2,
            "original_data_path": "/content/drive/Othercomputers/\ub0b4 \ub178\ud2b8\ubd81/Forked_Models/Validation/Validation/_\ub77c\ubca8_General_val_C/district/3. \ud6c4\ubc29 \ubc29\ud5a5 \uc774\ubbf8\uc9c0/[district]attend_560C/[district]attend_560C_215.json",
            "id": 1
        },
        {
            "time_step": 3,
            "original_data_path": "/content/drive/Othercomputers/\ub0b4 \ub178\ud2b8\ubd81/Forked_Models/Validation/Validation/_\ub77c\ubca8_General_val_C/district/3. \ud6c4\ubc29 \ubc29\ud5a5 \uc774\ubbf8\uc9c0/[district]attend_560C/[district]attend_560C_220.json",
            "id": 1
        }
    ],
    "label": 2
}