{
    "data": [
        [
            0.5302083333333333,
            0.2796296296296296,
            -0.0005208333333333037,
            -0.029629629629629617,
            -0.027604166666666652,
            0.013888888888888895,
            0.021354166666666674,
            0.0018518518518518823
        ],
        [
            0.5276041666666667,
            0.26851851851851855,
            -0.0010416666666666075,
            -0.03703703703703706,
            -0.025000000000000022,
            0.025925925925925908,
            0.023958333333333304,
            0.012962962962962954
        ],
        [
            0.5276041666666667,
            0.26851851851851855,
            -0.0010416666666666075,
            -0.03703703703703706,
            -0.028645833333333315,
            0.024999999999999967,
            0.023958333333333304,
            0.012962962962962954
        ]
    ],
    "original_data": [
        {
            "time_step": 1,
            "original_data_path": "/content/drive/Othercomputers/\ub0b4 \ub178\ud2b8\ubd81/Forked_Models/Validation/Validation/_\ub77c\ubca8_General_val_C/district/3. \ud6c4\ubc29 \ubc29\ud5a5 \uc774\ubbf8\uc9c0/[district]morning_649C/[district]morning_649C_245.json",
            "id": 1
        },
        {
            "time_step": 2,
            "original_data_path": "/content/drive/Othercomputers/\ub0b4 \ub178\ud2b8\ubd81/Forked_Models/Validation/Validation/_\ub77c\ubca8_General_val_C/district/3. \ud6c4\ubc29 \ubc29\ud5a5 \uc774\ubbf8\uc9c0/[district]morning_649C/[district]morning_649C_250.json",
            "id": 1
        },
        {
            "time_step": 3,
            "original_data_path": "/content/drive/Othercomputers/\ub0b4 \ub178\ud2b8\ubd81/Forked_Models/Validation/Validation/_\ub77c\ubca8_General_val_C/district/3. \ud6c4\ubc29 \ubc29\ud5a5 \uc774\ubbf8\uc9c0/[district]morning_649C/[district]morning_649C_255.json",
            "id": 1
        }
    ],
    "label": 2
}