{
    "data": [
        [
            0.4296875,
            0.4675925925925926,
            -0.00833333333333336,
            -0.03981481481481486,
            0.019791666666666652,
            -0.0018518518518518823,
            -0.014062499999999978,
            0.08333333333333331
        ],
        [
            0.42083333333333334,
            0.45,
            -0.009895833333333326,
            -0.03611111111111115,
            0.020833333333333315,
            0.010185185185185186,
            -0.011458333333333348,
            0.09166666666666662
        ],
        [
            0.42083333333333334,
            0.45,
            -0.009895833333333326,
            -0.03611111111111115,
            0.016666666666666663,
            0.005555555555555536,
            -0.01614583333333336,
            0.10000000000000003
        ]
    ],
    "original_data": [
        {
            "time_step": 1,
            "original_data_path": "/content/drive/Othercomputers/\ub0b4 \ub178\ud2b8\ubd81/Forked_Models/Validation/Validation/_\ub77c\ubca8_General_val_C/district/3. \ud6c4\ubc29 \ubc29\ud5a5 \uc774\ubbf8\uc9c0/[district]night_620C/[district]night_620C_460.json",
            "id": 5
        },
        {
            "time_step": 2,
            "original_data_path": "/content/drive/Othercomputers/\ub0b4 \ub178\ud2b8\ubd81/Forked_Models/Validation/Validation/_\ub77c\ubca8_General_val_C/district/3. \ud6c4\ubc29 \ubc29\ud5a5 \uc774\ubbf8\uc9c0/[district]night_620C/[district]night_620C_465.json",
            "id": 5
        },
        {
            "time_step": 3,
            "original_data_path": "/content/drive/Othercomputers/\ub0b4 \ub178\ud2b8\ubd81/Forked_Models/Validation/Validation/_\ub77c\ubca8_General_val_C/district/3. \ud6c4\ubc29 \ubc29\ud5a5 \uc774\ubbf8\uc9c0/[district]night_620C/[district]night_620C_470.json",
            "id": 5
        }
    ],
    "label": 2
}