{
    "data": [
        [
            0.5015625,
            0.2972222222222222,
            -0.004687500000000011,
            -0.011111111111111127,
            -0.024479166666666663,
            -0.014814814814814836,
            0.03125,
            -0.015740740740740722
        ],
        [
            0.48854166666666665,
            0.27870370370370373,
            -0.004687500000000011,
            -0.03518518518518521,
            -0.029166666666666674,
            0.002777777777777768,
            0.02864583333333337,
            -0.0009259259259259411
        ],
        [
            0.4817708333333333,
            0.2833333333333333,
            -0.007291666666666641,
            -0.03425925925925924,
            -0.029166666666666674,
            0.00833333333333336,
            0.02812500000000001,
            0.0018518518518518823
        ]
    ],
    "original_data": [
        {
            "time_step": 1,
            "original_data_path": "/content/drive/Othercomputers/\ub0b4 \ub178\ud2b8\ubd81/Forked_Models/Validation/Validation/_\ub77c\ubca8_General_val_C/district/3. \ud6c4\ubc29 \ubc29\ud5a5 \uc774\ubbf8\uc9c0/[district]day_420C/[district]day_420C_555.json",
            "id": 1
        },
        {
            "time_step": 2,
            "original_data_path": "/content/drive/Othercomputers/\ub0b4 \ub178\ud2b8\ubd81/Forked_Models/Validation/Validation/_\ub77c\ubca8_General_val_C/district/3. \ud6c4\ubc29 \ubc29\ud5a5 \uc774\ubbf8\uc9c0/[district]day_420C/[district]day_420C_560.json",
            "id": 1
        },
        {
            "time_step": 3,
            "original_data_path": "/content/drive/Othercomputers/\ub0b4 \ub178\ud2b8\ubd81/Forked_Models/Validation/Validation/_\ub77c\ubca8_General_val_C/district/3. \ud6c4\ubc29 \ubc29\ud5a5 \uc774\ubbf8\uc9c0/[district]day_420C/[district]day_420C_565.json",
            "id": 1
        }
    ],
    "label": 2
}