{
    "data": [
        [
            0.8213541666666667,
            0.37222222222222223,
            0.013541666666666563,
            -0.006481481481481477,
            -0.03333333333333344,
            0.002777777777777768,
            0.026562499999999933,
            0.040740740740740744
        ],
        [
            0.8223958333333333,
            0.37962962962962965,
            0.007291666666666696,
            -0.023148148148148195,
            -0.034375000000000044,
            -0.00462962962962965,
            0.025520833333333326,
            0.033333333333333326
        ],
        [
            0.8244791666666667,
            0.38796296296296295,
            0.0031250000000000444,
            -0.025925925925925908,
            -0.03645833333333337,
            -0.012962962962962954,
            0.0234375,
            0.025000000000000022
        ]
    ],
    "original_data": [
        {
            "time_step": 1,
            "original_data_path": "/content/drive/Othercomputers/\ub0b4 \ub178\ud2b8\ubd81/Forked_Models/Validation/Validation/_\ub77c\ubca8_General_val_C/district/3. \ud6c4\ubc29 \ubc29\ud5a5 \uc774\ubbf8\uc9c0/[district]night_1073C/[district]night_1073C_130.json",
            "id": 0
        },
        {
            "time_step": 2,
            "original_data_path": "/content/drive/Othercomputers/\ub0b4 \ub178\ud2b8\ubd81/Forked_Models/Validation/Validation/_\ub77c\ubca8_General_val_C/district/3. \ud6c4\ubc29 \ubc29\ud5a5 \uc774\ubbf8\uc9c0/[district]night_1073C/[district]night_1073C_135.json",
            "id": 0
        },
        {
            "time_step": 3,
            "original_data_path": "/content/drive/Othercomputers/\ub0b4 \ub178\ud2b8\ubd81/Forked_Models/Validation/Validation/_\ub77c\ubca8_General_val_C/district/3. \ud6c4\ubc29 \ubc29\ud5a5 \uc774\ubbf8\uc9c0/[district]night_1073C/[district]night_1073C_140.json",
            "id": 0
        }
    ],
    "label": 2
}