{
    "data": [
        [
            0.5265625,
            0.3731481481481482,
            0.005729166666666674,
            -0.030555555555555558,
            -0.019791666666666763,
            0.036111111111111094,
            0.008854166666666607,
            -0.01296296296296301
        ],
        [
            0.5291666666666667,
            0.37592592592592594,
            0.0031250000000000444,
            -0.033333333333333326,
            -0.019270833333333348,
            0.04259259259259257,
            0.006249999999999978,
            -0.015740740740740777
        ],
        [
            0.5354166666666667,
            0.37222222222222223,
            0.0026041666666666297,
            -0.037037037037037035,
            -0.0234375,
            0.037037037037037035,
            0.0067708333333333925,
            -0.014814814814814836
        ]
    ],
    "original_data": [
        {
            "time_step": 1,
            "original_data_path": "/content/drive/Othercomputers/\ub0b4 \ub178\ud2b8\ubd81/Forked_Models/Validation/Validation/_\ub77c\ubca8_General_val_C/district/3. \ud6c4\ubc29 \ubc29\ud5a5 \uc774\ubbf8\uc9c0/[district]day_420C/[district]day_420C_450.json",
            "id": 3
        },
        {
            "time_step": 2,
            "original_data_path": "/content/drive/Othercomputers/\ub0b4 \ub178\ud2b8\ubd81/Forked_Models/Validation/Validation/_\ub77c\ubca8_General_val_C/district/3. \ud6c4\ubc29 \ubc29\ud5a5 \uc774\ubbf8\uc9c0/[district]day_420C/[district]day_420C_455.json",
            "id": 3
        },
        {
            "time_step": 3,
            "original_data_path": "/content/drive/Othercomputers/\ub0b4 \ub178\ud2b8\ubd81/Forked_Models/Validation/Validation/_\ub77c\ubca8_General_val_C/district/3. \ud6c4\ubc29 \ubc29\ud5a5 \uc774\ubbf8\uc9c0/[district]day_420C/[district]day_420C_460.json",
            "id": 3
        }
    ],
    "label": 2
}