{
    "data": [
        [
            0.5802083333333333,
            0.44074074074074077,
            0.013541666666666674,
            -0.026851851851851904,
            -0.013541666666666674,
            0.0712962962962963,
            -0.021874999999999978,
            -0.03981481481481486
        ],
        [
            0.5822916666666667,
            0.4444444444444444,
            0.014062499999999978,
            -0.028703703703703676,
            -0.011979166666666652,
            0.0796296296296296,
            -0.020312499999999956,
            -0.04999999999999999
        ],
        [
            0.5822916666666667,
            0.4444444444444444,
            0.014062499999999978,
            -0.028703703703703676,
            -0.014062499999999978,
            0.07037037037037042,
            -0.019791666666666652,
            -0.0398148148148148
        ]
    ],
    "original_data": [
        {
            "time_step": 1,
            "original_data_path": "/content/drive/Othercomputers/\ub0b4 \ub178\ud2b8\ubd81/Forked_Models/Validation/Validation/_\ub77c\ubca8_General_val_C/district/3. \ud6c4\ubc29 \ubc29\ud5a5 \uc774\ubbf8\uc9c0/[district]day_712C/[district]day_712C_220.json",
            "id": 4
        },
        {
            "time_step": 2,
            "original_data_path": "/content/drive/Othercomputers/\ub0b4 \ub178\ud2b8\ubd81/Forked_Models/Validation/Validation/_\ub77c\ubca8_General_val_C/district/3. \ud6c4\ubc29 \ubc29\ud5a5 \uc774\ubbf8\uc9c0/[district]day_712C/[district]day_712C_225.json",
            "id": 4
        },
        {
            "time_step": 3,
            "original_data_path": "/content/drive/Othercomputers/\ub0b4 \ub178\ud2b8\ubd81/Forked_Models/Validation/Validation/_\ub77c\ubca8_General_val_C/district/3. \ud6c4\ubc29 \ubc29\ud5a5 \uc774\ubbf8\uc9c0/[district]day_712C/[district]day_712C_230.json",
            "id": 4
        }
    ],
    "label": 2
}