{
    "data": [
        [
            0.41822916666666665,
            0.2722222222222222,
            0.001041666666666663,
            -0.0333333333333333,
            -0.02604166666666663,
            0.0,
            0.019791666666666707,
            0.0009259259259259411
        ],
        [
            0.41822916666666665,
            0.2722222222222222,
            0.001041666666666663,
            -0.0333333333333333,
            -0.02604166666666663,
            0.0,
            0.019791666666666707,
            0.0009259259259259411
        ],
        [
            0.41822916666666665,
            0.2722222222222222,
            0.001041666666666663,
            -0.0333333333333333,
            -0.02604166666666663,
            0.0,
            0.02083333333333337,
            0.0018518518518518823
        ]
    ],
    "original_data": [
        {
            "time_step": 1,
            "original_data_path": "/content/drive/Othercomputers/\ub0b4 \ub178\ud2b8\ubd81/Forked_Models/Validation/Validation/_\ub77c\ubca8_General_val_C/district/3. \ud6c4\ubc29 \ubc29\ud5a5 \uc774\ubbf8\uc9c0/[district]day_683C/[district]day_683C_260.json",
            "id": 1
        },
        {
            "time_step": 2,
            "original_data_path": "/content/drive/Othercomputers/\ub0b4 \ub178\ud2b8\ubd81/Forked_Models/Validation/Validation/_\ub77c\ubca8_General_val_C/district/3. \ud6c4\ubc29 \ubc29\ud5a5 \uc774\ubbf8\uc9c0/[district]day_683C/[district]day_683C_265.json",
            "id": 1
        },
        {
            "time_step": 3,
            "original_data_path": "/content/drive/Othercomputers/\ub0b4 \ub178\ud2b8\ubd81/Forked_Models/Validation/Validation/_\ub77c\ubca8_General_val_C/district/3. \ud6c4\ubc29 \ubc29\ud5a5 \uc774\ubbf8\uc9c0/[district]day_683C/[district]day_683C_270.json",
            "id": 1
        }
    ],
    "label": 2
}