{
    "data": [
        [
            0.41875,
            0.4462962962962963,
            -0.009375000000000022,
            -0.03518518518518521,
            0.016145833333333304,
            0.005555555555555536,
            -0.015625,
            0.09907407407407409
        ],
        [
            0.409375,
            0.44722222222222224,
            -0.014062499999999978,
            -0.041666666666666685,
            0.019791666666666652,
            0.008333333333333304,
            -0.006249999999999978,
            0.09814814814814815
        ],
        [
            0.409375,
            0.44722222222222224,
            -0.014062499999999978,
            -0.041666666666666685,
            0.011458333333333348,
            0.008333333333333304,
            -0.006249999999999978,
            0.09814814814814815
        ]
    ],
    "original_data": [
        {
            "time_step": 1,
            "original_data_path": "/content/drive/Othercomputers/\ub0b4 \ub178\ud2b8\ubd81/Forked_Models/Validation/Validation/_\ub77c\ubca8_General_val_C/district/3. \ud6c4\ubc29 \ubc29\ud5a5 \uc774\ubbf8\uc9c0/[district]night_620C/[district]night_620C_490.json",
            "id": 5
        },
        {
            "time_step": 2,
            "original_data_path": "/content/drive/Othercomputers/\ub0b4 \ub178\ud2b8\ubd81/Forked_Models/Validation/Validation/_\ub77c\ubca8_General_val_C/district/3. \ud6c4\ubc29 \ubc29\ud5a5 \uc774\ubbf8\uc9c0/[district]night_620C/[district]night_620C_495.json",
            "id": 5
        },
        {
            "time_step": 3,
            "original_data_path": "/content/drive/Othercomputers/\ub0b4 \ub178\ud2b8\ubd81/Forked_Models/Validation/Validation/_\ub77c\ubca8_General_val_C/district/3. \ud6c4\ubc29 \ubc29\ud5a5 \uc774\ubbf8\uc9c0/[district]night_620C/[district]night_620C_500.json",
            "id": 5
        }
    ],
    "label": 2
}