{
    "data": [
        [
            0.3375,
            0.28888888888888886,
            -0.0031250000000000444,
            -0.029629629629629617,
            -0.018750000000000044,
            -0.0018518518518518268,
            0.035937499999999956,
            0.003703703703703709
        ],
        [
            0.3375,
            0.28888888888888886,
            0.0,
            -0.029629629629629617,
            -0.018750000000000044,
            -0.0018518518518518268,
            0.035937499999999956,
            0.003703703703703709
        ],
        [
            0.3375,
            0.28888888888888886,
            0.0,
            -0.029629629629629617,
            -0.018750000000000044,
            -0.0018518518518518268,
            0.035937499999999956,
            0.003703703703703709
        ]
    ],
    "original_data": [
        {
            "time_step": 1,
            "original_data_path": "/content/drive/Othercomputers/\ub0b4 \ub178\ud2b8\ubd81/Forked_Models/Validation/Validation/_\ub77c\ubca8_General_val_C/district/3. \ud6c4\ubc29 \ubc29\ud5a5 \uc774\ubbf8\uc9c0/[district]day_420C/[district]day_420C_410.json",
            "id": 0
        },
        {
            "time_step": 2,
            "original_data_path": "/content/drive/Othercomputers/\ub0b4 \ub178\ud2b8\ubd81/Forked_Models/Validation/Validation/_\ub77c\ubca8_General_val_C/district/3. \ud6c4\ubc29 \ubc29\ud5a5 \uc774\ubbf8\uc9c0/[district]day_420C/[district]day_420C_415.json",
            "id": 0
        },
        {
            "time_step": 3,
            "original_data_path": "/content/drive/Othercomputers/\ub0b4 \ub178\ud2b8\ubd81/Forked_Models/Validation/Validation/_\ub77c\ubca8_General_val_C/district/3. \ud6c4\ubc29 \ubc29\ud5a5 \uc774\ubbf8\uc9c0/[district]day_420C/[district]day_420C_420.json",
            "id": 0
        }
    ],
    "label": 2
}