{
    "data": [
        [
            0.33645833333333336,
            0.3194444444444444,
            -0.0005208333333333592,
            -0.01851851851851849,
            -0.027083333333333348,
            -0.0009259259259258856,
            0.024999999999999967,
            -0.010185185185185186
        ],
        [
            0.33697916666666666,
            0.3138888888888889,
            0.0,
            -0.017592592592592604,
            -0.024479166666666663,
            0.003703703703703709,
            0.025520833333333326,
            -0.00462962962962965
        ],
        [
            0.3390625,
            0.30833333333333335,
            0.002083333333333326,
            -0.022222222222222254,
            -0.0234375,
            0.006481481481481477,
            0.0234375,
            -0.002777777777777768
        ]
    ],
    "original_data": [
        {
            "time_step": 1,
            "original_data_path": "/content/drive/Othercomputers/\ub0b4 \ub178\ud2b8\ubd81/Forked_Models/Validation/Validation/_\ub77c\ubca8_General_val_C/district/3. \ud6c4\ubc29 \ubc29\ud5a5 \uc774\ubbf8\uc9c0/[district]leave_642C/[district]leave_642C_180.json",
            "id": 3
        },
        {
            "time_step": 2,
            "original_data_path": "/content/drive/Othercomputers/\ub0b4 \ub178\ud2b8\ubd81/Forked_Models/Validation/Validation/_\ub77c\ubca8_General_val_C/district/3. \ud6c4\ubc29 \ubc29\ud5a5 \uc774\ubbf8\uc9c0/[district]leave_642C/[district]leave_642C_185.json",
            "id": 3
        },
        {
            "time_step": 3,
            "original_data_path": "/content/drive/Othercomputers/\ub0b4 \ub178\ud2b8\ubd81/Forked_Models/Validation/Validation/_\ub77c\ubca8_General_val_C/district/3. \ud6c4\ubc29 \ubc29\ud5a5 \uc774\ubbf8\uc9c0/[district]leave_642C/[district]leave_642C_190.json",
            "id": 3
        }
    ],
    "label": 2
}