{
    "data": [
        [
            0.6270833333333333,
            0.8518518518518519,
            0.04531249999999998,
            -0.005555555555555536,
            -0.02864583333333337,
            0.12037037037037035,
            -0.01041666666666663,
            -0.06759259259259265
        ],
        [
            0.6307291666666667,
            0.8518518518518519,
            0.046354166666666696,
            -0.005555555555555536,
            -0.029687499999999978,
            0.12037037037037035,
            -0.010937500000000044,
            -0.06759259259259265
        ],
        [
            0.6328125,
            0.862037037037037,
            0.048958333333333326,
            -0.0037037037037037646,
            -0.027083333333333348,
            0.11851851851851847,
            -0.01041666666666663,
            -0.07777777777777783
        ]
    ],
    "original_data": [
        {
            "time_step": 1,
            "original_data_path": "/content/drive/Othercomputers/\ub0b4 \ub178\ud2b8\ubd81/Forked_Models/Validation/Validation/_\ub77c\ubca8_General_val_C/district/3. \ud6c4\ubc29 \ubc29\ud5a5 \uc774\ubbf8\uc9c0/[district]day_420C/[district]day_420C_260.json",
            "id": 6
        },
        {
            "time_step": 2,
            "original_data_path": "/content/drive/Othercomputers/\ub0b4 \ub178\ud2b8\ubd81/Forked_Models/Validation/Validation/_\ub77c\ubca8_General_val_C/district/3. \ud6c4\ubc29 \ubc29\ud5a5 \uc774\ubbf8\uc9c0/[district]day_420C/[district]day_420C_265.json",
            "id": 6
        },
        {
            "time_step": 3,
            "original_data_path": "/content/drive/Othercomputers/\ub0b4 \ub178\ud2b8\ubd81/Forked_Models/Validation/Validation/_\ub77c\ubca8_General_val_C/district/3. \ud6c4\ubc29 \ubc29\ud5a5 \uc774\ubbf8\uc9c0/[district]day_420C/[district]day_420C_270.json",
            "id": 6
        }
    ],
    "label": 2
}