{
    "data": [
        [
            0.596875,
            0.14351851851851852,
            -0.0010416666666667185,
            -0.03981481481481482,
            -0.02447916666666672,
            0.02407407407407408,
            0.03229166666666661,
            0.025925925925925936
        ],
        [
            0.5953125,
            0.14351851851851852,
            -0.0010416666666667185,
            -0.03981481481481482,
            -0.02447916666666672,
            0.02407407407407408,
            0.03229166666666661,
            0.025925925925925936
        ],
        [
            0.5953125,
            0.14351851851851852,
            -0.0010416666666667185,
            -0.03981481481481482,
            -0.02447916666666672,
            0.02407407407407408,
            0.03229166666666661,
            0.025925925925925936
        ]
    ],
    "original_data": [
        {
            "time_step": 1,
            "original_data_path": "/content/drive/Othercomputers/\ub0b4 \ub178\ud2b8\ubd81/Forked_Models/Validation/Validation/_\ub77c\ubca8_General_val_C/district/3. \ud6c4\ubc29 \ubc29\ud5a5 \uc774\ubbf8\uc9c0/[district]attend_037C/[district]attend_037C_224.json",
            "id": 0
        },
        {
            "time_step": 2,
            "original_data_path": "/content/drive/Othercomputers/\ub0b4 \ub178\ud2b8\ubd81/Forked_Models/Validation/Validation/_\ub77c\ubca8_General_val_C/district/3. \ud6c4\ubc29 \ubc29\ud5a5 \uc774\ubbf8\uc9c0/[district]attend_037C/[district]attend_037C_226.json",
            "id": 0
        },
        {
            "time_step": 3,
            "original_data_path": "/content/drive/Othercomputers/\ub0b4 \ub178\ud2b8\ubd81/Forked_Models/Validation/Validation/_\ub77c\ubca8_General_val_C/district/3. \ud6c4\ubc29 \ubc29\ud5a5 \uc774\ubbf8\uc9c0/[district]attend_037C/[district]attend_037C_228.json",
            "id": 0
        }
    ],
    "label": 2
}