{
    "data": [
        [
            0.5822916666666667,
            0.4212962962962963,
            0.011979166666666652,
            -0.037037037037037035,
            -0.008333333333333304,
            0.1074074074074074,
            -0.025000000000000022,
            -0.003703703703703709
        ],
        [
            0.5822916666666667,
            0.42407407407407405,
            0.009375000000000022,
            -0.03796296296296292,
            -0.033333333333333326,
            0.07685185185185184,
            -0.02083333333333337,
            0.00833333333333336
        ],
        [
            0.5880208333333333,
            0.45740740740740743,
            0.007291666666666696,
            -0.046296296296296335,
            -0.044791666666666674,
            0.024074074074074026,
            0.011979166666666652,
            -0.018518518518518545
        ]
    ],
    "original_data": [
        {
            "time_step": 1,
            "original_data_path": "/content/drive/Othercomputers/\ub0b4 \ub178\ud2b8\ubd81/Forked_Models/Validation/Validation/_\ub77c\ubca8_General_val_C/district/3. \ud6c4\ubc29 \ubc29\ud5a5 \uc774\ubbf8\uc9c0/[district]day_712C/[district]day_712C_0.json",
            "id": 4
        },
        {
            "time_step": 2,
            "original_data_path": "/content/drive/Othercomputers/\ub0b4 \ub178\ud2b8\ubd81/Forked_Models/Validation/Validation/_\ub77c\ubca8_General_val_C/district/3. \ud6c4\ubc29 \ubc29\ud5a5 \uc774\ubbf8\uc9c0/[district]day_712C/[district]day_712C_5.json",
            "id": 4
        },
        {
            "time_step": 3,
            "original_data_path": "/content/drive/Othercomputers/\ub0b4 \ub178\ud2b8\ubd81/Forked_Models/Validation/Validation/_\ub77c\ubca8_General_val_C/district/3. \ud6c4\ubc29 \ubc29\ud5a5 \uc774\ubbf8\uc9c0/[district]day_712C/[district]day_712C_10.json",
            "id": 4
        }
    ],
    "label": 2
}