{
    "data": [
        [
            0.3380208333333333,
            0.2851851851851852,
            -0.001041666666666663,
            -0.025000000000000022,
            -0.03125,
            0.01481481481481478,
            0.03437499999999999,
            0.0
        ],
        [
            0.3380208333333333,
            0.2851851851851852,
            -0.001041666666666663,
            -0.025000000000000022,
            -0.03125,
            0.01481481481481478,
            0.03437499999999999,
            0.0
        ],
        [
            0.3359375,
            0.2833333333333333,
            -0.0015625000000000222,
            -0.02685185185185185,
            -0.02395833333333336,
            0.013888888888888895,
            0.033854166666666685,
            0.0009259259259259411
        ]
    ],
    "original_data": [
        {
            "time_step": 1,
            "original_data_path": "/content/drive/Othercomputers/\ub0b4 \ub178\ud2b8\ubd81/Forked_Models/Validation/Validation/_\ub77c\ubca8_General_val_C/district/3. \ud6c4\ubc29 \ubc29\ud5a5 \uc774\ubbf8\uc9c0/[district]day_420C/[district]day_420C_565.json",
            "id": 0
        },
        {
            "time_step": 2,
            "original_data_path": "/content/drive/Othercomputers/\ub0b4 \ub178\ud2b8\ubd81/Forked_Models/Validation/Validation/_\ub77c\ubca8_General_val_C/district/3. \ud6c4\ubc29 \ubc29\ud5a5 \uc774\ubbf8\uc9c0/[district]day_420C/[district]day_420C_570.json",
            "id": 0
        },
        {
            "time_step": 3,
            "original_data_path": "/content/drive/Othercomputers/\ub0b4 \ub178\ud2b8\ubd81/Forked_Models/Validation/Validation/_\ub77c\ubca8_General_val_C/district/3. \ud6c4\ubc29 \ubc29\ud5a5 \uc774\ubbf8\uc9c0/[district]day_420C/[district]day_420C_575.json",
            "id": 0
        }
    ],
    "label": 2
}