{
    "data": [
        [
            0.4401041666666667,
            0.5388888888888889,
            -0.008854166666666663,
            -0.06666666666666665,
            -0.04375000000000001,
            0.010185185185185186,
            0.04947916666666663,
            -0.0018518518518517713
        ],
        [
            0.4401041666666667,
            0.5388888888888889,
            -0.008854166666666663,
            -0.06666666666666665,
            -0.04375000000000001,
            0.010185185185185186,
            0.04947916666666663,
            -0.0018518518518517713
        ],
        [
            0.4401041666666667,
            0.5388888888888889,
            -0.008854166666666663,
            -0.06666666666666665,
            -0.04375000000000001,
            0.010185185185185186,
            0.047395833333333304,
            -0.0009259259259258856
        ]
    ],
    "original_data": [
        {
            "time_step": 1,
            "original_data_path": "/content/drive/Othercomputers/\ub0b4 \ub178\ud2b8\ubd81/Forked_Models/Validation/Validation/_\ub77c\ubca8_General_val_C/district/3. \ud6c4\ubc29 \ubc29\ud5a5 \uc774\ubbf8\uc9c0/[district]day_567C/[district]day_567C_445.json",
            "id": 3
        },
        {
            "time_step": 2,
            "original_data_path": "/content/drive/Othercomputers/\ub0b4 \ub178\ud2b8\ubd81/Forked_Models/Validation/Validation/_\ub77c\ubca8_General_val_C/district/3. \ud6c4\ubc29 \ubc29\ud5a5 \uc774\ubbf8\uc9c0/[district]day_567C/[district]day_567C_450.json",
            "id": 3
        },
        {
            "time_step": 3,
            "original_data_path": "/content/drive/Othercomputers/\ub0b4 \ub178\ud2b8\ubd81/Forked_Models/Validation/Validation/_\ub77c\ubca8_General_val_C/district/3. \ud6c4\ubc29 \ubc29\ud5a5 \uc774\ubbf8\uc9c0/[district]day_567C/[district]day_567C_455.json",
            "id": 3
        }
    ],
    "label": 2
}