{
    "data": [
        [
            0.4119791666666667,
            0.2935185185185185,
            -0.005729166666666674,
            -0.016666666666666663,
            -0.026041666666666685,
            0.006481481481481477,
            0.029687499999999978,
            0.005555555555555536
        ],
        [
            0.41354166666666664,
            0.2935185185185185,
            0.002604166666666685,
            -0.02777777777777779,
            -0.02916666666666662,
            0.010185185185185186,
            0.026562500000000044,
            0.00462962962962965
        ],
        [
            0.41510416666666666,
            0.2935185185185185,
            0.003124999999999989,
            -0.030555555555555558,
            -0.029687499999999978,
            0.00833333333333336,
            0.026041666666666685,
            0.006481481481481477
        ]
    ],
    "original_data": [
        {
            "time_step": 1,
            "original_data_path": "/content/drive/Othercomputers/\ub0b4 \ub178\ud2b8\ubd81/Forked_Models/Validation/Validation/_\ub77c\ubca8_General_val_C/district/3. \ud6c4\ubc29 \ubc29\ud5a5 \uc774\ubbf8\uc9c0/[district]leave_642C/[district]leave_642C_165.json",
            "id": 1
        },
        {
            "time_step": 2,
            "original_data_path": "/content/drive/Othercomputers/\ub0b4 \ub178\ud2b8\ubd81/Forked_Models/Validation/Validation/_\ub77c\ubca8_General_val_C/district/3. \ud6c4\ubc29 \ubc29\ud5a5 \uc774\ubbf8\uc9c0/[district]leave_642C/[district]leave_642C_170.json",
            "id": 1
        },
        {
            "time_step": 3,
            "original_data_path": "/content/drive/Othercomputers/\ub0b4 \ub178\ud2b8\ubd81/Forked_Models/Validation/Validation/_\ub77c\ubca8_General_val_C/district/3. \ud6c4\ubc29 \ubc29\ud5a5 \uc774\ubbf8\uc9c0/[district]leave_642C/[district]leave_642C_175.json",
            "id": 1
        }
    ],
    "label": 2
}