{
    "data": [
        [
            0.628125,
            0.2814814814814815,
            -0.00520833333333337,
            -0.029629629629629672,
            -0.022916666666666696,
            0.006481481481481477,
            0.027083333333333237,
            0.016666666666666663
        ],
        [
            0.628125,
            0.2814814814814815,
            -0.00520833333333337,
            -0.029629629629629672,
            -0.022916666666666696,
            0.006481481481481477,
            0.027083333333333237,
            0.016666666666666663
        ],
        [
            0.628125,
            0.2814814814814815,
            -0.0010416666666667185,
            -0.033333333333333354,
            -0.022916666666666696,
            0.006481481481481477,
            0.027083333333333237,
            0.016666666666666663
        ]
    ],
    "original_data": [
        {
            "time_step": 1,
            "original_data_path": "/content/drive/Othercomputers/\ub0b4 \ub178\ud2b8\ubd81/Forked_Models/Validation/Validation/_\ub77c\ubca8_General_val_C/district/3. \ud6c4\ubc29 \ubc29\ud5a5 \uc774\ubbf8\uc9c0/[district]leave_594C/[district]leave_594C_180.json",
            "id": 1
        },
        {
            "time_step": 2,
            "original_data_path": "/content/drive/Othercomputers/\ub0b4 \ub178\ud2b8\ubd81/Forked_Models/Validation/Validation/_\ub77c\ubca8_General_val_C/district/3. \ud6c4\ubc29 \ubc29\ud5a5 \uc774\ubbf8\uc9c0/[district]leave_594C/[district]leave_594C_185.json",
            "id": 1
        },
        {
            "time_step": 3,
            "original_data_path": "/content/drive/Othercomputers/\ub0b4 \ub178\ud2b8\ubd81/Forked_Models/Validation/Validation/_\ub77c\ubca8_General_val_C/district/3. \ud6c4\ubc29 \ubc29\ud5a5 \uc774\ubbf8\uc9c0/[district]leave_594C/[district]leave_594C_190.json",
            "id": 1
        }
    ],
    "label": 2
}