{
    "data": [
        [
            0.6229166666666667,
            0.3037037037037037,
            -0.004166666666666652,
            -0.02685185185185185,
            -0.01666666666666672,
            0.002777777777777768,
            0.0234375,
            0.006481481481481477
        ],
        [
            0.6239583333333333,
            0.3074074074074074,
            -0.004687499999999956,
            -0.030555555555555558,
            -0.017708333333333326,
            -0.0009259259259259411,
            0.022395833333333393,
            0.002777777777777768
        ],
        [
            0.6234375,
            0.30833333333333335,
            -0.0026041666666666297,
            -0.020370370370370372,
            -0.017187500000000022,
            -0.0018518518518518823,
            0.022916666666666696,
            0.0018518518518518268
        ]
    ],
    "original_data": [
        {
            "time_step": 1,
            "original_data_path": "/content/drive/Othercomputers/\ub0b4 \ub178\ud2b8\ubd81/Forked_Models/Validation/Validation/_\ub77c\ubca8_General_val_C/district/3. \ud6c4\ubc29 \ubc29\ud5a5 \uc774\ubbf8\uc9c0/[district]night_624C/[district]night_624C_210.json",
            "id": 1
        },
        {
            "time_step": 2,
            "original_data_path": "/content/drive/Othercomputers/\ub0b4 \ub178\ud2b8\ubd81/Forked_Models/Validation/Validation/_\ub77c\ubca8_General_val_C/district/3. \ud6c4\ubc29 \ubc29\ud5a5 \uc774\ubbf8\uc9c0/[district]night_624C/[district]night_624C_215.json",
            "id": 1
        },
        {
            "time_step": 3,
            "original_data_path": "/content/drive/Othercomputers/\ub0b4 \ub178\ud2b8\ubd81/Forked_Models/Validation/Validation/_\ub77c\ubca8_General_val_C/district/3. \ud6c4\ubc29 \ubc29\ud5a5 \uc774\ubbf8\uc9c0/[district]night_624C/[district]night_624C_220.json",
            "id": 1
        }
    ],
    "label": 2
}