{
    "data": [
        [
            0.8286458333333333,
            0.21388888888888888,
            0.002083333333333326,
            -0.0509259259259259,
            -0.04531249999999998,
            0.028703703703703703,
            0.022395833333333393,
            0.02777777777777779
        ],
        [
            0.8213541666666667,
            0.20462962962962963,
            0.0015624999999999112,
            -0.04629629629629631,
            -0.03802083333333339,
            0.03518518518518518,
            0.029687499999999978,
            0.03425925925925927
        ],
        [
            0.8213541666666667,
            0.20462962962962963,
            0.0015624999999999112,
            -0.04629629629629631,
            -0.03802083333333339,
            0.03518518518518518,
            0.029687499999999978,
            0.037037037037037035
        ]
    ],
    "original_data": [
        {
            "time_step": 1,
            "original_data_path": "/content/drive/Othercomputers/\ub0b4 \ub178\ud2b8\ubd81/Forked_Models/Validation/Validation/_\ub77c\ubca8_General_val_C/district/3. \ud6c4\ubc29 \ubc29\ud5a5 \uc774\ubbf8\uc9c0/[district]leave_046C/[district]leave_046C_90.json",
            "id": 3
        },
        {
            "time_step": 2,
            "original_data_path": "/content/drive/Othercomputers/\ub0b4 \ub178\ud2b8\ubd81/Forked_Models/Validation/Validation/_\ub77c\ubca8_General_val_C/district/3. \ud6c4\ubc29 \ubc29\ud5a5 \uc774\ubbf8\uc9c0/[district]leave_046C/[district]leave_046C_92.json",
            "id": 3
        },
        {
            "time_step": 3,
            "original_data_path": "/content/drive/Othercomputers/\ub0b4 \ub178\ud2b8\ubd81/Forked_Models/Validation/Validation/_\ub77c\ubca8_General_val_C/district/3. \ud6c4\ubc29 \ubc29\ud5a5 \uc774\ubbf8\uc9c0/[district]leave_046C/[district]leave_046C_94.json",
            "id": 3
        }
    ],
    "label": 2
}