{
    "data": [
        [
            0.6270833333333333,
            0.2777777777777778,
            -0.002083333333333326,
            -0.025000000000000022,
            -0.02083333333333337,
            0.012962962962962954,
            0.02604166666666663,
            0.021296296296296258
        ],
        [
            0.6260416666666667,
            0.2814814814814815,
            -0.002083333333333437,
            -0.025000000000000022,
            -0.020312500000000067,
            0.012962962962962954,
            0.025520833333333326,
            0.020370370370370372
        ],
        [
            0.6260416666666667,
            0.2814814814814815,
            -0.002083333333333437,
            -0.025000000000000022,
            -0.020312500000000067,
            0.012962962962962954,
            0.025520833333333326,
            0.020370370370370372
        ]
    ],
    "original_data": [
        {
            "time_step": 1,
            "original_data_path": "/content/drive/Othercomputers/\ub0b4 \ub178\ud2b8\ubd81/Forked_Models/Validation/Validation/_\ub77c\ubca8_General_val_C/district/3. \ud6c4\ubc29 \ubc29\ud5a5 \uc774\ubbf8\uc9c0/[district]day_420C/[district]day_420C_140.json",
            "id": 2
        },
        {
            "time_step": 2,
            "original_data_path": "/content/drive/Othercomputers/\ub0b4 \ub178\ud2b8\ubd81/Forked_Models/Validation/Validation/_\ub77c\ubca8_General_val_C/district/3. \ud6c4\ubc29 \ubc29\ud5a5 \uc774\ubbf8\uc9c0/[district]day_420C/[district]day_420C_145.json",
            "id": 2
        },
        {
            "time_step": 3,
            "original_data_path": "/content/drive/Othercomputers/\ub0b4 \ub178\ud2b8\ubd81/Forked_Models/Validation/Validation/_\ub77c\ubca8_General_val_C/district/3. \ud6c4\ubc29 \ubc29\ud5a5 \uc774\ubbf8\uc9c0/[district]day_420C/[district]day_420C_150.json",
            "id": 2
        }
    ],
    "label": 2
}