{
    "data": [
        [
            0.6302083333333334,
            0.2796296296296296,
            0.0015624999999999112,
            -0.03888888888888889,
            -0.026562500000000044,
            0.014814814814814836,
            0.01718749999999991,
            0.014814814814814836
        ],
        [
            0.6317708333333333,
            0.2796296296296296,
            0.0015625000000000222,
            -0.0398148148148148,
            -0.028124999999999956,
            0.014814814814814836,
            0.015625,
            0.014814814814814836
        ],
        [
            0.6328125,
            0.2777777777777778,
            0.0005208333333333037,
            -0.03518518518518521,
            -0.029166666666666674,
            0.016666666666666663,
            0.014583333333333282,
            0.016666666666666663
        ]
    ],
    "original_data": [
        {
            "time_step": 1,
            "original_data_path": "/content/drive/Othercomputers/\ub0b4 \ub178\ud2b8\ubd81/Forked_Models/Validation/Validation/_\ub77c\ubca8_General_val_C/district/3. \ud6c4\ubc29 \ubc29\ud5a5 \uc774\ubbf8\uc9c0/[district]day_581C/[district]day_581C_115.json",
            "id": 1
        },
        {
            "time_step": 2,
            "original_data_path": "/content/drive/Othercomputers/\ub0b4 \ub178\ud2b8\ubd81/Forked_Models/Validation/Validation/_\ub77c\ubca8_General_val_C/district/3. \ud6c4\ubc29 \ubc29\ud5a5 \uc774\ubbf8\uc9c0/[district]day_581C/[district]day_581C_120.json",
            "id": 1
        },
        {
            "time_step": 3,
            "original_data_path": "/content/drive/Othercomputers/\ub0b4 \ub178\ud2b8\ubd81/Forked_Models/Validation/Validation/_\ub77c\ubca8_General_val_C/district/3. \ud6c4\ubc29 \ubc29\ud5a5 \uc774\ubbf8\uc9c0/[district]day_581C/[district]day_581C_125.json",
            "id": 1
        }
    ],
    "label": 2
}