{
    "data": [
        [
            0.6307291666666667,
            0.5157407407407407,
            0.004166666666666652,
            -0.056481481481481466,
            -0.030208333333333393,
            -0.00925925925925919,
            0.03749999999999998,
            0.0092592592592593
        ],
        [
            0.6307291666666667,
            0.5157407407407407,
            0.004166666666666652,
            -0.056481481481481466,
            -0.030208333333333393,
            -0.00925925925925919,
            0.03749999999999998,
            0.0092592592592593
        ],
        [
            0.6307291666666667,
            0.5157407407407407,
            0.004166666666666652,
            -0.056481481481481466,
            -0.030208333333333393,
            -0.00925925925925919,
            0.03749999999999998,
            0.0092592592592593
        ]
    ],
    "original_data": [
        {
            "time_step": 1,
            "original_data_path": "/content/drive/Othercomputers/\ub0b4 \ub178\ud2b8\ubd81/Forked_Models/Validation/Validation/_\ub77c\ubca8_General_val_C/district/3. \ud6c4\ubc29 \ubc29\ud5a5 \uc774\ubbf8\uc9c0/[district]day_1005C/[district]day_1005C_210.json",
            "id": 4
        },
        {
            "time_step": 2,
            "original_data_path": "/content/drive/Othercomputers/\ub0b4 \ub178\ud2b8\ubd81/Forked_Models/Validation/Validation/_\ub77c\ubca8_General_val_C/district/3. \ud6c4\ubc29 \ubc29\ud5a5 \uc774\ubbf8\uc9c0/[district]day_1005C/[district]day_1005C_215.json",
            "id": 4
        },
        {
            "time_step": 3,
            "original_data_path": "/content/drive/Othercomputers/\ub0b4 \ub178\ud2b8\ubd81/Forked_Models/Validation/Validation/_\ub77c\ubca8_General_val_C/district/3. \ud6c4\ubc29 \ubc29\ud5a5 \uc774\ubbf8\uc9c0/[district]day_1005C/[district]day_1005C_220.json",
            "id": 4
        }
    ],
    "label": 2
}