{
    "data": [
        [
            0.7989583333333333,
            0.2953703703703704,
            0.0026041666666666297,
            -0.025925925925925963,
            -0.017708333333333326,
            0.007407407407407363,
            0.017708333333333326,
            0.01759259259259255
        ],
        [
            0.7984375,
            0.2916666666666667,
            0.0031249999999999334,
            -0.022222222222222254,
            -0.017187500000000022,
            0.011111111111111072,
            0.01822916666666663,
            0.021296296296296258
        ],
        [
            0.7984375,
            0.2916666666666667,
            0.002083333333333326,
            -0.025000000000000022,
            -0.017187500000000022,
            0.011111111111111072,
            0.01822916666666663,
            0.021296296296296258
        ]
    ],
    "original_data": [
        {
            "time_step": 1,
            "original_data_path": "/content/drive/Othercomputers/\ub0b4 \ub178\ud2b8\ubd81/Forked_Models/Validation/Validation/_\ub77c\ubca8_General_val_C/district/3. \ud6c4\ubc29 \ubc29\ud5a5 \uc774\ubbf8\uc9c0/[district]attend_1081C/[district]attend_1081C_235.json",
            "id": 1
        },
        {
            "time_step": 2,
            "original_data_path": "/content/drive/Othercomputers/\ub0b4 \ub178\ud2b8\ubd81/Forked_Models/Validation/Validation/_\ub77c\ubca8_General_val_C/district/3. \ud6c4\ubc29 \ubc29\ud5a5 \uc774\ubbf8\uc9c0/[district]attend_1081C/[district]attend_1081C_240.json",
            "id": 1
        },
        {
            "time_step": 3,
            "original_data_path": "/content/drive/Othercomputers/\ub0b4 \ub178\ud2b8\ubd81/Forked_Models/Validation/Validation/_\ub77c\ubca8_General_val_C/district/3. \ud6c4\ubc29 \ubc29\ud5a5 \uc774\ubbf8\uc9c0/[district]attend_1081C/[district]attend_1081C_245.json",
            "id": 1
        }
    ],
    "label": 2
}