{
    "data": [
        [
            0.8401041666666667,
            0.5555555555555556,
            0.0031250000000000444,
            -0.026851851851851904,
            -0.031770833333333304,
            -0.0037037037037037646,
            0.0390625,
            0.014814814814814836
        ],
        [
            0.8401041666666667,
            0.5555555555555556,
            0.00520833333333337,
            -0.020370370370370372,
            -0.031770833333333304,
            -0.0037037037037037646,
            0.0390625,
            0.014814814814814836
        ],
        [
            0.8442708333333333,
            0.55,
            0.009375000000000022,
            -0.025000000000000022,
            -0.035937499999999956,
            0.0018518518518517713,
            0.03489583333333335,
            0.020370370370370372
        ]
    ],
    "original_data": [
        {
            "time_step": 1,
            "original_data_path": "/content/drive/Othercomputers/\ub0b4 \ub178\ud2b8\ubd81/Forked_Models/Validation/Validation/_\ub77c\ubca8_General_val_C/district/3. \ud6c4\ubc29 \ubc29\ud5a5 \uc774\ubbf8\uc9c0/[district]day_949C/[district]day_949C_480.json",
            "id": 2
        },
        {
            "time_step": 2,
            "original_data_path": "/content/drive/Othercomputers/\ub0b4 \ub178\ud2b8\ubd81/Forked_Models/Validation/Validation/_\ub77c\ubca8_General_val_C/district/3. \ud6c4\ubc29 \ubc29\ud5a5 \uc774\ubbf8\uc9c0/[district]day_949C/[district]day_949C_485.json",
            "id": 2
        },
        {
            "time_step": 3,
            "original_data_path": "/content/drive/Othercomputers/\ub0b4 \ub178\ud2b8\ubd81/Forked_Models/Validation/Validation/_\ub77c\ubca8_General_val_C/district/3. \ud6c4\ubc29 \ubc29\ud5a5 \uc774\ubbf8\uc9c0/[district]day_949C/[district]day_949C_490.json",
            "id": 2
        }
    ],
    "label": 2
}