{
    "data": [
        [
            0.6515625,
            0.8546296296296296,
            0.03802083333333328,
            0.0,
            -0.05104166666666676,
            0.11759259259259258,
            -0.04270833333333335,
            -0.07777777777777772
        ],
        [
            0.6515625,
            0.8546296296296296,
            0.04062499999999991,
            0.002777777777777768,
            -0.05104166666666676,
            0.11759259259259258,
            -0.04270833333333335,
            -0.07777777777777772
        ],
        [
            0.6489583333333333,
            0.8537037037037037,
            0.04010416666666672,
            0.002777777777777768,
            -0.04999999999999993,
            0.11759259259259258,
            -0.04947916666666663,
            -0.07592592592592595
        ]
    ],
    "original_data": [
        {
            "time_step": 1,
            "original_data_path": "/content/drive/Othercomputers/\ub0b4 \ub178\ud2b8\ubd81/Forked_Models/Validation/Validation/_\ub77c\ubca8_General_val_C/district/3. \ud6c4\ubc29 \ubc29\ud5a5 \uc774\ubbf8\uc9c0/[district]day_420C/[district]day_420C_190.json",
            "id": 6
        },
        {
            "time_step": 2,
            "original_data_path": "/content/drive/Othercomputers/\ub0b4 \ub178\ud2b8\ubd81/Forked_Models/Validation/Validation/_\ub77c\ubca8_General_val_C/district/3. \ud6c4\ubc29 \ubc29\ud5a5 \uc774\ubbf8\uc9c0/[district]day_420C/[district]day_420C_195.json",
            "id": 6
        },
        {
            "time_step": 3,
            "original_data_path": "/content/drive/Othercomputers/\ub0b4 \ub178\ud2b8\ubd81/Forked_Models/Validation/Validation/_\ub77c\ubca8_General_val_C/district/3. \ud6c4\ubc29 \ubc29\ud5a5 \uc774\ubbf8\uc9c0/[district]day_420C/[district]day_420C_200.json",
            "id": 6
        }
    ],
    "label": 2
}