{
    "data": [
        [
            0.6651041666666667,
            0.5611111111111111,
            0.0015624999999999112,
            -0.03703703703703709,
            -0.042187500000000044,
            -0.0018518518518518823,
            0.025520833333333326,
            0.0064814814814814214
        ],
        [
            0.6651041666666667,
            0.5611111111111111,
            0.0015624999999999112,
            -0.03703703703703709,
            -0.042187500000000044,
            -0.0018518518518518823,
            0.025520833333333326,
            0.0064814814814814214
        ],
        [
            0.6651041666666667,
            0.5611111111111111,
            0.0015624999999999112,
            -0.03703703703703709,
            -0.042187500000000044,
            -0.0018518518518518823,
            0.025520833333333326,
            0.0064814814814814214
        ]
    ],
    "original_data": [
        {
            "time_step": 1,
            "original_data_path": "/content/drive/Othercomputers/\ub0b4 \ub178\ud2b8\ubd81/Forked_Models/Validation/Validation/_\ub77c\ubca8_General_val_C/district/3. \ud6c4\ubc29 \ubc29\ud5a5 \uc774\ubbf8\uc9c0/[district]day_708C/[district]day_708C_440.json",
            "id": 7
        },
        {
            "time_step": 2,
            "original_data_path": "/content/drive/Othercomputers/\ub0b4 \ub178\ud2b8\ubd81/Forked_Models/Validation/Validation/_\ub77c\ubca8_General_val_C/district/3. \ud6c4\ubc29 \ubc29\ud5a5 \uc774\ubbf8\uc9c0/[district]day_708C/[district]day_708C_445.json",
            "id": 7
        },
        {
            "time_step": 3,
            "original_data_path": "/content/drive/Othercomputers/\ub0b4 \ub178\ud2b8\ubd81/Forked_Models/Validation/Validation/_\ub77c\ubca8_General_val_C/district/3. \ud6c4\ubc29 \ubc29\ud5a5 \uc774\ubbf8\uc9c0/[district]day_708C/[district]day_708C_450.json",
            "id": 7
        }
    ],
    "label": 2
}