{
    "data": [
        [
            0.5947916666666667,
            0.1388888888888889,
            0.0,
            -0.03425925925925927,
            -0.022395833333333393,
            0.025925925925925908,
            0.033333333333333326,
            0.025925925925925908
        ],
        [
            0.5958333333333333,
            0.13796296296296295,
            0.0,
            -0.03425925925925925,
            -0.02239583333333328,
            0.025925925925925936,
            0.033333333333333326,
            0.025925925925925936
        ],
        [
            0.5958333333333333,
            0.13796296296296295,
            0.0,
            -0.03425925925925925,
            -0.02239583333333328,
            0.025925925925925936,
            0.033333333333333326,
            0.025925925925925936
        ]
    ],
    "original_data": [
        {
            "time_step": 1,
            "original_data_path": "/content/drive/Othercomputers/\ub0b4 \ub178\ud2b8\ubd81/Forked_Models/Validation/Validation/_\ub77c\ubca8_General_val_C/district/3. \ud6c4\ubc29 \ubc29\ud5a5 \uc774\ubbf8\uc9c0/[district]attend_037C/[district]attend_037C_94.json",
            "id": 0
        },
        {
            "time_step": 2,
            "original_data_path": "/content/drive/Othercomputers/\ub0b4 \ub178\ud2b8\ubd81/Forked_Models/Validation/Validation/_\ub77c\ubca8_General_val_C/district/3. \ud6c4\ubc29 \ubc29\ud5a5 \uc774\ubbf8\uc9c0/[district]attend_037C/[district]attend_037C_96.json",
            "id": 0
        },
        {
            "time_step": 3,
            "original_data_path": "/content/drive/Othercomputers/\ub0b4 \ub178\ud2b8\ubd81/Forked_Models/Validation/Validation/_\ub77c\ubca8_General_val_C/district/3. \ud6c4\ubc29 \ubc29\ud5a5 \uc774\ubbf8\uc9c0/[district]attend_037C/[district]attend_037C_98.json",
            "id": 0
        }
    ],
    "label": 2
}