{
    "data": [
        [
            0.334375,
            0.2638888888888889,
            -0.006770833333333337,
            -0.03425925925925927,
            -0.016145833333333304,
            0.02685185185185185,
            0.03958333333333336,
            0.008333333333333304
        ],
        [
            0.334375,
            0.2638888888888889,
            -0.006770833333333337,
            -0.03425925925925927,
            -0.016145833333333304,
            0.02685185185185185,
            0.04010416666666666,
            0.010185185185185186
        ],
        [
            0.33958333333333335,
            0.2601851851851852,
            -0.006250000000000033,
            -0.029629629629629617,
            -0.021354166666666674,
            0.030555555555555558,
            0.03489583333333329,
            0.012037037037037013
        ]
    ],
    "original_data": [
        {
            "time_step": 1,
            "original_data_path": "/content/drive/Othercomputers/\ub0b4 \ub178\ud2b8\ubd81/Forked_Models/Validation/Validation/_\ub77c\ubca8_General_val_C/district/3. \ud6c4\ubc29 \ubc29\ud5a5 \uc774\ubbf8\uc9c0/[district]night_617C/[district]night_617C_515.json",
            "id": 0
        },
        {
            "time_step": 2,
            "original_data_path": "/content/drive/Othercomputers/\ub0b4 \ub178\ud2b8\ubd81/Forked_Models/Validation/Validation/_\ub77c\ubca8_General_val_C/district/3. \ud6c4\ubc29 \ubc29\ud5a5 \uc774\ubbf8\uc9c0/[district]night_617C/[district]night_617C_520.json",
            "id": 0
        },
        {
            "time_step": 3,
            "original_data_path": "/content/drive/Othercomputers/\ub0b4 \ub178\ud2b8\ubd81/Forked_Models/Validation/Validation/_\ub77c\ubca8_General_val_C/district/3. \ud6c4\ubc29 \ubc29\ud5a5 \uc774\ubbf8\uc9c0/[district]night_617C/[district]night_617C_525.json",
            "id": 0
        }
    ],
    "label": 2
}