{
    "data": [
        [
            0.40208333333333335,
            0.27314814814814814,
            -0.006770833333333337,
            -0.029629629629629617,
            -0.016666666666666663,
            0.010185185185185186,
            0.02604166666666663,
            0.007407407407407418
        ],
        [
            0.4,
            0.27037037037037037,
            -0.004687500000000011,
            -0.02685185185185185,
            -0.014583333333333337,
            0.012962962962962954,
            0.028124999999999956,
            0.010185185185185186
        ],
        [
            0.4,
            0.27037037037037037,
            -0.004687500000000011,
            -0.02685185185185185,
            -0.014583333333333337,
            0.012962962962962954,
            0.028124999999999956,
            0.010185185185185186
        ]
    ],
    "original_data": [
        {
            "time_step": 1,
            "original_data_path": "/content/drive/Othercomputers/\ub0b4 \ub178\ud2b8\ubd81/Forked_Models/Validation/Validation/_\ub77c\ubca8_General_val_C/district/3. \ud6c4\ubc29 \ubc29\ud5a5 \uc774\ubbf8\uc9c0/[district]attend_548C/[district]attend_548C_75.json",
            "id": 1
        },
        {
            "time_step": 2,
            "original_data_path": "/content/drive/Othercomputers/\ub0b4 \ub178\ud2b8\ubd81/Forked_Models/Validation/Validation/_\ub77c\ubca8_General_val_C/district/3. \ud6c4\ubc29 \ubc29\ud5a5 \uc774\ubbf8\uc9c0/[district]attend_548C/[district]attend_548C_80.json",
            "id": 1
        },
        {
            "time_step": 3,
            "original_data_path": "/content/drive/Othercomputers/\ub0b4 \ub178\ud2b8\ubd81/Forked_Models/Validation/Validation/_\ub77c\ubca8_General_val_C/district/3. \ud6c4\ubc29 \ubc29\ud5a5 \uc774\ubbf8\uc9c0/[district]attend_548C/[district]attend_548C_85.json",
            "id": 1
        }
    ],
    "label": 2
}