{
    "data": [
        [
            0.8447916666666667,
            0.4101851851851852,
            -0.002083333333333437,
            -0.03518518518518521,
            -0.039583333333333415,
            0.01388888888888884,
            0.030729166666666585,
            0.01481481481481478
        ],
        [
            0.8473958333333333,
            0.4148148148148148,
            -0.002083333333333326,
            -0.037037037037037035,
            -0.042187500000000044,
            0.009259259259259245,
            0.028124999999999956,
            0.010185185185185186
        ],
        [
            0.8473958333333333,
            0.4148148148148148,
            0.0015625000000000222,
            -0.03518518518518515,
            -0.042187500000000044,
            0.009259259259259245,
            0.028124999999999956,
            0.010185185185185186
        ]
    ],
    "original_data": [
        {
            "time_step": 1,
            "original_data_path": "/content/drive/Othercomputers/\ub0b4 \ub178\ud2b8\ubd81/Forked_Models/Validation/Validation/_\ub77c\ubca8_General_val_C/district/3. \ud6c4\ubc29 \ubc29\ud5a5 \uc774\ubbf8\uc9c0/[district]morning_1119C/[district]morning_1119C_130.json",
            "id": 3
        },
        {
            "time_step": 2,
            "original_data_path": "/content/drive/Othercomputers/\ub0b4 \ub178\ud2b8\ubd81/Forked_Models/Validation/Validation/_\ub77c\ubca8_General_val_C/district/3. \ud6c4\ubc29 \ubc29\ud5a5 \uc774\ubbf8\uc9c0/[district]morning_1119C/[district]morning_1119C_135.json",
            "id": 3
        },
        {
            "time_step": 3,
            "original_data_path": "/content/drive/Othercomputers/\ub0b4 \ub178\ud2b8\ubd81/Forked_Models/Validation/Validation/_\ub77c\ubca8_General_val_C/district/3. \ud6c4\ubc29 \ubc29\ud5a5 \uc774\ubbf8\uc9c0/[district]morning_1119C/[district]morning_1119C_140.json",
            "id": 3
        }
    ],
    "label": 2
}