{
    "data": [
        [
            0.5640625,
            0.4287037037037037,
            0.02083333333333326,
            -0.017592592592592604,
            -0.014583333333333393,
            0.09259259259259256,
            -0.017187500000000022,
            -0.040740740740740744
        ],
        [
            0.5703125,
            0.42777777777777776,
            0.017708333333333326,
            -0.0222222222222222,
            -0.02083333333333337,
            0.0935185185185185,
            -0.025000000000000022,
            -0.031481481481481444
        ],
        [
            0.5703125,
            0.42777777777777776,
            0.017708333333333326,
            -0.0222222222222222,
            -0.0026041666666666297,
            0.09722222222222227,
            -0.020312499999999956,
            -0.036111111111111094
        ]
    ],
    "original_data": [
        {
            "time_step": 1,
            "original_data_path": "/content/drive/Othercomputers/\ub0b4 \ub178\ud2b8\ubd81/Forked_Models/Validation/Validation/_\ub77c\ubca8_General_val_C/district/3. \ud6c4\ubc29 \ubc29\ud5a5 \uc774\ubbf8\uc9c0/[district]day_712C/[district]day_712C_410.json",
            "id": 4
        },
        {
            "time_step": 2,
            "original_data_path": "/content/drive/Othercomputers/\ub0b4 \ub178\ud2b8\ubd81/Forked_Models/Validation/Validation/_\ub77c\ubca8_General_val_C/district/3. \ud6c4\ubc29 \ubc29\ud5a5 \uc774\ubbf8\uc9c0/[district]day_712C/[district]day_712C_415.json",
            "id": 4
        },
        {
            "time_step": 3,
            "original_data_path": "/content/drive/Othercomputers/\ub0b4 \ub178\ud2b8\ubd81/Forked_Models/Validation/Validation/_\ub77c\ubca8_General_val_C/district/3. \ud6c4\ubc29 \ubc29\ud5a5 \uc774\ubbf8\uc9c0/[district]day_712C/[district]day_712C_420.json",
            "id": 4
        }
    ],
    "label": 2
}