{
    "data": [
        [
            0.4046875,
            0.3453703703703704,
            -0.005208333333333315,
            -0.040740740740740744,
            0.029687500000000033,
            -0.022222222222222254,
            0.01302083333333337,
            0.04259259259259257
        ],
        [
            0.3828125,
            0.35648148148148145,
            -0.005208333333333315,
            -0.04537037037037034,
            0.033333333333333326,
            -0.04166666666666663,
            0.011979166666666652,
            0.040740740740740744
        ],
        [
            0.38229166666666664,
            0.3472222222222222,
            -0.0036458333333332926,
            -0.0398148148148148,
            0.033854166666666685,
            -0.032407407407407385,
            0.012500000000000011,
            0.04999999999999999
        ]
    ],
    "original_data": [
        {
            "time_step": 1,
            "original_data_path": "/content/drive/Othercomputers/\ub0b4 \ub178\ud2b8\ubd81/Forked_Models/Validation/Validation/_\ub77c\ubca8_General_val_C/district/3. \ud6c4\ubc29 \ubc29\ud5a5 \uc774\ubbf8\uc9c0/[district]night_617C/[district]night_617C_25.json",
            "id": 1
        },
        {
            "time_step": 2,
            "original_data_path": "/content/drive/Othercomputers/\ub0b4 \ub178\ud2b8\ubd81/Forked_Models/Validation/Validation/_\ub77c\ubca8_General_val_C/district/3. \ud6c4\ubc29 \ubc29\ud5a5 \uc774\ubbf8\uc9c0/[district]night_617C/[district]night_617C_30.json",
            "id": 1
        },
        {
            "time_step": 3,
            "original_data_path": "/content/drive/Othercomputers/\ub0b4 \ub178\ud2b8\ubd81/Forked_Models/Validation/Validation/_\ub77c\ubca8_General_val_C/district/3. \ud6c4\ubc29 \ubc29\ud5a5 \uc774\ubbf8\uc9c0/[district]night_617C/[district]night_617C_35.json",
            "id": 1
        }
    ],
    "label": 2
}