{
    "data": [
        [
            0.3958333333333333,
            0.28425925925925927,
            0.0,
            -0.021296296296296313,
            -0.021874999999999978,
            0.017592592592592604,
            0.022395833333333337,
            0.03518518518518515
        ],
        [
            0.3921875,
            0.2898148148148148,
            0.0005208333333333037,
            -0.024999999999999967,
            -0.021354166666666674,
            0.013888888888888895,
            0.02291666666666664,
            0.0314814814814815
        ],
        [
            0.39739583333333334,
            0.2916666666666667,
            0.0005208333333333037,
            -0.02777777777777779,
            -0.0234375,
            0.010185185185185186,
            0.020833333333333315,
            0.027777777777777735
        ]
    ],
    "original_data": [
        {
            "time_step": 1,
            "original_data_path": "/content/drive/Othercomputers/\ub0b4 \ub178\ud2b8\ubd81/Forked_Models/Validation/Validation/_\ub77c\ubca8_General_val_C/district/3. \ud6c4\ubc29 \ubc29\ud5a5 \uc774\ubbf8\uc9c0/[district]leave_075C/[district]leave_075C_118.json",
            "id": 1
        },
        {
            "time_step": 2,
            "original_data_path": "/content/drive/Othercomputers/\ub0b4 \ub178\ud2b8\ubd81/Forked_Models/Validation/Validation/_\ub77c\ubca8_General_val_C/district/3. \ud6c4\ubc29 \ubc29\ud5a5 \uc774\ubbf8\uc9c0/[district]leave_075C/[district]leave_075C_120.json",
            "id": 1
        },
        {
            "time_step": 3,
            "original_data_path": "/content/drive/Othercomputers/\ub0b4 \ub178\ud2b8\ubd81/Forked_Models/Validation/Validation/_\ub77c\ubca8_General_val_C/district/3. \ud6c4\ubc29 \ubc29\ud5a5 \uc774\ubbf8\uc9c0/[district]leave_075C/[district]leave_075C_122.json",
            "id": 1
        }
    ],
    "label": 2
}