{
    "data": [
        [
            0.4119791666666667,
            0.6037037037037037,
            -0.003645833333333348,
            -0.07037037037037042,
            -0.033333333333333326,
            -0.002777777777777768,
            0.04218749999999999,
            0.06388888888888888
        ],
        [
            0.4197916666666667,
            0.6222222222222222,
            -0.002083333333333326,
            -0.06666666666666665,
            -0.029166666666666674,
            -0.02314814814814814,
            0.044791666666666674,
            0.059259259259259234
        ],
        [
            0.42135416666666664,
            0.6305555555555555,
            -0.0036458333333332926,
            -0.07499999999999996,
            -0.03072916666666664,
            -0.031481481481481444,
            0.04322916666666671,
            0.05092592592592593
        ]
    ],
    "original_data": [
        {
            "time_step": 1,
            "original_data_path": "/content/drive/Othercomputers/\ub0b4 \ub178\ud2b8\ubd81/Forked_Models/Validation/Validation/_\ub77c\ubca8_General_val_C/district/3. \ud6c4\ubc29 \ubc29\ud5a5 \uc774\ubbf8\uc9c0/[district]day_683C/[district]day_683C_530.json",
            "id": 7
        },
        {
            "time_step": 2,
            "original_data_path": "/content/drive/Othercomputers/\ub0b4 \ub178\ud2b8\ubd81/Forked_Models/Validation/Validation/_\ub77c\ubca8_General_val_C/district/3. \ud6c4\ubc29 \ubc29\ud5a5 \uc774\ubbf8\uc9c0/[district]day_683C/[district]day_683C_535.json",
            "id": 7
        },
        {
            "time_step": 3,
            "original_data_path": "/content/drive/Othercomputers/\ub0b4 \ub178\ud2b8\ubd81/Forked_Models/Validation/Validation/_\ub77c\ubca8_General_val_C/district/3. \ud6c4\ubc29 \ubc29\ud5a5 \uc774\ubbf8\uc9c0/[district]day_683C/[district]day_683C_540.json",
            "id": 7
        }
    ],
    "label": 2
}