{
    "data": [
        [
            0.7130208333333333,
            0.3101851851851852,
            -0.008333333333333304,
            -0.016666666666666663,
            -0.028124999999999956,
            -0.006481481481481477,
            0.026562500000000044,
            0.007407407407407418
        ],
        [
            0.7130208333333333,
            0.3101851851851852,
            -0.008333333333333304,
            -0.016666666666666663,
            -0.03125,
            -0.012037037037037013,
            0.029687499999999978,
            0.012037037037037068
        ],
        [
            0.7140625,
            0.3175925925925926,
            -0.009895833333333326,
            -0.014814814814814836,
            -0.03229166666666672,
            -0.01944444444444443,
            0.03125,
            0.0018518518518518268
        ]
    ],
    "original_data": [
        {
            "time_step": 1,
            "original_data_path": "/content/drive/Othercomputers/\ub0b4 \ub178\ud2b8\ubd81/Forked_Models/Validation/Validation/_\ub77c\ubca8_General_val_C/district/3. \ud6c4\ubc29 \ubc29\ud5a5 \uc774\ubbf8\uc9c0/[district]morning_979C/[district]morning_979C_425.json",
            "id": 0
        },
        {
            "time_step": 2,
            "original_data_path": "/content/drive/Othercomputers/\ub0b4 \ub178\ud2b8\ubd81/Forked_Models/Validation/Validation/_\ub77c\ubca8_General_val_C/district/3. \ud6c4\ubc29 \ubc29\ud5a5 \uc774\ubbf8\uc9c0/[district]morning_979C/[district]morning_979C_430.json",
            "id": 0
        },
        {
            "time_step": 3,
            "original_data_path": "/content/drive/Othercomputers/\ub0b4 \ub178\ud2b8\ubd81/Forked_Models/Validation/Validation/_\ub77c\ubca8_General_val_C/district/3. \ud6c4\ubc29 \ubc29\ud5a5 \uc774\ubbf8\uc9c0/[district]morning_979C/[district]morning_979C_435.json",
            "id": 0
        }
    ],
    "label": 2
}