{
    "data": [
        [
            0.8338541666666667,
            0.5638888888888889,
            0.0031250000000000444,
            -0.04166666666666663,
            -0.04427083333333337,
            -0.00462962962962965,
            0.041145833333333326,
            0.020370370370370372
        ],
        [
            0.83125,
            0.575,
            0.0026041666666666297,
            -0.04814814814814805,
            -0.04166666666666674,
            -0.015740740740740722,
            0.043749999999999956,
            0.0092592592592593
        ],
        [
            0.83125,
            0.575,
            0.008854166666666607,
            -0.03981481481481475,
            -0.04166666666666674,
            -0.015740740740740722,
            0.04062499999999991,
            0.005555555555555647
        ]
    ],
    "original_data": [
        {
            "time_step": 1,
            "original_data_path": "/content/drive/Othercomputers/\ub0b4 \ub178\ud2b8\ubd81/Forked_Models/Validation/Validation/_\ub77c\ubca8_General_val_C/district/3. \ud6c4\ubc29 \ubc29\ud5a5 \uc774\ubbf8\uc9c0/[district]day_950C/[district]day_950C_390.json",
            "id": 3
        },
        {
            "time_step": 2,
            "original_data_path": "/content/drive/Othercomputers/\ub0b4 \ub178\ud2b8\ubd81/Forked_Models/Validation/Validation/_\ub77c\ubca8_General_val_C/district/3. \ud6c4\ubc29 \ubc29\ud5a5 \uc774\ubbf8\uc9c0/[district]day_950C/[district]day_950C_395.json",
            "id": 3
        },
        {
            "time_step": 3,
            "original_data_path": "/content/drive/Othercomputers/\ub0b4 \ub178\ud2b8\ubd81/Forked_Models/Validation/Validation/_\ub77c\ubca8_General_val_C/district/3. \ud6c4\ubc29 \ubc29\ud5a5 \uc774\ubbf8\uc9c0/[district]day_950C/[district]day_950C_400.json",
            "id": 3
        }
    ],
    "label": 2
}