{
    "data": [
        [
            0.490625,
            0.3287037037037037,
            0.002604166666666685,
            -0.07222222222222224,
            0.03229166666666672,
            0.02407407407407408,
            -0.03489583333333329,
            0.024999999999999967
        ],
        [
            0.49270833333333336,
            0.2916666666666667,
            -0.0005208333333333592,
            -0.0601851851851852,
            0.028645833333333315,
            0.02314814814814814,
            -0.034375000000000044,
            0.02314814814814814
        ],
        [
            0.49375,
            0.24537037037037038,
            0.0036458333333332926,
            -0.045370370370370366,
            0.025000000000000022,
            0.024074074074074053,
            -0.03125,
            0.021296296296296285
        ]
    ],
    "original_data": [
        {
            "time_step": 1,
            "original_data_path": "/content/drive/Othercomputers/\ub0b4 \ub178\ud2b8\ubd81/Forked_Models/Validation/Validation/_\ub77c\ubca8_General_val_C/district/3. \ud6c4\ubc29 \ubc29\ud5a5 \uc774\ubbf8\uc9c0/[district]attend_534C/[district]attend_534C_350.json",
            "id": 4
        },
        {
            "time_step": 2,
            "original_data_path": "/content/drive/Othercomputers/\ub0b4 \ub178\ud2b8\ubd81/Forked_Models/Validation/Validation/_\ub77c\ubca8_General_val_C/district/3. \ud6c4\ubc29 \ubc29\ud5a5 \uc774\ubbf8\uc9c0/[district]attend_534C/[district]attend_534C_355.json",
            "id": 4
        },
        {
            "time_step": 3,
            "original_data_path": "/content/drive/Othercomputers/\ub0b4 \ub178\ud2b8\ubd81/Forked_Models/Validation/Validation/_\ub77c\ubca8_General_val_C/district/3. \ud6c4\ubc29 \ubc29\ud5a5 \uc774\ubbf8\uc9c0/[district]attend_534C/[district]attend_534C_360.json",
            "id": 4
        }
    ],
    "label": 2
}