{
    "data": [
        [
            0.7848958333333333,
            0.26851851851851855,
            0.004687499999999956,
            -0.02407407407407411,
            -0.03229166666666672,
            0.01851851851851849,
            0.02604166666666663,
            0.031481481481481444
        ],
        [
            0.7817708333333333,
            0.27037037037037037,
            0.004687500000000067,
            -0.02777777777777779,
            -0.03125,
            0.017592592592592604,
            0.029166666666666674,
            0.029629629629629617
        ],
        [
            0.7817708333333333,
            0.27037037037037037,
            0.004687500000000067,
            -0.02777777777777779,
            -0.03125,
            0.017592592592592604,
            0.029166666666666674,
            0.029629629629629617
        ]
    ],
    "original_data": [
        {
            "time_step": 1,
            "original_data_path": "/content/drive/Othercomputers/\ub0b4 \ub178\ud2b8\ubd81/Forked_Models/Validation/Validation/_\ub77c\ubca8_General_val_C/district/3. \ud6c4\ubc29 \ubc29\ud5a5 \uc774\ubbf8\uc9c0/[district]morning_1119C/[district]morning_1119C_570.json",
            "id": 2
        },
        {
            "time_step": 2,
            "original_data_path": "/content/drive/Othercomputers/\ub0b4 \ub178\ud2b8\ubd81/Forked_Models/Validation/Validation/_\ub77c\ubca8_General_val_C/district/3. \ud6c4\ubc29 \ubc29\ud5a5 \uc774\ubbf8\uc9c0/[district]morning_1119C/[district]morning_1119C_575.json",
            "id": 2
        },
        {
            "time_step": 3,
            "original_data_path": "/content/drive/Othercomputers/\ub0b4 \ub178\ud2b8\ubd81/Forked_Models/Validation/Validation/_\ub77c\ubca8_General_val_C/district/3. \ud6c4\ubc29 \ubc29\ud5a5 \uc774\ubbf8\uc9c0/[district]morning_1119C/[district]morning_1119C_580.json",
            "id": 2
        }
    ],
    "label": 2
}