{
    "data": [
        [
            0.30416666666666664,
            0.8546296296296296,
            -0.04531249999999998,
            -0.045370370370370394,
            0.07187500000000002,
            -0.056481481481481466,
            0.036979166666666674,
            0.13981481481481484
        ],
        [
            0.30416666666666664,
            0.8611111111111112,
            -0.04531249999999998,
            -0.042592592592592626,
            0.07187500000000002,
            -0.0537037037037037,
            0.036979166666666674,
            0.1333333333333333
        ],
        [
            0.30625,
            0.9037037037037037,
            -0.04739583333333336,
            -0.06759259259259254,
            0.06979166666666664,
            -0.07777777777777772,
            0.03489583333333329,
            0.09074074074074079
        ]
    ],
    "original_data": [
        {
            "time_step": 1,
            "original_data_path": "/content/drive/Othercomputers/\ub0b4 \ub178\ud2b8\ubd81/Forked_Models/Validation/Validation/_\ub77c\ubca8_General_val_C/district/3. \ud6c4\ubc29 \ubc29\ud5a5 \uc774\ubbf8\uc9c0/[district]night_623C/[district]night_623C_395.json",
            "id": 9
        },
        {
            "time_step": 2,
            "original_data_path": "/content/drive/Othercomputers/\ub0b4 \ub178\ud2b8\ubd81/Forked_Models/Validation/Validation/_\ub77c\ubca8_General_val_C/district/3. \ud6c4\ubc29 \ubc29\ud5a5 \uc774\ubbf8\uc9c0/[district]night_623C/[district]night_623C_400.json",
            "id": 9
        },
        {
            "time_step": 3,
            "original_data_path": "/content/drive/Othercomputers/\ub0b4 \ub178\ud2b8\ubd81/Forked_Models/Validation/Validation/_\ub77c\ubca8_General_val_C/district/3. \ud6c4\ubc29 \ubc29\ud5a5 \uc774\ubbf8\uc9c0/[district]night_623C/[district]night_623C_405.json",
            "id": 9
        }
    ],
    "label": 2
}