{
    "data": [
        [
            0.3984375,
            0.30833333333333335,
            -0.001041666666666663,
            -0.010185185185185186,
            -0.021874999999999978,
            -0.006481481481481477,
            0.033854166666666685,
            -0.007407407407407418
        ],
        [
            0.4041666666666667,
            0.3111111111111111,
            -0.003124999999999989,
            -0.012037037037037068,
            -0.024479166666666663,
            -0.010185185185185186,
            0.033854166666666685,
            -0.009259259259259245
        ],
        [
            0.4088541666666667,
            0.30277777777777776,
            -0.001041666666666663,
            -0.012962962962962954,
            -0.0234375,
            -0.005555555555555536,
            0.028645833333333315,
            -0.010185185185185186
        ]
    ],
    "original_data": [
        {
            "time_step": 1,
            "original_data_path": "/content/drive/Othercomputers/\ub0b4 \ub178\ud2b8\ubd81/Forked_Models/Validation/Validation/_\ub77c\ubca8_General_val_C/district/3. \ud6c4\ubc29 \ubc29\ud5a5 \uc774\ubbf8\uc9c0/[district]leave_642C/[district]leave_642C_105.json",
            "id": 1
        },
        {
            "time_step": 2,
            "original_data_path": "/content/drive/Othercomputers/\ub0b4 \ub178\ud2b8\ubd81/Forked_Models/Validation/Validation/_\ub77c\ubca8_General_val_C/district/3. \ud6c4\ubc29 \ubc29\ud5a5 \uc774\ubbf8\uc9c0/[district]leave_642C/[district]leave_642C_110.json",
            "id": 1
        },
        {
            "time_step": 3,
            "original_data_path": "/content/drive/Othercomputers/\ub0b4 \ub178\ud2b8\ubd81/Forked_Models/Validation/Validation/_\ub77c\ubca8_General_val_C/district/3. \ud6c4\ubc29 \ubc29\ud5a5 \uc774\ubbf8\uc9c0/[district]leave_642C/[district]leave_642C_115.json",
            "id": 1
        }
    ],
    "label": 2
}