{
    "data": [
        [
            0.5338541666666666,
            0.3712962962962963,
            0.008333333333333415,
            -0.029629629629629617,
            -0.02604166666666663,
            0.05462962962962964,
            0.008854166666666718,
            -0.00462962962962965
        ],
        [
            0.5322916666666667,
            0.37592592592592594,
            0.0067708333333332815,
            -0.030555555555555558,
            -0.023958333333333415,
            0.04351851851851851,
            0.006249999999999978,
            -0.005555555555555591
        ],
        [
            0.5239583333333333,
            0.37962962962962965,
            0.007291666666666696,
            -0.037037037037037035,
            -0.025520833333333326,
            0.04629629629629628,
            0.010937500000000044,
            -0.010185185185185186
        ]
    ],
    "original_data": [
        {
            "time_step": 1,
            "original_data_path": "/content/drive/Othercomputers/\ub0b4 \ub178\ud2b8\ubd81/Forked_Models/Validation/Validation/_\ub77c\ubca8_General_val_C/district/3. \ud6c4\ubc29 \ubc29\ud5a5 \uc774\ubbf8\uc9c0/[district]day_420C/[district]day_420C_565.json",
            "id": 3
        },
        {
            "time_step": 2,
            "original_data_path": "/content/drive/Othercomputers/\ub0b4 \ub178\ud2b8\ubd81/Forked_Models/Validation/Validation/_\ub77c\ubca8_General_val_C/district/3. \ud6c4\ubc29 \ubc29\ud5a5 \uc774\ubbf8\uc9c0/[district]day_420C/[district]day_420C_570.json",
            "id": 3
        },
        {
            "time_step": 3,
            "original_data_path": "/content/drive/Othercomputers/\ub0b4 \ub178\ud2b8\ubd81/Forked_Models/Validation/Validation/_\ub77c\ubca8_General_val_C/district/3. \ud6c4\ubc29 \ubc29\ud5a5 \uc774\ubbf8\uc9c0/[district]day_420C/[district]day_420C_575.json",
            "id": 3
        }
    ],
    "label": 2
}