{
    "data": [
        [
            0.6927083333333334,
            0.7129629629629629,
            0.020312499999999956,
            -0.047222222222222165,
            -0.0625,
            0.007407407407407418,
            0.04322916666666665,
            -0.015740740740740722
        ],
        [
            0.7046875,
            0.7407407407407407,
            0.015104166666666696,
            -0.02962962962962956,
            -0.07135416666666672,
            -0.022222222222222143,
            0.04010416666666661,
            -0.03981481481481475
        ],
        [
            0.6901041666666666,
            0.7768518518518519,
            0.013541666666666674,
            -0.02592592592592602,
            -0.054166666666666585,
            -0.03981481481481486,
            0.03645833333333337,
            -0.03425925925925932
        ]
    ],
    "original_data": [
        {
            "time_step": 1,
            "original_data_path": "/content/drive/Othercomputers/\ub0b4 \ub178\ud2b8\ubd81/Forked_Models/Validation/Validation/_\ub77c\ubca8_General_val_C/district/3. \ud6c4\ubc29 \ubc29\ud5a5 \uc774\ubbf8\uc9c0/[district]day_420C/[district]day_420C_420.json",
            "id": 6
        },
        {
            "time_step": 2,
            "original_data_path": "/content/drive/Othercomputers/\ub0b4 \ub178\ud2b8\ubd81/Forked_Models/Validation/Validation/_\ub77c\ubca8_General_val_C/district/3. \ud6c4\ubc29 \ubc29\ud5a5 \uc774\ubbf8\uc9c0/[district]day_420C/[district]day_420C_425.json",
            "id": 6
        },
        {
            "time_step": 3,
            "original_data_path": "/content/drive/Othercomputers/\ub0b4 \ub178\ud2b8\ubd81/Forked_Models/Validation/Validation/_\ub77c\ubca8_General_val_C/district/3. \ud6c4\ubc29 \ubc29\ud5a5 \uc774\ubbf8\uc9c0/[district]day_420C/[district]day_420C_430.json",
            "id": 6
        }
    ],
    "label": 2
}