{
    "data": [
        [
            0.27291666666666664,
            0.8379629629629629,
            -0.047395833333333304,
            -0.047222222222222165,
            0.021875000000000033,
            -0.062037037037037,
            -0.01510416666666664,
            0.10648148148148151
        ],
        [
            0.2598958333333333,
            0.8592592592592593,
            -0.04322916666666665,
            -0.04351851851851851,
            0.01614583333333336,
            -0.059259259259259234,
            -0.003124999999999989,
            0.10277777777777775
        ],
        [
            0.25416666666666665,
            0.875,
            -0.040624999999999994,
            -0.03888888888888886,
            0.013541666666666674,
            -0.06481481481481477,
            -0.0026041666666666297,
            0.11111111111111116
        ]
    ],
    "original_data": [
        {
            "time_step": 1,
            "original_data_path": "/content/drive/Othercomputers/\ub0b4 \ub178\ud2b8\ubd81/Forked_Models/Validation/Validation/_\ub77c\ubca8_General_val_C/district/3. \ud6c4\ubc29 \ubc29\ud5a5 \uc774\ubbf8\uc9c0/[district]leave_642C/[district]leave_642C_285.json",
            "id": 8
        },
        {
            "time_step": 2,
            "original_data_path": "/content/drive/Othercomputers/\ub0b4 \ub178\ud2b8\ubd81/Forked_Models/Validation/Validation/_\ub77c\ubca8_General_val_C/district/3. \ud6c4\ubc29 \ubc29\ud5a5 \uc774\ubbf8\uc9c0/[district]leave_642C/[district]leave_642C_290.json",
            "id": 8
        },
        {
            "time_step": 3,
            "original_data_path": "/content/drive/Othercomputers/\ub0b4 \ub178\ud2b8\ubd81/Forked_Models/Validation/Validation/_\ub77c\ubca8_General_val_C/district/3. \ud6c4\ubc29 \ubc29\ud5a5 \uc774\ubbf8\uc9c0/[district]leave_642C/[district]leave_642C_295.json",
            "id": 8
        }
    ],
    "label": 2
}