{
    "data": [
        [
            0.6552083333333333,
            0.47129629629629627,
            0.0031250000000000444,
            -0.037037037037037035,
            -0.030729166666666585,
            0.007407407407407418,
            0.031770833333333415,
            0.050925925925925986
        ],
        [
            0.6682291666666667,
            0.4777777777777778,
            0.00520833333333337,
            -0.03518518518518521,
            -0.03489583333333335,
            0.002777777777777768,
            0.025000000000000022,
            0.05277777777777776
        ],
        [
            0.6713541666666667,
            0.48703703703703705,
            0.008854166666666607,
            -0.03518518518518521,
            -0.03802083333333339,
            -0.006481481481481477,
            0.021874999999999978,
            0.04351851851851851
        ]
    ],
    "original_data": [
        {
            "time_step": 1,
            "original_data_path": "/content/drive/Othercomputers/\ub0b4 \ub178\ud2b8\ubd81/Forked_Models/Validation/Validation/_\ub77c\ubca8_General_val_C/district/3. \ud6c4\ubc29 \ubc29\ud5a5 \uc774\ubbf8\uc9c0/[district]day_712C/[district]day_712C_65.json",
            "id": 5
        },
        {
            "time_step": 2,
            "original_data_path": "/content/drive/Othercomputers/\ub0b4 \ub178\ud2b8\ubd81/Forked_Models/Validation/Validation/_\ub77c\ubca8_General_val_C/district/3. \ud6c4\ubc29 \ubc29\ud5a5 \uc774\ubbf8\uc9c0/[district]day_712C/[district]day_712C_70.json",
            "id": 5
        },
        {
            "time_step": 3,
            "original_data_path": "/content/drive/Othercomputers/\ub0b4 \ub178\ud2b8\ubd81/Forked_Models/Validation/Validation/_\ub77c\ubca8_General_val_C/district/3. \ud6c4\ubc29 \ubc29\ud5a5 \uc774\ubbf8\uc9c0/[district]day_712C/[district]day_712C_75.json",
            "id": 5
        }
    ],
    "label": 2
}