{
    "data": [
        [
            0.8229166666666666,
            0.21203703703703702,
            0.0005208333333334147,
            -0.0509259259259259,
            -0.03802083333333328,
            0.025925925925925936,
            0.03229166666666672,
            0.03240740740740741
        ],
        [
            0.8229166666666666,
            0.21203703703703702,
            0.0067708333333333925,
            -0.04722222222222222,
            -0.03802083333333328,
            0.025925925925925936,
            0.03229166666666672,
            0.03240740740740741
        ],
        [
            0.825,
            0.21574074074074073,
            0.0010416666666667185,
            -0.05092592592592593,
            -0.03645833333333326,
            0.024999999999999994,
            0.03125,
            0.029629629629629645
        ]
    ],
    "original_data": [
        {
            "time_step": 1,
            "original_data_path": "/content/drive/Othercomputers/\ub0b4 \ub178\ud2b8\ubd81/Forked_Models/Validation/Validation/_\ub77c\ubca8_General_val_C/district/3. \ud6c4\ubc29 \ubc29\ud5a5 \uc774\ubbf8\uc9c0/[district]leave_046C/[district]leave_046C_80.json",
            "id": 3
        },
        {
            "time_step": 2,
            "original_data_path": "/content/drive/Othercomputers/\ub0b4 \ub178\ud2b8\ubd81/Forked_Models/Validation/Validation/_\ub77c\ubca8_General_val_C/district/3. \ud6c4\ubc29 \ubc29\ud5a5 \uc774\ubbf8\uc9c0/[district]leave_046C/[district]leave_046C_82.json",
            "id": 3
        },
        {
            "time_step": 3,
            "original_data_path": "/content/drive/Othercomputers/\ub0b4 \ub178\ud2b8\ubd81/Forked_Models/Validation/Validation/_\ub77c\ubca8_General_val_C/district/3. \ud6c4\ubc29 \ubc29\ud5a5 \uc774\ubbf8\uc9c0/[district]leave_046C/[district]leave_046C_84.json",
            "id": 3
        }
    ],
    "label": 2
}