{
    "data": [
        [
            0.6125,
            0.8472222222222222,
            0.05833333333333324,
            0.0009259259259258856,
            -0.013541666666666674,
            0.1342592592592593,
            -0.022395833333333393,
            -0.08055555555555549
        ],
        [
            0.6203125,
            0.8574074074074074,
            0.05624999999999991,
            -0.002777777777777768,
            -0.021354166666666674,
            0.12407407407407411,
            -0.030208333333333393,
            -0.09074074074074068
        ],
        [
            0.621875,
            0.85,
            0.05729166666666674,
            -0.011111111111111072,
            -0.022916666666666585,
            0.13148148148148153,
            -0.031770833333333304,
            -0.08333333333333326
        ]
    ],
    "original_data": [
        {
            "time_step": 1,
            "original_data_path": "/content/drive/Othercomputers/\ub0b4 \ub178\ud2b8\ubd81/Forked_Models/Validation/Validation/_\ub77c\ubca8_General_val_C/district/3. \ud6c4\ubc29 \ubc29\ud5a5 \uc774\ubbf8\uc9c0/[district]day_420C/[district]day_420C_295.json",
            "id": 6
        },
        {
            "time_step": 2,
            "original_data_path": "/content/drive/Othercomputers/\ub0b4 \ub178\ud2b8\ubd81/Forked_Models/Validation/Validation/_\ub77c\ubca8_General_val_C/district/3. \ud6c4\ubc29 \ubc29\ud5a5 \uc774\ubbf8\uc9c0/[district]day_420C/[district]day_420C_300.json",
            "id": 6
        },
        {
            "time_step": 3,
            "original_data_path": "/content/drive/Othercomputers/\ub0b4 \ub178\ud2b8\ubd81/Forked_Models/Validation/Validation/_\ub77c\ubca8_General_val_C/district/3. \ud6c4\ubc29 \ubc29\ud5a5 \uc774\ubbf8\uc9c0/[district]day_420C/[district]day_420C_305.json",
            "id": 6
        }
    ],
    "label": 2
}