{
    "data": [
        [
            0.4197916666666667,
            0.26851851851851855,
            0.004687500000000011,
            -0.023148148148148168,
            -0.03437499999999999,
            0.01481481481481478,
            0.014062499999999978,
            0.012037037037037013
        ],
        [
            0.421875,
            0.2675925925925926,
            0.006249999999999978,
            -0.01944444444444446,
            -0.036458333333333315,
            0.015740740740740722,
            0.011979166666666652,
            0.012962962962962954
        ],
        [
            0.41458333333333336,
            0.27314814814814814,
            0.0067708333333332815,
            -0.024999999999999994,
            -0.029166666666666674,
            0.010185185185185186,
            0.019270833333333293,
            0.007407407407407418
        ]
    ],
    "original_data": [
        {
            "time_step": 1,
            "original_data_path": "/content/drive/Othercomputers/\ub0b4 \ub178\ud2b8\ubd81/Forked_Models/Validation/Validation/_\ub77c\ubca8_General_val_C/district/3. \ud6c4\ubc29 \ubc29\ud5a5 \uc774\ubbf8\uc9c0/[district]attend_548C/[district]attend_548C_45.json",
            "id": 1
        },
        {
            "time_step": 2,
            "original_data_path": "/content/drive/Othercomputers/\ub0b4 \ub178\ud2b8\ubd81/Forked_Models/Validation/Validation/_\ub77c\ubca8_General_val_C/district/3. \ud6c4\ubc29 \ubc29\ud5a5 \uc774\ubbf8\uc9c0/[district]attend_548C/[district]attend_548C_50.json",
            "id": 1
        },
        {
            "time_step": 3,
            "original_data_path": "/content/drive/Othercomputers/\ub0b4 \ub178\ud2b8\ubd81/Forked_Models/Validation/Validation/_\ub77c\ubca8_General_val_C/district/3. \ud6c4\ubc29 \ubc29\ud5a5 \uc774\ubbf8\uc9c0/[district]attend_548C/[district]attend_548C_55.json",
            "id": 1
        }
    ],
    "label": 2
}