{
    "data": [
        [
            0.7296875,
            0.20555555555555555,
            -0.0015625000000000222,
            -0.028703703703703703,
            -0.026562500000000044,
            0.013888888888888895,
            0.0390625,
            0.02777777777777779
        ],
        [
            0.7307291666666667,
            0.2037037037037037,
            -0.002083333333333326,
            -0.025925925925925908,
            -0.027604166666666652,
            0.017592592592592604,
            0.03802083333333339,
            0.0314814814814815
        ],
        [
            0.740625,
            0.20185185185185187,
            -0.0031249999999999334,
            -0.0314814814814815,
            -0.03749999999999998,
            0.016666666666666663,
            0.028125000000000067,
            0.03055555555555553
        ]
    ],
    "original_data": [
        {
            "time_step": 1,
            "original_data_path": "/content/drive/Othercomputers/\ub0b4 \ub178\ud2b8\ubd81/Forked_Models/Validation/Validation/_\ub77c\ubca8_General_val_C/district/3. \ud6c4\ubc29 \ubc29\ud5a5 \uc774\ubbf8\uc9c0/[district]day_025C/[district]day_025C_196.json",
            "id": 0
        },
        {
            "time_step": 2,
            "original_data_path": "/content/drive/Othercomputers/\ub0b4 \ub178\ud2b8\ubd81/Forked_Models/Validation/Validation/_\ub77c\ubca8_General_val_C/district/3. \ud6c4\ubc29 \ubc29\ud5a5 \uc774\ubbf8\uc9c0/[district]day_025C/[district]day_025C_198.json",
            "id": 0
        },
        {
            "time_step": 3,
            "original_data_path": "/content/drive/Othercomputers/\ub0b4 \ub178\ud2b8\ubd81/Forked_Models/Validation/Validation/_\ub77c\ubca8_General_val_C/district/3. \ud6c4\ubc29 \ubc29\ud5a5 \uc774\ubbf8\uc9c0/[district]day_025C/[district]day_025C_200.json",
            "id": 0
        }
    ],
    "label": 2
}