{
    "data": [
        [
            0.6177083333333333,
            0.11018518518518519,
            -0.0010416666666666075,
            -0.019444444444444445,
            -0.014062499999999978,
            0.03148148148148147,
            0.026562500000000044,
            0.014814814814814808
        ],
        [
            0.6161458333333333,
            0.11296296296296296,
            -0.0010416666666666075,
            -0.024074074074074067,
            -0.012499999999999956,
            0.028703703703703703,
            0.02604166666666674,
            0.01203703703703704
        ],
        [
            0.6161458333333333,
            0.11296296296296296,
            -0.0010416666666666075,
            -0.024074074074074067,
            -0.014062499999999978,
            0.02314814814814814,
            0.029166666666666674,
            0.012962962962962954
        ]
    ],
    "original_data": [
        {
            "time_step": 1,
            "original_data_path": "/content/drive/Othercomputers/\ub0b4 \ub178\ud2b8\ubd81/Forked_Models/Validation/Validation/_\ub77c\ubca8_General_val_C/district/3. \ud6c4\ubc29 \ubc29\ud5a5 \uc774\ubbf8\uc9c0/[district]leave_046C/[district]leave_046C_44.json",
            "id": 1
        },
        {
            "time_step": 2,
            "original_data_path": "/content/drive/Othercomputers/\ub0b4 \ub178\ud2b8\ubd81/Forked_Models/Validation/Validation/_\ub77c\ubca8_General_val_C/district/3. \ud6c4\ubc29 \ubc29\ud5a5 \uc774\ubbf8\uc9c0/[district]leave_046C/[district]leave_046C_46.json",
            "id": 1
        },
        {
            "time_step": 3,
            "original_data_path": "/content/drive/Othercomputers/\ub0b4 \ub178\ud2b8\ubd81/Forked_Models/Validation/Validation/_\ub77c\ubca8_General_val_C/district/3. \ud6c4\ubc29 \ubc29\ud5a5 \uc774\ubbf8\uc9c0/[district]leave_046C/[district]leave_046C_48.json",
            "id": 1
        }
    ],
    "label": 2
}