{
    "data": [
        [
            0.40729166666666666,
            0.24351851851851852,
            -0.011979166666666652,
            -0.013888888888888895,
            -0.019270833333333348,
            0.008333333333333304,
            0.029166666666666674,
            0.021296296296296313
        ],
        [
            0.3963541666666667,
            0.25462962962962965,
            -0.016666666666666663,
            -0.018518518518518545,
            -0.022916666666666696,
            0.01759259259259255,
            0.03072916666666664,
            0.002777777777777768
        ],
        [
            0.38177083333333334,
            0.2611111111111111,
            -0.01614583333333336,
            -0.017592592592592604,
            -0.012500000000000011,
            0.012037037037037013,
            0.028645833333333315,
            -0.012962962962962982
        ]
    ],
    "original_data": [
        {
            "time_step": 1,
            "original_data_path": "/content/drive/Othercomputers/\ub0b4 \ub178\ud2b8\ubd81/Forked_Models/Validation/Validation/_\ub77c\ubca8_General_val_C/district/3. \ud6c4\ubc29 \ubc29\ud5a5 \uc774\ubbf8\uc9c0/[district]leave_598C/[district]leave_598C_460.json",
            "id": 0
        },
        {
            "time_step": 2,
            "original_data_path": "/content/drive/Othercomputers/\ub0b4 \ub178\ud2b8\ubd81/Forked_Models/Validation/Validation/_\ub77c\ubca8_General_val_C/district/3. \ud6c4\ubc29 \ubc29\ud5a5 \uc774\ubbf8\uc9c0/[district]leave_598C/[district]leave_598C_465.json",
            "id": 0
        },
        {
            "time_step": 3,
            "original_data_path": "/content/drive/Othercomputers/\ub0b4 \ub178\ud2b8\ubd81/Forked_Models/Validation/Validation/_\ub77c\ubca8_General_val_C/district/3. \ud6c4\ubc29 \ubc29\ud5a5 \uc774\ubbf8\uc9c0/[district]leave_598C/[district]leave_598C_470.json",
            "id": 0
        }
    ],
    "label": 2
}