{
    "data": [
        [
            0.7947916666666667,
            0.8074074074074075,
            0.0078125,
            -0.03703703703703709,
            -0.05052083333333335,
            0.028703703703703676,
            0.03229166666666661,
            0.010185185185185075
        ],
        [
            0.7984375,
            0.8185185185185185,
            0.012499999999999956,
            -0.04351851851851851,
            -0.055208333333333304,
            0.024074074074074026,
            0.03281250000000002,
            0.002777777777777768
        ],
        [
            0.7942708333333334,
            0.8203703703703704,
            0.008333333333333304,
            -0.050000000000000044,
            -0.057812500000000044,
            0.02962962962962956,
            0.03281249999999991,
            -0.002777777777777879
        ]
    ],
    "original_data": [
        {
            "time_step": 1,
            "original_data_path": "/content/drive/Othercomputers/\ub0b4 \ub178\ud2b8\ubd81/Forked_Models/Validation/Validation/_\ub77c\ubca8_General_val_C/district/3. \ud6c4\ubc29 \ubc29\ud5a5 \uc774\ubbf8\uc9c0/[district]leave_075C/[district]leave_075C_14.json",
            "id": 4
        },
        {
            "time_step": 2,
            "original_data_path": "/content/drive/Othercomputers/\ub0b4 \ub178\ud2b8\ubd81/Forked_Models/Validation/Validation/_\ub77c\ubca8_General_val_C/district/3. \ud6c4\ubc29 \ubc29\ud5a5 \uc774\ubbf8\uc9c0/[district]leave_075C/[district]leave_075C_16.json",
            "id": 4
        },
        {
            "time_step": 3,
            "original_data_path": "/content/drive/Othercomputers/\ub0b4 \ub178\ud2b8\ubd81/Forked_Models/Validation/Validation/_\ub77c\ubca8_General_val_C/district/3. \ud6c4\ubc29 \ubc29\ud5a5 \uc774\ubbf8\uc9c0/[district]leave_075C/[district]leave_075C_18.json",
            "id": 4
        }
    ],
    "label": 2
}