{
    "data": [
        [
            0.44583333333333336,
            0.412962962962963,
            -0.009375000000000022,
            -0.04999999999999999,
            0.009895833333333326,
            -0.012962962962962954,
            0.0057291666666666186,
            0.10370370370370374
        ],
        [
            0.4515625,
            0.4027777777777778,
            -0.013020833333333315,
            -0.03888888888888892,
            0.010416666666666685,
            -0.012962962962962954,
            0.0031250000000000444,
            0.10370370370370374
        ],
        [
            0.4510416666666667,
            0.4,
            -0.004687500000000011,
            -0.0490740740740741,
            0.015625,
            -0.012037037037037068,
            0.004166666666666652,
            0.11296296296296293
        ]
    ],
    "original_data": [
        {
            "time_step": 1,
            "original_data_path": "/content/drive/Othercomputers/\ub0b4 \ub178\ud2b8\ubd81/Forked_Models/Validation/Validation/_\ub77c\ubca8_General_val_C/district/3. \ud6c4\ubc29 \ubc29\ud5a5 \uc774\ubbf8\uc9c0/[district]leave_075C/[district]leave_075C_212.json",
            "id": 5
        },
        {
            "time_step": 2,
            "original_data_path": "/content/drive/Othercomputers/\ub0b4 \ub178\ud2b8\ubd81/Forked_Models/Validation/Validation/_\ub77c\ubca8_General_val_C/district/3. \ud6c4\ubc29 \ubc29\ud5a5 \uc774\ubbf8\uc9c0/[district]leave_075C/[district]leave_075C_214.json",
            "id": 5
        },
        {
            "time_step": 3,
            "original_data_path": "/content/drive/Othercomputers/\ub0b4 \ub178\ud2b8\ubd81/Forked_Models/Validation/Validation/_\ub77c\ubca8_General_val_C/district/3. \ud6c4\ubc29 \ubc29\ud5a5 \uc774\ubbf8\uc9c0/[district]leave_075C/[district]leave_075C_216.json",
            "id": 5
        }
    ],
    "label": 2
}