{
    "data": [
        [
            0.5640625,
            0.2851851851851852,
            0.003645833333333348,
            -0.041666666666666685,
            -0.023958333333333304,
            -0.0018518518518518823,
            0.03125,
            0.012962962962962954
        ],
        [
            0.5640625,
            0.2851851851851852,
            0.003645833333333348,
            -0.041666666666666685,
            -0.023958333333333304,
            -0.0018518518518518823,
            0.03125,
            0.012962962962962954
        ],
        [
            0.5640625,
            0.2851851851851852,
            0.003645833333333348,
            -0.041666666666666685,
            -0.023958333333333304,
            -0.0018518518518518823,
            0.03125,
            0.012962962962962954
        ]
    ],
    "original_data": [
        {
            "time_step": 1,
            "original_data_path": "/content/drive/Othercomputers/\ub0b4 \ub178\ud2b8\ubd81/Forked_Models/Validation/Validation/_\ub77c\ubca8_General_val_C/district/3. \ud6c4\ubc29 \ubc29\ud5a5 \uc774\ubbf8\uc9c0/[district]day_683C/[district]day_683C_395.json",
            "id": 3
        },
        {
            "time_step": 2,
            "original_data_path": "/content/drive/Othercomputers/\ub0b4 \ub178\ud2b8\ubd81/Forked_Models/Validation/Validation/_\ub77c\ubca8_General_val_C/district/3. \ud6c4\ubc29 \ubc29\ud5a5 \uc774\ubbf8\uc9c0/[district]day_683C/[district]day_683C_400.json",
            "id": 3
        },
        {
            "time_step": 3,
            "original_data_path": "/content/drive/Othercomputers/\ub0b4 \ub178\ud2b8\ubd81/Forked_Models/Validation/Validation/_\ub77c\ubca8_General_val_C/district/3. \ud6c4\ubc29 \ubc29\ud5a5 \uc774\ubbf8\uc9c0/[district]day_683C/[district]day_683C_405.json",
            "id": 3
        }
    ],
    "label": 2
}