{
    "data": [
        [
            0.4901041666666667,
            0.25925925925925924,
            -0.013020833333333315,
            -0.02314814814814814,
            0.019270833333333348,
            0.0018518518518518823,
            -0.003124999999999989,
            0.06759259259259259
        ],
        [
            0.4901041666666667,
            0.25925925925925924,
            -0.013020833333333315,
            -0.02314814814814814,
            0.01302083333333337,
            0.013888888888888895,
            -0.003124999999999989,
            0.06759259259259259
        ],
        [
            0.48125,
            0.27037037037037037,
            -0.01302083333333337,
            -0.02314814814814814,
            0.02031250000000001,
            -0.003703703703703709,
            -0.003124999999999989,
            0.06759259259259259
        ]
    ],
    "original_data": [
        {
            "time_step": 1,
            "original_data_path": "/content/drive/Othercomputers/\ub0b4 \ub178\ud2b8\ubd81/Forked_Models/Validation/Validation/_\ub77c\ubca8_General_val_C/district/3. \ud6c4\ubc29 \ubc29\ud5a5 \uc774\ubbf8\uc9c0/[district]morning_649C/[district]morning_649C_495.json",
            "id": 1
        },
        {
            "time_step": 2,
            "original_data_path": "/content/drive/Othercomputers/\ub0b4 \ub178\ud2b8\ubd81/Forked_Models/Validation/Validation/_\ub77c\ubca8_General_val_C/district/3. \ud6c4\ubc29 \ubc29\ud5a5 \uc774\ubbf8\uc9c0/[district]morning_649C/[district]morning_649C_500.json",
            "id": 1
        },
        {
            "time_step": 3,
            "original_data_path": "/content/drive/Othercomputers/\ub0b4 \ub178\ud2b8\ubd81/Forked_Models/Validation/Validation/_\ub77c\ubca8_General_val_C/district/3. \ud6c4\ubc29 \ubc29\ud5a5 \uc774\ubbf8\uc9c0/[district]morning_649C/[district]morning_649C_505.json",
            "id": 1
        }
    ],
    "label": 2
}