{
    "data": [
        [
            0.4192708333333333,
            0.26666666666666666,
            0.001041666666666663,
            -0.03148148148148147,
            -0.027083333333333293,
            0.005555555555555536,
            0.018750000000000044,
            0.00462962962962965
        ],
        [
            0.4192708333333333,
            0.26666666666666666,
            0.001041666666666663,
            -0.03148148148148147,
            -0.027083333333333293,
            0.005555555555555536,
            0.018750000000000044,
            0.00462962962962965
        ],
        [
            0.4192708333333333,
            0.26666666666666666,
            0.001041666666666663,
            -0.03148148148148147,
            -0.027083333333333293,
            0.005555555555555536,
            0.018750000000000044,
            0.00462962962962965
        ]
    ],
    "original_data": [
        {
            "time_step": 1,
            "original_data_path": "/content/drive/Othercomputers/\ub0b4 \ub178\ud2b8\ubd81/Forked_Models/Validation/Validation/_\ub77c\ubca8_General_val_C/district/3. \ud6c4\ubc29 \ubc29\ud5a5 \uc774\ubbf8\uc9c0/[district]day_683C/[district]day_683C_515.json",
            "id": 1
        },
        {
            "time_step": 2,
            "original_data_path": "/content/drive/Othercomputers/\ub0b4 \ub178\ud2b8\ubd81/Forked_Models/Validation/Validation/_\ub77c\ubca8_General_val_C/district/3. \ud6c4\ubc29 \ubc29\ud5a5 \uc774\ubbf8\uc9c0/[district]day_683C/[district]day_683C_520.json",
            "id": 1
        },
        {
            "time_step": 3,
            "original_data_path": "/content/drive/Othercomputers/\ub0b4 \ub178\ud2b8\ubd81/Forked_Models/Validation/Validation/_\ub77c\ubca8_General_val_C/district/3. \ud6c4\ubc29 \ubc29\ud5a5 \uc774\ubbf8\uc9c0/[district]day_683C/[district]day_683C_525.json",
            "id": 1
        }
    ],
    "label": 2
}