{
    "data": [
        [
            0.6375,
            0.49722222222222223,
            0.004166666666666763,
            -0.042592592592592626,
            -0.02864583333333326,
            -0.011111111111111127,
            0.0390625,
            0.008333333333333304
        ],
        [
            0.6328125,
            0.49722222222222223,
            0.004166666666666652,
            -0.041666666666666685,
            -0.034375000000000044,
            -0.0018518518518518823,
            0.04062500000000002,
            0.010185185185185186
        ],
        [
            0.63125,
            0.4981481481481482,
            0.0031250000000000444,
            -0.046296296296296335,
            -0.036979166666666674,
            -0.00462962962962965,
            0.03802083333333339,
            0.0027777777777777124
        ]
    ],
    "original_data": [
        {
            "time_step": 1,
            "original_data_path": "/content/drive/Othercomputers/\ub0b4 \ub178\ud2b8\ubd81/Forked_Models/Validation/Validation/_\ub77c\ubca8_General_val_C/district/3. \ud6c4\ubc29 \ubc29\ud5a5 \uc774\ubbf8\uc9c0/[district]attend_560C/[district]attend_560C_520.json",
            "id": 1
        },
        {
            "time_step": 2,
            "original_data_path": "/content/drive/Othercomputers/\ub0b4 \ub178\ud2b8\ubd81/Forked_Models/Validation/Validation/_\ub77c\ubca8_General_val_C/district/3. \ud6c4\ubc29 \ubc29\ud5a5 \uc774\ubbf8\uc9c0/[district]attend_560C/[district]attend_560C_525.json",
            "id": 1
        },
        {
            "time_step": 3,
            "original_data_path": "/content/drive/Othercomputers/\ub0b4 \ub178\ud2b8\ubd81/Forked_Models/Validation/Validation/_\ub77c\ubca8_General_val_C/district/3. \ud6c4\ubc29 \ubc29\ud5a5 \uc774\ubbf8\uc9c0/[district]attend_560C/[district]attend_560C_530.json",
            "id": 1
        }
    ],
    "label": 2
}