{
    "data": [
        [
            0.4166666666666667,
            0.7027777777777777,
            0.01510416666666664,
            -0.02499999999999991,
            -0.018229166666666685,
            -0.03425925925925921,
            0.10208333333333336,
            0.061111111111111116
        ],
        [
            0.42083333333333334,
            0.7027777777777777,
            0.005208333333333315,
            -0.03425925925925921,
            -0.018229166666666685,
            -0.04074074074074063,
            0.10468749999999999,
            0.05648148148148158
        ],
        [
            0.41770833333333335,
            0.7240740740740741,
            -0.006770833333333337,
            -0.04351851851851851,
            -0.015104166666666696,
            -0.062037037037037,
            0.10781249999999998,
            0.03518518518518521
        ]
    ],
    "original_data": [
        {
            "time_step": 1,
            "original_data_path": "/content/drive/Othercomputers/\ub0b4 \ub178\ud2b8\ubd81/Forked_Models/Validation/Validation/_\ub77c\ubca8_General_val_C/district/3. \ud6c4\ubc29 \ubc29\ud5a5 \uc774\ubbf8\uc9c0/[district]morning_649C/[district]morning_649C_190.json",
            "id": 4
        },
        {
            "time_step": 2,
            "original_data_path": "/content/drive/Othercomputers/\ub0b4 \ub178\ud2b8\ubd81/Forked_Models/Validation/Validation/_\ub77c\ubca8_General_val_C/district/3. \ud6c4\ubc29 \ubc29\ud5a5 \uc774\ubbf8\uc9c0/[district]morning_649C/[district]morning_649C_195.json",
            "id": 4
        },
        {
            "time_step": 3,
            "original_data_path": "/content/drive/Othercomputers/\ub0b4 \ub178\ud2b8\ubd81/Forked_Models/Validation/Validation/_\ub77c\ubca8_General_val_C/district/3. \ud6c4\ubc29 \ubc29\ud5a5 \uc774\ubbf8\uc9c0/[district]morning_649C/[district]morning_649C_200.json",
            "id": 4
        }
    ],
    "label": 2
}