{
    "data": [
        [
            0.49895833333333334,
            0.13518518518518519,
            -0.001041666666666663,
            -0.03240740740740741,
            0.01770833333333338,
            0.0009259259259259134,
            -0.015625,
            0.0111111111111111
        ],
        [
            0.5114583333333333,
            0.1388888888888889,
            -0.015104166666666696,
            -0.022222222222222227,
            0.01041666666666663,
            0.0,
            -0.0010416666666667185,
            0.03518518518518518
        ],
        [
            0.5302083333333333,
            0.14074074074074075,
            -0.01041666666666663,
            -0.025925925925925936,
            0.008333333333333415,
            0.0018518518518518545,
            -0.0078125,
            0.030555555555555558
        ]
    ],
    "original_data": [
        {
            "time_step": 1,
            "original_data_path": "/content/drive/Othercomputers/\ub0b4 \ub178\ud2b8\ubd81/Forked_Models/Validation/Validation/_\ub77c\ubca8_General_val_C/district/3. \ud6c4\ubc29 \ubc29\ud5a5 \uc774\ubbf8\uc9c0/[district]attend_534C/[district]attend_534C_400.json",
            "id": 4
        },
        {
            "time_step": 2,
            "original_data_path": "/content/drive/Othercomputers/\ub0b4 \ub178\ud2b8\ubd81/Forked_Models/Validation/Validation/_\ub77c\ubca8_General_val_C/district/3. \ud6c4\ubc29 \ubc29\ud5a5 \uc774\ubbf8\uc9c0/[district]attend_534C/[district]attend_534C_405.json",
            "id": 4
        },
        {
            "time_step": 3,
            "original_data_path": "/content/drive/Othercomputers/\ub0b4 \ub178\ud2b8\ubd81/Forked_Models/Validation/Validation/_\ub77c\ubca8_General_val_C/district/3. \ud6c4\ubc29 \ubc29\ud5a5 \uc774\ubbf8\uc9c0/[district]attend_534C/[district]attend_534C_410.json",
            "id": 4
        }
    ],
    "label": 2
}