{
    "data": [
        [
            0.8473958333333333,
            0.4148148148148148,
            0.008854166666666607,
            -0.02314814814814814,
            -0.042187500000000044,
            0.009259259259259245,
            0.028124999999999956,
            0.010185185185185186
        ],
        [
            0.8473958333333333,
            0.4148148148148148,
            0.006249999999999978,
            -0.020370370370370372,
            -0.042187500000000044,
            0.009259259259259245,
            0.028124999999999956,
            0.010185185185185186
        ],
        [
            0.8473958333333333,
            0.4148148148148148,
            0.0067708333333332815,
            -0.021296296296296258,
            -0.042187500000000044,
            0.009259259259259245,
            0.028124999999999956,
            0.010185185185185186
        ]
    ],
    "original_data": [
        {
            "time_step": 1,
            "original_data_path": "/content/drive/Othercomputers/\ub0b4 \ub178\ud2b8\ubd81/Forked_Models/Validation/Validation/_\ub77c\ubca8_General_val_C/district/3. \ud6c4\ubc29 \ubc29\ud5a5 \uc774\ubbf8\uc9c0/[district]morning_1119C/[district]morning_1119C_480.json",
            "id": 3
        },
        {
            "time_step": 2,
            "original_data_path": "/content/drive/Othercomputers/\ub0b4 \ub178\ud2b8\ubd81/Forked_Models/Validation/Validation/_\ub77c\ubca8_General_val_C/district/3. \ud6c4\ubc29 \ubc29\ud5a5 \uc774\ubbf8\uc9c0/[district]morning_1119C/[district]morning_1119C_485.json",
            "id": 3
        },
        {
            "time_step": 3,
            "original_data_path": "/content/drive/Othercomputers/\ub0b4 \ub178\ud2b8\ubd81/Forked_Models/Validation/Validation/_\ub77c\ubca8_General_val_C/district/3. \ud6c4\ubc29 \ubc29\ud5a5 \uc774\ubbf8\uc9c0/[district]morning_1119C/[district]morning_1119C_490.json",
            "id": 3
        }
    ],
    "label": 2
}