{
    "data": [
        [
            0.634375,
            0.1111111111111111,
            -0.002083333333333326,
            -0.015740740740740736,
            -0.010937500000000044,
            0.02777777777777779,
            0.019270833333333348,
            0.017592592592592604
        ],
        [
            0.6322916666666667,
            0.11388888888888889,
            -0.0015625000000000222,
            -0.018518518518518517,
            -0.009375000000000022,
            0.02500000000000001,
            0.019270833333333348,
            0.015740740740740736
        ],
        [
            0.6333333333333333,
            0.11296296296296296,
            -0.002083333333333326,
            -0.018518518518518517,
            -0.009895833333333326,
            0.02407407407407408,
            0.020312500000000067,
            0.01574074074074075
        ]
    ],
    "original_data": [
        {
            "time_step": 1,
            "original_data_path": "/content/drive/Othercomputers/\ub0b4 \ub178\ud2b8\ubd81/Forked_Models/Validation/Validation/_\ub77c\ubca8_General_val_C/district/3. \ud6c4\ubc29 \ubc29\ud5a5 \uc774\ubbf8\uc9c0/[district]attend_024C/[district]attend_024C_146.json",
            "id": 0
        },
        {
            "time_step": 2,
            "original_data_path": "/content/drive/Othercomputers/\ub0b4 \ub178\ud2b8\ubd81/Forked_Models/Validation/Validation/_\ub77c\ubca8_General_val_C/district/3. \ud6c4\ubc29 \ubc29\ud5a5 \uc774\ubbf8\uc9c0/[district]attend_024C/[district]attend_024C_148.json",
            "id": 0
        },
        {
            "time_step": 3,
            "original_data_path": "/content/drive/Othercomputers/\ub0b4 \ub178\ud2b8\ubd81/Forked_Models/Validation/Validation/_\ub77c\ubca8_General_val_C/district/3. \ud6c4\ubc29 \ubc29\ud5a5 \uc774\ubbf8\uc9c0/[district]attend_024C/[district]attend_024C_150.json",
            "id": 0
        }
    ],
    "label": 2
}