{
    "data": [
        [
            0.6854166666666667,
            0.3712962962962963,
            0.0005208333333333037,
            -0.02685185185185185,
            -0.03125,
            0.015740740740740722,
            0.030729166666666696,
            0.018518518518518545
        ],
        [
            0.6885416666666667,
            0.37592592592592594,
            0.0,
            -0.02777777777777779,
            -0.03281250000000002,
            0.017592592592592604,
            0.02864583333333326,
            0.017592592592592604
        ],
        [
            0.6901041666666666,
            0.37777777777777777,
            0.0010416666666667185,
            -0.025925925925925908,
            -0.03489583333333335,
            0.012962962962962954,
            0.027083333333333348,
            0.015740740740740777
        ]
    ],
    "original_data": [
        {
            "time_step": 1,
            "original_data_path": "/content/drive/Othercomputers/\ub0b4 \ub178\ud2b8\ubd81/Forked_Models/Validation/Validation/_\ub77c\ubca8_General_val_C/district/3. \ud6c4\ubc29 \ubc29\ud5a5 \uc774\ubbf8\uc9c0/[district]leave_075C/[district]leave_075C_54.json",
            "id": 3
        },
        {
            "time_step": 2,
            "original_data_path": "/content/drive/Othercomputers/\ub0b4 \ub178\ud2b8\ubd81/Forked_Models/Validation/Validation/_\ub77c\ubca8_General_val_C/district/3. \ud6c4\ubc29 \ubc29\ud5a5 \uc774\ubbf8\uc9c0/[district]leave_075C/[district]leave_075C_56.json",
            "id": 3
        },
        {
            "time_step": 3,
            "original_data_path": "/content/drive/Othercomputers/\ub0b4 \ub178\ud2b8\ubd81/Forked_Models/Validation/Validation/_\ub77c\ubca8_General_val_C/district/3. \ud6c4\ubc29 \ubc29\ud5a5 \uc774\ubbf8\uc9c0/[district]leave_075C/[district]leave_075C_58.json",
            "id": 3
        }
    ],
    "label": 2
}