{
    "data": [
        [
            0.6645833333333333,
            0.5444444444444444,
            0.011458333333333348,
            -0.040740740740740744,
            -0.036979166666666674,
            -0.02777777777777768,
            0.02447916666666672,
            0.04629629629629639
        ],
        [
            0.6619791666666667,
            0.5657407407407408,
            0.009375000000000022,
            -0.029629629629629672,
            -0.039583333333333304,
            -0.03518518518518521,
            0.028124999999999956,
            0.037962962962962976
        ],
        [
            0.6614583333333334,
            0.55,
            0.004687499999999956,
            -0.03518518518518521,
            -0.03489583333333335,
            -0.029629629629629672,
            0.029687499999999978,
            0.03888888888888886
        ]
    ],
    "original_data": [
        {
            "time_step": 1,
            "original_data_path": "/content/drive/Othercomputers/\ub0b4 \ub178\ud2b8\ubd81/Forked_Models/Validation/Validation/_\ub77c\ubca8_General_val_C/district/3. \ud6c4\ubc29 \ubc29\ud5a5 \uc774\ubbf8\uc9c0/[district]day_712C/[district]day_712C_235.json",
            "id": 5
        },
        {
            "time_step": 2,
            "original_data_path": "/content/drive/Othercomputers/\ub0b4 \ub178\ud2b8\ubd81/Forked_Models/Validation/Validation/_\ub77c\ubca8_General_val_C/district/3. \ud6c4\ubc29 \ubc29\ud5a5 \uc774\ubbf8\uc9c0/[district]day_712C/[district]day_712C_240.json",
            "id": 5
        },
        {
            "time_step": 3,
            "original_data_path": "/content/drive/Othercomputers/\ub0b4 \ub178\ud2b8\ubd81/Forked_Models/Validation/Validation/_\ub77c\ubca8_General_val_C/district/3. \ud6c4\ubc29 \ubc29\ud5a5 \uc774\ubbf8\uc9c0/[district]day_712C/[district]day_712C_245.json",
            "id": 5
        }
    ],
    "label": 2
}