{
    "data": [
        [
            0.6307291666666667,
            0.2935185185185185,
            0.00520833333333337,
            -0.01851851851851849,
            -0.029687499999999978,
            -0.0018518518518518268,
            0.021354166666666674,
            0.013888888888888895
        ],
        [
            0.6333333333333333,
            0.29814814814814816,
            0.0026041666666667407,
            -0.02314814814814814,
            -0.03229166666666661,
            -0.006481481481481477,
            0.021874999999999978,
            0.012037037037037013
        ],
        [
            0.6333333333333333,
            0.29814814814814816,
            0.0026041666666667407,
            -0.02314814814814814,
            -0.03229166666666661,
            -0.006481481481481477,
            0.021874999999999978,
            0.012037037037037013
        ]
    ],
    "original_data": [
        {
            "time_step": 1,
            "original_data_path": "/content/drive/Othercomputers/\ub0b4 \ub178\ud2b8\ubd81/Forked_Models/Validation/Validation/_\ub77c\ubca8_General_val_C/district/3. \ud6c4\ubc29 \ubc29\ud5a5 \uc774\ubbf8\uc9c0/[district]day_424C/[district]day_424C_10.json",
            "id": 0
        },
        {
            "time_step": 2,
            "original_data_path": "/content/drive/Othercomputers/\ub0b4 \ub178\ud2b8\ubd81/Forked_Models/Validation/Validation/_\ub77c\ubca8_General_val_C/district/3. \ud6c4\ubc29 \ubc29\ud5a5 \uc774\ubbf8\uc9c0/[district]day_424C/[district]day_424C_15.json",
            "id": 0
        },
        {
            "time_step": 3,
            "original_data_path": "/content/drive/Othercomputers/\ub0b4 \ub178\ud2b8\ubd81/Forked_Models/Validation/Validation/_\ub77c\ubca8_General_val_C/district/3. \ud6c4\ubc29 \ubc29\ud5a5 \uc774\ubbf8\uc9c0/[district]day_424C/[district]day_424C_20.json",
            "id": 0
        }
    ],
    "label": 2
}