{
    "data": [
        [
            0.5005208333333333,
            0.375,
            0.0,
            -0.05277777777777776,
            -0.006249999999999978,
            0.06759259259259259,
            0.009895833333333326,
            0.005555555555555536
        ],
        [
            0.5015625,
            0.3814814814814815,
            0.0026041666666666297,
            -0.05185185185185187,
            -0.0078125,
            0.045370370370370394,
            0.0067708333333332815,
            -0.003703703703703709
        ],
        [
            0.49895833333333334,
            0.36666666666666664,
            0.0036458333333332926,
            -0.051851851851851816,
            -0.009375000000000022,
            0.050000000000000044,
            0.030208333333333337,
            0.025000000000000022
        ]
    ],
    "original_data": [
        {
            "time_step": 1,
            "original_data_path": "/content/drive/Othercomputers/\ub0b4 \ub178\ud2b8\ubd81/Forked_Models/Validation/Validation/_\ub77c\ubca8_General_val_C/district/3. \ud6c4\ubc29 \ubc29\ud5a5 \uc774\ubbf8\uc9c0/[district]day_683C/[district]day_683C_395.json",
            "id": 6
        },
        {
            "time_step": 2,
            "original_data_path": "/content/drive/Othercomputers/\ub0b4 \ub178\ud2b8\ubd81/Forked_Models/Validation/Validation/_\ub77c\ubca8_General_val_C/district/3. \ud6c4\ubc29 \ubc29\ud5a5 \uc774\ubbf8\uc9c0/[district]day_683C/[district]day_683C_400.json",
            "id": 6
        },
        {
            "time_step": 3,
            "original_data_path": "/content/drive/Othercomputers/\ub0b4 \ub178\ud2b8\ubd81/Forked_Models/Validation/Validation/_\ub77c\ubca8_General_val_C/district/3. \ud6c4\ubc29 \ubc29\ud5a5 \uc774\ubbf8\uc9c0/[district]day_683C/[district]day_683C_405.json",
            "id": 6
        }
    ],
    "label": 2
}