{
    "data": [
        [
            0.6166666666666667,
            0.11851851851851852,
            -0.0015625000000000222,
            -0.027777777777777776,
            -0.016145833333333415,
            0.013888888888888895,
            0.0234375,
            0.0046296296296296224
        ],
        [
            0.61875,
            0.12314814814814815,
            0.0005208333333333037,
            -0.031481481481481485,
            -0.01822916666666674,
            0.01203703703703704,
            0.025000000000000022,
            0.005555555555555564
        ],
        [
            0.6140625,
            0.12037037037037036,
            -0.0015624999999999112,
            -0.028703703703703703,
            -0.013541666666666674,
            0.014814814814814822,
            0.028125000000000067,
            0.00555555555555555
        ]
    ],
    "original_data": [
        {
            "time_step": 1,
            "original_data_path": "/content/drive/Othercomputers/\ub0b4 \ub178\ud2b8\ubd81/Forked_Models/Validation/Validation/_\ub77c\ubca8_General_val_C/district/3. \ud6c4\ubc29 \ubc29\ud5a5 \uc774\ubbf8\uc9c0/[district]leave_046C/[district]leave_046C_24.json",
            "id": 1
        },
        {
            "time_step": 2,
            "original_data_path": "/content/drive/Othercomputers/\ub0b4 \ub178\ud2b8\ubd81/Forked_Models/Validation/Validation/_\ub77c\ubca8_General_val_C/district/3. \ud6c4\ubc29 \ubc29\ud5a5 \uc774\ubbf8\uc9c0/[district]leave_046C/[district]leave_046C_26.json",
            "id": 1
        },
        {
            "time_step": 3,
            "original_data_path": "/content/drive/Othercomputers/\ub0b4 \ub178\ud2b8\ubd81/Forked_Models/Validation/Validation/_\ub77c\ubca8_General_val_C/district/3. \ud6c4\ubc29 \ubc29\ud5a5 \uc774\ubbf8\uc9c0/[district]leave_046C/[district]leave_046C_28.json",
            "id": 1
        }
    ],
    "label": 2
}