{
    "data": [
        [
            0.6286458333333333,
            0.5370370370370371,
            0.011458333333333348,
            -0.03703703703703709,
            -0.021354166666666674,
            -0.03981481481481486,
            0.038541666666666696,
            0.002777777777777768
        ],
        [
            0.6302083333333334,
            0.5314814814814814,
            0.009895833333333326,
            -0.031481481481481444,
            -0.022916666666666696,
            -0.03425925925925921,
            0.036979166666666674,
            0.008333333333333415
        ],
        [
            0.6317708333333333,
            0.5314814814814814,
            0.008333333333333415,
            -0.031481481481481444,
            -0.024479166666666607,
            -0.03425925925925921,
            0.03541666666666676,
            0.008333333333333415
        ]
    ],
    "original_data": [
        {
            "time_step": 1,
            "original_data_path": "/content/drive/Othercomputers/\ub0b4 \ub178\ud2b8\ubd81/Forked_Models/Validation/Validation/_\ub77c\ubca8_General_val_C/district/3. \ud6c4\ubc29 \ubc29\ud5a5 \uc774\ubbf8\uc9c0/[district]day_994C/[district]day_994C_545.json",
            "id": 0
        },
        {
            "time_step": 2,
            "original_data_path": "/content/drive/Othercomputers/\ub0b4 \ub178\ud2b8\ubd81/Forked_Models/Validation/Validation/_\ub77c\ubca8_General_val_C/district/3. \ud6c4\ubc29 \ubc29\ud5a5 \uc774\ubbf8\uc9c0/[district]day_994C/[district]day_994C_550.json",
            "id": 0
        },
        {
            "time_step": 3,
            "original_data_path": "/content/drive/Othercomputers/\ub0b4 \ub178\ud2b8\ubd81/Forked_Models/Validation/Validation/_\ub77c\ubca8_General_val_C/district/3. \ud6c4\ubc29 \ubc29\ud5a5 \uc774\ubbf8\uc9c0/[district]day_994C/[district]day_994C_555.json",
            "id": 0
        }
    ],
    "label": 2
}