{
    "data": [
        [
            0.6114583333333333,
            0.1111111111111111,
            -0.0010416666666666075,
            -0.021296296296296285,
            -0.015104166666666696,
            0.02777777777777779,
            0.030729166666666696,
            0.017592592592592604
        ],
        [
            0.6114583333333333,
            0.1111111111111111,
            -0.0010416666666666075,
            -0.021296296296296285,
            -0.015104166666666696,
            0.02777777777777779,
            0.030729166666666696,
            0.017592592592592604
        ],
        [
            0.6114583333333333,
            0.1111111111111111,
            -0.0010416666666666075,
            -0.021296296296296285,
            -0.015104166666666696,
            0.02777777777777779,
            0.030729166666666696,
            0.017592592592592604
        ]
    ],
    "original_data": [
        {
            "time_step": 1,
            "original_data_path": "/content/drive/Othercomputers/\ub0b4 \ub178\ud2b8\ubd81/Forked_Models/Validation/Validation/_\ub77c\ubca8_General_val_C/district/3. \ud6c4\ubc29 \ubc29\ud5a5 \uc774\ubbf8\uc9c0/[district]leave_046C/[district]leave_046C_202.json",
            "id": 1
        },
        {
            "time_step": 2,
            "original_data_path": "/content/drive/Othercomputers/\ub0b4 \ub178\ud2b8\ubd81/Forked_Models/Validation/Validation/_\ub77c\ubca8_General_val_C/district/3. \ud6c4\ubc29 \ubc29\ud5a5 \uc774\ubbf8\uc9c0/[district]leave_046C/[district]leave_046C_204.json",
            "id": 1
        },
        {
            "time_step": 3,
            "original_data_path": "/content/drive/Othercomputers/\ub0b4 \ub178\ud2b8\ubd81/Forked_Models/Validation/Validation/_\ub77c\ubca8_General_val_C/district/3. \ud6c4\ubc29 \ubc29\ud5a5 \uc774\ubbf8\uc9c0/[district]leave_046C/[district]leave_046C_206.json",
            "id": 1
        }
    ],
    "label": 2
}