{
    "data": [
        [
            0.3,
            0.7851851851851852,
            -0.029687499999999978,
            -0.04444444444444451,
            0.057291666666666685,
            -0.015740740740740722,
            0.0,
            0.13518518518518519
        ],
        [
            0.3,
            0.7851851851851852,
            -0.029687499999999978,
            -0.04444444444444451,
            0.057291666666666685,
            -0.015740740740740722,
            0.0,
            0.13518518518518519
        ],
        [
            0.3,
            0.7851851851851852,
            -0.029687499999999978,
            -0.04444444444444451,
            0.07500000000000001,
            -0.015740740740740722,
            0.0,
            0.13518518518518519
        ]
    ],
    "original_data": [
        {
            "time_step": 1,
            "original_data_path": "/content/drive/Othercomputers/\ub0b4 \ub178\ud2b8\ubd81/Forked_Models/Validation/Validation/_\ub77c\ubca8_General_val_C/district/3. \ud6c4\ubc29 \ubc29\ud5a5 \uc774\ubbf8\uc9c0/[district]day_712C/[district]day_712C_480.json",
            "id": 11
        },
        {
            "time_step": 2,
            "original_data_path": "/content/drive/Othercomputers/\ub0b4 \ub178\ud2b8\ubd81/Forked_Models/Validation/Validation/_\ub77c\ubca8_General_val_C/district/3. \ud6c4\ubc29 \ubc29\ud5a5 \uc774\ubbf8\uc9c0/[district]day_712C/[district]day_712C_485.json",
            "id": 11
        },
        {
            "time_step": 3,
            "original_data_path": "/content/drive/Othercomputers/\ub0b4 \ub178\ud2b8\ubd81/Forked_Models/Validation/Validation/_\ub77c\ubca8_General_val_C/district/3. \ud6c4\ubc29 \ubc29\ud5a5 \uc774\ubbf8\uc9c0/[district]day_712C/[district]day_712C_490.json",
            "id": 11
        }
    ],
    "label": 2
}