{
    "data": [
        [
            0.44895833333333335,
            0.40370370370370373,
            0.004166666666666652,
            -0.05833333333333335,
            0.06458333333333333,
            0.06944444444444442,
            -0.04375000000000001,
            0.055555555555555525
        ],
        [
            0.4661458333333333,
            0.33055555555555555,
            -0.0005208333333333037,
            -0.04351851851851851,
            0.04791666666666666,
            0.060185185185185175,
            -0.04010416666666666,
            0.05462962962962964
        ],
        [
            0.49114583333333334,
            0.2601851851851852,
            -0.002083333333333326,
            -0.04722222222222222,
            0.033854166666666685,
            0.045370370370370394,
            -0.038541666666666696,
            0.041666666666666685
        ]
    ],
    "original_data": [
        {
            "time_step": 1,
            "original_data_path": "/content/drive/Othercomputers/\ub0b4 \ub178\ud2b8\ubd81/Forked_Models/Validation/Validation/_\ub77c\ubca8_General_val_C/district/3. \ud6c4\ubc29 \ubc29\ud5a5 \uc774\ubbf8\uc9c0/[district]leave_1056C/[district]leave_1056C_415.json",
            "id": 3
        },
        {
            "time_step": 2,
            "original_data_path": "/content/drive/Othercomputers/\ub0b4 \ub178\ud2b8\ubd81/Forked_Models/Validation/Validation/_\ub77c\ubca8_General_val_C/district/3. \ud6c4\ubc29 \ubc29\ud5a5 \uc774\ubbf8\uc9c0/[district]leave_1056C/[district]leave_1056C_420.json",
            "id": 3
        },
        {
            "time_step": 3,
            "original_data_path": "/content/drive/Othercomputers/\ub0b4 \ub178\ud2b8\ubd81/Forked_Models/Validation/Validation/_\ub77c\ubca8_General_val_C/district/3. \ud6c4\ubc29 \ubc29\ud5a5 \uc774\ubbf8\uc9c0/[district]leave_1056C/[district]leave_1056C_425.json",
            "id": 3
        }
    ],
    "label": 2
}