{
    "data": [
        [
            0.41822916666666665,
            0.26296296296296295,
            0.003645833333333348,
            -0.027777777777777762,
            -0.028645833333333315,
            0.02870370370370373,
            0.02031250000000001,
            0.021296296296296313
        ],
        [
            0.4166666666666667,
            0.26296296296296295,
            0.0026041666666666297,
            -0.027777777777777762,
            -0.027083333333333348,
            0.02870370370370373,
            0.021874999999999978,
            0.021296296296296313
        ],
        [
            0.415625,
            0.262037037037037,
            0.004166666666666652,
            -0.023148148148148112,
            -0.026041666666666685,
            0.029629629629629672,
            0.02291666666666664,
            0.022222222222222254
        ]
    ],
    "original_data": [
        {
            "time_step": 1,
            "original_data_path": "/content/drive/Othercomputers/\ub0b4 \ub178\ud2b8\ubd81/Forked_Models/Validation/Validation/_\ub77c\ubca8_General_val_C/district/3. \ud6c4\ubc29 \ubc29\ud5a5 \uc774\ubbf8\uc9c0/[district]day_575C/[district]day_575C_155.json",
            "id": 0
        },
        {
            "time_step": 2,
            "original_data_path": "/content/drive/Othercomputers/\ub0b4 \ub178\ud2b8\ubd81/Forked_Models/Validation/Validation/_\ub77c\ubca8_General_val_C/district/3. \ud6c4\ubc29 \ubc29\ud5a5 \uc774\ubbf8\uc9c0/[district]day_575C/[district]day_575C_160.json",
            "id": 0
        },
        {
            "time_step": 3,
            "original_data_path": "/content/drive/Othercomputers/\ub0b4 \ub178\ud2b8\ubd81/Forked_Models/Validation/Validation/_\ub77c\ubca8_General_val_C/district/3. \ud6c4\ubc29 \ubc29\ud5a5 \uc774\ubbf8\uc9c0/[district]day_575C/[district]day_575C_165.json",
            "id": 0
        }
    ],
    "label": 2
}