{
    "data": [
        [
            0.5515625,
            0.19074074074074074,
            -0.0005208333333333037,
            -0.03518518518518518,
            -0.018749999999999933,
            0.037037037037037035,
            0.03541666666666676,
            0.037037037037037035
        ],
        [
            0.5515625,
            0.19074074074074074,
            -0.0005208333333333037,
            -0.03518518518518518,
            -0.018749999999999933,
            0.037037037037037035,
            0.03802083333333339,
            0.03888888888888889
        ],
        [
            0.553125,
            0.19814814814814816,
            -0.0031249999999999334,
            -0.03888888888888889,
            -0.021354166666666674,
            0.029629629629629617,
            0.031770833333333304,
            0.033333333333333326
        ]
    ],
    "original_data": [
        {
            "time_step": 1,
            "original_data_path": "/content/drive/Othercomputers/\ub0b4 \ub178\ud2b8\ubd81/Forked_Models/Validation/Validation/_\ub77c\ubca8_General_val_C/district/3. \ud6c4\ubc29 \ubc29\ud5a5 \uc774\ubbf8\uc9c0/[district]leave_046C/[district]leave_046C_186.json",
            "id": 7
        },
        {
            "time_step": 2,
            "original_data_path": "/content/drive/Othercomputers/\ub0b4 \ub178\ud2b8\ubd81/Forked_Models/Validation/Validation/_\ub77c\ubca8_General_val_C/district/3. \ud6c4\ubc29 \ubc29\ud5a5 \uc774\ubbf8\uc9c0/[district]leave_046C/[district]leave_046C_188.json",
            "id": 7
        },
        {
            "time_step": 3,
            "original_data_path": "/content/drive/Othercomputers/\ub0b4 \ub178\ud2b8\ubd81/Forked_Models/Validation/Validation/_\ub77c\ubca8_General_val_C/district/3. \ud6c4\ubc29 \ubc29\ud5a5 \uc774\ubbf8\uc9c0/[district]leave_046C/[district]leave_046C_190.json",
            "id": 7
        }
    ],
    "label": 2
}