{
    "data": [
        [
            0.39479166666666665,
            0.29907407407407405,
            0.001041666666666663,
            -0.02314814814814814,
            -0.022395833333333337,
            0.0018518518518518823,
            0.030729166666666696,
            0.013888888888888895
        ],
        [
            0.39479166666666665,
            0.287962962962963,
            -0.004166666666666652,
            -0.025925925925925963,
            -0.021354166666666674,
            0.012962962962962954,
            0.025000000000000022,
            0.02685185185185185
        ],
        [
            0.39166666666666666,
            0.28055555555555556,
            -0.004687500000000011,
            -0.017592592592592604,
            -0.017708333333333326,
            0.013888888888888895,
            0.027083333333333348,
            0.028703703703703676
        ]
    ],
    "original_data": [
        {
            "time_step": 1,
            "original_data_path": "/content/drive/Othercomputers/\ub0b4 \ub178\ud2b8\ubd81/Forked_Models/Validation/Validation/_\ub77c\ubca8_General_val_C/district/3. \ud6c4\ubc29 \ubc29\ud5a5 \uc774\ubbf8\uc9c0/[district]leave_075C/[district]leave_075C_154.json",
            "id": 1
        },
        {
            "time_step": 2,
            "original_data_path": "/content/drive/Othercomputers/\ub0b4 \ub178\ud2b8\ubd81/Forked_Models/Validation/Validation/_\ub77c\ubca8_General_val_C/district/3. \ud6c4\ubc29 \ubc29\ud5a5 \uc774\ubbf8\uc9c0/[district]leave_075C/[district]leave_075C_156.json",
            "id": 1
        },
        {
            "time_step": 3,
            "original_data_path": "/content/drive/Othercomputers/\ub0b4 \ub178\ud2b8\ubd81/Forked_Models/Validation/Validation/_\ub77c\ubca8_General_val_C/district/3. \ud6c4\ubc29 \ubc29\ud5a5 \uc774\ubbf8\uc9c0/[district]leave_075C/[district]leave_075C_158.json",
            "id": 1
        }
    ],
    "label": 2
}