{
    "data": [
        [
            0.33645833333333336,
            0.26851851851851855,
            0.0,
            -0.025000000000000022,
            -0.018229166666666685,
            0.036111111111111094,
            0.02604166666666663,
            0.010185185185185186
        ],
        [
            0.3338541666666667,
            0.2675925925925926,
            -0.002083333333333326,
            -0.02407407407407408,
            -0.015625,
            0.037037037037037035,
            0.027083333333333348,
            0.008333333333333304
        ],
        [
            0.3338541666666667,
            0.2675925925925926,
            -0.002083333333333326,
            -0.02407407407407408,
            -0.015625,
            0.037037037037037035,
            0.023958333333333304,
            0.005555555555555536
        ]
    ],
    "original_data": [
        {
            "time_step": 1,
            "original_data_path": "/content/drive/Othercomputers/\ub0b4 \ub178\ud2b8\ubd81/Forked_Models/Validation/Validation/_\ub77c\ubca8_General_val_C/district/3. \ud6c4\ubc29 \ubc29\ud5a5 \uc774\ubbf8\uc9c0/[district]night_620C/[district]night_620C_190.json",
            "id": 1
        },
        {
            "time_step": 2,
            "original_data_path": "/content/drive/Othercomputers/\ub0b4 \ub178\ud2b8\ubd81/Forked_Models/Validation/Validation/_\ub77c\ubca8_General_val_C/district/3. \ud6c4\ubc29 \ubc29\ud5a5 \uc774\ubbf8\uc9c0/[district]night_620C/[district]night_620C_195.json",
            "id": 1
        },
        {
            "time_step": 3,
            "original_data_path": "/content/drive/Othercomputers/\ub0b4 \ub178\ud2b8\ubd81/Forked_Models/Validation/Validation/_\ub77c\ubca8_General_val_C/district/3. \ud6c4\ubc29 \ubc29\ud5a5 \uc774\ubbf8\uc9c0/[district]night_620C/[district]night_620C_200.json",
            "id": 1
        }
    ],
    "label": 2
}