{
    "data": [
        [
            0.5213541666666667,
            0.30648148148148147,
            0.009375000000000022,
            -0.04537037037037034,
            -0.010937500000000044,
            0.07314814814814818,
            0.016145833333333304,
            0.015740740740740777
        ],
        [
            0.5432291666666667,
            0.31203703703703706,
            0.008854166666666718,
            -0.050000000000000044,
            -0.013541666666666674,
            0.08425925925925926,
            0.009895833333333326,
            0.028703703703703676
        ],
        [
            0.5447916666666667,
            0.3101851851851852,
            0.007291666666666696,
            -0.04814814814814816,
            -0.006249999999999978,
            0.08796296296296297,
            0.009895833333333326,
            0.02777777777777779
        ]
    ],
    "original_data": [
        {
            "time_step": 1,
            "original_data_path": "/content/drive/Othercomputers/\ub0b4 \ub178\ud2b8\ubd81/Forked_Models/Validation/Validation/_\ub77c\ubca8_General_val_C/district/3. \ud6c4\ubc29 \ubc29\ud5a5 \uc774\ubbf8\uc9c0/[district]day_955C/[district]day_955C_485.json",
            "id": 1
        },
        {
            "time_step": 2,
            "original_data_path": "/content/drive/Othercomputers/\ub0b4 \ub178\ud2b8\ubd81/Forked_Models/Validation/Validation/_\ub77c\ubca8_General_val_C/district/3. \ud6c4\ubc29 \ubc29\ud5a5 \uc774\ubbf8\uc9c0/[district]day_955C/[district]day_955C_490.json",
            "id": 1
        },
        {
            "time_step": 3,
            "original_data_path": "/content/drive/Othercomputers/\ub0b4 \ub178\ud2b8\ubd81/Forked_Models/Validation/Validation/_\ub77c\ubca8_General_val_C/district/3. \ud6c4\ubc29 \ubc29\ud5a5 \uc774\ubbf8\uc9c0/[district]day_955C/[district]day_955C_495.json",
            "id": 1
        }
    ],
    "label": 2
}