{
    "data": [
        [
            0.828125,
            0.22592592592592592,
            0.0026041666666666297,
            -0.0425925925925926,
            -0.029687499999999978,
            0.009259259259259273,
            0.039583333333333304,
            0.04814814814814816
        ],
        [
            0.8291666666666667,
            0.225,
            0.0026041666666666297,
            -0.041666666666666685,
            -0.029166666666666674,
            0.010185185185185186,
            0.038541666666666585,
            0.049074074074074076
        ],
        [
            0.8260416666666667,
            0.225,
            0.0,
            -0.045370370370370366,
            -0.02604166666666663,
            0.010185185185185186,
            0.04166666666666663,
            0.049074074074074076
        ]
    ],
    "original_data": [
        {
            "time_step": 1,
            "original_data_path": "/content/drive/Othercomputers/\ub0b4 \ub178\ud2b8\ubd81/Forked_Models/Validation/Validation/_\ub77c\ubca8_General_val_C/district/3. \ud6c4\ubc29 \ubc29\ud5a5 \uc774\ubbf8\uc9c0/[district]leave_046C/[district]leave_046C_32.json",
            "id": 3
        },
        {
            "time_step": 2,
            "original_data_path": "/content/drive/Othercomputers/\ub0b4 \ub178\ud2b8\ubd81/Forked_Models/Validation/Validation/_\ub77c\ubca8_General_val_C/district/3. \ud6c4\ubc29 \ubc29\ud5a5 \uc774\ubbf8\uc9c0/[district]leave_046C/[district]leave_046C_34.json",
            "id": 3
        },
        {
            "time_step": 3,
            "original_data_path": "/content/drive/Othercomputers/\ub0b4 \ub178\ud2b8\ubd81/Forked_Models/Validation/Validation/_\ub77c\ubca8_General_val_C/district/3. \ud6c4\ubc29 \ubc29\ud5a5 \uc774\ubbf8\uc9c0/[district]leave_046C/[district]leave_046C_36.json",
            "id": 3
        }
    ],
    "label": 2
}