{
    "data": [
        [
            0.590625,
            0.42407407407407405,
            0.011458333333333348,
            -0.03425925925925921,
            -0.016145833333333304,
            0.08981481481481479,
            -0.02499999999999991,
            -0.03425925925925921
        ],
        [
            0.590625,
            0.42407407407407405,
            0.011458333333333348,
            -0.03425925925925921,
            -0.016145833333333304,
            0.08981481481481479,
            -0.024479166666666607,
            -0.032407407407407385
        ],
        [
            0.5942708333333333,
            0.42407407407407405,
            0.01302083333333337,
            -0.033333333333333326,
            -0.019791666666666652,
            0.08981481481481479,
            -0.029687499999999978,
            -0.036111111111111094
        ]
    ],
    "original_data": [
        {
            "time_step": 1,
            "original_data_path": "/content/drive/Othercomputers/\ub0b4 \ub178\ud2b8\ubd81/Forked_Models/Validation/Validation/_\ub77c\ubca8_General_val_C/district/3. \ud6c4\ubc29 \ubc29\ud5a5 \uc774\ubbf8\uc9c0/[district]day_712C/[district]day_712C_545.json",
            "id": 4
        },
        {
            "time_step": 2,
            "original_data_path": "/content/drive/Othercomputers/\ub0b4 \ub178\ud2b8\ubd81/Forked_Models/Validation/Validation/_\ub77c\ubca8_General_val_C/district/3. \ud6c4\ubc29 \ubc29\ud5a5 \uc774\ubbf8\uc9c0/[district]day_712C/[district]day_712C_550.json",
            "id": 4
        },
        {
            "time_step": 3,
            "original_data_path": "/content/drive/Othercomputers/\ub0b4 \ub178\ud2b8\ubd81/Forked_Models/Validation/Validation/_\ub77c\ubca8_General_val_C/district/3. \ud6c4\ubc29 \ubc29\ud5a5 \uc774\ubbf8\uc9c0/[district]day_712C/[district]day_712C_555.json",
            "id": 4
        }
    ],
    "label": 2
}