{
    "data": [
        [
            0.909375,
            0.6342592592592593,
            0.015625,
            -0.08611111111111114,
            -0.08854166666666674,
            -0.01666666666666672,
            0.07552083333333326,
            0.07685185185185184
        ],
        [
            0.9072916666666667,
            0.6592592592592592,
            0.01718749999999991,
            -0.09907407407407398,
            -0.08645833333333341,
            -0.033333333333333326,
            0.07760416666666659,
            0.059259259259259345
        ],
        [
            0.9078125,
            0.6592592592592592,
            0.017187500000000022,
            -0.09907407407407398,
            -0.0859375,
            -0.033333333333333326,
            0.07708333333333328,
            0.059259259259259345
        ]
    ],
    "original_data": [
        {
            "time_step": 1,
            "original_data_path": "/content/drive/Othercomputers/\ub0b4 \ub178\ud2b8\ubd81/Forked_Models/Validation/Validation/_\ub77c\ubca8_General_val_C/district/3. \ud6c4\ubc29 \ubc29\ud5a5 \uc774\ubbf8\uc9c0/[district]leave_047C/[district]leave_047C_30.json",
            "id": 8
        },
        {
            "time_step": 2,
            "original_data_path": "/content/drive/Othercomputers/\ub0b4 \ub178\ud2b8\ubd81/Forked_Models/Validation/Validation/_\ub77c\ubca8_General_val_C/district/3. \ud6c4\ubc29 \ubc29\ud5a5 \uc774\ubbf8\uc9c0/[district]leave_047C/[district]leave_047C_32.json",
            "id": 8
        },
        {
            "time_step": 3,
            "original_data_path": "/content/drive/Othercomputers/\ub0b4 \ub178\ud2b8\ubd81/Forked_Models/Validation/Validation/_\ub77c\ubca8_General_val_C/district/3. \ud6c4\ubc29 \ubc29\ud5a5 \uc774\ubbf8\uc9c0/[district]leave_047C/[district]leave_047C_34.json",
            "id": 8
        }
    ],
    "label": 2
}