{
    "data": [
        [
            0.6348958333333333,
            0.3037037037037037,
            0.0026041666666666297,
            -0.020370370370370372,
            -0.027083333333333348,
            -0.003703703703703709,
            0.021354166666666674,
            0.0
        ],
        [
            0.6359375,
            0.30185185185185187,
            0.0078125,
            -0.020370370370370372,
            -0.028125000000000067,
            -0.0018518518518518823,
            0.020312499999999956,
            0.0018518518518518268
        ],
        [
            0.6364583333333333,
            0.30185185185185187,
            0.006249999999999978,
            -0.02314814814814814,
            -0.02864583333333337,
            -0.0018518518518518823,
            0.019791666666666652,
            0.0018518518518518268
        ]
    ],
    "original_data": [
        {
            "time_step": 1,
            "original_data_path": "/content/drive/Othercomputers/\ub0b4 \ub178\ud2b8\ubd81/Forked_Models/Validation/Validation/_\ub77c\ubca8_General_val_C/district/3. \ud6c4\ubc29 \ubc29\ud5a5 \uc774\ubbf8\uc9c0/[district]morning_649C/[district]morning_649C_20.json",
            "id": 2
        },
        {
            "time_step": 2,
            "original_data_path": "/content/drive/Othercomputers/\ub0b4 \ub178\ud2b8\ubd81/Forked_Models/Validation/Validation/_\ub77c\ubca8_General_val_C/district/3. \ud6c4\ubc29 \ubc29\ud5a5 \uc774\ubbf8\uc9c0/[district]morning_649C/[district]morning_649C_25.json",
            "id": 2
        },
        {
            "time_step": 3,
            "original_data_path": "/content/drive/Othercomputers/\ub0b4 \ub178\ud2b8\ubd81/Forked_Models/Validation/Validation/_\ub77c\ubca8_General_val_C/district/3. \ud6c4\ubc29 \ubc29\ud5a5 \uc774\ubbf8\uc9c0/[district]morning_649C/[district]morning_649C_30.json",
            "id": 2
        }
    ],
    "label": 2
}