{
    "data": [
        [
            0.42239583333333336,
            0.28425925925925927,
            -0.0010416666666667185,
            -0.02407407407407408,
            -0.029687500000000033,
            0.02407407407407408,
            0.02239583333333328,
            0.016666666666666663
        ],
        [
            0.42239583333333336,
            0.28425925925925927,
            -0.0010416666666667185,
            -0.02407407407407408,
            -0.029687500000000033,
            0.02407407407407408,
            0.02239583333333328,
            0.016666666666666663
        ],
        [
            0.42239583333333336,
            0.28425925925925927,
            -0.0010416666666667185,
            -0.02407407407407408,
            -0.029687500000000033,
            0.02407407407407408,
            0.02239583333333328,
            0.016666666666666663
        ]
    ],
    "original_data": [
        {
            "time_step": 1,
            "original_data_path": "/content/drive/Othercomputers/\ub0b4 \ub178\ud2b8\ubd81/Forked_Models/Validation/Validation/_\ub77c\ubca8_General_val_C/district/3. \ud6c4\ubc29 \ubc29\ud5a5 \uc774\ubbf8\uc9c0/[district]day_570C/[district]day_570C_190.json",
            "id": 0
        },
        {
            "time_step": 2,
            "original_data_path": "/content/drive/Othercomputers/\ub0b4 \ub178\ud2b8\ubd81/Forked_Models/Validation/Validation/_\ub77c\ubca8_General_val_C/district/3. \ud6c4\ubc29 \ubc29\ud5a5 \uc774\ubbf8\uc9c0/[district]day_570C/[district]day_570C_195.json",
            "id": 0
        },
        {
            "time_step": 3,
            "original_data_path": "/content/drive/Othercomputers/\ub0b4 \ub178\ud2b8\ubd81/Forked_Models/Validation/Validation/_\ub77c\ubca8_General_val_C/district/3. \ud6c4\ubc29 \ubc29\ud5a5 \uc774\ubbf8\uc9c0/[district]day_570C/[district]day_570C_200.json",
            "id": 0
        }
    ],
    "label": 2
}