{
    "data": [
        [
            0.8125,
            0.1935185185185185,
            0.0015625000000000222,
            -0.03796296296296295,
            -0.03645833333333337,
            0.028703703703703703,
            0.03020833333333328,
            0.03703703703703706
        ],
        [
            0.8125,
            0.1935185185185185,
            0.0015625000000000222,
            -0.03796296296296295,
            -0.03645833333333337,
            0.028703703703703703,
            0.03020833333333328,
            0.03703703703703706
        ],
        [
            0.8125,
            0.1935185185185185,
            0.002083333333333326,
            -0.03796296296296295,
            -0.035937499999999956,
            0.028703703703703703,
            0.03125,
            0.03703703703703706
        ]
    ],
    "original_data": [
        {
            "time_step": 1,
            "original_data_path": "/content/drive/Othercomputers/\ub0b4 \ub178\ud2b8\ubd81/Forked_Models/Validation/Validation/_\ub77c\ubca8_General_val_C/district/3. \ud6c4\ubc29 \ubc29\ud5a5 \uc774\ubbf8\uc9c0/[district]leave_007C/[district]leave_007C_10.json",
            "id": 2
        },
        {
            "time_step": 2,
            "original_data_path": "/content/drive/Othercomputers/\ub0b4 \ub178\ud2b8\ubd81/Forked_Models/Validation/Validation/_\ub77c\ubca8_General_val_C/district/3. \ud6c4\ubc29 \ubc29\ud5a5 \uc774\ubbf8\uc9c0/[district]leave_007C/[district]leave_007C_12.json",
            "id": 2
        },
        {
            "time_step": 3,
            "original_data_path": "/content/drive/Othercomputers/\ub0b4 \ub178\ud2b8\ubd81/Forked_Models/Validation/Validation/_\ub77c\ubca8_General_val_C/district/3. \ud6c4\ubc29 \ubc29\ud5a5 \uc774\ubbf8\uc9c0/[district]leave_007C/[district]leave_007C_14.json",
            "id": 2
        }
    ],
    "label": 2
}