{
    "data": [
        [
            0.5958333333333333,
            0.2796296296296296,
            0.0,
            -0.02777777777777779,
            -0.01822916666666663,
            0.002777777777777768,
            0.01666666666666672,
            0.002777777777777768
        ],
        [
            0.5958333333333333,
            0.2796296296296296,
            0.0,
            -0.02777777777777779,
            -0.019270833333333348,
            -0.006481481481481477,
            0.01666666666666672,
            0.002777777777777768
        ],
        [
            0.5921875,
            0.29074074074074074,
            -0.0010416666666666075,
            -0.01944444444444443,
            -0.018749999999999933,
            -0.017592592592592604,
            0.019270833333333348,
            0.0
        ]
    ],
    "original_data": [
        {
            "time_step": 1,
            "original_data_path": "/content/drive/Othercomputers/\ub0b4 \ub178\ud2b8\ubd81/Forked_Models/Validation/Validation/_\ub77c\ubca8_General_val_C/district/3. \ud6c4\ubc29 \ubc29\ud5a5 \uc774\ubbf8\uc9c0/[district]attend_1124C/[district]attend_1124C_330.json",
            "id": 2
        },
        {
            "time_step": 2,
            "original_data_path": "/content/drive/Othercomputers/\ub0b4 \ub178\ud2b8\ubd81/Forked_Models/Validation/Validation/_\ub77c\ubca8_General_val_C/district/3. \ud6c4\ubc29 \ubc29\ud5a5 \uc774\ubbf8\uc9c0/[district]attend_1124C/[district]attend_1124C_335.json",
            "id": 2
        },
        {
            "time_step": 3,
            "original_data_path": "/content/drive/Othercomputers/\ub0b4 \ub178\ud2b8\ubd81/Forked_Models/Validation/Validation/_\ub77c\ubca8_General_val_C/district/3. \ud6c4\ubc29 \ubc29\ud5a5 \uc774\ubbf8\uc9c0/[district]attend_1124C/[district]attend_1124C_340.json",
            "id": 2
        }
    ],
    "label": 2
}