{
    "data": [
        [
            0.6489583333333333,
            0.5138888888888888,
            0.004166666666666652,
            -0.02962962962962956,
            -0.03281250000000002,
            -0.01759259259259255,
            0.033333333333333326,
            0.005555555555555647
        ],
        [
            0.6489583333333333,
            0.5138888888888888,
            0.004166666666666652,
            -0.026851851851851793,
            -0.03281250000000002,
            -0.01759259259259255,
            0.033333333333333326,
            0.005555555555555647
        ],
        [
            0.6489583333333333,
            0.5138888888888888,
            0.004166666666666652,
            -0.02962962962962956,
            -0.03281250000000002,
            -0.01759259259259255,
            0.033333333333333326,
            0.005555555555555647
        ]
    ],
    "original_data": [
        {
            "time_step": 1,
            "original_data_path": "/content/drive/Othercomputers/\ub0b4 \ub178\ud2b8\ubd81/Forked_Models/Validation/Validation/_\ub77c\ubca8_General_val_C/district/3. \ud6c4\ubc29 \ubc29\ud5a5 \uc774\ubbf8\uc9c0/[district]night_624C/[district]night_624C_540.json",
            "id": 4
        },
        {
            "time_step": 2,
            "original_data_path": "/content/drive/Othercomputers/\ub0b4 \ub178\ud2b8\ubd81/Forked_Models/Validation/Validation/_\ub77c\ubca8_General_val_C/district/3. \ud6c4\ubc29 \ubc29\ud5a5 \uc774\ubbf8\uc9c0/[district]night_624C/[district]night_624C_545.json",
            "id": 4
        },
        {
            "time_step": 3,
            "original_data_path": "/content/drive/Othercomputers/\ub0b4 \ub178\ud2b8\ubd81/Forked_Models/Validation/Validation/_\ub77c\ubca8_General_val_C/district/3. \ud6c4\ubc29 \ubc29\ud5a5 \uc774\ubbf8\uc9c0/[district]night_624C/[district]night_624C_550.json",
            "id": 4
        }
    ],
    "label": 2
}