{
    "data": [
        [
            0.33645833333333336,
            0.2740740740740741,
            -0.003645833333333348,
            -0.03518518518518518,
            -0.018229166666666685,
            0.008333333333333304,
            0.027604166666666652,
            -0.002777777777777768
        ],
        [
            0.33541666666666664,
            0.26296296296296295,
            -0.004166666666666652,
            -0.027777777777777762,
            -0.017187499999999967,
            0.01944444444444443,
            0.02864583333333337,
            0.00833333333333336
        ],
        [
            0.33541666666666664,
            0.26296296296296295,
            -0.004166666666666652,
            -0.027777777777777762,
            -0.017187499999999967,
            0.01944444444444443,
            0.02864583333333337,
            0.00833333333333336
        ]
    ],
    "original_data": [
        {
            "time_step": 1,
            "original_data_path": "/content/drive/Othercomputers/\ub0b4 \ub178\ud2b8\ubd81/Forked_Models/Validation/Validation/_\ub77c\ubca8_General_val_C/district/3. \ud6c4\ubc29 \ubc29\ud5a5 \uc774\ubbf8\uc9c0/[district]day_683C/[district]day_683C_75.json",
            "id": 2
        },
        {
            "time_step": 2,
            "original_data_path": "/content/drive/Othercomputers/\ub0b4 \ub178\ud2b8\ubd81/Forked_Models/Validation/Validation/_\ub77c\ubca8_General_val_C/district/3. \ud6c4\ubc29 \ubc29\ud5a5 \uc774\ubbf8\uc9c0/[district]day_683C/[district]day_683C_80.json",
            "id": 2
        },
        {
            "time_step": 3,
            "original_data_path": "/content/drive/Othercomputers/\ub0b4 \ub178\ud2b8\ubd81/Forked_Models/Validation/Validation/_\ub77c\ubca8_General_val_C/district/3. \ud6c4\ubc29 \ubc29\ud5a5 \uc774\ubbf8\uc9c0/[district]day_683C/[district]day_683C_85.json",
            "id": 2
        }
    ],
    "label": 2
}