{
    "data": [
        [
            0.39791666666666664,
            0.2777777777777778,
            -0.002083333333333326,
            -0.021296296296296313,
            -0.027083333333333293,
            0.020370370370370372,
            0.022395833333333337,
            0.037962962962962976
        ],
        [
            0.39791666666666664,
            0.2777777777777778,
            -0.002083333333333326,
            -0.021296296296296313,
            -0.027083333333333293,
            0.020370370370370372,
            0.022395833333333337,
            0.037962962962962976
        ],
        [
            0.39791666666666664,
            0.2777777777777778,
            -0.002083333333333326,
            -0.021296296296296313,
            -0.027083333333333293,
            0.020370370370370372,
            0.022395833333333337,
            0.037962962962962976
        ]
    ],
    "original_data": [
        {
            "time_step": 1,
            "original_data_path": "/content/drive/Othercomputers/\ub0b4 \ub178\ud2b8\ubd81/Forked_Models/Validation/Validation/_\ub77c\ubca8_General_val_C/district/3. \ud6c4\ubc29 \ubc29\ud5a5 \uc774\ubbf8\uc9c0/[district]leave_075C/[district]leave_075C_254.json",
            "id": 1
        },
        {
            "time_step": 2,
            "original_data_path": "/content/drive/Othercomputers/\ub0b4 \ub178\ud2b8\ubd81/Forked_Models/Validation/Validation/_\ub77c\ubca8_General_val_C/district/3. \ud6c4\ubc29 \ubc29\ud5a5 \uc774\ubbf8\uc9c0/[district]leave_075C/[district]leave_075C_256.json",
            "id": 1
        },
        {
            "time_step": 3,
            "original_data_path": "/content/drive/Othercomputers/\ub0b4 \ub178\ud2b8\ubd81/Forked_Models/Validation/Validation/_\ub77c\ubca8_General_val_C/district/3. \ud6c4\ubc29 \ubc29\ud5a5 \uc774\ubbf8\uc9c0/[district]leave_075C/[district]leave_075C_258.json",
            "id": 1
        }
    ],
    "label": 2
}