{
    "data": [
        [
            0.6682291666666667,
            0.4824074074074074,
            0.0,
            -0.04722222222222222,
            -0.0390625,
            0.003703703703703709,
            0.021874999999999978,
            0.019444444444444486
        ],
        [
            0.6692708333333334,
            0.47962962962962963,
            0.0,
            -0.04629629629629628,
            -0.04010416666666672,
            0.006481481481481477,
            0.02083333333333326,
            0.022222222222222254
        ],
        [
            0.6697916666666667,
            0.48518518518518516,
            0.0,
            -0.04814814814814811,
            -0.04062500000000002,
            0.0009259259259259411,
            0.020312499999999956,
            0.01666666666666672
        ]
    ],
    "original_data": [
        {
            "time_step": 1,
            "original_data_path": "/content/drive/Othercomputers/\ub0b4 \ub178\ud2b8\ubd81/Forked_Models/Validation/Validation/_\ub77c\ubca8_General_val_C/district/3. \ud6c4\ubc29 \ubc29\ud5a5 \uc774\ubbf8\uc9c0/[district]day_567C/[district]day_567C_450.json",
            "id": 4
        },
        {
            "time_step": 2,
            "original_data_path": "/content/drive/Othercomputers/\ub0b4 \ub178\ud2b8\ubd81/Forked_Models/Validation/Validation/_\ub77c\ubca8_General_val_C/district/3. \ud6c4\ubc29 \ubc29\ud5a5 \uc774\ubbf8\uc9c0/[district]day_567C/[district]day_567C_455.json",
            "id": 4
        },
        {
            "time_step": 3,
            "original_data_path": "/content/drive/Othercomputers/\ub0b4 \ub178\ud2b8\ubd81/Forked_Models/Validation/Validation/_\ub77c\ubca8_General_val_C/district/3. \ud6c4\ubc29 \ubc29\ud5a5 \uc774\ubbf8\uc9c0/[district]day_567C/[district]day_567C_460.json",
            "id": 4
        }
    ],
    "label": 2
}