{
    "data": [
        [
            0.7442708333333333,
            0.1935185185185185,
            -0.003645833333333348,
            -0.032407407407407385,
            -0.041145833333333326,
            0.021296296296296313,
            0.02447916666666672,
            0.03518518518518521
        ],
        [
            0.7411458333333333,
            0.18981481481481483,
            -0.0005208333333333037,
            -0.02685185185185185,
            -0.03802083333333328,
            0.02685185185185185,
            0.027604166666666763,
            0.040740740740740744
        ],
        [
            0.7296875,
            0.20555555555555555,
            -0.0015625000000000222,
            -0.028703703703703703,
            -0.026562500000000044,
            0.013888888888888895,
            0.0390625,
            0.02777777777777779
        ]
    ],
    "original_data": [
        {
            "time_step": 1,
            "original_data_path": "/content/drive/Othercomputers/\ub0b4 \ub178\ud2b8\ubd81/Forked_Models/Validation/Validation/_\ub77c\ubca8_General_val_C/district/3. \ud6c4\ubc29 \ubc29\ud5a5 \uc774\ubbf8\uc9c0/[district]day_025C/[district]day_025C_192.json",
            "id": 0
        },
        {
            "time_step": 2,
            "original_data_path": "/content/drive/Othercomputers/\ub0b4 \ub178\ud2b8\ubd81/Forked_Models/Validation/Validation/_\ub77c\ubca8_General_val_C/district/3. \ud6c4\ubc29 \ubc29\ud5a5 \uc774\ubbf8\uc9c0/[district]day_025C/[district]day_025C_194.json",
            "id": 0
        },
        {
            "time_step": 3,
            "original_data_path": "/content/drive/Othercomputers/\ub0b4 \ub178\ud2b8\ubd81/Forked_Models/Validation/Validation/_\ub77c\ubca8_General_val_C/district/3. \ud6c4\ubc29 \ubc29\ud5a5 \uc774\ubbf8\uc9c0/[district]day_025C/[district]day_025C_196.json",
            "id": 0
        }
    ],
    "label": 2
}