{
    "data": [
        [
            0.3921875,
            0.2962962962962963,
            -0.00520833333333337,
            -0.01851851851851849,
            -0.022916666666666696,
            0.003703703703703709,
            0.033333333333333326,
            0.010185185185185186
        ],
        [
            0.39427083333333335,
            0.2962962962962963,
            -0.002083333333333326,
            -0.01481481481481478,
            -0.025000000000000022,
            0.003703703703703709,
            0.03229166666666666,
            0.011111111111111127
        ],
        [
            0.39479166666666665,
            0.2953703703703704,
            0.0005208333333333592,
            -0.018518518518518545,
            -0.025520833333333326,
            0.004629629629629595,
            0.03177083333333336,
            0.012037037037037013
        ]
    ],
    "original_data": [
        {
            "time_step": 1,
            "original_data_path": "/content/drive/Othercomputers/\ub0b4 \ub178\ud2b8\ubd81/Forked_Models/Validation/Validation/_\ub77c\ubca8_General_val_C/district/3. \ud6c4\ubc29 \ubc29\ud5a5 \uc774\ubbf8\uc9c0/[district]day_431C/[district]day_431C_16.json",
            "id": 0
        },
        {
            "time_step": 2,
            "original_data_path": "/content/drive/Othercomputers/\ub0b4 \ub178\ud2b8\ubd81/Forked_Models/Validation/Validation/_\ub77c\ubca8_General_val_C/district/3. \ud6c4\ubc29 \ubc29\ud5a5 \uc774\ubbf8\uc9c0/[district]day_431C/[district]day_431C_18.json",
            "id": 0
        },
        {
            "time_step": 3,
            "original_data_path": "/content/drive/Othercomputers/\ub0b4 \ub178\ud2b8\ubd81/Forked_Models/Validation/Validation/_\ub77c\ubca8_General_val_C/district/3. \ud6c4\ubc29 \ubc29\ud5a5 \uc774\ubbf8\uc9c0/[district]day_431C/[district]day_431C_20.json",
            "id": 0
        }
    ],
    "label": 2
}