{
    "data": [
        [
            0.5625,
            0.2675925925925926,
            0.0005208333333333037,
            -0.029629629629629645,
            -0.027083333333333348,
            0.002777777777777768,
            0.025000000000000022,
            0.008333333333333304
        ],
        [
            0.5588541666666667,
            0.2712962962962963,
            -0.0015625000000000222,
            -0.03518518518518521,
            -0.0234375,
            -0.0009259259259259411,
            0.02864583333333337,
            0.004629629629629595
        ],
        [
            0.5583333333333333,
            0.275,
            -0.002083333333333326,
            -0.034259259259259295,
            -0.022916666666666696,
            -0.00462962962962965,
            0.029166666666666674,
            0.0009259259259258856
        ]
    ],
    "original_data": [
        {
            "time_step": 1,
            "original_data_path": "/content/drive/Othercomputers/\ub0b4 \ub178\ud2b8\ubd81/Forked_Models/Validation/Validation/_\ub77c\ubca8_General_val_C/district/3. \ud6c4\ubc29 \ubc29\ud5a5 \uc774\ubbf8\uc9c0/[district]leave_594C/[district]leave_594C_260.json",
            "id": 0
        },
        {
            "time_step": 2,
            "original_data_path": "/content/drive/Othercomputers/\ub0b4 \ub178\ud2b8\ubd81/Forked_Models/Validation/Validation/_\ub77c\ubca8_General_val_C/district/3. \ud6c4\ubc29 \ubc29\ud5a5 \uc774\ubbf8\uc9c0/[district]leave_594C/[district]leave_594C_265.json",
            "id": 0
        },
        {
            "time_step": 3,
            "original_data_path": "/content/drive/Othercomputers/\ub0b4 \ub178\ud2b8\ubd81/Forked_Models/Validation/Validation/_\ub77c\ubca8_General_val_C/district/3. \ud6c4\ubc29 \ubc29\ud5a5 \uc774\ubbf8\uc9c0/[district]leave_594C/[district]leave_594C_270.json",
            "id": 0
        }
    ],
    "label": 2
}