{
    "data": [
        [
            0.2171875,
            0.21851851851851853,
            -0.0015624999999999944,
            -0.016666666666666663,
            -0.010937500000000017,
            0.013888888888888867,
            0.018229166666666657,
            0.014814814814814808
        ],
        [
            0.1984375,
            0.2537037037037037,
            -0.0026041666666666574,
            -0.022222222222222227,
            -0.013541666666666646,
            0.006481481481481477,
            0.0234375,
            0.007407407407407418
        ],
        [
            0.18177083333333333,
            0.2712962962962963,
            -0.0005208333333333315,
            -0.016666666666666663,
            -0.010416666666666657,
            0.004629629629629595,
            0.021354166666666674,
            0.007407407407407418
        ]
    ],
    "original_data": [
        {
            "time_step": 1,
            "original_data_path": "/content/drive/Othercomputers/\ub0b4 \ub178\ud2b8\ubd81/Forked_Models/Validation/Validation/_\ub77c\ubca8_General_val_C/district/3. \ud6c4\ubc29 \ubc29\ud5a5 \uc774\ubbf8\uc9c0/[district]day_712C/[district]day_712C_325.json",
            "id": 10
        },
        {
            "time_step": 2,
            "original_data_path": "/content/drive/Othercomputers/\ub0b4 \ub178\ud2b8\ubd81/Forked_Models/Validation/Validation/_\ub77c\ubca8_General_val_C/district/3. \ud6c4\ubc29 \ubc29\ud5a5 \uc774\ubbf8\uc9c0/[district]day_712C/[district]day_712C_330.json",
            "id": 10
        },
        {
            "time_step": 3,
            "original_data_path": "/content/drive/Othercomputers/\ub0b4 \ub178\ud2b8\ubd81/Forked_Models/Validation/Validation/_\ub77c\ubca8_General_val_C/district/3. \ud6c4\ubc29 \ubc29\ud5a5 \uc774\ubbf8\uc9c0/[district]day_712C/[district]day_712C_335.json",
            "id": 10
        }
    ],
    "label": 2
}