{
    "data": [
        [
            0.7234375,
            0.46296296296296297,
            0.00520833333333337,
            -0.04259259259259257,
            -0.035937499999999956,
            -0.012962962962962954,
            0.021354166666666674,
            0.02407407407407408
        ],
        [
            0.7234375,
            0.46296296296296297,
            0.00520833333333337,
            -0.04259259259259257,
            -0.035937499999999956,
            -0.012962962962962954,
            0.021354166666666674,
            0.02407407407407408
        ],
        [
            0.7234375,
            0.46296296296296297,
            0.00520833333333337,
            -0.04259259259259257,
            -0.035937499999999956,
            -0.012962962962962954,
            0.021354166666666674,
            0.02407407407407408
        ]
    ],
    "original_data": [
        {
            "time_step": 1,
            "original_data_path": "/content/drive/Othercomputers/\ub0b4 \ub178\ud2b8\ubd81/Forked_Models/Validation/Validation/_\ub77c\ubca8_General_val_C/district/3. \ud6c4\ubc29 \ubc29\ud5a5 \uc774\ubbf8\uc9c0/[district]day_996C/[district]day_996C_455.json",
            "id": 3
        },
        {
            "time_step": 2,
            "original_data_path": "/content/drive/Othercomputers/\ub0b4 \ub178\ud2b8\ubd81/Forked_Models/Validation/Validation/_\ub77c\ubca8_General_val_C/district/3. \ud6c4\ubc29 \ubc29\ud5a5 \uc774\ubbf8\uc9c0/[district]day_996C/[district]day_996C_460.json",
            "id": 3
        },
        {
            "time_step": 3,
            "original_data_path": "/content/drive/Othercomputers/\ub0b4 \ub178\ud2b8\ubd81/Forked_Models/Validation/Validation/_\ub77c\ubca8_General_val_C/district/3. \ud6c4\ubc29 \ubc29\ud5a5 \uc774\ubbf8\uc9c0/[district]day_996C/[district]day_996C_465.json",
            "id": 3
        }
    ],
    "label": 2
}