{
    "data": [
        [
            0.3963541666666667,
            0.2861111111111111,
            0.005729166666666674,
            -0.030555555555555558,
            -0.027083333333333348,
            0.018518518518518545,
            0.021874999999999978,
            0.02777777777777779
        ],
        [
            0.3984375,
            0.2824074074074074,
            0.0005208333333333592,
            -0.02314814814814814,
            -0.03125,
            0.017592592592592604,
            0.019791666666666652,
            0.0314814814814815
        ],
        [
            0.3963541666666667,
            0.2861111111111111,
            0.005729166666666674,
            -0.030555555555555558,
            -0.027083333333333348,
            0.018518518518518545,
            0.021874999999999978,
            0.02777777777777779
        ]
    ],
    "original_data": [
        {
            "time_step": 1,
            "original_data_path": "/content/drive/Othercomputers/\ub0b4 \ub178\ud2b8\ubd81/Forked_Models/Validation/Validation/_\ub77c\ubca8_General_val_C/district/3. \ud6c4\ubc29 \ubc29\ud5a5 \uc774\ubbf8\uc9c0/[district]leave_075C/[district]leave_075C_66.json",
            "id": 1
        },
        {
            "time_step": 2,
            "original_data_path": "/content/drive/Othercomputers/\ub0b4 \ub178\ud2b8\ubd81/Forked_Models/Validation/Validation/_\ub77c\ubca8_General_val_C/district/3. \ud6c4\ubc29 \ubc29\ud5a5 \uc774\ubbf8\uc9c0/[district]leave_075C/[district]leave_075C_68.json",
            "id": 1
        },
        {
            "time_step": 3,
            "original_data_path": "/content/drive/Othercomputers/\ub0b4 \ub178\ud2b8\ubd81/Forked_Models/Validation/Validation/_\ub77c\ubca8_General_val_C/district/3. \ud6c4\ubc29 \ubc29\ud5a5 \uc774\ubbf8\uc9c0/[district]leave_075C/[district]leave_075C_70.json",
            "id": 1
        }
    ],
    "label": 2
}