{
    "data": [
        [
            0.6145833333333334,
            0.10648148148148148,
            -0.0005208333333334147,
            -0.023148148148148154,
            -0.012500000000000067,
            0.020370370370370372,
            0.027083333333333348,
            0.014814814814814808
        ],
        [
            0.6166666666666667,
            0.11388888888888889,
            0.0,
            -0.02592592592592592,
            -0.015625,
            0.010185185185185186,
            0.02083333333333326,
            0.004629629629629636
        ],
        [
            0.615625,
            0.11944444444444445,
            -0.0010416666666666075,
            -0.02962962962962963,
            -0.013541666666666674,
            0.00555555555555555,
            0.02447916666666672,
            0.0
        ]
    ],
    "original_data": [
        {
            "time_step": 1,
            "original_data_path": "/content/drive/Othercomputers/\ub0b4 \ub178\ud2b8\ubd81/Forked_Models/Validation/Validation/_\ub77c\ubca8_General_val_C/district/3. \ud6c4\ubc29 \ubc29\ud5a5 \uc774\ubbf8\uc9c0/[district]leave_046C/[district]leave_046C_0.json",
            "id": 1
        },
        {
            "time_step": 2,
            "original_data_path": "/content/drive/Othercomputers/\ub0b4 \ub178\ud2b8\ubd81/Forked_Models/Validation/Validation/_\ub77c\ubca8_General_val_C/district/3. \ud6c4\ubc29 \ubc29\ud5a5 \uc774\ubbf8\uc9c0/[district]leave_046C/[district]leave_046C_2.json",
            "id": 1
        },
        {
            "time_step": 3,
            "original_data_path": "/content/drive/Othercomputers/\ub0b4 \ub178\ud2b8\ubd81/Forked_Models/Validation/Validation/_\ub77c\ubca8_General_val_C/district/3. \ud6c4\ubc29 \ubc29\ud5a5 \uc774\ubbf8\uc9c0/[district]leave_046C/[district]leave_046C_4.json",
            "id": 1
        }
    ],
    "label": 2
}