{
    "data": [
        [
            0.7942708333333334,
            0.8185185185185185,
            0.008854166666666607,
            -0.029629629629629672,
            -0.05833333333333335,
            0.025000000000000022,
            0.04062499999999991,
            0.015740740740740722
        ],
        [
            0.7942708333333334,
            0.8148148148148148,
            0.008854166666666607,
            -0.02962962962962956,
            -0.05833333333333335,
            0.02592592592592602,
            0.04062499999999991,
            0.015740740740740833
        ],
        [
            0.7942708333333334,
            0.8148148148148148,
            0.008854166666666607,
            -0.02962962962962956,
            -0.05833333333333335,
            0.02592592592592602,
            0.04062499999999991,
            0.015740740740740833
        ]
    ],
    "original_data": [
        {
            "time_step": 1,
            "original_data_path": "/content/drive/Othercomputers/\ub0b4 \ub178\ud2b8\ubd81/Forked_Models/Validation/Validation/_\ub77c\ubca8_General_val_C/district/3. \ud6c4\ubc29 \ubc29\ud5a5 \uc774\ubbf8\uc9c0/[district]leave_075C/[district]leave_075C_236.json",
            "id": 4
        },
        {
            "time_step": 2,
            "original_data_path": "/content/drive/Othercomputers/\ub0b4 \ub178\ud2b8\ubd81/Forked_Models/Validation/Validation/_\ub77c\ubca8_General_val_C/district/3. \ud6c4\ubc29 \ubc29\ud5a5 \uc774\ubbf8\uc9c0/[district]leave_075C/[district]leave_075C_238.json",
            "id": 4
        },
        {
            "time_step": 3,
            "original_data_path": "/content/drive/Othercomputers/\ub0b4 \ub178\ud2b8\ubd81/Forked_Models/Validation/Validation/_\ub77c\ubca8_General_val_C/district/3. \ud6c4\ubc29 \ubc29\ud5a5 \uc774\ubbf8\uc9c0/[district]leave_075C/[district]leave_075C_240.json",
            "id": 4
        }
    ],
    "label": 2
}