{
    "data": [
        [
            0.5640625,
            0.20277777777777778,
            0.0,
            -0.0398148148148148,
            -0.0234375,
            0.012962962962962954,
            0.027083333333333348,
            0.010185185185185186
        ],
        [
            0.5640625,
            0.1962962962962963,
            -0.0026041666666667407,
            -0.030555555555555558,
            -0.0234375,
            0.01944444444444443,
            0.027083333333333348,
            0.016666666666666663
        ],
        [
            0.5640625,
            0.20277777777777778,
            0.0,
            -0.0398148148148148,
            -0.0234375,
            0.012962962962962954,
            0.027083333333333348,
            0.010185185185185186
        ]
    ],
    "original_data": [
        {
            "time_step": 1,
            "original_data_path": "/content/drive/Othercomputers/\ub0b4 \ub178\ud2b8\ubd81/Forked_Models/Validation/Validation/_\ub77c\ubca8_General_val_C/district/3. \ud6c4\ubc29 \ubc29\ud5a5 \uc774\ubbf8\uc9c0/[district]leave_047C/[district]leave_047C_18.json",
            "id": 5
        },
        {
            "time_step": 2,
            "original_data_path": "/content/drive/Othercomputers/\ub0b4 \ub178\ud2b8\ubd81/Forked_Models/Validation/Validation/_\ub77c\ubca8_General_val_C/district/3. \ud6c4\ubc29 \ubc29\ud5a5 \uc774\ubbf8\uc9c0/[district]leave_047C/[district]leave_047C_20.json",
            "id": 5
        },
        {
            "time_step": 3,
            "original_data_path": "/content/drive/Othercomputers/\ub0b4 \ub178\ud2b8\ubd81/Forked_Models/Validation/Validation/_\ub77c\ubca8_General_val_C/district/3. \ud6c4\ubc29 \ubc29\ud5a5 \uc774\ubbf8\uc9c0/[district]leave_047C/[district]leave_047C_22.json",
            "id": 5
        }
    ],
    "label": 2
}