{
    "data": [
        [
            0.4239583333333333,
            0.287962962962963,
            -0.003124999999999989,
            -0.02314814814814814,
            -0.03125,
            0.02314814814814814,
            0.019791666666666652,
            0.01481481481481478
        ],
        [
            0.4234375,
            0.27870370370370373,
            -0.003645833333333348,
            -0.014814814814814836,
            -0.030729166666666696,
            0.032407407407407385,
            0.020312499999999956,
            0.024074074074074026
        ],
        [
            0.42239583333333336,
            0.2824074074074074,
            -0.0015625000000000222,
            -0.0222222222222222,
            -0.029687500000000033,
            0.02870370370370373,
            0.02135416666666662,
            0.020370370370370372
        ]
    ],
    "original_data": [
        {
            "time_step": 1,
            "original_data_path": "/content/drive/Othercomputers/\ub0b4 \ub178\ud2b8\ubd81/Forked_Models/Validation/Validation/_\ub77c\ubca8_General_val_C/district/3. \ud6c4\ubc29 \ubc29\ud5a5 \uc774\ubbf8\uc9c0/[district]day_570C/[district]day_570C_580.json",
            "id": 0
        },
        {
            "time_step": 2,
            "original_data_path": "/content/drive/Othercomputers/\ub0b4 \ub178\ud2b8\ubd81/Forked_Models/Validation/Validation/_\ub77c\ubca8_General_val_C/district/3. \ud6c4\ubc29 \ubc29\ud5a5 \uc774\ubbf8\uc9c0/[district]day_570C/[district]day_570C_585.json",
            "id": 0
        },
        {
            "time_step": 3,
            "original_data_path": "/content/drive/Othercomputers/\ub0b4 \ub178\ud2b8\ubd81/Forked_Models/Validation/Validation/_\ub77c\ubca8_General_val_C/district/3. \ud6c4\ubc29 \ubc29\ud5a5 \uc774\ubbf8\uc9c0/[district]day_570C/[district]day_570C_590.json",
            "id": 0
        }
    ],
    "label": 2
}