{
    "data": [
        [
            0.19270833333333334,
            0.6481481481481481,
            -0.014062500000000006,
            -0.036111111111111094,
            -0.0078125,
            0.03981481481481486,
            0.0645833333333333,
            0.05833333333333335
        ],
        [
            0.19270833333333334,
            0.6481481481481481,
            -0.014062500000000006,
            -0.036111111111111094,
            -0.0078125,
            0.03981481481481486,
            0.0645833333333333,
            0.05833333333333335
        ],
        [
            0.19270833333333334,
            0.6509259259259259,
            -0.014062500000000006,
            -0.03518518518518521,
            -0.0078125,
            0.03981481481481486,
            0.0645833333333333,
            0.05833333333333335
        ]
    ],
    "original_data": [
        {
            "time_step": 1,
            "original_data_path": "/content/drive/Othercomputers/\ub0b4 \ub178\ud2b8\ubd81/Forked_Models/Validation/Validation/_\ub77c\ubca8_General_val_C/district/3. \ud6c4\ubc29 \ubc29\ud5a5 \uc774\ubbf8\uc9c0/[district]leave_046C/[district]leave_046C_66.json",
            "id": 6
        },
        {
            "time_step": 2,
            "original_data_path": "/content/drive/Othercomputers/\ub0b4 \ub178\ud2b8\ubd81/Forked_Models/Validation/Validation/_\ub77c\ubca8_General_val_C/district/3. \ud6c4\ubc29 \ubc29\ud5a5 \uc774\ubbf8\uc9c0/[district]leave_046C/[district]leave_046C_68.json",
            "id": 6
        },
        {
            "time_step": 3,
            "original_data_path": "/content/drive/Othercomputers/\ub0b4 \ub178\ud2b8\ubd81/Forked_Models/Validation/Validation/_\ub77c\ubca8_General_val_C/district/3. \ud6c4\ubc29 \ubc29\ud5a5 \uc774\ubbf8\uc9c0/[district]leave_046C/[district]leave_046C_70.json",
            "id": 6
        }
    ],
    "label": 2
}