{
    "data": [
        [
            0.6375,
            0.287962962962963,
            -0.0026041666666666297,
            -0.020370370370370372,
            -0.027604166666666652,
            0.002777777777777768,
            0.019270833333333348,
            0.01481481481481478
        ],
        [
            0.6359375,
            0.2898148148148148,
            -0.002083333333333326,
            -0.02407407407407408,
            -0.02604166666666674,
            0.0009259259259259411,
            0.02083333333333326,
            0.012962962962962954
        ],
        [
            0.6369791666666667,
            0.2953703703703704,
            -0.0015625000000000222,
            -0.025925925925925963,
            -0.027083333333333348,
            -0.00462962962962965,
            0.019791666666666652,
            0.007407407407407363
        ]
    ],
    "original_data": [
        {
            "time_step": 1,
            "original_data_path": "/content/drive/Othercomputers/\ub0b4 \ub178\ud2b8\ubd81/Forked_Models/Validation/Validation/_\ub77c\ubca8_General_val_C/district/3. \ud6c4\ubc29 \ubc29\ud5a5 \uc774\ubbf8\uc9c0/[district]leave_438C/[district]leave_438C_335.json",
            "id": 1
        },
        {
            "time_step": 2,
            "original_data_path": "/content/drive/Othercomputers/\ub0b4 \ub178\ud2b8\ubd81/Forked_Models/Validation/Validation/_\ub77c\ubca8_General_val_C/district/3. \ud6c4\ubc29 \ubc29\ud5a5 \uc774\ubbf8\uc9c0/[district]leave_438C/[district]leave_438C_340.json",
            "id": 1
        },
        {
            "time_step": 3,
            "original_data_path": "/content/drive/Othercomputers/\ub0b4 \ub178\ud2b8\ubd81/Forked_Models/Validation/Validation/_\ub77c\ubca8_General_val_C/district/3. \ud6c4\ubc29 \ubc29\ud5a5 \uc774\ubbf8\uc9c0/[district]leave_438C/[district]leave_438C_345.json",
            "id": 1
        }
    ],
    "label": 2
}