{
    "data": [
        [
            0.4234375,
            0.475,
            -0.001041666666666663,
            -0.060185185185185175,
            -0.018750000000000044,
            0.014814814814814836,
            0.020312499999999956,
            0.07870370370370372
        ],
        [
            0.4197916666666667,
            0.487962962962963,
            0.001041666666666663,
            -0.062962962962963,
            -0.021875000000000033,
            0.002777777777777768,
            0.014583333333333337,
            0.07777777777777778
        ],
        [
            0.42083333333333334,
            0.48703703703703705,
            -0.004166666666666652,
            -0.061111111111111116,
            -0.02395833333333336,
            0.004629629629629595,
            0.019791666666666652,
            0.08055555555555549
        ]
    ],
    "original_data": [
        {
            "time_step": 1,
            "original_data_path": "/content/drive/Othercomputers/\ub0b4 \ub178\ud2b8\ubd81/Forked_Models/Validation/Validation/_\ub77c\ubca8_General_val_C/district/3. \ud6c4\ubc29 \ubc29\ud5a5 \uc774\ubbf8\uc9c0/[district]day_567C/[district]day_567C_475.json",
            "id": 3
        },
        {
            "time_step": 2,
            "original_data_path": "/content/drive/Othercomputers/\ub0b4 \ub178\ud2b8\ubd81/Forked_Models/Validation/Validation/_\ub77c\ubca8_General_val_C/district/3. \ud6c4\ubc29 \ubc29\ud5a5 \uc774\ubbf8\uc9c0/[district]day_567C/[district]day_567C_480.json",
            "id": 3
        },
        {
            "time_step": 3,
            "original_data_path": "/content/drive/Othercomputers/\ub0b4 \ub178\ud2b8\ubd81/Forked_Models/Validation/Validation/_\ub77c\ubca8_General_val_C/district/3. \ud6c4\ubc29 \ubc29\ud5a5 \uc774\ubbf8\uc9c0/[district]day_567C/[district]day_567C_485.json",
            "id": 3
        }
    ],
    "label": 2
}