{
    "data": [
        [
            0.6578125,
            0.48055555555555557,
            0.0026041666666666297,
            -0.033333333333333326,
            -0.04375000000000007,
            0.015740740740740722,
            0.029687499999999978,
            0.011111111111111072
        ],
        [
            0.6578125,
            0.48148148148148145,
            0.0026041666666666297,
            -0.03425925925925921,
            -0.04375000000000007,
            0.014814814814814836,
            0.029687499999999978,
            0.010185185185185186
        ],
        [
            0.659375,
            0.47962962962962963,
            0.0010416666666666075,
            -0.032407407407407385,
            -0.04531250000000009,
            0.016666666666666663,
            0.028124999999999956,
            0.012037037037037013
        ]
    ],
    "original_data": [
        {
            "time_step": 1,
            "original_data_path": "/content/drive/Othercomputers/\ub0b4 \ub178\ud2b8\ubd81/Forked_Models/Validation/Validation/_\ub77c\ubca8_General_val_C/district/3. \ud6c4\ubc29 \ubc29\ud5a5 \uc774\ubbf8\uc9c0/[district]day_575C/[district]day_575C_130.json",
            "id": 4
        },
        {
            "time_step": 2,
            "original_data_path": "/content/drive/Othercomputers/\ub0b4 \ub178\ud2b8\ubd81/Forked_Models/Validation/Validation/_\ub77c\ubca8_General_val_C/district/3. \ud6c4\ubc29 \ubc29\ud5a5 \uc774\ubbf8\uc9c0/[district]day_575C/[district]day_575C_135.json",
            "id": 4
        },
        {
            "time_step": 3,
            "original_data_path": "/content/drive/Othercomputers/\ub0b4 \ub178\ud2b8\ubd81/Forked_Models/Validation/Validation/_\ub77c\ubca8_General_val_C/district/3. \ud6c4\ubc29 \ubc29\ud5a5 \uc774\ubbf8\uc9c0/[district]day_575C/[district]day_575C_140.json",
            "id": 4
        }
    ],
    "label": 2
}