{
    "data": [
        [
            0.6276041666666666,
            0.2861111111111111,
            0.0015625000000000222,
            -0.032407407407407385,
            -0.024479166666666607,
            -0.0018518518518518268,
            0.021354166666666674,
            -0.006481481481481477
        ],
        [
            0.6276041666666666,
            0.2861111111111111,
            0.0015625000000000222,
            -0.032407407407407385,
            -0.024479166666666607,
            -0.0018518518518518268,
            0.021354166666666674,
            -0.006481481481481477
        ],
        [
            0.6276041666666666,
            0.2861111111111111,
            0.0015625000000000222,
            -0.032407407407407385,
            -0.024479166666666607,
            -0.0018518518518518268,
            0.021354166666666674,
            -0.006481481481481477
        ]
    ],
    "original_data": [
        {
            "time_step": 1,
            "original_data_path": "/content/drive/Othercomputers/\ub0b4 \ub178\ud2b8\ubd81/Forked_Models/Validation/Validation/_\ub77c\ubca8_General_val_C/district/3. \ud6c4\ubc29 \ubc29\ud5a5 \uc774\ubbf8\uc9c0/[district]leave_511C/[district]leave_511C_70.json",
            "id": 0
        },
        {
            "time_step": 2,
            "original_data_path": "/content/drive/Othercomputers/\ub0b4 \ub178\ud2b8\ubd81/Forked_Models/Validation/Validation/_\ub77c\ubca8_General_val_C/district/3. \ud6c4\ubc29 \ubc29\ud5a5 \uc774\ubbf8\uc9c0/[district]leave_511C/[district]leave_511C_75.json",
            "id": 0
        },
        {
            "time_step": 3,
            "original_data_path": "/content/drive/Othercomputers/\ub0b4 \ub178\ud2b8\ubd81/Forked_Models/Validation/Validation/_\ub77c\ubca8_General_val_C/district/3. \ud6c4\ubc29 \ubc29\ud5a5 \uc774\ubbf8\uc9c0/[district]leave_511C/[district]leave_511C_80.json",
            "id": 0
        }
    ],
    "label": 2
}