{
    "data": [
        [
            0.4875,
            0.10925925925925926,
            0.0015625000000000222,
            -0.027777777777777776,
            0.02031250000000001,
            0.027777777777777776,
            -0.014583333333333337,
            0.02500000000000001
        ],
        [
            0.4875,
            0.10925925925925926,
            0.0015625000000000222,
            -0.027777777777777776,
            0.016666666666666663,
            0.0111111111111111,
            -0.014583333333333337,
            0.007407407407407404
        ],
        [
            0.5026041666666666,
            0.07962962962962963,
            0.002083333333333326,
            -0.022222222222222227,
            0.011979166666666652,
            0.014814814814814808,
            -0.017187499999999967,
            0.012962962962962954
        ]
    ],
    "original_data": [
        {
            "time_step": 1,
            "original_data_path": "/content/drive/Othercomputers/\ub0b4 \ub178\ud2b8\ubd81/Forked_Models/Validation/Validation/_\ub77c\ubca8_General_val_C/district/3. \ud6c4\ubc29 \ubc29\ud5a5 \uc774\ubbf8\uc9c0/[district]attend_548C/[district]attend_548C_30.json",
            "id": 0
        },
        {
            "time_step": 2,
            "original_data_path": "/content/drive/Othercomputers/\ub0b4 \ub178\ud2b8\ubd81/Forked_Models/Validation/Validation/_\ub77c\ubca8_General_val_C/district/3. \ud6c4\ubc29 \ubc29\ud5a5 \uc774\ubbf8\uc9c0/[district]attend_548C/[district]attend_548C_35.json",
            "id": 0
        },
        {
            "time_step": 3,
            "original_data_path": "/content/drive/Othercomputers/\ub0b4 \ub178\ud2b8\ubd81/Forked_Models/Validation/Validation/_\ub77c\ubca8_General_val_C/district/3. \ud6c4\ubc29 \ubc29\ud5a5 \uc774\ubbf8\uc9c0/[district]attend_548C/[district]attend_548C_40.json",
            "id": 0
        }
    ],
    "label": 2
}