{
    "data": [
        [
            0.7979166666666667,
            0.8175925925925925,
            0.009374999999999911,
            -0.033333333333333326,
            -0.05156250000000007,
            -0.0018518518518517713,
            0.03281249999999991,
            -0.012962962962962954
        ],
        [
            0.7979166666666667,
            0.8175925925925925,
            0.009374999999999911,
            -0.033333333333333326,
            -0.0546875,
            0.005555555555555647,
            0.03281249999999991,
            -0.012962962962962954
        ],
        [
            0.7979166666666667,
            0.8175925925925925,
            0.009374999999999911,
            -0.033333333333333326,
            -0.05104166666666676,
            0.0018518518518518823,
            0.03281249999999991,
            -0.012962962962962954
        ]
    ],
    "original_data": [
        {
            "time_step": 1,
            "original_data_path": "/content/drive/Othercomputers/\ub0b4 \ub178\ud2b8\ubd81/Forked_Models/Validation/Validation/_\ub77c\ubca8_General_val_C/district/3. \ud6c4\ubc29 \ubc29\ud5a5 \uc774\ubbf8\uc9c0/[district]leave_075C/[district]leave_075C_156.json",
            "id": 4
        },
        {
            "time_step": 2,
            "original_data_path": "/content/drive/Othercomputers/\ub0b4 \ub178\ud2b8\ubd81/Forked_Models/Validation/Validation/_\ub77c\ubca8_General_val_C/district/3. \ud6c4\ubc29 \ubc29\ud5a5 \uc774\ubbf8\uc9c0/[district]leave_075C/[district]leave_075C_158.json",
            "id": 4
        },
        {
            "time_step": 3,
            "original_data_path": "/content/drive/Othercomputers/\ub0b4 \ub178\ud2b8\ubd81/Forked_Models/Validation/Validation/_\ub77c\ubca8_General_val_C/district/3. \ud6c4\ubc29 \ubc29\ud5a5 \uc774\ubbf8\uc9c0/[district]leave_075C/[district]leave_075C_160.json",
            "id": 4
        }
    ],
    "label": 2
}