{
    "data": [
        [
            0.4166666666666667,
            0.7166666666666667,
            -0.019791666666666707,
            -0.045370370370370394,
            -0.01614583333333336,
            -0.05555555555555558,
            0.05833333333333329,
            0.0805555555555556
        ],
        [
            0.4166666666666667,
            0.7231481481481481,
            -0.014583333333333337,
            -0.036111111111111094,
            -0.01614583333333336,
            -0.062037037037037,
            0.05833333333333329,
            0.07407407407407418
        ],
        [
            0.42604166666666665,
            0.7333333333333333,
            -0.0234375,
            -0.0444444444444444,
            -0.025520833333333326,
            -0.07222222222222219,
            0.048958333333333326,
            0.063888888888889
        ]
    ],
    "original_data": [
        {
            "time_step": 1,
            "original_data_path": "/content/drive/Othercomputers/\ub0b4 \ub178\ud2b8\ubd81/Forked_Models/Validation/Validation/_\ub77c\ubca8_General_val_C/district/3. \ud6c4\ubc29 \ubc29\ud5a5 \uc774\ubbf8\uc9c0/[district]morning_649C/[district]morning_649C_120.json",
            "id": 4
        },
        {
            "time_step": 2,
            "original_data_path": "/content/drive/Othercomputers/\ub0b4 \ub178\ud2b8\ubd81/Forked_Models/Validation/Validation/_\ub77c\ubca8_General_val_C/district/3. \ud6c4\ubc29 \ubc29\ud5a5 \uc774\ubbf8\uc9c0/[district]morning_649C/[district]morning_649C_125.json",
            "id": 4
        },
        {
            "time_step": 3,
            "original_data_path": "/content/drive/Othercomputers/\ub0b4 \ub178\ud2b8\ubd81/Forked_Models/Validation/Validation/_\ub77c\ubca8_General_val_C/district/3. \ud6c4\ubc29 \ubc29\ud5a5 \uc774\ubbf8\uc9c0/[district]morning_649C/[district]morning_649C_130.json",
            "id": 4
        }
    ],
    "label": 2
}