{
    "data": [
        [
            0.5140625,
            0.2518518518518518,
            -0.0005208333333333037,
            -0.025925925925925908,
            -0.014583333333333337,
            0.025000000000000022,
            0.021874999999999978,
            0.017592592592592604
        ],
        [
            0.5140625,
            0.2518518518518518,
            -0.0005208333333333037,
            -0.025925925925925908,
            -0.014583333333333337,
            0.025000000000000022,
            0.021874999999999978,
            0.017592592592592604
        ],
        [
            0.5140625,
            0.2518518518518518,
            -0.0005208333333333037,
            -0.025925925925925908,
            -0.014583333333333337,
            0.025000000000000022,
            0.021874999999999978,
            0.017592592592592604
        ]
    ],
    "original_data": [
        {
            "time_step": 1,
            "original_data_path": "/content/drive/Othercomputers/\ub0b4 \ub178\ud2b8\ubd81/Forked_Models/Validation/Validation/_\ub77c\ubca8_General_val_C/district/3. \ud6c4\ubc29 \ubc29\ud5a5 \uc774\ubbf8\uc9c0/[district]attend_1048C/[district]attend_1048C_580.json",
            "id": 2
        },
        {
            "time_step": 2,
            "original_data_path": "/content/drive/Othercomputers/\ub0b4 \ub178\ud2b8\ubd81/Forked_Models/Validation/Validation/_\ub77c\ubca8_General_val_C/district/3. \ud6c4\ubc29 \ubc29\ud5a5 \uc774\ubbf8\uc9c0/[district]attend_1048C/[district]attend_1048C_585.json",
            "id": 2
        },
        {
            "time_step": 3,
            "original_data_path": "/content/drive/Othercomputers/\ub0b4 \ub178\ud2b8\ubd81/Forked_Models/Validation/Validation/_\ub77c\ubca8_General_val_C/district/3. \ud6c4\ubc29 \ubc29\ud5a5 \uc774\ubbf8\uc9c0/[district]attend_1048C/[district]attend_1048C_590.json",
            "id": 2
        }
    ],
    "label": 2
}