{
    "data": [
        [
            0.5671875,
            0.21388888888888888,
            0.002083333333333326,
            -0.028703703703703703,
            -0.03125,
            0.008333333333333331,
            0.02604166666666674,
            0.01574074074074075
        ],
        [
            0.5604166666666667,
            0.2111111111111111,
            -0.002083333333333326,
            -0.030555555555555558,
            -0.02447916666666672,
            0.013888888888888895,
            0.03281250000000002,
            0.021296296296296285
        ],
        [
            0.565625,
            0.21388888888888888,
            -0.002083333333333326,
            -0.03796296296296295,
            -0.02968750000000009,
            0.008333333333333331,
            0.027604166666666652,
            0.01574074074074075
        ]
    ],
    "original_data": [
        {
            "time_step": 1,
            "original_data_path": "/content/drive/Othercomputers/\ub0b4 \ub178\ud2b8\ubd81/Forked_Models/Validation/Validation/_\ub77c\ubca8_General_val_C/district/3. \ud6c4\ubc29 \ubc29\ud5a5 \uc774\ubbf8\uc9c0/[district]attend_013C/[district]attend_013C_76.json",
            "id": 1
        },
        {
            "time_step": 2,
            "original_data_path": "/content/drive/Othercomputers/\ub0b4 \ub178\ud2b8\ubd81/Forked_Models/Validation/Validation/_\ub77c\ubca8_General_val_C/district/3. \ud6c4\ubc29 \ubc29\ud5a5 \uc774\ubbf8\uc9c0/[district]attend_013C/[district]attend_013C_78.json",
            "id": 1
        },
        {
            "time_step": 3,
            "original_data_path": "/content/drive/Othercomputers/\ub0b4 \ub178\ud2b8\ubd81/Forked_Models/Validation/Validation/_\ub77c\ubca8_General_val_C/district/3. \ud6c4\ubc29 \ubc29\ud5a5 \uc774\ubbf8\uc9c0/[district]attend_013C/[district]attend_013C_80.json",
            "id": 1
        }
    ],
    "label": 2
}