{
    "data": [
        [
            0.7916666666666666,
            0.15462962962962962,
            -0.0010416666666666075,
            -0.024074074074074053,
            -0.021354166666666674,
            0.013888888888888895,
            0.01822916666666674,
            0.017592592592592604
        ],
        [
            0.7942708333333334,
            0.15462962962962962,
            0.0005208333333333037,
            -0.025925925925925908,
            -0.023958333333333415,
            0.013888888888888895,
            0.016145833333333304,
            0.013888888888888895
        ],
        [
            0.79375,
            0.15092592592592594,
            0.0005208333333334147,
            -0.025925925925925936,
            -0.023958333333333304,
            0.013888888888888867,
            0.016145833333333415,
            0.013888888888888867
        ]
    ],
    "original_data": [
        {
            "time_step": 1,
            "original_data_path": "/content/drive/Othercomputers/\ub0b4 \ub178\ud2b8\ubd81/Forked_Models/Validation/Validation/_\ub77c\ubca8_General_val_C/district/3. \ud6c4\ubc29 \ubc29\ud5a5 \uc774\ubbf8\uc9c0/[district]attend_057C/[district]attend_057C_42.json",
            "id": 2
        },
        {
            "time_step": 2,
            "original_data_path": "/content/drive/Othercomputers/\ub0b4 \ub178\ud2b8\ubd81/Forked_Models/Validation/Validation/_\ub77c\ubca8_General_val_C/district/3. \ud6c4\ubc29 \ubc29\ud5a5 \uc774\ubbf8\uc9c0/[district]attend_057C/[district]attend_057C_44.json",
            "id": 2
        },
        {
            "time_step": 3,
            "original_data_path": "/content/drive/Othercomputers/\ub0b4 \ub178\ud2b8\ubd81/Forked_Models/Validation/Validation/_\ub77c\ubca8_General_val_C/district/3. \ud6c4\ubc29 \ubc29\ud5a5 \uc774\ubbf8\uc9c0/[district]attend_057C/[district]attend_057C_46.json",
            "id": 2
        }
    ],
    "label": 2
}