{
    "data": [
        [
            0.6322916666666667,
            0.5370370370370371,
            0.0078125,
            -0.03703703703703709,
            -0.025000000000000022,
            -0.03981481481481486,
            0.03489583333333335,
            0.002777777777777768
        ],
        [
            0.6322916666666667,
            0.5370370370370371,
            0.0078125,
            -0.03703703703703709,
            -0.025000000000000022,
            -0.03981481481481486,
            0.03489583333333335,
            0.002777777777777768
        ],
        [
            0.6322916666666667,
            0.5370370370370371,
            0.0078125,
            -0.03703703703703709,
            -0.025000000000000022,
            -0.03981481481481486,
            0.03489583333333335,
            0.002777777777777768
        ]
    ],
    "original_data": [
        {
            "time_step": 1,
            "original_data_path": "/content/drive/Othercomputers/\ub0b4 \ub178\ud2b8\ubd81/Forked_Models/Validation/Validation/_\ub77c\ubca8_General_val_C/district/3. \ud6c4\ubc29 \ubc29\ud5a5 \uc774\ubbf8\uc9c0/[district]day_994C/[district]day_994C_585.json",
            "id": 0
        },
        {
            "time_step": 2,
            "original_data_path": "/content/drive/Othercomputers/\ub0b4 \ub178\ud2b8\ubd81/Forked_Models/Validation/Validation/_\ub77c\ubca8_General_val_C/district/3. \ud6c4\ubc29 \ubc29\ud5a5 \uc774\ubbf8\uc9c0/[district]day_994C/[district]day_994C_590.json",
            "id": 0
        },
        {
            "time_step": 3,
            "original_data_path": "/content/drive/Othercomputers/\ub0b4 \ub178\ud2b8\ubd81/Forked_Models/Validation/Validation/_\ub77c\ubca8_General_val_C/district/3. \ud6c4\ubc29 \ubc29\ud5a5 \uc774\ubbf8\uc9c0/[district]day_994C/[district]day_994C_595.json",
            "id": 0
        }
    ],
    "label": 2
}