{
    "data": [
        [
            0.5541666666666667,
            0.3787037037037037,
            -0.003645833333333348,
            -0.041666666666666685,
            -0.02604166666666674,
            -0.0018518518518518823,
            0.02604166666666663,
            0.014814814814814836
        ],
        [
            0.5578125,
            0.38055555555555554,
            -0.0067708333333333925,
            -0.04259259259259257,
            -0.030729166666666696,
            -0.002777777777777768,
            0.02239583333333328,
            0.01296296296296301
        ],
        [
            0.5541666666666667,
            0.3787037037037037,
            -0.0026041666666667407,
            -0.037037037037037035,
            -0.022916666666666696,
            -0.0018518518518518823,
            0.02604166666666663,
            0.014814814814814836
        ]
    ],
    "original_data": [
        {
            "time_step": 1,
            "original_data_path": "/content/drive/Othercomputers/\ub0b4 \ub178\ud2b8\ubd81/Forked_Models/Validation/Validation/_\ub77c\ubca8_General_val_C/district/3. \ud6c4\ubc29 \ubc29\ud5a5 \uc774\ubbf8\uc9c0/[district]day_708C/[district]day_708C_45.json",
            "id": 5
        },
        {
            "time_step": 2,
            "original_data_path": "/content/drive/Othercomputers/\ub0b4 \ub178\ud2b8\ubd81/Forked_Models/Validation/Validation/_\ub77c\ubca8_General_val_C/district/3. \ud6c4\ubc29 \ubc29\ud5a5 \uc774\ubbf8\uc9c0/[district]day_708C/[district]day_708C_50.json",
            "id": 5
        },
        {
            "time_step": 3,
            "original_data_path": "/content/drive/Othercomputers/\ub0b4 \ub178\ud2b8\ubd81/Forked_Models/Validation/Validation/_\ub77c\ubca8_General_val_C/district/3. \ud6c4\ubc29 \ubc29\ud5a5 \uc774\ubbf8\uc9c0/[district]day_708C/[district]day_708C_55.json",
            "id": 5
        }
    ],
    "label": 2
}