{
    "data": [
        [
            0.033854166666666664,
            0.5342592592592592,
            -0.005208333333333332,
            -0.024074074074074026,
            0.0171875,
            0.019444444444444486,
            -0.013020833333333332,
            0.06388888888888888
        ],
        [
            0.06041666666666667,
            0.48148148148148145,
            -0.006770833333333337,
            -0.0222222222222222,
            0.02395833333333334,
            0.017592592592592604,
            -0.018229166666666664,
            0.058333333333333404
        ],
        [
            0.13385416666666666,
            0.37777777777777777,
            -0.006770833333333337,
            -0.0222222222222222,
            0.02395833333333333,
            0.017592592592592604,
            -0.018229166666666657,
            0.05833333333333335
        ]
    ],
    "original_data": [
        {
            "time_step": 1,
            "original_data_path": "/content/drive/Othercomputers/\ub0b4 \ub178\ud2b8\ubd81/Forked_Models/Validation/Validation/_\ub77c\ubca8_General_val_C/district/3. \ud6c4\ubc29 \ubc29\ud5a5 \uc774\ubbf8\uc9c0/[district]attend_024C/[district]attend_024C_130.json",
            "id": 2
        },
        {
            "time_step": 2,
            "original_data_path": "/content/drive/Othercomputers/\ub0b4 \ub178\ud2b8\ubd81/Forked_Models/Validation/Validation/_\ub77c\ubca8_General_val_C/district/3. \ud6c4\ubc29 \ubc29\ud5a5 \uc774\ubbf8\uc9c0/[district]attend_024C/[district]attend_024C_132.json",
            "id": 2
        },
        {
            "time_step": 3,
            "original_data_path": "/content/drive/Othercomputers/\ub0b4 \ub178\ud2b8\ubd81/Forked_Models/Validation/Validation/_\ub77c\ubca8_General_val_C/district/3. \ud6c4\ubc29 \ubc29\ud5a5 \uc774\ubbf8\uc9c0/[district]attend_024C/[district]attend_024C_134.json",
            "id": 2
        }
    ],
    "label": 2
}