{
    "data": [
        [
            0.4630208333333333,
            0.25833333333333336,
            0.006250000000000033,
            -0.01944444444444446,
            0.020833333333333315,
            0.04722222222222222,
            -0.029166666666666674,
            0.03425925925925921
        ],
        [
            0.478125,
            0.225,
            0.002083333333333326,
            -0.025925925925925936,
            0.005208333333333315,
            0.052777777777777785,
            -0.02395833333333336,
            0.029629629629629645
        ],
        [
            0.48333333333333334,
            0.2175925925925926,
            0.002604166666666685,
            -0.025925925925925908,
            0.005208333333333315,
            0.049074074074074076,
            -0.02656249999999999,
            0.03518518518518518
        ]
    ],
    "original_data": [
        {
            "time_step": 1,
            "original_data_path": "/content/drive/Othercomputers/\ub0b4 \ub178\ud2b8\ubd81/Forked_Models/Validation/Validation/_\ub77c\ubca8_General_val_C/district/3. \ud6c4\ubc29 \ubc29\ud5a5 \uc774\ubbf8\uc9c0/[district]day_708C/[district]day_708C_335.json",
            "id": 10
        },
        {
            "time_step": 2,
            "original_data_path": "/content/drive/Othercomputers/\ub0b4 \ub178\ud2b8\ubd81/Forked_Models/Validation/Validation/_\ub77c\ubca8_General_val_C/district/3. \ud6c4\ubc29 \ubc29\ud5a5 \uc774\ubbf8\uc9c0/[district]day_708C/[district]day_708C_340.json",
            "id": 10
        },
        {
            "time_step": 3,
            "original_data_path": "/content/drive/Othercomputers/\ub0b4 \ub178\ud2b8\ubd81/Forked_Models/Validation/Validation/_\ub77c\ubca8_General_val_C/district/3. \ud6c4\ubc29 \ubc29\ud5a5 \uc774\ubbf8\uc9c0/[district]day_708C/[district]day_708C_345.json",
            "id": 10
        }
    ],
    "label": 2
}