{
    "data": [
        [
            0.41822916666666665,
            0.26851851851851855,
            0.006250000000000033,
            -0.027777777777777818,
            -0.03281249999999997,
            0.01481481481481478,
            0.019270833333333348,
            0.01481481481481478
        ],
        [
            0.41302083333333334,
            0.26851851851851855,
            0.003645833333333348,
            -0.029629629629629645,
            -0.027604166666666652,
            0.01481481481481478,
            0.024479166666666663,
            0.01481481481481478
        ],
        [
            0.41302083333333334,
            0.26851851851851855,
            0.003645833333333348,
            -0.029629629629629645,
            -0.027604166666666652,
            0.01481481481481478,
            0.024479166666666663,
            0.01481481481481478
        ]
    ],
    "original_data": [
        {
            "time_step": 1,
            "original_data_path": "/content/drive/Othercomputers/\ub0b4 \ub178\ud2b8\ubd81/Forked_Models/Validation/Validation/_\ub77c\ubca8_General_val_C/district/3. \ud6c4\ubc29 \ubc29\ud5a5 \uc774\ubbf8\uc9c0/[district]attend_548C/[district]attend_548C_465.json",
            "id": 1
        },
        {
            "time_step": 2,
            "original_data_path": "/content/drive/Othercomputers/\ub0b4 \ub178\ud2b8\ubd81/Forked_Models/Validation/Validation/_\ub77c\ubca8_General_val_C/district/3. \ud6c4\ubc29 \ubc29\ud5a5 \uc774\ubbf8\uc9c0/[district]attend_548C/[district]attend_548C_470.json",
            "id": 1
        },
        {
            "time_step": 3,
            "original_data_path": "/content/drive/Othercomputers/\ub0b4 \ub178\ud2b8\ubd81/Forked_Models/Validation/Validation/_\ub77c\ubca8_General_val_C/district/3. \ud6c4\ubc29 \ubc29\ud5a5 \uc774\ubbf8\uc9c0/[district]attend_548C/[district]attend_548C_475.json",
            "id": 1
        }
    ],
    "label": 2
}