{
    "data": [
        [
            0.41770833333333335,
            0.28888888888888886,
            -0.001041666666666663,
            -0.031481481481481444,
            -0.02864583333333337,
            0.014814814814814836,
            0.0234375,
            0.01296296296296301
        ],
        [
            0.41770833333333335,
            0.28888888888888886,
            -0.001041666666666663,
            -0.031481481481481444,
            -0.02864583333333337,
            0.014814814814814836,
            0.0234375,
            0.01296296296296301
        ],
        [
            0.41770833333333335,
            0.28888888888888886,
            -0.001041666666666663,
            -0.031481481481481444,
            -0.02864583333333337,
            0.014814814814814836,
            0.0234375,
            0.01296296296296301
        ]
    ],
    "original_data": [
        {
            "time_step": 1,
            "original_data_path": "/content/drive/Othercomputers/\ub0b4 \ub178\ud2b8\ubd81/Forked_Models/Validation/Validation/_\ub77c\ubca8_General_val_C/district/3. \ud6c4\ubc29 \ubc29\ud5a5 \uc774\ubbf8\uc9c0/[district]day_712C/[district]day_712C_290.json",
            "id": 1
        },
        {
            "time_step": 2,
            "original_data_path": "/content/drive/Othercomputers/\ub0b4 \ub178\ud2b8\ubd81/Forked_Models/Validation/Validation/_\ub77c\ubca8_General_val_C/district/3. \ud6c4\ubc29 \ubc29\ud5a5 \uc774\ubbf8\uc9c0/[district]day_712C/[district]day_712C_295.json",
            "id": 1
        },
        {
            "time_step": 3,
            "original_data_path": "/content/drive/Othercomputers/\ub0b4 \ub178\ud2b8\ubd81/Forked_Models/Validation/Validation/_\ub77c\ubca8_General_val_C/district/3. \ud6c4\ubc29 \ubc29\ud5a5 \uc774\ubbf8\uc9c0/[district]day_712C/[district]day_712C_300.json",
            "id": 1
        }
    ],
    "label": 2
}