{
    "data": [
        [
            0.425,
            0.7203703703703703,
            0.007291666666666696,
            -0.03981481481481475,
            -0.011979166666666652,
            -0.05740740740740735,
            0.09635416666666669,
            0.04629629629629639
        ],
        [
            0.4296875,
            0.6898148148148148,
            -0.002604166666666685,
            -0.04814814814814805,
            -0.011979166666666652,
            -0.026851851851851793,
            0.09531250000000002,
            0.07685185185185195
        ],
        [
            0.43072916666666666,
            0.6833333333333333,
            -0.013020833333333315,
            -0.04907407407407405,
            -0.013541666666666674,
            -0.020370370370370372,
            0.09687499999999999,
            0.08333333333333337
        ]
    ],
    "original_data": [
        {
            "time_step": 1,
            "original_data_path": "/content/drive/Othercomputers/\ub0b4 \ub178\ud2b8\ubd81/Forked_Models/Validation/Validation/_\ub77c\ubca8_General_val_C/district/3. \ud6c4\ubc29 \ubc29\ud5a5 \uc774\ubbf8\uc9c0/[district]morning_649C/[district]morning_649C_225.json",
            "id": 4
        },
        {
            "time_step": 2,
            "original_data_path": "/content/drive/Othercomputers/\ub0b4 \ub178\ud2b8\ubd81/Forked_Models/Validation/Validation/_\ub77c\ubca8_General_val_C/district/3. \ud6c4\ubc29 \ubc29\ud5a5 \uc774\ubbf8\uc9c0/[district]morning_649C/[district]morning_649C_230.json",
            "id": 4
        },
        {
            "time_step": 3,
            "original_data_path": "/content/drive/Othercomputers/\ub0b4 \ub178\ud2b8\ubd81/Forked_Models/Validation/Validation/_\ub77c\ubca8_General_val_C/district/3. \ud6c4\ubc29 \ubc29\ud5a5 \uc774\ubbf8\uc9c0/[district]morning_649C/[district]morning_649C_235.json",
            "id": 4
        }
    ],
    "label": 2
}