{
    "data": [
        [
            0.6333333333333333,
            0.2777777777777778,
            0.0,
            -0.03611111111111112,
            -0.03020833333333328,
            0.006481481481481477,
            0.015625,
            0.0018518518518518268
        ],
        [
            0.63125,
            0.2796296296296296,
            0.0,
            -0.033333333333333326,
            -0.028124999999999956,
            0.00462962962962965,
            0.017708333333333326,
            0.0
        ],
        [
            0.63125,
            0.2796296296296296,
            0.0,
            -0.033333333333333326,
            -0.028124999999999956,
            0.00462962962962965,
            0.017708333333333326,
            0.0
        ]
    ],
    "original_data": [
        {
            "time_step": 1,
            "original_data_path": "/content/drive/Othercomputers/\ub0b4 \ub178\ud2b8\ubd81/Forked_Models/Validation/Validation/_\ub77c\ubca8_General_val_C/district/3. \ud6c4\ubc29 \ubc29\ud5a5 \uc774\ubbf8\uc9c0/[district]leave_511C/[district]leave_511C_130.json",
            "id": 0
        },
        {
            "time_step": 2,
            "original_data_path": "/content/drive/Othercomputers/\ub0b4 \ub178\ud2b8\ubd81/Forked_Models/Validation/Validation/_\ub77c\ubca8_General_val_C/district/3. \ud6c4\ubc29 \ubc29\ud5a5 \uc774\ubbf8\uc9c0/[district]leave_511C/[district]leave_511C_135.json",
            "id": 0
        },
        {
            "time_step": 3,
            "original_data_path": "/content/drive/Othercomputers/\ub0b4 \ub178\ud2b8\ubd81/Forked_Models/Validation/Validation/_\ub77c\ubca8_General_val_C/district/3. \ud6c4\ubc29 \ubc29\ud5a5 \uc774\ubbf8\uc9c0/[district]leave_511C/[district]leave_511C_140.json",
            "id": 0
        }
    ],
    "label": 2
}