{
    "data": [
        [
            0.41770833333333335,
            0.26944444444444443,
            -0.006250000000000033,
            -0.03425925925925924,
            -0.025000000000000022,
            0.016666666666666663,
            0.022395833333333337,
            0.02870370370370373
        ],
        [
            0.41770833333333335,
            0.2740740740740741,
            -0.001041666666666663,
            -0.03611111111111112,
            -0.026041666666666685,
            0.011111111111111127,
            0.024479166666666663,
            0.02314814814814814
        ],
        [
            0.41875,
            0.275,
            0.0015624999999999667,
            -0.03981481481481483,
            -0.027604166666666652,
            0.011111111111111072,
            0.021874999999999978,
            0.024074074074074026
        ]
    ],
    "original_data": [
        {
            "time_step": 1,
            "original_data_path": "/content/drive/Othercomputers/\ub0b4 \ub178\ud2b8\ubd81/Forked_Models/Validation/Validation/_\ub77c\ubca8_General_val_C/district/3. \ud6c4\ubc29 \ubc29\ud5a5 \uc774\ubbf8\uc9c0/[district]leave_485C/[district]leave_485C_140.json",
            "id": 0
        },
        {
            "time_step": 2,
            "original_data_path": "/content/drive/Othercomputers/\ub0b4 \ub178\ud2b8\ubd81/Forked_Models/Validation/Validation/_\ub77c\ubca8_General_val_C/district/3. \ud6c4\ubc29 \ubc29\ud5a5 \uc774\ubbf8\uc9c0/[district]leave_485C/[district]leave_485C_145.json",
            "id": 0
        },
        {
            "time_step": 3,
            "original_data_path": "/content/drive/Othercomputers/\ub0b4 \ub178\ud2b8\ubd81/Forked_Models/Validation/Validation/_\ub77c\ubca8_General_val_C/district/3. \ud6c4\ubc29 \ubc29\ud5a5 \uc774\ubbf8\uc9c0/[district]leave_485C/[district]leave_485C_150.json",
            "id": 0
        }
    ],
    "label": 2
}