{
    "data": [
        [
            0.8473958333333333,
            0.4148148148148148,
            0.008333333333333304,
            -0.025925925925925908,
            -0.042187500000000044,
            0.009259259259259245,
            0.028124999999999956,
            0.010185185185185186
        ],
        [
            0.8473958333333333,
            0.4148148148148148,
            0.010937499999999933,
            -0.017592592592592604,
            -0.042187500000000044,
            0.009259259259259245,
            0.028124999999999956,
            0.010185185185185186
        ],
        [
            0.8473958333333333,
            0.4148148148148148,
            0.011458333333333348,
            -0.01851851851851849,
            -0.042187500000000044,
            0.009259259259259245,
            0.028124999999999956,
            0.010185185185185186
        ]
    ],
    "original_data": [
        {
            "time_step": 1,
            "original_data_path": "/content/drive/Othercomputers/\ub0b4 \ub178\ud2b8\ubd81/Forked_Models/Validation/Validation/_\ub77c\ubca8_General_val_C/district/3. \ud6c4\ubc29 \ubc29\ud5a5 \uc774\ubbf8\uc9c0/[district]morning_1119C/[district]morning_1119C_275.json",
            "id": 3
        },
        {
            "time_step": 2,
            "original_data_path": "/content/drive/Othercomputers/\ub0b4 \ub178\ud2b8\ubd81/Forked_Models/Validation/Validation/_\ub77c\ubca8_General_val_C/district/3. \ud6c4\ubc29 \ubc29\ud5a5 \uc774\ubbf8\uc9c0/[district]morning_1119C/[district]morning_1119C_280.json",
            "id": 3
        },
        {
            "time_step": 3,
            "original_data_path": "/content/drive/Othercomputers/\ub0b4 \ub178\ud2b8\ubd81/Forked_Models/Validation/Validation/_\ub77c\ubca8_General_val_C/district/3. \ud6c4\ubc29 \ubc29\ud5a5 \uc774\ubbf8\uc9c0/[district]morning_1119C/[district]morning_1119C_285.json",
            "id": 3
        }
    ],
    "label": 2
}