{
    "data": [
        [
            0.5947916666666667,
            0.14629629629629629,
            -0.0010416666666667185,
            -0.0398148148148148,
            -0.02447916666666672,
            0.02407407407407408,
            0.03281249999999991,
            0.025925925925925936
        ],
        [
            0.5947916666666667,
            0.1425925925925926,
            -0.0010416666666667185,
            -0.03981481481481483,
            -0.02447916666666672,
            0.024074074074074053,
            0.03229166666666661,
            0.025925925925925908
        ],
        [
            0.5963541666666666,
            0.14814814814814814,
            -0.0010416666666666075,
            -0.0398148148148148,
            -0.024479166666666607,
            0.02407407407407408,
            0.03229166666666672,
            0.025925925925925936
        ]
    ],
    "original_data": [
        {
            "time_step": 1,
            "original_data_path": "/content/drive/Othercomputers/\ub0b4 \ub178\ud2b8\ubd81/Forked_Models/Validation/Validation/_\ub77c\ubca8_General_val_C/district/3. \ud6c4\ubc29 \ubc29\ud5a5 \uc774\ubbf8\uc9c0/[district]attend_037C/[district]attend_037C_204.json",
            "id": 0
        },
        {
            "time_step": 2,
            "original_data_path": "/content/drive/Othercomputers/\ub0b4 \ub178\ud2b8\ubd81/Forked_Models/Validation/Validation/_\ub77c\ubca8_General_val_C/district/3. \ud6c4\ubc29 \ubc29\ud5a5 \uc774\ubbf8\uc9c0/[district]attend_037C/[district]attend_037C_206.json",
            "id": 0
        },
        {
            "time_step": 3,
            "original_data_path": "/content/drive/Othercomputers/\ub0b4 \ub178\ud2b8\ubd81/Forked_Models/Validation/Validation/_\ub77c\ubca8_General_val_C/district/3. \ud6c4\ubc29 \ubc29\ud5a5 \uc774\ubbf8\uc9c0/[district]attend_037C/[district]attend_037C_208.json",
            "id": 0
        }
    ],
    "label": 2
}