{
    "data": [
        [
            0.44947916666666665,
            0.6370370370370371,
            -0.028645833333333315,
            -0.03518518518518521,
            0.01874999999999999,
            -0.04907407407407416,
            0.06458333333333333,
            0.11759259259259258
        ],
        [
            0.45677083333333335,
            0.6370370370370371,
            -0.029687500000000033,
            -0.03518518518518521,
            0.019791666666666652,
            -0.04907407407407416,
            0.07708333333333328,
            0.1157407407407407
        ],
        [
            0.45677083333333335,
            0.6370370370370371,
            -0.029687500000000033,
            -0.03518518518518521,
            0.019791666666666652,
            -0.04907407407407416,
            0.07708333333333328,
            0.1157407407407407
        ]
    ],
    "original_data": [
        {
            "time_step": 1,
            "original_data_path": "/content/drive/Othercomputers/\ub0b4 \ub178\ud2b8\ubd81/Forked_Models/Validation/Validation/_\ub77c\ubca8_General_val_C/district/3. \ud6c4\ubc29 \ubc29\ud5a5 \uc774\ubbf8\uc9c0/[district]morning_649C/[district]morning_649C_555.json",
            "id": 4
        },
        {
            "time_step": 2,
            "original_data_path": "/content/drive/Othercomputers/\ub0b4 \ub178\ud2b8\ubd81/Forked_Models/Validation/Validation/_\ub77c\ubca8_General_val_C/district/3. \ud6c4\ubc29 \ubc29\ud5a5 \uc774\ubbf8\uc9c0/[district]morning_649C/[district]morning_649C_560.json",
            "id": 4
        },
        {
            "time_step": 3,
            "original_data_path": "/content/drive/Othercomputers/\ub0b4 \ub178\ud2b8\ubd81/Forked_Models/Validation/Validation/_\ub77c\ubca8_General_val_C/district/3. \ud6c4\ubc29 \ubc29\ud5a5 \uc774\ubbf8\uc9c0/[district]morning_649C/[district]morning_649C_565.json",
            "id": 4
        }
    ],
    "label": 2
}