{
    "data": [
        [
            0.7802083333333333,
            0.4564814814814815,
            -0.0010416666666666075,
            -0.07870370370370372,
            -0.028124999999999956,
            -0.029629629629629617,
            0.04843750000000002,
            0.002777777777777768
        ],
        [
            0.7854166666666667,
            0.45185185185185184,
            0.0031250000000000444,
            -0.07407407407407407,
            -0.033333333333333326,
            -0.021296296296296258,
            0.04322916666666665,
            0.007407407407407418
        ],
        [
            0.7864583333333334,
            0.4583333333333333,
            0.0031249999999999334,
            -0.07314814814814813,
            -0.03385416666666674,
            -0.0222222222222222,
            0.04583333333333328,
            0.013888888888888895
        ]
    ],
    "original_data": [
        {
            "time_step": 1,
            "original_data_path": "/content/drive/Othercomputers/\ub0b4 \ub178\ud2b8\ubd81/Forked_Models/Validation/Validation/_\ub77c\ubca8_General_val_C/district/3. \ud6c4\ubc29 \ubc29\ud5a5 \uc774\ubbf8\uc9c0/[district]leave_046C/[district]leave_046C_22.json",
            "id": 4
        },
        {
            "time_step": 2,
            "original_data_path": "/content/drive/Othercomputers/\ub0b4 \ub178\ud2b8\ubd81/Forked_Models/Validation/Validation/_\ub77c\ubca8_General_val_C/district/3. \ud6c4\ubc29 \ubc29\ud5a5 \uc774\ubbf8\uc9c0/[district]leave_046C/[district]leave_046C_24.json",
            "id": 4
        },
        {
            "time_step": 3,
            "original_data_path": "/content/drive/Othercomputers/\ub0b4 \ub178\ud2b8\ubd81/Forked_Models/Validation/Validation/_\ub77c\ubca8_General_val_C/district/3. \ud6c4\ubc29 \ubc29\ud5a5 \uc774\ubbf8\uc9c0/[district]leave_046C/[district]leave_046C_26.json",
            "id": 4
        }
    ],
    "label": 2
}