{
    "data": [
        [
            0.33645833333333336,
            0.32407407407407407,
            -0.003645833333333348,
            -0.00462962962962965,
            -0.013541666666666674,
            0.00462962962962965,
            0.02291666666666664,
            -0.015740740740740722
        ],
        [
            0.3380208333333333,
            0.325,
            -0.005729166666666674,
            -0.005555555555555591,
            -0.016666666666666663,
            0.002777777777777768,
            0.021354166666666674,
            -0.015740740740740777
        ],
        [
            0.3380208333333333,
            0.325,
            -0.005729166666666674,
            -0.005555555555555591,
            -0.016666666666666663,
            0.002777777777777768,
            0.021354166666666674,
            -0.015740740740740777
        ]
    ],
    "original_data": [
        {
            "time_step": 1,
            "original_data_path": "/content/drive/Othercomputers/\ub0b4 \ub178\ud2b8\ubd81/Forked_Models/Validation/Validation/_\ub77c\ubca8_General_val_C/district/3. \ud6c4\ubc29 \ubc29\ud5a5 \uc774\ubbf8\uc9c0/[district]leave_642C/[district]leave_642C_240.json",
            "id": 3
        },
        {
            "time_step": 2,
            "original_data_path": "/content/drive/Othercomputers/\ub0b4 \ub178\ud2b8\ubd81/Forked_Models/Validation/Validation/_\ub77c\ubca8_General_val_C/district/3. \ud6c4\ubc29 \ubc29\ud5a5 \uc774\ubbf8\uc9c0/[district]leave_642C/[district]leave_642C_245.json",
            "id": 3
        },
        {
            "time_step": 3,
            "original_data_path": "/content/drive/Othercomputers/\ub0b4 \ub178\ud2b8\ubd81/Forked_Models/Validation/Validation/_\ub77c\ubca8_General_val_C/district/3. \ud6c4\ubc29 \ubc29\ud5a5 \uc774\ubbf8\uc9c0/[district]leave_642C/[district]leave_642C_250.json",
            "id": 3
        }
    ],
    "label": 2
}