{
    "data": [
        [
            0.79375,
            0.1527777777777778,
            0.0005208333333334147,
            -0.023148148148148168,
            -0.022916666666666585,
            0.013888888888888867,
            0.01822916666666674,
            0.021296296296296285
        ],
        [
            0.79375,
            0.1527777777777778,
            0.0005208333333334147,
            -0.023148148148148168,
            -0.022916666666666585,
            0.013888888888888867,
            0.01822916666666674,
            0.021296296296296285
        ],
        [
            0.79375,
            0.1527777777777778,
            0.0005208333333334147,
            -0.023148148148148168,
            -0.022916666666666585,
            0.013888888888888867,
            0.01822916666666674,
            0.021296296296296285
        ]
    ],
    "original_data": [
        {
            "time_step": 1,
            "original_data_path": "/content/drive/Othercomputers/\ub0b4 \ub178\ud2b8\ubd81/Forked_Models/Validation/Validation/_\ub77c\ubca8_General_val_C/district/3. \ud6c4\ubc29 \ubc29\ud5a5 \uc774\ubbf8\uc9c0/[district]attend_057C/[district]attend_057C_236.json",
            "id": 2
        },
        {
            "time_step": 2,
            "original_data_path": "/content/drive/Othercomputers/\ub0b4 \ub178\ud2b8\ubd81/Forked_Models/Validation/Validation/_\ub77c\ubca8_General_val_C/district/3. \ud6c4\ubc29 \ubc29\ud5a5 \uc774\ubbf8\uc9c0/[district]attend_057C/[district]attend_057C_238.json",
            "id": 2
        },
        {
            "time_step": 3,
            "original_data_path": "/content/drive/Othercomputers/\ub0b4 \ub178\ud2b8\ubd81/Forked_Models/Validation/Validation/_\ub77c\ubca8_General_val_C/district/3. \ud6c4\ubc29 \ubc29\ud5a5 \uc774\ubbf8\uc9c0/[district]attend_057C/[district]attend_057C_240.json",
            "id": 2
        }
    ],
    "label": 2
}