{
    "data": [
        [
            0.409375,
            0.6398148148148148,
            -0.02031250000000001,
            -0.06574074074074077,
            0.0390625,
            0.005555555555555536,
            0.010937499999999989,
            0.1157407407407407
        ],
        [
            0.40520833333333334,
            0.6462962962962963,
            -0.015625,
            -0.07499999999999996,
            0.028645833333333315,
            -0.0009259259259258856,
            0.01510416666666664,
            0.10925925925925928
        ],
        [
            0.40520833333333334,
            0.6462962962962963,
            -0.015625,
            -0.07499999999999996,
            0.028645833333333315,
            -0.0009259259259258856,
            0.01510416666666664,
            0.10925925925925928
        ]
    ],
    "original_data": [
        {
            "time_step": 1,
            "original_data_path": "/content/drive/Othercomputers/\ub0b4 \ub178\ud2b8\ubd81/Forked_Models/Validation/Validation/_\ub77c\ubca8_General_val_C/district/3. \ud6c4\ubc29 \ubc29\ud5a5 \uc774\ubbf8\uc9c0/[district]day_683C/[district]day_683C_445.json",
            "id": 7
        },
        {
            "time_step": 2,
            "original_data_path": "/content/drive/Othercomputers/\ub0b4 \ub178\ud2b8\ubd81/Forked_Models/Validation/Validation/_\ub77c\ubca8_General_val_C/district/3. \ud6c4\ubc29 \ubc29\ud5a5 \uc774\ubbf8\uc9c0/[district]day_683C/[district]day_683C_450.json",
            "id": 7
        },
        {
            "time_step": 3,
            "original_data_path": "/content/drive/Othercomputers/\ub0b4 \ub178\ud2b8\ubd81/Forked_Models/Validation/Validation/_\ub77c\ubca8_General_val_C/district/3. \ud6c4\ubc29 \ubc29\ud5a5 \uc774\ubbf8\uc9c0/[district]day_683C/[district]day_683C_455.json",
            "id": 7
        }
    ],
    "label": 2
}