{
    "data": [
        [
            0.7947916666666667,
            0.8379629629629629,
            0.008854166666666607,
            -0.0351851851851851,
            -0.06458333333333333,
            0.01388888888888895,
            0.03749999999999998,
            -0.0064814814814814214
        ],
        [
            0.7921875,
            0.85,
            0.010937499999999933,
            -0.03981481481481475,
            -0.04531250000000009,
            -0.00925925925925919,
            0.03489583333333324,
            0.010185185185185186
        ],
        [
            0.7958333333333333,
            0.8333333333333334,
            0.01041666666666674,
            -0.036111111111111094,
            -0.05312499999999998,
            -0.0018518518518518823,
            0.03645833333333337,
            0.0
        ]
    ],
    "original_data": [
        {
            "time_step": 1,
            "original_data_path": "/content/drive/Othercomputers/\ub0b4 \ub178\ud2b8\ubd81/Forked_Models/Validation/Validation/_\ub77c\ubca8_General_val_C/district/3. \ud6c4\ubc29 \ubc29\ud5a5 \uc774\ubbf8\uc9c0/[district]leave_075C/[district]leave_075C_190.json",
            "id": 4
        },
        {
            "time_step": 2,
            "original_data_path": "/content/drive/Othercomputers/\ub0b4 \ub178\ud2b8\ubd81/Forked_Models/Validation/Validation/_\ub77c\ubca8_General_val_C/district/3. \ud6c4\ubc29 \ubc29\ud5a5 \uc774\ubbf8\uc9c0/[district]leave_075C/[district]leave_075C_192.json",
            "id": 4
        },
        {
            "time_step": 3,
            "original_data_path": "/content/drive/Othercomputers/\ub0b4 \ub178\ud2b8\ubd81/Forked_Models/Validation/Validation/_\ub77c\ubca8_General_val_C/district/3. \ud6c4\ubc29 \ubc29\ud5a5 \uc774\ubbf8\uc9c0/[district]leave_075C/[district]leave_075C_194.json",
            "id": 4
        }
    ],
    "label": 2
}