{
    "data": [
        [
            0.41875,
            0.2351851851851852,
            0.0015624999999999667,
            -0.041666666666666685,
            -0.017187500000000022,
            0.0046296296296296224,
            0.021874999999999978,
            0.009259259259259245
        ],
        [
            0.41875,
            0.2351851851851852,
            0.0015624999999999667,
            -0.041666666666666685,
            -0.017187500000000022,
            0.0046296296296296224,
            0.021874999999999978,
            0.009259259259259245
        ],
        [
            0.41875,
            0.2351851851851852,
            0.0015624999999999667,
            -0.041666666666666685,
            -0.017187500000000022,
            0.0046296296296296224,
            0.021874999999999978,
            0.009259259259259245
        ]
    ],
    "original_data": [
        {
            "time_step": 1,
            "original_data_path": "/content/drive/Othercomputers/\ub0b4 \ub178\ud2b8\ubd81/Forked_Models/Validation/Validation/_\ub77c\ubca8_General_val_C/district/3. \ud6c4\ubc29 \ubc29\ud5a5 \uc774\ubbf8\uc9c0/[district]day_992C/[district]day_992C_25.json",
            "id": 0
        },
        {
            "time_step": 2,
            "original_data_path": "/content/drive/Othercomputers/\ub0b4 \ub178\ud2b8\ubd81/Forked_Models/Validation/Validation/_\ub77c\ubca8_General_val_C/district/3. \ud6c4\ubc29 \ubc29\ud5a5 \uc774\ubbf8\uc9c0/[district]day_992C/[district]day_992C_30.json",
            "id": 0
        },
        {
            "time_step": 3,
            "original_data_path": "/content/drive/Othercomputers/\ub0b4 \ub178\ud2b8\ubd81/Forked_Models/Validation/Validation/_\ub77c\ubca8_General_val_C/district/3. \ud6c4\ubc29 \ubc29\ud5a5 \uc774\ubbf8\uc9c0/[district]day_992C/[district]day_992C_35.json",
            "id": 0
        }
    ],
    "label": 2
}