{
    "data": [
        [
            0.7229166666666667,
            0.20555555555555555,
            0.0067708333333333925,
            -0.024074074074074053,
            -0.017187500000000022,
            0.014814814814814836,
            0.041145833333333326,
            0.029629629629629645
        ],
        [
            0.7265625,
            0.20462962962962963,
            0.006249999999999978,
            -0.0314814814814815,
            -0.021874999999999978,
            0.01574074074074075,
            0.036979166666666674,
            0.030555555555555558
        ],
        [
            0.7307291666666667,
            0.20092592592592592,
            0.007291666666666696,
            -0.03240740740740741,
            -0.02604166666666663,
            0.018518518518518517,
            0.03281250000000002,
            0.03240740740740741
        ]
    ],
    "original_data": [
        {
            "time_step": 1,
            "original_data_path": "/content/drive/Othercomputers/\ub0b4 \ub178\ud2b8\ubd81/Forked_Models/Validation/Validation/_\ub77c\ubca8_General_val_C/district/3. \ud6c4\ubc29 \ubc29\ud5a5 \uc774\ubbf8\uc9c0/[district]day_025C/[district]day_025C_22.json",
            "id": 0
        },
        {
            "time_step": 2,
            "original_data_path": "/content/drive/Othercomputers/\ub0b4 \ub178\ud2b8\ubd81/Forked_Models/Validation/Validation/_\ub77c\ubca8_General_val_C/district/3. \ud6c4\ubc29 \ubc29\ud5a5 \uc774\ubbf8\uc9c0/[district]day_025C/[district]day_025C_24.json",
            "id": 0
        },
        {
            "time_step": 3,
            "original_data_path": "/content/drive/Othercomputers/\ub0b4 \ub178\ud2b8\ubd81/Forked_Models/Validation/Validation/_\ub77c\ubca8_General_val_C/district/3. \ud6c4\ubc29 \ubc29\ud5a5 \uc774\ubbf8\uc9c0/[district]day_025C/[district]day_025C_26.json",
            "id": 0
        }
    ],
    "label": 2
}