{
    "data": [
        [
            0.48385416666666664,
            0.48333333333333334,
            0.0,
            -0.056481481481481466,
            0.01614583333333336,
            -0.030555555555555558,
            -0.0067708333333332815,
            0.10648148148148145
        ],
        [
            0.5,
            0.4046296296296296,
            -0.003124999999999989,
            -0.04629629629629628,
            -0.0078125,
            0.033333333333333326,
            0.0026041666666666297,
            0.14537037037037043
        ],
        [
            0.5036458333333333,
            0.4064814814814815,
            -0.003645833333333348,
            -0.046296296296296335,
            -0.01874999999999999,
            0.003703703703703709,
            0.008854166666666607,
            0.11666666666666664
        ]
    ],
    "original_data": [
        {
            "time_step": 1,
            "original_data_path": "/content/drive/Othercomputers/\ub0b4 \ub178\ud2b8\ubd81/Forked_Models/Validation/Validation/_\ub77c\ubca8_General_val_C/district/3. \ud6c4\ubc29 \ubc29\ud5a5 \uc774\ubbf8\uc9c0/[district]leave_075C/[district]leave_075C_182.json",
            "id": 5
        },
        {
            "time_step": 2,
            "original_data_path": "/content/drive/Othercomputers/\ub0b4 \ub178\ud2b8\ubd81/Forked_Models/Validation/Validation/_\ub77c\ubca8_General_val_C/district/3. \ud6c4\ubc29 \ubc29\ud5a5 \uc774\ubbf8\uc9c0/[district]leave_075C/[district]leave_075C_184.json",
            "id": 5
        },
        {
            "time_step": 3,
            "original_data_path": "/content/drive/Othercomputers/\ub0b4 \ub178\ud2b8\ubd81/Forked_Models/Validation/Validation/_\ub77c\ubca8_General_val_C/district/3. \ud6c4\ubc29 \ubc29\ud5a5 \uc774\ubbf8\uc9c0/[district]leave_075C/[district]leave_075C_186.json",
            "id": 5
        }
    ],
    "label": 2
}