{
    "data": [
        [
            0.64375,
            0.5074074074074074,
            0.006249999999999978,
            -0.037037037037037035,
            -0.038541666666666696,
            0.0,
            0.03125,
            0.03240740740740744
        ],
        [
            0.6421875,
            0.5083333333333333,
            0.0031249999999999334,
            -0.04259259259259257,
            -0.036979166666666674,
            -0.0009259259259258856,
            0.03281250000000002,
            0.031481481481481555
        ],
        [
            0.6401041666666667,
            0.49166666666666664,
            0.003645833333333348,
            -0.036111111111111094,
            -0.03489583333333335,
            0.015740740740740777,
            0.03229166666666661,
            0.04351851851851857
        ]
    ],
    "original_data": [
        {
            "time_step": 1,
            "original_data_path": "/content/drive/Othercomputers/\ub0b4 \ub178\ud2b8\ubd81/Forked_Models/Validation/Validation/_\ub77c\ubca8_General_val_C/district/3. \ud6c4\ubc29 \ubc29\ud5a5 \uc774\ubbf8\uc9c0/[district]day_712C/[district]day_712C_445.json",
            "id": 5
        },
        {
            "time_step": 2,
            "original_data_path": "/content/drive/Othercomputers/\ub0b4 \ub178\ud2b8\ubd81/Forked_Models/Validation/Validation/_\ub77c\ubca8_General_val_C/district/3. \ud6c4\ubc29 \ubc29\ud5a5 \uc774\ubbf8\uc9c0/[district]day_712C/[district]day_712C_450.json",
            "id": 5
        },
        {
            "time_step": 3,
            "original_data_path": "/content/drive/Othercomputers/\ub0b4 \ub178\ud2b8\ubd81/Forked_Models/Validation/Validation/_\ub77c\ubca8_General_val_C/district/3. \ud6c4\ubc29 \ubc29\ud5a5 \uc774\ubbf8\uc9c0/[district]day_712C/[district]day_712C_455.json",
            "id": 5
        }
    ],
    "label": 2
}