{
    "data": [
        [
            0.38177083333333334,
            0.562962962962963,
            -0.025000000000000022,
            -0.01666666666666672,
            -0.004687500000000011,
            -0.0185185185185186,
            0.04322916666666665,
            -0.0037037037037037646
        ],
        [
            0.37864583333333335,
            0.5611111111111111,
            -0.024479166666666663,
            -0.015740740740740722,
            -0.004687500000000011,
            -0.017592592592592604,
            0.04218749999999999,
            -0.002777777777777768
        ],
        [
            0.3875,
            0.5388888888888889,
            -0.012500000000000011,
            -0.02314814814814814,
            0.0005208333333333037,
            -0.012962962962962954,
            0.04999999999999999,
            0.047222222222222276
        ]
    ],
    "original_data": [
        {
            "time_step": 1,
            "original_data_path": "/content/drive/Othercomputers/\ub0b4 \ub178\ud2b8\ubd81/Forked_Models/Validation/Validation/_\ub77c\ubca8_General_val_C/district/3. \ud6c4\ubc29 \ubc29\ud5a5 \uc774\ubbf8\uc9c0/[district]day_420C/[district]day_420C_400.json",
            "id": 10
        },
        {
            "time_step": 2,
            "original_data_path": "/content/drive/Othercomputers/\ub0b4 \ub178\ud2b8\ubd81/Forked_Models/Validation/Validation/_\ub77c\ubca8_General_val_C/district/3. \ud6c4\ubc29 \ubc29\ud5a5 \uc774\ubbf8\uc9c0/[district]day_420C/[district]day_420C_405.json",
            "id": 10
        },
        {
            "time_step": 3,
            "original_data_path": "/content/drive/Othercomputers/\ub0b4 \ub178\ud2b8\ubd81/Forked_Models/Validation/Validation/_\ub77c\ubca8_General_val_C/district/3. \ud6c4\ubc29 \ubc29\ud5a5 \uc774\ubbf8\uc9c0/[district]day_420C/[district]day_420C_410.json",
            "id": 10
        }
    ],
    "label": 2
}