{
    "data": [
        [
            0.5640625,
            0.27037037037037037,
            0.0031249999999999334,
            -0.02777777777777779,
            -0.022916666666666696,
            0.016666666666666663,
            0.0234375,
            0.015740740740740722
        ],
        [
            0.5614583333333333,
            0.2675925925925926,
            0.003645833333333348,
            -0.026851851851851877,
            -0.025520833333333326,
            0.01944444444444443,
            0.025520833333333437,
            0.01851851851851849
        ],
        [
            0.5536458333333333,
            0.2962962962962963,
            -0.005729166666666563,
            -0.027777777777777735,
            -0.02083333333333326,
            -0.004629629629629595,
            0.022395833333333393,
            -0.009259259259259245
        ]
    ],
    "original_data": [
        {
            "time_step": 1,
            "original_data_path": "/content/drive/Othercomputers/\ub0b4 \ub178\ud2b8\ubd81/Forked_Models/Validation/Validation/_\ub77c\ubca8_General_val_C/district/3. \ud6c4\ubc29 \ubc29\ud5a5 \uc774\ubbf8\uc9c0/[district]day_581C/[district]day_581C_510.json",
            "id": 0
        },
        {
            "time_step": 2,
            "original_data_path": "/content/drive/Othercomputers/\ub0b4 \ub178\ud2b8\ubd81/Forked_Models/Validation/Validation/_\ub77c\ubca8_General_val_C/district/3. \ud6c4\ubc29 \ubc29\ud5a5 \uc774\ubbf8\uc9c0/[district]day_581C/[district]day_581C_515.json",
            "id": 0
        },
        {
            "time_step": 3,
            "original_data_path": "/content/drive/Othercomputers/\ub0b4 \ub178\ud2b8\ubd81/Forked_Models/Validation/Validation/_\ub77c\ubca8_General_val_C/district/3. \ud6c4\ubc29 \ubc29\ud5a5 \uc774\ubbf8\uc9c0/[district]day_581C/[district]day_581C_520.json",
            "id": 0
        }
    ],
    "label": 2
}