{
    "data": [
        [
            0.6265625,
            0.8018518518518518,
            0.04583333333333328,
            -0.021296296296296258,
            -0.023958333333333304,
            0.14814814814814814,
            -0.04270833333333335,
            -0.07870370370370372
        ],
        [
            0.6296875,
            0.799074074074074,
            0.04322916666666676,
            -0.00925925925925919,
            -0.023958333333333304,
            0.15000000000000002,
            -0.04218749999999993,
            -0.07685185185185184
        ],
        [
            0.6375,
            0.8185185185185185,
            0.04322916666666676,
            -0.012962962962962954,
            -0.033333333333333326,
            0.13518518518518519,
            -0.04583333333333328,
            -0.07500000000000007
        ]
    ],
    "original_data": [
        {
            "time_step": 1,
            "original_data_path": "/content/drive/Othercomputers/\ub0b4 \ub178\ud2b8\ubd81/Forked_Models/Validation/Validation/_\ub77c\ubca8_General_val_C/district/3. \ud6c4\ubc29 \ubc29\ud5a5 \uc774\ubbf8\uc9c0/[district]day_420C/[district]day_420C_115.json",
            "id": 6
        },
        {
            "time_step": 2,
            "original_data_path": "/content/drive/Othercomputers/\ub0b4 \ub178\ud2b8\ubd81/Forked_Models/Validation/Validation/_\ub77c\ubca8_General_val_C/district/3. \ud6c4\ubc29 \ubc29\ud5a5 \uc774\ubbf8\uc9c0/[district]day_420C/[district]day_420C_120.json",
            "id": 6
        },
        {
            "time_step": 3,
            "original_data_path": "/content/drive/Othercomputers/\ub0b4 \ub178\ud2b8\ubd81/Forked_Models/Validation/Validation/_\ub77c\ubca8_General_val_C/district/3. \ud6c4\ubc29 \ubc29\ud5a5 \uc774\ubbf8\uc9c0/[district]day_420C/[district]day_420C_125.json",
            "id": 6
        }
    ],
    "label": 2
}