{
    "data": [
        [
            0.4109375,
            0.24722222222222223,
            -0.003645833333333348,
            -0.03611111111111112,
            -0.022916666666666696,
            0.004629629629629595,
            0.027604166666666652,
            0.016666666666666663
        ],
        [
            0.4109375,
            0.24722222222222223,
            -0.003645833333333348,
            -0.03611111111111112,
            -0.022916666666666696,
            0.004629629629629595,
            0.027604166666666652,
            0.016666666666666663
        ],
        [
            0.4109375,
            0.24722222222222223,
            -0.006250000000000033,
            -0.028703703703703703,
            -0.022916666666666696,
            0.004629629629629595,
            0.027604166666666652,
            0.016666666666666663
        ]
    ],
    "original_data": [
        {
            "time_step": 1,
            "original_data_path": "/content/drive/Othercomputers/\ub0b4 \ub178\ud2b8\ubd81/Forked_Models/Validation/Validation/_\ub77c\ubca8_General_val_C/district/3. \ud6c4\ubc29 \ubc29\ud5a5 \uc774\ubbf8\uc9c0/[district]leave_598C/[district]leave_598C_235.json",
            "id": 0
        },
        {
            "time_step": 2,
            "original_data_path": "/content/drive/Othercomputers/\ub0b4 \ub178\ud2b8\ubd81/Forked_Models/Validation/Validation/_\ub77c\ubca8_General_val_C/district/3. \ud6c4\ubc29 \ubc29\ud5a5 \uc774\ubbf8\uc9c0/[district]leave_598C/[district]leave_598C_240.json",
            "id": 0
        },
        {
            "time_step": 3,
            "original_data_path": "/content/drive/Othercomputers/\ub0b4 \ub178\ud2b8\ubd81/Forked_Models/Validation/Validation/_\ub77c\ubca8_General_val_C/district/3. \ud6c4\ubc29 \ubc29\ud5a5 \uc774\ubbf8\uc9c0/[district]leave_598C/[district]leave_598C_245.json",
            "id": 0
        }
    ],
    "label": 2
}