{
    "data": [
        [
            0.6369791666666667,
            0.4564814814814815,
            0.0067708333333333925,
            -0.025925925925925908,
            -0.03749999999999998,
            0.0018518518518518268,
            0.03281250000000002,
            0.0018518518518518268
        ],
        [
            0.6395833333333333,
            0.4564814814814815,
            0.004166666666666763,
            -0.025925925925925908,
            -0.03749999999999998,
            0.002777777777777768,
            0.03281250000000002,
            0.005555555555555536
        ],
        [
            0.6447916666666667,
            0.4537037037037037,
            0.00520833333333337,
            -0.02407407407407408,
            -0.038541666666666696,
            0.003703703703703709,
            0.031770833333333304,
            0.007407407407407418
        ]
    ],
    "original_data": [
        {
            "time_step": 1,
            "original_data_path": "/content/drive/Othercomputers/\ub0b4 \ub178\ud2b8\ubd81/Forked_Models/Validation/Validation/_\ub77c\ubca8_General_val_C/district/3. \ud6c4\ubc29 \ubc29\ud5a5 \uc774\ubbf8\uc9c0/[district]morning_512C/[district]morning_512C_500.json",
            "id": 2
        },
        {
            "time_step": 2,
            "original_data_path": "/content/drive/Othercomputers/\ub0b4 \ub178\ud2b8\ubd81/Forked_Models/Validation/Validation/_\ub77c\ubca8_General_val_C/district/3. \ud6c4\ubc29 \ubc29\ud5a5 \uc774\ubbf8\uc9c0/[district]morning_512C/[district]morning_512C_505.json",
            "id": 2
        },
        {
            "time_step": 3,
            "original_data_path": "/content/drive/Othercomputers/\ub0b4 \ub178\ud2b8\ubd81/Forked_Models/Validation/Validation/_\ub77c\ubca8_General_val_C/district/3. \ud6c4\ubc29 \ubc29\ud5a5 \uc774\ubbf8\uc9c0/[district]morning_512C/[district]morning_512C_510.json",
            "id": 2
        }
    ],
    "label": 2
}