{
    "data": [
        [
            0.79375,
            0.8148148148148148,
            0.005729166666666674,
            -0.036111111111111094,
            -0.05624999999999991,
            0.02129629629629637,
            0.03489583333333335,
            0.008333333333333415
        ],
        [
            0.7947916666666667,
            0.8148148148148148,
            0.00520833333333337,
            -0.0351851851851851,
            -0.05989583333333337,
            0.025000000000000022,
            0.03645833333333337,
            0.011111111111111183
        ],
        [
            0.7963541666666667,
            0.8212962962962963,
            0.0078125,
            -0.04166666666666663,
            -0.06145833333333339,
            0.01851851851851849,
            0.03229166666666661,
            0.015740740740740722
        ]
    ],
    "original_data": [
        {
            "time_step": 1,
            "original_data_path": "/content/drive/Othercomputers/\ub0b4 \ub178\ud2b8\ubd81/Forked_Models/Validation/Validation/_\ub77c\ubca8_General_val_C/district/3. \ud6c4\ubc29 \ubc29\ud5a5 \uc774\ubbf8\uc9c0/[district]leave_075C/[district]leave_075C_262.json",
            "id": 4
        },
        {
            "time_step": 2,
            "original_data_path": "/content/drive/Othercomputers/\ub0b4 \ub178\ud2b8\ubd81/Forked_Models/Validation/Validation/_\ub77c\ubca8_General_val_C/district/3. \ud6c4\ubc29 \ubc29\ud5a5 \uc774\ubbf8\uc9c0/[district]leave_075C/[district]leave_075C_264.json",
            "id": 4
        },
        {
            "time_step": 3,
            "original_data_path": "/content/drive/Othercomputers/\ub0b4 \ub178\ud2b8\ubd81/Forked_Models/Validation/Validation/_\ub77c\ubca8_General_val_C/district/3. \ud6c4\ubc29 \ubc29\ud5a5 \uc774\ubbf8\uc9c0/[district]leave_075C/[district]leave_075C_266.json",
            "id": 4
        }
    ],
    "label": 2
}