{
    "data": [
        [
            0.6447916666666667,
            0.5120370370370371,
            0.009375000000000022,
            -0.041666666666666685,
            -0.024479166666666607,
            -0.021296296296296313,
            0.03541666666666665,
            -0.002777777777777768
        ],
        [
            0.6432291666666666,
            0.512962962962963,
            0.007291666666666696,
            -0.036111111111111094,
            -0.022916666666666585,
            -0.0222222222222222,
            0.036979166666666674,
            -0.0037037037037036535
        ],
        [
            0.6442708333333333,
            0.5268518518518519,
            0.009895833333333326,
            -0.020370370370370372,
            -0.023958333333333304,
            -0.03611111111111115,
            0.035937499999999956,
            -0.017592592592592604
        ]
    ],
    "original_data": [
        {
            "time_step": 1,
            "original_data_path": "/content/drive/Othercomputers/\ub0b4 \ub178\ud2b8\ubd81/Forked_Models/Validation/Validation/_\ub77c\ubca8_General_val_C/district/3. \ud6c4\ubc29 \ubc29\ud5a5 \uc774\ubbf8\uc9c0/[district]morning_657C/[district]morning_657C_395.json",
            "id": 1
        },
        {
            "time_step": 2,
            "original_data_path": "/content/drive/Othercomputers/\ub0b4 \ub178\ud2b8\ubd81/Forked_Models/Validation/Validation/_\ub77c\ubca8_General_val_C/district/3. \ud6c4\ubc29 \ubc29\ud5a5 \uc774\ubbf8\uc9c0/[district]morning_657C/[district]morning_657C_400.json",
            "id": 1
        },
        {
            "time_step": 3,
            "original_data_path": "/content/drive/Othercomputers/\ub0b4 \ub178\ud2b8\ubd81/Forked_Models/Validation/Validation/_\ub77c\ubca8_General_val_C/district/3. \ud6c4\ubc29 \ubc29\ud5a5 \uc774\ubbf8\uc9c0/[district]morning_657C/[district]morning_657C_405.json",
            "id": 1
        }
    ],
    "label": 2
}