{
    "data": [
        [
            0.8588541666666667,
            0.4675925925925926,
            0.0031249999999999334,
            -0.02777777777777779,
            -0.03749999999999998,
            -0.013888888888888895,
            0.020312499999999956,
            -0.013888888888888895
        ],
        [
            0.8588541666666667,
            0.4666666666666667,
            0.0031249999999999334,
            -0.02685185185185185,
            -0.03749999999999998,
            -0.012962962962962954,
            0.020312499999999956,
            -0.012962962962962954
        ],
        [
            0.8546875,
            0.46296296296296297,
            0.007291666666666585,
            -0.020370370370370372,
            -0.033333333333333326,
            -0.009259259259259245,
            0.024479166666666607,
            -0.009259259259259245
        ]
    ],
    "original_data": [
        {
            "time_step": 1,
            "original_data_path": "/content/drive/Othercomputers/\ub0b4 \ub178\ud2b8\ubd81/Forked_Models/Validation/Validation/_\ub77c\ubca8_General_val_C/district/3. \ud6c4\ubc29 \ubc29\ud5a5 \uc774\ubbf8\uc9c0/[district]morning_1116C/[district]morning_1116C_545.json",
            "id": 3
        },
        {
            "time_step": 2,
            "original_data_path": "/content/drive/Othercomputers/\ub0b4 \ub178\ud2b8\ubd81/Forked_Models/Validation/Validation/_\ub77c\ubca8_General_val_C/district/3. \ud6c4\ubc29 \ubc29\ud5a5 \uc774\ubbf8\uc9c0/[district]morning_1116C/[district]morning_1116C_550.json",
            "id": 3
        },
        {
            "time_step": 3,
            "original_data_path": "/content/drive/Othercomputers/\ub0b4 \ub178\ud2b8\ubd81/Forked_Models/Validation/Validation/_\ub77c\ubca8_General_val_C/district/3. \ud6c4\ubc29 \ubc29\ud5a5 \uc774\ubbf8\uc9c0/[district]morning_1116C/[district]morning_1116C_555.json",
            "id": 3
        }
    ],
    "label": 2
}