{
    "data": [
        [
            0.6864583333333333,
            0.37592592592592594,
            0.0026041666666667407,
            -0.02777777777777779,
            -0.030729166666666585,
            0.010185185185185186,
            0.03333333333333344,
            0.0222222222222222
        ],
        [
            0.6901041666666666,
            0.3768518518518518,
            -0.002083333333333326,
            -0.030555555555555558,
            -0.03437499999999993,
            0.021296296296296313,
            0.027083333333333348,
            0.01666666666666672
        ],
        [
            0.6895833333333333,
            0.37222222222222223,
            -0.002083333333333326,
            -0.030555555555555558,
            -0.03489583333333335,
            0.020370370370370372,
            0.027083333333333348,
            0.016666666666666663
        ]
    ],
    "original_data": [
        {
            "time_step": 1,
            "original_data_path": "/content/drive/Othercomputers/\ub0b4 \ub178\ud2b8\ubd81/Forked_Models/Validation/Validation/_\ub77c\ubca8_General_val_C/district/3. \ud6c4\ubc29 \ubc29\ud5a5 \uc774\ubbf8\uc9c0/[district]leave_075C/[district]leave_075C_8.json",
            "id": 3
        },
        {
            "time_step": 2,
            "original_data_path": "/content/drive/Othercomputers/\ub0b4 \ub178\ud2b8\ubd81/Forked_Models/Validation/Validation/_\ub77c\ubca8_General_val_C/district/3. \ud6c4\ubc29 \ubc29\ud5a5 \uc774\ubbf8\uc9c0/[district]leave_075C/[district]leave_075C_10.json",
            "id": 3
        },
        {
            "time_step": 3,
            "original_data_path": "/content/drive/Othercomputers/\ub0b4 \ub178\ud2b8\ubd81/Forked_Models/Validation/Validation/_\ub77c\ubca8_General_val_C/district/3. \ud6c4\ubc29 \ubc29\ud5a5 \uc774\ubbf8\uc9c0/[district]leave_075C/[district]leave_075C_12.json",
            "id": 3
        }
    ],
    "label": 2
}