{
    "data": [
        [
            0.6588541666666666,
            0.4925925925925926,
            -0.0005208333333333037,
            -0.029629629629629617,
            -0.029166666666666674,
            -0.02314814814814814,
            0.02864583333333337,
            0.059259259259259234
        ],
        [
            0.6453125,
            0.4898148148148148,
            0.0067708333333333925,
            -0.037037037037037035,
            -0.024479166666666607,
            -0.015740740740740722,
            0.04062500000000002,
            0.033333333333333326
        ],
        [
            0.6375,
            0.49722222222222223,
            0.004166666666666763,
            -0.042592592592592626,
            -0.02864583333333326,
            -0.011111111111111127,
            0.0390625,
            0.008333333333333304
        ]
    ],
    "original_data": [
        {
            "time_step": 1,
            "original_data_path": "/content/drive/Othercomputers/\ub0b4 \ub178\ud2b8\ubd81/Forked_Models/Validation/Validation/_\ub77c\ubca8_General_val_C/district/3. \ud6c4\ubc29 \ubc29\ud5a5 \uc774\ubbf8\uc9c0/[district]attend_560C/[district]attend_560C_510.json",
            "id": 1
        },
        {
            "time_step": 2,
            "original_data_path": "/content/drive/Othercomputers/\ub0b4 \ub178\ud2b8\ubd81/Forked_Models/Validation/Validation/_\ub77c\ubca8_General_val_C/district/3. \ud6c4\ubc29 \ubc29\ud5a5 \uc774\ubbf8\uc9c0/[district]attend_560C/[district]attend_560C_515.json",
            "id": 1
        },
        {
            "time_step": 3,
            "original_data_path": "/content/drive/Othercomputers/\ub0b4 \ub178\ud2b8\ubd81/Forked_Models/Validation/Validation/_\ub77c\ubca8_General_val_C/district/3. \ud6c4\ubc29 \ubc29\ud5a5 \uc774\ubbf8\uc9c0/[district]attend_560C/[district]attend_560C_520.json",
            "id": 1
        }
    ],
    "label": 2
}