{
    "data": [
        [
            0.33645833333333336,
            0.2833333333333333,
            -0.0010416666666667185,
            -0.02777777777777779,
            -0.022395833333333337,
            -0.0018518518518518268,
            0.03541666666666665,
            -0.017592592592592604
        ],
        [
            0.33489583333333334,
            0.2814814814814815,
            -0.003124999999999989,
            -0.025925925925925963,
            -0.020833333333333315,
            0.0,
            0.036979166666666674,
            -0.015740740740740777
        ],
        [
            0.33489583333333334,
            0.2740740740740741,
            0.0,
            -0.02407407407407408,
            -0.01874999999999999,
            0.0009259259259259411,
            0.036979166666666674,
            -0.00833333333333336
        ]
    ],
    "original_data": [
        {
            "time_step": 1,
            "original_data_path": "/content/drive/Othercomputers/\ub0b4 \ub178\ud2b8\ubd81/Forked_Models/Validation/Validation/_\ub77c\ubca8_General_val_C/district/3. \ud6c4\ubc29 \ubc29\ud5a5 \uc774\ubbf8\uc9c0/[district]day_420C/[district]day_420C_240.json",
            "id": 0
        },
        {
            "time_step": 2,
            "original_data_path": "/content/drive/Othercomputers/\ub0b4 \ub178\ud2b8\ubd81/Forked_Models/Validation/Validation/_\ub77c\ubca8_General_val_C/district/3. \ud6c4\ubc29 \ubc29\ud5a5 \uc774\ubbf8\uc9c0/[district]day_420C/[district]day_420C_245.json",
            "id": 0
        },
        {
            "time_step": 3,
            "original_data_path": "/content/drive/Othercomputers/\ub0b4 \ub178\ud2b8\ubd81/Forked_Models/Validation/Validation/_\ub77c\ubca8_General_val_C/district/3. \ud6c4\ubc29 \ubc29\ud5a5 \uc774\ubbf8\uc9c0/[district]day_420C/[district]day_420C_250.json",
            "id": 0
        }
    ],
    "label": 2
}