{
    "data": [
        [
            0.39739583333333334,
            0.2564814814814815,
            -0.010416666666666685,
            -0.027777777777777762,
            -0.012500000000000011,
            0.017592592592592604,
            0.036979166666666674,
            0.00462962962962965
        ],
        [
            0.39739583333333334,
            0.2564814814814815,
            -0.00833333333333336,
            -0.020370370370370372,
            -0.012500000000000011,
            0.017592592592592604,
            0.03281250000000002,
            0.007407407407407418
        ],
        [
            0.39739583333333334,
            0.2564814814814815,
            -0.010416666666666685,
            -0.027777777777777762,
            -0.012500000000000011,
            0.017592592592592604,
            0.036979166666666674,
            0.00462962962962965
        ]
    ],
    "original_data": [
        {
            "time_step": 1,
            "original_data_path": "/content/drive/Othercomputers/\ub0b4 \ub178\ud2b8\ubd81/Forked_Models/Validation/Validation/_\ub77c\ubca8_General_val_C/district/3. \ud6c4\ubc29 \ubc29\ud5a5 \uc774\ubbf8\uc9c0/[district]night_620C/[district]night_620C_280.json",
            "id": 0
        },
        {
            "time_step": 2,
            "original_data_path": "/content/drive/Othercomputers/\ub0b4 \ub178\ud2b8\ubd81/Forked_Models/Validation/Validation/_\ub77c\ubca8_General_val_C/district/3. \ud6c4\ubc29 \ubc29\ud5a5 \uc774\ubbf8\uc9c0/[district]night_620C/[district]night_620C_285.json",
            "id": 0
        },
        {
            "time_step": 3,
            "original_data_path": "/content/drive/Othercomputers/\ub0b4 \ub178\ud2b8\ubd81/Forked_Models/Validation/Validation/_\ub77c\ubca8_General_val_C/district/3. \ud6c4\ubc29 \ubc29\ud5a5 \uc774\ubbf8\uc9c0/[district]night_620C/[district]night_620C_290.json",
            "id": 0
        }
    ],
    "label": 2
}