{
    "data": [
        [
            0.565625,
            0.28055555555555556,
            0.0067708333333332815,
            -0.03240740740740741,
            -0.026562500000000044,
            0.009259259259259245,
            0.014062499999999978,
            0.006481481481481477
        ],
        [
            0.5671875,
            0.2796296296296296,
            0.0031250000000000444,
            -0.03055555555555553,
            -0.028124999999999956,
            0.010185185185185186,
            0.012500000000000067,
            0.007407407407407418
        ],
        [
            0.565625,
            0.2851851851851852,
            0.0010416666666666075,
            -0.03981481481481483,
            -0.026562500000000044,
            0.004629629629629595,
            0.014062499999999978,
            0.0018518518518518268
        ]
    ],
    "original_data": [
        {
            "time_step": 1,
            "original_data_path": "/content/drive/Othercomputers/\ub0b4 \ub178\ud2b8\ubd81/Forked_Models/Validation/Validation/_\ub77c\ubca8_General_val_C/district/3. \ud6c4\ubc29 \ubc29\ud5a5 \uc774\ubbf8\uc9c0/[district]day_581C/[district]day_581C_90.json",
            "id": 0
        },
        {
            "time_step": 2,
            "original_data_path": "/content/drive/Othercomputers/\ub0b4 \ub178\ud2b8\ubd81/Forked_Models/Validation/Validation/_\ub77c\ubca8_General_val_C/district/3. \ud6c4\ubc29 \ubc29\ud5a5 \uc774\ubbf8\uc9c0/[district]day_581C/[district]day_581C_95.json",
            "id": 0
        },
        {
            "time_step": 3,
            "original_data_path": "/content/drive/Othercomputers/\ub0b4 \ub178\ud2b8\ubd81/Forked_Models/Validation/Validation/_\ub77c\ubca8_General_val_C/district/3. \ud6c4\ubc29 \ubc29\ud5a5 \uc774\ubbf8\uc9c0/[district]day_581C/[district]day_581C_100.json",
            "id": 0
        }
    ],
    "label": 2
}