{
    "data": [
        [
            0.6640625,
            0.1111111111111111,
            -0.006249999999999978,
            -0.021296296296296285,
            -0.01302083333333337,
            0.02685185185185185,
            0.014583333333333282,
            0.020370370370370372
        ],
        [
            0.6588541666666666,
            0.14351851851851852,
            -0.0010416666666666075,
            -0.020370370370370372,
            -0.015104166666666585,
            0.008333333333333331,
            0.014583333333333393,
            0.002777777777777768
        ],
        [
            0.6520833333333333,
            0.15462962962962962,
            -0.0031250000000000444,
            -0.033333333333333326,
            -0.01822916666666663,
            0.013888888888888895,
            0.011979166666666652,
            -0.006481481481481477
        ]
    ],
    "original_data": [
        {
            "time_step": 1,
            "original_data_path": "/content/drive/Othercomputers/\ub0b4 \ub178\ud2b8\ubd81/Forked_Models/Validation/Validation/_\ub77c\ubca8_General_val_C/district/3. \ud6c4\ubc29 \ubc29\ud5a5 \uc774\ubbf8\uc9c0/[district]attend_1048C/[district]attend_1048C_545.json",
            "id": 4
        },
        {
            "time_step": 2,
            "original_data_path": "/content/drive/Othercomputers/\ub0b4 \ub178\ud2b8\ubd81/Forked_Models/Validation/Validation/_\ub77c\ubca8_General_val_C/district/3. \ud6c4\ubc29 \ubc29\ud5a5 \uc774\ubbf8\uc9c0/[district]attend_1048C/[district]attend_1048C_550.json",
            "id": 4
        },
        {
            "time_step": 3,
            "original_data_path": "/content/drive/Othercomputers/\ub0b4 \ub178\ud2b8\ubd81/Forked_Models/Validation/Validation/_\ub77c\ubca8_General_val_C/district/3. \ud6c4\ubc29 \ubc29\ud5a5 \uc774\ubbf8\uc9c0/[district]attend_1048C/[district]attend_1048C_555.json",
            "id": 4
        }
    ],
    "label": 2
}