{
    "data": [
        [
            0.5276041666666667,
            0.26851851851851855,
            0.0026041666666666297,
            -0.025000000000000022,
            -0.028645833333333315,
            0.024999999999999967,
            0.023958333333333304,
            0.012962962962962954
        ],
        [
            0.5276041666666667,
            0.26851851851851855,
            0.004166666666666652,
            -0.025925925925925963,
            -0.027083333333333348,
            0.025925925925925908,
            0.023958333333333304,
            0.012962962962962954
        ],
        [
            0.5291666666666667,
            0.2777777777777778,
            -0.002083333333333326,
            -0.0314814814814815,
            -0.041145833333333326,
            0.013888888888888895,
            0.02239583333333328,
            0.003703703703703709
        ]
    ],
    "original_data": [
        {
            "time_step": 1,
            "original_data_path": "/content/drive/Othercomputers/\ub0b4 \ub178\ud2b8\ubd81/Forked_Models/Validation/Validation/_\ub77c\ubca8_General_val_C/district/3. \ud6c4\ubc29 \ubc29\ud5a5 \uc774\ubbf8\uc9c0/[district]morning_649C/[district]morning_649C_265.json",
            "id": 1
        },
        {
            "time_step": 2,
            "original_data_path": "/content/drive/Othercomputers/\ub0b4 \ub178\ud2b8\ubd81/Forked_Models/Validation/Validation/_\ub77c\ubca8_General_val_C/district/3. \ud6c4\ubc29 \ubc29\ud5a5 \uc774\ubbf8\uc9c0/[district]morning_649C/[district]morning_649C_270.json",
            "id": 1
        },
        {
            "time_step": 3,
            "original_data_path": "/content/drive/Othercomputers/\ub0b4 \ub178\ud2b8\ubd81/Forked_Models/Validation/Validation/_\ub77c\ubca8_General_val_C/district/3. \ud6c4\ubc29 \ubc29\ud5a5 \uc774\ubbf8\uc9c0/[district]morning_649C/[district]morning_649C_275.json",
            "id": 1
        }
    ],
    "label": 2
}