{
    "data": [
        [
            0.8348958333333333,
            0.22870370370370371,
            0.004166666666666763,
            -0.049074074074074076,
            -0.04583333333333328,
            0.015740740740740722,
            0.023958333333333415,
            0.022222222222222227
        ],
        [
            0.83125,
            0.225,
            0.003645833333333237,
            -0.04444444444444445,
            -0.042187500000000044,
            0.01944444444444443,
            0.027604166666666652,
            0.025925925925925936
        ],
        [
            0.828125,
            0.22407407407407406,
            0.0015625000000000222,
            -0.04259259259259257,
            -0.0390625,
            0.020370370370370372,
            0.030729166666666696,
            0.026851851851851877
        ]
    ],
    "original_data": [
        {
            "time_step": 1,
            "original_data_path": "/content/drive/Othercomputers/\ub0b4 \ub178\ud2b8\ubd81/Forked_Models/Validation/Validation/_\ub77c\ubca8_General_val_C/district/3. \ud6c4\ubc29 \ubc29\ud5a5 \uc774\ubbf8\uc9c0/[district]leave_046C/[district]leave_046C_156.json",
            "id": 3
        },
        {
            "time_step": 2,
            "original_data_path": "/content/drive/Othercomputers/\ub0b4 \ub178\ud2b8\ubd81/Forked_Models/Validation/Validation/_\ub77c\ubca8_General_val_C/district/3. \ud6c4\ubc29 \ubc29\ud5a5 \uc774\ubbf8\uc9c0/[district]leave_046C/[district]leave_046C_158.json",
            "id": 3
        },
        {
            "time_step": 3,
            "original_data_path": "/content/drive/Othercomputers/\ub0b4 \ub178\ud2b8\ubd81/Forked_Models/Validation/Validation/_\ub77c\ubca8_General_val_C/district/3. \ud6c4\ubc29 \ubc29\ud5a5 \uc774\ubbf8\uc9c0/[district]leave_046C/[district]leave_046C_160.json",
            "id": 3
        }
    ],
    "label": 2
}