{
    "data": [
        [
            0.5671875,
            0.387037037037037,
            0.002083333333333326,
            -0.04166666666666663,
            -0.03489583333333324,
            -0.007407407407407363,
            0.01041666666666674,
            0.018518518518518545
        ],
        [
            0.5682291666666667,
            0.3888888888888889,
            0.003645833333333348,
            -0.0314814814814815,
            -0.03281250000000002,
            -0.009259259259259245,
            0.015625,
            0.021296296296296313
        ],
        [
            0.5682291666666667,
            0.3888888888888889,
            0.004166666666666652,
            -0.037962962962962976,
            -0.03281250000000002,
            -0.009259259259259245,
            0.015625,
            0.021296296296296313
        ]
    ],
    "original_data": [
        {
            "time_step": 1,
            "original_data_path": "/content/drive/Othercomputers/\ub0b4 \ub178\ud2b8\ubd81/Forked_Models/Validation/Validation/_\ub77c\ubca8_General_val_C/district/3. \ud6c4\ubc29 \ubc29\ud5a5 \uc774\ubbf8\uc9c0/[district]day_708C/[district]day_708C_15.json",
            "id": 5
        },
        {
            "time_step": 2,
            "original_data_path": "/content/drive/Othercomputers/\ub0b4 \ub178\ud2b8\ubd81/Forked_Models/Validation/Validation/_\ub77c\ubca8_General_val_C/district/3. \ud6c4\ubc29 \ubc29\ud5a5 \uc774\ubbf8\uc9c0/[district]day_708C/[district]day_708C_20.json",
            "id": 5
        },
        {
            "time_step": 3,
            "original_data_path": "/content/drive/Othercomputers/\ub0b4 \ub178\ud2b8\ubd81/Forked_Models/Validation/Validation/_\ub77c\ubca8_General_val_C/district/3. \ud6c4\ubc29 \ubc29\ud5a5 \uc774\ubbf8\uc9c0/[district]day_708C/[district]day_708C_25.json",
            "id": 5
        }
    ],
    "label": 2
}