{
    "data": [
        [
            0.6489583333333333,
            0.4777777777777778,
            -0.0026041666666666297,
            -0.021296296296296313,
            -0.028124999999999956,
            0.007407407407407363,
            0.022916666666666696,
            0.012962962962962954
        ],
        [
            0.6489583333333333,
            0.4777777777777778,
            -0.0010416666666666075,
            -0.018518518518518545,
            -0.028124999999999956,
            0.007407407407407363,
            0.022916666666666696,
            0.012962962962962954
        ],
        [
            0.6432291666666666,
            0.4787037037037037,
            0.0005208333333334147,
            -0.0222222222222222,
            -0.02239583333333328,
            0.006481481481481477,
            0.02864583333333337,
            0.012037037037037068
        ]
    ],
    "original_data": [
        {
            "time_step": 1,
            "original_data_path": "/content/drive/Othercomputers/\ub0b4 \ub178\ud2b8\ubd81/Forked_Models/Validation/Validation/_\ub77c\ubca8_General_val_C/district/3. \ud6c4\ubc29 \ubc29\ud5a5 \uc774\ubbf8\uc9c0/[district]leave_461C/[district]leave_461C_380.json",
            "id": 2
        },
        {
            "time_step": 2,
            "original_data_path": "/content/drive/Othercomputers/\ub0b4 \ub178\ud2b8\ubd81/Forked_Models/Validation/Validation/_\ub77c\ubca8_General_val_C/district/3. \ud6c4\ubc29 \ubc29\ud5a5 \uc774\ubbf8\uc9c0/[district]leave_461C/[district]leave_461C_385.json",
            "id": 2
        },
        {
            "time_step": 3,
            "original_data_path": "/content/drive/Othercomputers/\ub0b4 \ub178\ud2b8\ubd81/Forked_Models/Validation/Validation/_\ub77c\ubca8_General_val_C/district/3. \ud6c4\ubc29 \ubc29\ud5a5 \uc774\ubbf8\uc9c0/[district]leave_461C/[district]leave_461C_390.json",
            "id": 2
        }
    ],
    "label": 2
}