{
    "data": [
        [
            0.4395833333333333,
            0.6675925925925926,
            -0.016145833333333304,
            -0.05277777777777781,
            0.0703125,
            0.01388888888888884,
            -0.05104166666666665,
            0.11388888888888882
        ],
        [
            0.41041666666666665,
            0.5518518518518518,
            -0.024479166666666663,
            -0.036111111111111094,
            0.06822916666666667,
            0.015740740740740722,
            -0.011458333333333293,
            0.10833333333333339
        ],
        [
            0.4197916666666667,
            0.4981481481481482,
            -0.02395833333333336,
            -0.020370370370370372,
            0.033333333333333326,
            -0.011111111111111127,
            0.002604166666666685,
            0.1111111111111111
        ]
    ],
    "original_data": [
        {
            "time_step": 1,
            "original_data_path": "/content/drive/Othercomputers/\ub0b4 \ub178\ud2b8\ubd81/Forked_Models/Validation/Validation/_\ub77c\ubca8_General_val_C/district/3. \ud6c4\ubc29 \ubc29\ud5a5 \uc774\ubbf8\uc9c0/[district]night_620C/[district]night_620C_365.json",
            "id": 5
        },
        {
            "time_step": 2,
            "original_data_path": "/content/drive/Othercomputers/\ub0b4 \ub178\ud2b8\ubd81/Forked_Models/Validation/Validation/_\ub77c\ubca8_General_val_C/district/3. \ud6c4\ubc29 \ubc29\ud5a5 \uc774\ubbf8\uc9c0/[district]night_620C/[district]night_620C_370.json",
            "id": 5
        },
        {
            "time_step": 3,
            "original_data_path": "/content/drive/Othercomputers/\ub0b4 \ub178\ud2b8\ubd81/Forked_Models/Validation/Validation/_\ub77c\ubca8_General_val_C/district/3. \ud6c4\ubc29 \ubc29\ud5a5 \uc774\ubbf8\uc9c0/[district]night_620C/[district]night_620C_375.json",
            "id": 5
        }
    ],
    "label": 2
}