{
    "data": [
        [
            0.5557291666666667,
            0.3648148148148148,
            0.01302083333333326,
            -0.03518518518518521,
            -0.02187500000000009,
            0.021296296296296313,
            -0.0026041666666667407,
            -0.010185185185185186
        ],
        [
            0.5557291666666667,
            0.3648148148148148,
            0.01302083333333326,
            -0.03518518518518521,
            -0.01666666666666672,
            0.018518518518518545,
            -0.0031250000000000444,
            -0.005555555555555536
        ],
        [
            0.5557291666666667,
            0.3648148148148148,
            0.01302083333333326,
            -0.03518518518518521,
            -0.021354166666666674,
            0.020370370370370372,
            -0.020312500000000067,
            0.018518518518518545
        ]
    ],
    "original_data": [
        {
            "time_step": 1,
            "original_data_path": "/content/drive/Othercomputers/\ub0b4 \ub178\ud2b8\ubd81/Forked_Models/Validation/Validation/_\ub77c\ubca8_General_val_C/district/3. \ud6c4\ubc29 \ubc29\ud5a5 \uc774\ubbf8\uc9c0/[district]leave_642C/[district]leave_642C_480.json",
            "id": 4
        },
        {
            "time_step": 2,
            "original_data_path": "/content/drive/Othercomputers/\ub0b4 \ub178\ud2b8\ubd81/Forked_Models/Validation/Validation/_\ub77c\ubca8_General_val_C/district/3. \ud6c4\ubc29 \ubc29\ud5a5 \uc774\ubbf8\uc9c0/[district]leave_642C/[district]leave_642C_485.json",
            "id": 4
        },
        {
            "time_step": 3,
            "original_data_path": "/content/drive/Othercomputers/\ub0b4 \ub178\ud2b8\ubd81/Forked_Models/Validation/Validation/_\ub77c\ubca8_General_val_C/district/3. \ud6c4\ubc29 \ubc29\ud5a5 \uc774\ubbf8\uc9c0/[district]leave_642C/[district]leave_642C_490.json",
            "id": 4
        }
    ],
    "label": 2
}