{
    "data": [
        [
            0.42083333333333334,
            0.6981481481481482,
            -0.018229166666666685,
            -0.04444444444444451,
            -0.020833333333333315,
            -0.036111111111111094,
            0.052083333333333315,
            0.11296296296296293
        ],
        [
            0.42083333333333334,
            0.6981481481481482,
            -0.018229166666666685,
            -0.04444444444444451,
            -0.020833333333333315,
            -0.036111111111111094,
            0.052083333333333315,
            0.11296296296296293
        ],
        [
            0.415625,
            0.712037037037037,
            -0.009895833333333381,
            -0.04907407407407405,
            -0.027083333333333348,
            -0.051851851851851816,
            0.06406249999999997,
            0.0796296296296296
        ]
    ],
    "original_data": [
        {
            "time_step": 1,
            "original_data_path": "/content/drive/Othercomputers/\ub0b4 \ub178\ud2b8\ubd81/Forked_Models/Validation/Validation/_\ub77c\ubca8_General_val_C/district/3. \ud6c4\ubc29 \ubc29\ud5a5 \uc774\ubbf8\uc9c0/[district]morning_649C/[district]morning_649C_35.json",
            "id": 4
        },
        {
            "time_step": 2,
            "original_data_path": "/content/drive/Othercomputers/\ub0b4 \ub178\ud2b8\ubd81/Forked_Models/Validation/Validation/_\ub77c\ubca8_General_val_C/district/3. \ud6c4\ubc29 \ubc29\ud5a5 \uc774\ubbf8\uc9c0/[district]morning_649C/[district]morning_649C_40.json",
            "id": 4
        },
        {
            "time_step": 3,
            "original_data_path": "/content/drive/Othercomputers/\ub0b4 \ub178\ud2b8\ubd81/Forked_Models/Validation/Validation/_\ub77c\ubca8_General_val_C/district/3. \ud6c4\ubc29 \ubc29\ud5a5 \uc774\ubbf8\uc9c0/[district]morning_649C/[district]morning_649C_45.json",
            "id": 4
        }
    ],
    "label": 2
}