{
    "data": [
        [
            0.5734375,
            0.4083333333333333,
            0.006249999999999978,
            -0.04907407407407405,
            0.009895833333333326,
            0.10555555555555551,
            -0.020312500000000067,
            -0.01851851851851849
        ],
        [
            0.5734375,
            0.4083333333333333,
            0.006249999999999978,
            -0.04907407407407405,
            0.016666666666666607,
            0.09166666666666667,
            -0.021354166666666674,
            -0.021296296296296313
        ],
        [
            0.5786458333333333,
            0.4083333333333333,
            0.008854166666666718,
            -0.04259259259259257,
            -0.002083333333333326,
            0.10648148148148151,
            -0.015625,
            -0.0018518518518518268
        ]
    ],
    "original_data": [
        {
            "time_step": 1,
            "original_data_path": "/content/drive/Othercomputers/\ub0b4 \ub178\ud2b8\ubd81/Forked_Models/Validation/Validation/_\ub77c\ubca8_General_val_C/district/3. \ud6c4\ubc29 \ubc29\ud5a5 \uc774\ubbf8\uc9c0/[district]day_712C/[district]day_712C_100.json",
            "id": 4
        },
        {
            "time_step": 2,
            "original_data_path": "/content/drive/Othercomputers/\ub0b4 \ub178\ud2b8\ubd81/Forked_Models/Validation/Validation/_\ub77c\ubca8_General_val_C/district/3. \ud6c4\ubc29 \ubc29\ud5a5 \uc774\ubbf8\uc9c0/[district]day_712C/[district]day_712C_105.json",
            "id": 4
        },
        {
            "time_step": 3,
            "original_data_path": "/content/drive/Othercomputers/\ub0b4 \ub178\ud2b8\ubd81/Forked_Models/Validation/Validation/_\ub77c\ubca8_General_val_C/district/3. \ud6c4\ubc29 \ubc29\ud5a5 \uc774\ubbf8\uc9c0/[district]day_712C/[district]day_712C_110.json",
            "id": 4
        }
    ],
    "label": 2
}