{
    "data": [
        [
            0.34322916666666664,
            0.2675925925925926,
            -0.0005208333333333037,
            -0.03240740740740741,
            -0.020312499999999956,
            0.01944444444444443,
            0.019791666666666707,
            0.0
        ],
        [
            0.34322916666666664,
            0.2675925925925926,
            -0.003124999999999989,
            -0.030555555555555558,
            -0.020312499999999956,
            0.01944444444444443,
            0.019791666666666707,
            0.0
        ],
        [
            0.34322916666666664,
            0.2675925925925926,
            -0.003124999999999989,
            -0.033333333333333354,
            -0.020312499999999956,
            0.01944444444444443,
            0.019791666666666707,
            0.0
        ]
    ],
    "original_data": [
        {
            "time_step": 1,
            "original_data_path": "/content/drive/Othercomputers/\ub0b4 \ub178\ud2b8\ubd81/Forked_Models/Validation/Validation/_\ub77c\ubca8_General_val_C/district/3. \ud6c4\ubc29 \ubc29\ud5a5 \uc774\ubbf8\uc9c0/[district]leave_461C/[district]leave_461C_75.json",
            "id": 0
        },
        {
            "time_step": 2,
            "original_data_path": "/content/drive/Othercomputers/\ub0b4 \ub178\ud2b8\ubd81/Forked_Models/Validation/Validation/_\ub77c\ubca8_General_val_C/district/3. \ud6c4\ubc29 \ubc29\ud5a5 \uc774\ubbf8\uc9c0/[district]leave_461C/[district]leave_461C_80.json",
            "id": 0
        },
        {
            "time_step": 3,
            "original_data_path": "/content/drive/Othercomputers/\ub0b4 \ub178\ud2b8\ubd81/Forked_Models/Validation/Validation/_\ub77c\ubca8_General_val_C/district/3. \ud6c4\ubc29 \ubc29\ud5a5 \uc774\ubbf8\uc9c0/[district]leave_461C/[district]leave_461C_85.json",
            "id": 0
        }
    ],
    "label": 2
}