{
    "data": [
        [
            0.5807291666666666,
            0.12222222222222222,
            0.0005208333333334147,
            -0.03148148148148147,
            -0.02083333333333326,
            0.015740740740740736,
            0.005729166666666674,
            0.009259259259259259
        ],
        [
            0.5807291666666666,
            0.12222222222222222,
            0.0005208333333334147,
            -0.03148148148148147,
            -0.02499999999999991,
            0.008333333333333345,
            0.014583333333333393,
            0.0009259259259259273
        ],
        [
            0.5822916666666667,
            0.125,
            0.0015625000000000222,
            -0.03425925925925925,
            -0.018749999999999933,
            0.013888888888888895,
            0.022395833333333393,
            0.01574074074074075
        ]
    ],
    "original_data": [
        {
            "time_step": 1,
            "original_data_path": "/content/drive/Othercomputers/\ub0b4 \ub178\ud2b8\ubd81/Forked_Models/Validation/Validation/_\ub77c\ubca8_General_val_C/district/3. \ud6c4\ubc29 \ubc29\ud5a5 \uc774\ubbf8\uc9c0/[district]day_704C/[district]day_704C_400.json",
            "id": 3
        },
        {
            "time_step": 2,
            "original_data_path": "/content/drive/Othercomputers/\ub0b4 \ub178\ud2b8\ubd81/Forked_Models/Validation/Validation/_\ub77c\ubca8_General_val_C/district/3. \ud6c4\ubc29 \ubc29\ud5a5 \uc774\ubbf8\uc9c0/[district]day_704C/[district]day_704C_405.json",
            "id": 3
        },
        {
            "time_step": 3,
            "original_data_path": "/content/drive/Othercomputers/\ub0b4 \ub178\ud2b8\ubd81/Forked_Models/Validation/Validation/_\ub77c\ubca8_General_val_C/district/3. \ud6c4\ubc29 \ubc29\ud5a5 \uc774\ubbf8\uc9c0/[district]day_704C/[district]day_704C_410.json",
            "id": 3
        }
    ],
    "label": 2
}