{
    "data": [
        [
            0.5630208333333333,
            0.2796296296296296,
            0.0015625000000000222,
            -0.045370370370370366,
            -0.02083333333333326,
            -0.002777777777777768,
            0.017708333333333326,
            -0.002777777777777768
        ],
        [
            0.5645833333333333,
            0.275,
            0.0,
            -0.04074074074074077,
            -0.02239583333333328,
            0.0018518518518518268,
            0.016145833333333304,
            0.0018518518518518268
        ],
        [
            0.5598958333333334,
            0.2777777777777778,
            0.0,
            -0.04444444444444445,
            -0.017708333333333326,
            -0.0009259259259259411,
            0.02083333333333326,
            -0.0009259259259259411
        ]
    ],
    "original_data": [
        {
            "time_step": 1,
            "original_data_path": "/content/drive/Othercomputers/\ub0b4 \ub178\ud2b8\ubd81/Forked_Models/Validation/Validation/_\ub77c\ubca8_General_val_C/district/3. \ud6c4\ubc29 \ubc29\ud5a5 \uc774\ubbf8\uc9c0/[district]night_506C/[district]night_506C_105.json",
            "id": 1
        },
        {
            "time_step": 2,
            "original_data_path": "/content/drive/Othercomputers/\ub0b4 \ub178\ud2b8\ubd81/Forked_Models/Validation/Validation/_\ub77c\ubca8_General_val_C/district/3. \ud6c4\ubc29 \ubc29\ud5a5 \uc774\ubbf8\uc9c0/[district]night_506C/[district]night_506C_110.json",
            "id": 1
        },
        {
            "time_step": 3,
            "original_data_path": "/content/drive/Othercomputers/\ub0b4 \ub178\ud2b8\ubd81/Forked_Models/Validation/Validation/_\ub77c\ubca8_General_val_C/district/3. \ud6c4\ubc29 \ubc29\ud5a5 \uc774\ubbf8\uc9c0/[district]night_506C/[district]night_506C_115.json",
            "id": 1
        }
    ],
    "label": 2
}