{
    "data": [
        [
            0.6375,
            0.2935185185185185,
            0.0015625000000000222,
            -0.028703703703703676,
            -0.025520833333333326,
            0.002777777777777768,
            0.02083333333333337,
            0.007407407407407418
        ],
        [
            0.6375,
            0.2935185185185185,
            0.0010416666666667185,
            -0.030555555555555558,
            -0.025520833333333326,
            0.002777777777777768,
            0.02083333333333337,
            0.007407407407407418
        ],
        [
            0.6395833333333333,
            0.30277777777777776,
            0.0026041666666667407,
            -0.03518518518518515,
            -0.027604166666666652,
            -0.006481481481481477,
            0.018750000000000044,
            -0.0018518518518518268
        ]
    ],
    "original_data": [
        {
            "time_step": 1,
            "original_data_path": "/content/drive/Othercomputers/\ub0b4 \ub178\ud2b8\ubd81/Forked_Models/Validation/Validation/_\ub77c\ubca8_General_val_C/district/3. \ud6c4\ubc29 \ubc29\ud5a5 \uc774\ubbf8\uc9c0/[district]leave_438C/[district]leave_438C_55.json",
            "id": 1
        },
        {
            "time_step": 2,
            "original_data_path": "/content/drive/Othercomputers/\ub0b4 \ub178\ud2b8\ubd81/Forked_Models/Validation/Validation/_\ub77c\ubca8_General_val_C/district/3. \ud6c4\ubc29 \ubc29\ud5a5 \uc774\ubbf8\uc9c0/[district]leave_438C/[district]leave_438C_60.json",
            "id": 1
        },
        {
            "time_step": 3,
            "original_data_path": "/content/drive/Othercomputers/\ub0b4 \ub178\ud2b8\ubd81/Forked_Models/Validation/Validation/_\ub77c\ubca8_General_val_C/district/3. \ud6c4\ubc29 \ubc29\ud5a5 \uc774\ubbf8\uc9c0/[district]leave_438C/[district]leave_438C_65.json",
            "id": 1
        }
    ],
    "label": 2
}