{
    "data": [
        [
            0.603125,
            0.2537037037037037,
            -0.002083333333333326,
            -0.018518518518518517,
            -0.02083333333333337,
            0.012962962962962954,
            0.029166666666666674,
            0.020370370370370372
        ],
        [
            0.6098958333333333,
            0.25277777777777777,
            -0.0010416666666666075,
            -0.021296296296296285,
            -0.025000000000000022,
            0.013888888888888895,
            0.030729166666666696,
            0.01944444444444443
        ],
        [
            0.6098958333333333,
            0.2574074074074074,
            0.0,
            -0.021296296296296313,
            -0.029687499999999978,
            0.013888888888888895,
            0.030729166666666696,
            0.01481481481481478
        ]
    ],
    "original_data": [
        {
            "time_step": 1,
            "original_data_path": "/content/drive/Othercomputers/\ub0b4 \ub178\ud2b8\ubd81/Forked_Models/Validation/Validation/_\ub77c\ubca8_General_val_C/district/3. \ud6c4\ubc29 \ubc29\ud5a5 \uc774\ubbf8\uc9c0/[district]morning_1116C/[district]morning_1116C_45.json",
            "id": 1
        },
        {
            "time_step": 2,
            "original_data_path": "/content/drive/Othercomputers/\ub0b4 \ub178\ud2b8\ubd81/Forked_Models/Validation/Validation/_\ub77c\ubca8_General_val_C/district/3. \ud6c4\ubc29 \ubc29\ud5a5 \uc774\ubbf8\uc9c0/[district]morning_1116C/[district]morning_1116C_50.json",
            "id": 1
        },
        {
            "time_step": 3,
            "original_data_path": "/content/drive/Othercomputers/\ub0b4 \ub178\ud2b8\ubd81/Forked_Models/Validation/Validation/_\ub77c\ubca8_General_val_C/district/3. \ud6c4\ubc29 \ubc29\ud5a5 \uc774\ubbf8\uc9c0/[district]morning_1116C/[district]morning_1116C_55.json",
            "id": 1
        }
    ],
    "label": 2
}