{
    "data": [
        [
            0.5666666666666667,
            0.2851851851851852,
            0.002083333333333326,
            -0.03611111111111112,
            -0.027604166666666652,
            0.004629629629629595,
            0.01302083333333337,
            0.0018518518518518268
        ],
        [
            0.5635416666666667,
            0.2833333333333333,
            0.005729166666666563,
            -0.03425925925925924,
            -0.02447916666666672,
            0.006481481481481477,
            0.016145833333333304,
            0.003703703703703709
        ],
        [
            0.5666666666666667,
            0.28055555555555556,
            0.00520833333333337,
            -0.03425925925925927,
            -0.027604166666666652,
            0.009259259259259245,
            0.01302083333333337,
            0.006481481481481477
        ]
    ],
    "original_data": [
        {
            "time_step": 1,
            "original_data_path": "/content/drive/Othercomputers/\ub0b4 \ub178\ud2b8\ubd81/Forked_Models/Validation/Validation/_\ub77c\ubca8_General_val_C/district/3. \ud6c4\ubc29 \ubc29\ud5a5 \uc774\ubbf8\uc9c0/[district]day_581C/[district]day_581C_110.json",
            "id": 0
        },
        {
            "time_step": 2,
            "original_data_path": "/content/drive/Othercomputers/\ub0b4 \ub178\ud2b8\ubd81/Forked_Models/Validation/Validation/_\ub77c\ubca8_General_val_C/district/3. \ud6c4\ubc29 \ubc29\ud5a5 \uc774\ubbf8\uc9c0/[district]day_581C/[district]day_581C_115.json",
            "id": 0
        },
        {
            "time_step": 3,
            "original_data_path": "/content/drive/Othercomputers/\ub0b4 \ub178\ud2b8\ubd81/Forked_Models/Validation/Validation/_\ub77c\ubca8_General_val_C/district/3. \ud6c4\ubc29 \ubc29\ud5a5 \uc774\ubbf8\uc9c0/[district]day_581C/[district]day_581C_120.json",
            "id": 0
        }
    ],
    "label": 2
}