{
    "data": [
        [
            0.578125,
            0.29444444444444445,
            0.015625,
            -0.02777777777777779,
            -0.021874999999999978,
            -0.009259259259259245,
            0.0234375,
            0.010185185185185186
        ],
        [
            0.5739583333333333,
            0.2916666666666667,
            0.01041666666666663,
            -0.03425925925925927,
            -0.03125,
            -0.0018518518518518823,
            0.022916666666666696,
            0.002777777777777768
        ],
        [
            0.5651041666666666,
            0.2777777777777778,
            0.008333333333333415,
            -0.033333333333333354,
            -0.028124999999999956,
            0.0009259259259259411,
            0.025520833333333326,
            0.01481481481481478
        ]
    ],
    "original_data": [
        {
            "time_step": 1,
            "original_data_path": "/content/drive/Othercomputers/\ub0b4 \ub178\ud2b8\ubd81/Forked_Models/Validation/Validation/_\ub77c\ubca8_General_val_C/district/3. \ud6c4\ubc29 \ubc29\ud5a5 \uc774\ubbf8\uc9c0/[district]leave_594C/[district]leave_594C_535.json",
            "id": 0
        },
        {
            "time_step": 2,
            "original_data_path": "/content/drive/Othercomputers/\ub0b4 \ub178\ud2b8\ubd81/Forked_Models/Validation/Validation/_\ub77c\ubca8_General_val_C/district/3. \ud6c4\ubc29 \ubc29\ud5a5 \uc774\ubbf8\uc9c0/[district]leave_594C/[district]leave_594C_540.json",
            "id": 0
        },
        {
            "time_step": 3,
            "original_data_path": "/content/drive/Othercomputers/\ub0b4 \ub178\ud2b8\ubd81/Forked_Models/Validation/Validation/_\ub77c\ubca8_General_val_C/district/3. \ud6c4\ubc29 \ubc29\ud5a5 \uc774\ubbf8\uc9c0/[district]leave_594C/[district]leave_594C_545.json",
            "id": 0
        }
    ],
    "label": 2
}