{
    "data": [
        [
            0.3416666666666667,
            0.2916666666666667,
            -0.00833333333333336,
            -0.0314814814814815,
            -0.021354166666666674,
            0.008333333333333304,
            0.026041666666666685,
            0.003703703703703709
        ],
        [
            0.3416666666666667,
            0.2851851851851852,
            -0.005729166666666674,
            -0.0314814814814815,
            -0.019270833333333348,
            0.012037037037037013,
            0.027604166666666652,
            0.010185185185185186
        ],
        [
            0.3416666666666667,
            0.2851851851851852,
            -0.005729166666666674,
            -0.0314814814814815,
            -0.02031250000000001,
            0.010185185185185186,
            0.027604166666666652,
            0.010185185185185186
        ]
    ],
    "original_data": [
        {
            "time_step": 1,
            "original_data_path": "/content/drive/Othercomputers/\ub0b4 \ub178\ud2b8\ubd81/Forked_Models/Validation/Validation/_\ub77c\ubca8_General_val_C/district/3. \ud6c4\ubc29 \ubc29\ud5a5 \uc774\ubbf8\uc9c0/[district]day_731C/[district]day_731C_470.json",
            "id": 2
        },
        {
            "time_step": 2,
            "original_data_path": "/content/drive/Othercomputers/\ub0b4 \ub178\ud2b8\ubd81/Forked_Models/Validation/Validation/_\ub77c\ubca8_General_val_C/district/3. \ud6c4\ubc29 \ubc29\ud5a5 \uc774\ubbf8\uc9c0/[district]day_731C/[district]day_731C_475.json",
            "id": 2
        },
        {
            "time_step": 3,
            "original_data_path": "/content/drive/Othercomputers/\ub0b4 \ub178\ud2b8\ubd81/Forked_Models/Validation/Validation/_\ub77c\ubca8_General_val_C/district/3. \ud6c4\ubc29 \ubc29\ud5a5 \uc774\ubbf8\uc9c0/[district]day_731C/[district]day_731C_480.json",
            "id": 2
        }
    ],
    "label": 2
}