{
    "data": [
        [
            0.7953125,
            0.18518518518518517,
            -0.0026041666666666297,
            -0.029629629629629617,
            -0.03385416666666663,
            0.03611111111111112,
            0.030729166666666696,
            0.0314814814814815
        ],
        [
            0.7953125,
            0.18518518518518517,
            -0.003645833333333348,
            -0.025925925925925908,
            -0.030729166666666696,
            0.033333333333333354,
            0.030729166666666696,
            0.0314814814814815
        ],
        [
            0.7953125,
            0.18518518518518517,
            -0.003645833333333348,
            -0.025925925925925908,
            -0.030729166666666696,
            0.033333333333333354,
            0.030729166666666696,
            0.0314814814814815
        ]
    ],
    "original_data": [
        {
            "time_step": 1,
            "original_data_path": "/content/drive/Othercomputers/\ub0b4 \ub178\ud2b8\ubd81/Forked_Models/Validation/Validation/_\ub77c\ubca8_General_val_C/district/3. \ud6c4\ubc29 \ubc29\ud5a5 \uc774\ubbf8\uc9c0/[district]attend_044C/[district]attend_044C_34.json",
            "id": 0
        },
        {
            "time_step": 2,
            "original_data_path": "/content/drive/Othercomputers/\ub0b4 \ub178\ud2b8\ubd81/Forked_Models/Validation/Validation/_\ub77c\ubca8_General_val_C/district/3. \ud6c4\ubc29 \ubc29\ud5a5 \uc774\ubbf8\uc9c0/[district]attend_044C/[district]attend_044C_36.json",
            "id": 0
        },
        {
            "time_step": 3,
            "original_data_path": "/content/drive/Othercomputers/\ub0b4 \ub178\ud2b8\ubd81/Forked_Models/Validation/Validation/_\ub77c\ubca8_General_val_C/district/3. \ud6c4\ubc29 \ubc29\ud5a5 \uc774\ubbf8\uc9c0/[district]attend_044C/[district]attend_044C_38.json",
            "id": 0
        }
    ],
    "label": 2
}