{
    "data": [
        [
            0.6916666666666667,
            0.7611111111111111,
            0.014062499999999978,
            -0.033333333333333326,
            -0.05208333333333337,
            -0.040740740740740744,
            0.04270833333333335,
            0.0037037037037037646
        ],
        [
            0.6916666666666667,
            0.7611111111111111,
            0.014062499999999978,
            -0.033333333333333326,
            -0.04843750000000002,
            -0.04907407407407405,
            0.04270833333333335,
            0.0037037037037037646
        ],
        [
            0.6953125,
            0.7518518518518519,
            0.009375000000000022,
            -0.02777777777777779,
            -0.05208333333333337,
            -0.03981481481481486,
            0.0390625,
            0.012962962962962954
        ]
    ],
    "original_data": [
        {
            "time_step": 1,
            "original_data_path": "/content/drive/Othercomputers/\ub0b4 \ub178\ud2b8\ubd81/Forked_Models/Validation/Validation/_\ub77c\ubca8_General_val_C/district/3. \ud6c4\ubc29 \ubc29\ud5a5 \uc774\ubbf8\uc9c0/[district]night_632C/[district]night_632C_605.json",
            "id": 2
        },
        {
            "time_step": 2,
            "original_data_path": "/content/drive/Othercomputers/\ub0b4 \ub178\ud2b8\ubd81/Forked_Models/Validation/Validation/_\ub77c\ubca8_General_val_C/district/3. \ud6c4\ubc29 \ubc29\ud5a5 \uc774\ubbf8\uc9c0/[district]night_632C/[district]night_632C_610.json",
            "id": 2
        },
        {
            "time_step": 3,
            "original_data_path": "/content/drive/Othercomputers/\ub0b4 \ub178\ud2b8\ubd81/Forked_Models/Validation/Validation/_\ub77c\ubca8_General_val_C/district/3. \ud6c4\ubc29 \ubc29\ud5a5 \uc774\ubbf8\uc9c0/[district]night_632C/[district]night_632C_615.json",
            "id": 2
        }
    ],
    "label": 2
}