{
    "data": [
        [
            0.6453125,
            0.45925925925925926,
            0.0005208333333334147,
            -0.033333333333333326,
            -0.03645833333333326,
            -0.002777777777777768,
            0.031770833333333415,
            0.012037037037037013
        ],
        [
            0.6453125,
            0.45925925925925926,
            0.0005208333333334147,
            -0.033333333333333326,
            -0.03645833333333326,
            -0.002777777777777768,
            0.031770833333333415,
            0.012037037037037013
        ],
        [
            0.6453125,
            0.45925925925925926,
            0.0005208333333334147,
            -0.033333333333333326,
            -0.03645833333333326,
            -0.002777777777777768,
            0.031770833333333415,
            0.012037037037037013
        ]
    ],
    "original_data": [
        {
            "time_step": 1,
            "original_data_path": "/content/drive/Othercomputers/\ub0b4 \ub178\ud2b8\ubd81/Forked_Models/Validation/Validation/_\ub77c\ubca8_General_val_C/district/3. \ud6c4\ubc29 \ubc29\ud5a5 \uc774\ubbf8\uc9c0/[district]morning_512C/[district]morning_512C_110.json",
            "id": 2
        },
        {
            "time_step": 2,
            "original_data_path": "/content/drive/Othercomputers/\ub0b4 \ub178\ud2b8\ubd81/Forked_Models/Validation/Validation/_\ub77c\ubca8_General_val_C/district/3. \ud6c4\ubc29 \ubc29\ud5a5 \uc774\ubbf8\uc9c0/[district]morning_512C/[district]morning_512C_115.json",
            "id": 2
        },
        {
            "time_step": 3,
            "original_data_path": "/content/drive/Othercomputers/\ub0b4 \ub178\ud2b8\ubd81/Forked_Models/Validation/Validation/_\ub77c\ubca8_General_val_C/district/3. \ud6c4\ubc29 \ubc29\ud5a5 \uc774\ubbf8\uc9c0/[district]morning_512C/[district]morning_512C_120.json",
            "id": 2
        }
    ],
    "label": 2
}