{
    "data": [
        [
            0.5515625,
            0.2657407407407407,
            0.0078125,
            -0.0222222222222222,
            -0.011458333333333237,
            0.019444444444444486,
            0.025520833333333326,
            0.02314814814814814
        ],
        [
            0.5526041666666667,
            0.2675925925925926,
            0.004166666666666652,
            -0.026851851851851877,
            -0.012499999999999956,
            0.017592592592592604,
            0.024479166666666607,
            0.021296296296296258
        ],
        [
            0.5541666666666667,
            0.26481481481481484,
            -0.0015625000000000222,
            -0.026851851851851877,
            -0.014062499999999978,
            0.020370370370370372,
            0.022916666666666585,
            0.024074074074074026
        ]
    ],
    "original_data": [
        {
            "time_step": 1,
            "original_data_path": "/content/drive/Othercomputers/\ub0b4 \ub178\ud2b8\ubd81/Forked_Models/Validation/Validation/_\ub77c\ubca8_General_val_C/district/3. \ud6c4\ubc29 \ubc29\ud5a5 \uc774\ubbf8\uc9c0/[district]day_420C/[district]day_420C_260.json",
            "id": 1
        },
        {
            "time_step": 2,
            "original_data_path": "/content/drive/Othercomputers/\ub0b4 \ub178\ud2b8\ubd81/Forked_Models/Validation/Validation/_\ub77c\ubca8_General_val_C/district/3. \ud6c4\ubc29 \ubc29\ud5a5 \uc774\ubbf8\uc9c0/[district]day_420C/[district]day_420C_265.json",
            "id": 1
        },
        {
            "time_step": 3,
            "original_data_path": "/content/drive/Othercomputers/\ub0b4 \ub178\ud2b8\ubd81/Forked_Models/Validation/Validation/_\ub77c\ubca8_General_val_C/district/3. \ud6c4\ubc29 \ubc29\ud5a5 \uc774\ubbf8\uc9c0/[district]day_420C/[district]day_420C_270.json",
            "id": 1
        }
    ],
    "label": 2
}