{
    "data": [
        [
            0.6484375,
            0.4888888888888889,
            0.002083333333333326,
            -0.04351851851851851,
            -0.03489583333333335,
            -0.0018518518518518268,
            0.020312499999999956,
            -0.002777777777777768
        ],
        [
            0.6484375,
            0.4888888888888889,
            0.002083333333333326,
            -0.04351851851851851,
            -0.03489583333333335,
            -0.0018518518518518268,
            0.020312499999999956,
            -0.002777777777777768
        ],
        [
            0.6473958333333333,
            0.487962962962963,
            0.0010416666666667185,
            -0.045370370370370394,
            -0.03385416666666663,
            -0.0009259259259259411,
            0.021354166666666674,
            -0.0018518518518518823
        ]
    ],
    "original_data": [
        {
            "time_step": 1,
            "original_data_path": "/content/drive/Othercomputers/\ub0b4 \ub178\ud2b8\ubd81/Forked_Models/Validation/Validation/_\ub77c\ubca8_General_val_C/district/3. \ud6c4\ubc29 \ubc29\ud5a5 \uc774\ubbf8\uc9c0/[district]night_617C/[district]night_617C_600.json",
            "id": 2
        },
        {
            "time_step": 2,
            "original_data_path": "/content/drive/Othercomputers/\ub0b4 \ub178\ud2b8\ubd81/Forked_Models/Validation/Validation/_\ub77c\ubca8_General_val_C/district/3. \ud6c4\ubc29 \ubc29\ud5a5 \uc774\ubbf8\uc9c0/[district]night_617C/[district]night_617C_605.json",
            "id": 2
        },
        {
            "time_step": 3,
            "original_data_path": "/content/drive/Othercomputers/\ub0b4 \ub178\ud2b8\ubd81/Forked_Models/Validation/Validation/_\ub77c\ubca8_General_val_C/district/3. \ud6c4\ubc29 \ubc29\ud5a5 \uc774\ubbf8\uc9c0/[district]night_617C/[district]night_617C_610.json",
            "id": 2
        }
    ],
    "label": 2
}