{
    "data": [
        [
            0.6265625,
            0.2574074074074074,
            0.005729166666666674,
            -0.03240740740740741,
            -0.03541666666666665,
            0.011111111111111127,
            0.029166666666666674,
            0.025925925925925908
        ],
        [
            0.6286458333333333,
            0.25462962962962965,
            0.002083333333333326,
            -0.02777777777777779,
            -0.03749999999999998,
            0.013888888888888895,
            0.027083333333333348,
            0.028703703703703676
        ],
        [
            0.6270833333333333,
            0.25,
            0.004687499999999956,
            -0.03148148148148147,
            -0.035937499999999956,
            0.018518518518518545,
            0.02864583333333337,
            0.033333333333333326
        ]
    ],
    "original_data": [
        {
            "time_step": 1,
            "original_data_path": "/content/drive/Othercomputers/\ub0b4 \ub178\ud2b8\ubd81/Forked_Models/Validation/Validation/_\ub77c\ubca8_General_val_C/district/3. \ud6c4\ubc29 \ubc29\ud5a5 \uc774\ubbf8\uc9c0/[district]morning_964C/[district]morning_964C_35.json",
            "id": 1
        },
        {
            "time_step": 2,
            "original_data_path": "/content/drive/Othercomputers/\ub0b4 \ub178\ud2b8\ubd81/Forked_Models/Validation/Validation/_\ub77c\ubca8_General_val_C/district/3. \ud6c4\ubc29 \ubc29\ud5a5 \uc774\ubbf8\uc9c0/[district]morning_964C/[district]morning_964C_40.json",
            "id": 1
        },
        {
            "time_step": 3,
            "original_data_path": "/content/drive/Othercomputers/\ub0b4 \ub178\ud2b8\ubd81/Forked_Models/Validation/Validation/_\ub77c\ubca8_General_val_C/district/3. \ud6c4\ubc29 \ubc29\ud5a5 \uc774\ubbf8\uc9c0/[district]morning_964C/[district]morning_964C_45.json",
            "id": 1
        }
    ],
    "label": 2
}