{
    "data": [
        [
            0.33697916666666666,
            0.2675925925925926,
            -0.001041666666666663,
            -0.03240740740740741,
            -0.017708333333333326,
            0.008333333333333304,
            0.025520833333333326,
            0.0018518518518518268
        ],
        [
            0.33697916666666666,
            0.2675925925925926,
            -0.001041666666666663,
            -0.03240740740740741,
            -0.017708333333333326,
            0.008333333333333304,
            0.025520833333333326,
            0.0018518518518518268
        ],
        [
            0.33697916666666666,
            0.2675925925925926,
            -0.001041666666666663,
            -0.03240740740740741,
            -0.017708333333333326,
            0.008333333333333304,
            0.025520833333333326,
            0.0018518518518518268
        ]
    ],
    "original_data": [
        {
            "time_step": 1,
            "original_data_path": "/content/drive/Othercomputers/\ub0b4 \ub178\ud2b8\ubd81/Forked_Models/Validation/Validation/_\ub77c\ubca8_General_val_C/district/3. \ud6c4\ubc29 \ubc29\ud5a5 \uc774\ubbf8\uc9c0/[district]day_683C/[district]day_683C_195.json",
            "id": 2
        },
        {
            "time_step": 2,
            "original_data_path": "/content/drive/Othercomputers/\ub0b4 \ub178\ud2b8\ubd81/Forked_Models/Validation/Validation/_\ub77c\ubca8_General_val_C/district/3. \ud6c4\ubc29 \ubc29\ud5a5 \uc774\ubbf8\uc9c0/[district]day_683C/[district]day_683C_200.json",
            "id": 2
        },
        {
            "time_step": 3,
            "original_data_path": "/content/drive/Othercomputers/\ub0b4 \ub178\ud2b8\ubd81/Forked_Models/Validation/Validation/_\ub77c\ubca8_General_val_C/district/3. \ud6c4\ubc29 \ubc29\ud5a5 \uc774\ubbf8\uc9c0/[district]day_683C/[district]day_683C_205.json",
            "id": 2
        }
    ],
    "label": 2
}