{
    "data": [
        [
            0.5046875,
            0.5111111111111111,
            0.015104166666666696,
            -0.06759259259259254,
            -0.019270833333333293,
            0.10555555555555562,
            -0.008333333333333304,
            -0.0398148148148148
        ],
        [
            0.5046875,
            0.5111111111111111,
            0.015104166666666696,
            -0.06759259259259254,
            -0.019270833333333293,
            0.10555555555555562,
            -0.012499999999999956,
            -0.03333333333333327
        ],
        [
            0.5046875,
            0.5111111111111111,
            0.015104166666666696,
            -0.06759259259259254,
            -0.019270833333333293,
            0.10555555555555562,
            -0.012499999999999956,
            -0.03333333333333327
        ]
    ],
    "original_data": [
        {
            "time_step": 1,
            "original_data_path": "/content/drive/Othercomputers/\ub0b4 \ub178\ud2b8\ubd81/Forked_Models/Validation/Validation/_\ub77c\ubca8_General_val_C/district/3. \ud6c4\ubc29 \ubc29\ud5a5 \uc774\ubbf8\uc9c0/[district]leave_511C/[district]leave_511C_365.json",
            "id": 1
        },
        {
            "time_step": 2,
            "original_data_path": "/content/drive/Othercomputers/\ub0b4 \ub178\ud2b8\ubd81/Forked_Models/Validation/Validation/_\ub77c\ubca8_General_val_C/district/3. \ud6c4\ubc29 \ubc29\ud5a5 \uc774\ubbf8\uc9c0/[district]leave_511C/[district]leave_511C_370.json",
            "id": 1
        },
        {
            "time_step": 3,
            "original_data_path": "/content/drive/Othercomputers/\ub0b4 \ub178\ud2b8\ubd81/Forked_Models/Validation/Validation/_\ub77c\ubca8_General_val_C/district/3. \ud6c4\ubc29 \ubc29\ud5a5 \uc774\ubbf8\uc9c0/[district]leave_511C/[district]leave_511C_375.json",
            "id": 1
        }
    ],
    "label": 2
}