{
    "data": [
        [
            0.6255208333333333,
            0.11851851851851852,
            0.0015625000000000222,
            -0.023148148148148154,
            -0.01041666666666663,
            0.02407407407407408,
            0.021354166666666674,
            0.02407407407407408
        ],
        [
            0.6255208333333333,
            0.11851851851851852,
            0.0015625000000000222,
            -0.019444444444444445,
            -0.01041666666666663,
            0.02407407407407408,
            0.021354166666666674,
            0.02407407407407408
        ],
        [
            0.6255208333333333,
            0.11944444444444445,
            0.0026041666666667407,
            -0.0212962962962963,
            -0.01041666666666663,
            0.024074074074074067,
            0.021354166666666674,
            0.024074074074074067
        ]
    ],
    "original_data": [
        {
            "time_step": 1,
            "original_data_path": "/content/drive/Othercomputers/\ub0b4 \ub178\ud2b8\ubd81/Forked_Models/Validation/Validation/_\ub77c\ubca8_General_val_C/district/3. \ud6c4\ubc29 \ubc29\ud5a5 \uc774\ubbf8\uc9c0/[district]attend_057C/[district]attend_057C_8.json",
            "id": 0
        },
        {
            "time_step": 2,
            "original_data_path": "/content/drive/Othercomputers/\ub0b4 \ub178\ud2b8\ubd81/Forked_Models/Validation/Validation/_\ub77c\ubca8_General_val_C/district/3. \ud6c4\ubc29 \ubc29\ud5a5 \uc774\ubbf8\uc9c0/[district]attend_057C/[district]attend_057C_10.json",
            "id": 0
        },
        {
            "time_step": 3,
            "original_data_path": "/content/drive/Othercomputers/\ub0b4 \ub178\ud2b8\ubd81/Forked_Models/Validation/Validation/_\ub77c\ubca8_General_val_C/district/3. \ud6c4\ubc29 \ubc29\ud5a5 \uc774\ubbf8\uc9c0/[district]attend_057C/[district]attend_057C_12.json",
            "id": 0
        }
    ],
    "label": 2
}