{
    "data": [
        [
            0.5734375,
            0.20185185185185187,
            0.0010416666666666075,
            -0.03981481481481483,
            -0.025000000000000022,
            0.024074074074074053,
            0.024479166666666607,
            0.009259259259259245
        ],
        [
            0.5744791666666667,
            0.2,
            0.0,
            -0.037037037037037035,
            -0.02604166666666663,
            0.02685185185185185,
            0.0234375,
            0.012037037037037013
        ],
        [
            0.5744791666666667,
            0.20555555555555555,
            0.0005208333333333037,
            -0.040740740740740744,
            -0.02604166666666663,
            0.021296296296296313,
            0.0234375,
            0.008333333333333331
        ]
    ],
    "original_data": [
        {
            "time_step": 1,
            "original_data_path": "/content/drive/Othercomputers/\ub0b4 \ub178\ud2b8\ubd81/Forked_Models/Validation/Validation/_\ub77c\ubca8_General_val_C/district/3. \ud6c4\ubc29 \ubc29\ud5a5 \uc774\ubbf8\uc9c0/[district]morning_071C/[district]morning_071C_186.json",
            "id": 1
        },
        {
            "time_step": 2,
            "original_data_path": "/content/drive/Othercomputers/\ub0b4 \ub178\ud2b8\ubd81/Forked_Models/Validation/Validation/_\ub77c\ubca8_General_val_C/district/3. \ud6c4\ubc29 \ubc29\ud5a5 \uc774\ubbf8\uc9c0/[district]morning_071C/[district]morning_071C_188.json",
            "id": 1
        },
        {
            "time_step": 3,
            "original_data_path": "/content/drive/Othercomputers/\ub0b4 \ub178\ud2b8\ubd81/Forked_Models/Validation/Validation/_\ub77c\ubca8_General_val_C/district/3. \ud6c4\ubc29 \ubc29\ud5a5 \uc774\ubbf8\uc9c0/[district]morning_071C/[district]morning_071C_190.json",
            "id": 1
        }
    ],
    "label": 2
}