{
    "data": [
        [
            0.4041666666666667,
            0.6666666666666666,
            -0.02395833333333336,
            -0.0703703703703703,
            0.04062499999999997,
            -0.012037037037036957,
            0.016145833333333304,
            0.12685185185185188
        ],
        [
            0.38958333333333334,
            0.649074074074074,
            -0.016666666666666663,
            -0.06851851851851842,
            0.04375000000000001,
            0.0064814814814815325,
            0.023958333333333304,
            0.1342592592592593
        ],
        [
            0.396875,
            0.637962962962963,
            -0.015625,
            -0.07037037037037042,
            0.03958333333333336,
            0.007407407407407418,
            0.0234375,
            0.11759259259259258
        ]
    ],
    "original_data": [
        {
            "time_step": 1,
            "original_data_path": "/content/drive/Othercomputers/\ub0b4 \ub178\ud2b8\ubd81/Forked_Models/Validation/Validation/_\ub77c\ubca8_General_val_C/district/3. \ud6c4\ubc29 \ubc29\ud5a5 \uc774\ubbf8\uc9c0/[district]day_683C/[district]day_683C_430.json",
            "id": 7
        },
        {
            "time_step": 2,
            "original_data_path": "/content/drive/Othercomputers/\ub0b4 \ub178\ud2b8\ubd81/Forked_Models/Validation/Validation/_\ub77c\ubca8_General_val_C/district/3. \ud6c4\ubc29 \ubc29\ud5a5 \uc774\ubbf8\uc9c0/[district]day_683C/[district]day_683C_435.json",
            "id": 7
        },
        {
            "time_step": 3,
            "original_data_path": "/content/drive/Othercomputers/\ub0b4 \ub178\ud2b8\ubd81/Forked_Models/Validation/Validation/_\ub77c\ubca8_General_val_C/district/3. \ud6c4\ubc29 \ubc29\ud5a5 \uc774\ubbf8\uc9c0/[district]day_683C/[district]day_683C_440.json",
            "id": 7
        }
    ],
    "label": 2
}