{
    "data": [
        [
            0.6447916666666667,
            0.4861111111111111,
            0.0031250000000000444,
            -0.02777777777777779,
            -0.025520833333333326,
            -0.0018518518518518268,
            0.027083333333333348,
            0.00462962962962965
        ],
        [
            0.6427083333333333,
            0.48055555555555557,
            0.00520833333333337,
            -0.022222222222222254,
            -0.0234375,
            0.003703703703703709,
            0.029166666666666674,
            0.010185185185185186
        ],
        [
            0.6453125,
            0.4842592592592593,
            -0.0015624999999999112,
            -0.02870370370370373,
            -0.02604166666666663,
            0.0,
            0.026562500000000044,
            0.006481481481481477
        ]
    ],
    "original_data": [
        {
            "time_step": 1,
            "original_data_path": "/content/drive/Othercomputers/\ub0b4 \ub178\ud2b8\ubd81/Forked_Models/Validation/Validation/_\ub77c\ubca8_General_val_C/district/3. \ud6c4\ubc29 \ubc29\ud5a5 \uc774\ubbf8\uc9c0/[district]leave_461C/[district]leave_461C_135.json",
            "id": 2
        },
        {
            "time_step": 2,
            "original_data_path": "/content/drive/Othercomputers/\ub0b4 \ub178\ud2b8\ubd81/Forked_Models/Validation/Validation/_\ub77c\ubca8_General_val_C/district/3. \ud6c4\ubc29 \ubc29\ud5a5 \uc774\ubbf8\uc9c0/[district]leave_461C/[district]leave_461C_140.json",
            "id": 2
        },
        {
            "time_step": 3,
            "original_data_path": "/content/drive/Othercomputers/\ub0b4 \ub178\ud2b8\ubd81/Forked_Models/Validation/Validation/_\ub77c\ubca8_General_val_C/district/3. \ud6c4\ubc29 \ubc29\ud5a5 \uc774\ubbf8\uc9c0/[district]leave_461C/[district]leave_461C_145.json",
            "id": 2
        }
    ],
    "label": 2
}