{
    "data": [
        [
            0.471875,
            0.1537037037037037,
            -0.011458333333333348,
            -0.049074074074074076,
            -0.02604166666666663,
            0.03148148148148147,
            0.031250000000000056,
            0.018518518518518517
        ],
        [
            0.4796875,
            0.1537037037037037,
            -0.01041666666666663,
            -0.049074074074074076,
            -0.024479166666666663,
            0.03148148148148147,
            0.028645833333333315,
            0.018518518518518517
        ],
        [
            0.4828125,
            0.1537037037037037,
            -0.009895833333333326,
            -0.049074074074074076,
            -0.02291666666666664,
            0.03148148148148147,
            0.028125000000000067,
            0.018518518518518517
        ]
    ],
    "original_data": [
        {
            "time_step": 1,
            "original_data_path": "/content/drive/Othercomputers/\ub0b4 \ub178\ud2b8\ubd81/Forked_Models/Validation/Validation/_\ub77c\ubca8_General_val_C/district/3. \ud6c4\ubc29 \ubc29\ud5a5 \uc774\ubbf8\uc9c0/[district]leave_047C/[district]leave_047C_160.json",
            "id": 9
        },
        {
            "time_step": 2,
            "original_data_path": "/content/drive/Othercomputers/\ub0b4 \ub178\ud2b8\ubd81/Forked_Models/Validation/Validation/_\ub77c\ubca8_General_val_C/district/3. \ud6c4\ubc29 \ubc29\ud5a5 \uc774\ubbf8\uc9c0/[district]leave_047C/[district]leave_047C_162.json",
            "id": 9
        },
        {
            "time_step": 3,
            "original_data_path": "/content/drive/Othercomputers/\ub0b4 \ub178\ud2b8\ubd81/Forked_Models/Validation/Validation/_\ub77c\ubca8_General_val_C/district/3. \ud6c4\ubc29 \ubc29\ud5a5 \uc774\ubbf8\uc9c0/[district]leave_047C/[district]leave_047C_164.json",
            "id": 9
        }
    ],
    "label": 0
}