{
    "data": [
        [
            0.46927083333333336,
            0.4638888888888889,
            0.0026041666666666297,
            -0.07500000000000001,
            0.054687499999999944,
            0.08240740740740737,
            -0.04010416666666672,
            0.01481481481481478
        ],
        [
            0.44947916666666665,
            0.4212962962962963,
            0.003124999999999989,
            -0.06944444444444442,
            0.07135416666666672,
            0.045370370370370394,
            -0.03541666666666665,
            0.03611111111111115
        ],
        [
            0.4453125,
            0.36018518518518516,
            0.003124999999999989,
            -0.06388888888888888,
            0.057812500000000044,
            0.046296296296296335,
            -0.025520833333333326,
            0.019444444444444486
        ]
    ],
    "original_data": [
        {
            "time_step": 1,
            "original_data_path": "/content/drive/Othercomputers/\ub0b4 \ub178\ud2b8\ubd81/Forked_Models/Validation/Validation/_\ub77c\ubca8_General_val_C/district/3. \ud6c4\ubc29 \ubc29\ud5a5 \uc774\ubbf8\uc9c0/[district]day_963C/[district]day_963C_360.json",
            "id": 4
        },
        {
            "time_step": 2,
            "original_data_path": "/content/drive/Othercomputers/\ub0b4 \ub178\ud2b8\ubd81/Forked_Models/Validation/Validation/_\ub77c\ubca8_General_val_C/district/3. \ud6c4\ubc29 \ubc29\ud5a5 \uc774\ubbf8\uc9c0/[district]day_963C/[district]day_963C_365.json",
            "id": 4
        },
        {
            "time_step": 3,
            "original_data_path": "/content/drive/Othercomputers/\ub0b4 \ub178\ud2b8\ubd81/Forked_Models/Validation/Validation/_\ub77c\ubca8_General_val_C/district/3. \ud6c4\ubc29 \ubc29\ud5a5 \uc774\ubbf8\uc9c0/[district]day_963C/[district]day_963C_370.json",
            "id": 4
        }
    ],
    "label": 0
}