{
    "data": [
        [
            0.7244791666666667,
            0.1537037037037037,
            -0.0067708333333333925,
            -0.03518518518518518,
            -0.03229166666666672,
            0.05925925925925926,
            0.039583333333333304,
            0.06203703703703703
        ],
        [
            0.7177083333333333,
            0.15925925925925927,
            0.0,
            -0.040740740740740744,
            -0.02604166666666663,
            0.04629629629629628,
            0.04427083333333337,
            0.056481481481481466
        ],
        [
            0.7265625,
            0.15833333333333333,
            -0.01041666666666663,
            -0.03425925925925925,
            -0.035937499999999956,
            0.04722222222222222,
            0.038541666666666696,
            0.05185185185185187
        ]
    ],
    "original_data": [
        {
            "time_step": 1,
            "original_data_path": "/content/drive/Othercomputers/\ub0b4 \ub178\ud2b8\ubd81/Forked_Models/Validation/Validation/_\ub77c\ubca8_General_val_C/district/3. \ud6c4\ubc29 \ubc29\ud5a5 \uc774\ubbf8\uc9c0/[district]attend_037C/[district]attend_037C_256.json",
            "id": 4
        },
        {
            "time_step": 2,
            "original_data_path": "/content/drive/Othercomputers/\ub0b4 \ub178\ud2b8\ubd81/Forked_Models/Validation/Validation/_\ub77c\ubca8_General_val_C/district/3. \ud6c4\ubc29 \ubc29\ud5a5 \uc774\ubbf8\uc9c0/[district]attend_037C/[district]attend_037C_258.json",
            "id": 4
        },
        {
            "time_step": 3,
            "original_data_path": "/content/drive/Othercomputers/\ub0b4 \ub178\ud2b8\ubd81/Forked_Models/Validation/Validation/_\ub77c\ubca8_General_val_C/district/3. \ud6c4\ubc29 \ubc29\ud5a5 \uc774\ubbf8\uc9c0/[district]attend_037C/[district]attend_037C_260.json",
            "id": 4
        }
    ],
    "label": 0
}