{
    "data": [
        [
            0.43020833333333336,
            0.3490740740740741,
            0.011979166666666652,
            -0.05462962962962964,
            -0.04010416666666672,
            0.06296296296296294,
            0.017187499999999967,
            0.032407407407407385
        ],
        [
            0.47708333333333336,
            0.26296296296296295,
            0.01510416666666664,
            -0.07407407407407407,
            -0.046875,
            0.04722222222222222,
            0.02395833333333336,
            0.037037037037037035
        ],
        [
            0.525,
            0.18888888888888888,
            0.015625,
            -0.061111111111111116,
            -0.04791666666666666,
            0.04351851851851851,
            0.0067708333333332815,
            0.02314814814814814
        ]
    ],
    "original_data": [
        {
            "time_step": 1,
            "original_data_path": "/content/drive/Othercomputers/\ub0b4 \ub178\ud2b8\ubd81/Forked_Models/Validation/Validation/_\ub77c\ubca8_General_val_C/district/3. \ud6c4\ubc29 \ubc29\ud5a5 \uc774\ubbf8\uc9c0/[district]leave_047C/[district]leave_047C_120.json",
            "id": 10
        },
        {
            "time_step": 2,
            "original_data_path": "/content/drive/Othercomputers/\ub0b4 \ub178\ud2b8\ubd81/Forked_Models/Validation/Validation/_\ub77c\ubca8_General_val_C/district/3. \ud6c4\ubc29 \ubc29\ud5a5 \uc774\ubbf8\uc9c0/[district]leave_047C/[district]leave_047C_122.json",
            "id": 10
        },
        {
            "time_step": 3,
            "original_data_path": "/content/drive/Othercomputers/\ub0b4 \ub178\ud2b8\ubd81/Forked_Models/Validation/Validation/_\ub77c\ubca8_General_val_C/district/3. \ud6c4\ubc29 \ubc29\ud5a5 \uc774\ubbf8\uc9c0/[district]leave_047C/[district]leave_047C_124.json",
            "id": 10
        }
    ],
    "label": 0
}