{
    "data": [
        [
            0.4947916666666667,
            0.3101851851851852,
            0.020833333333333315,
            -0.040740740740740744,
            -0.004687500000000011,
            0.07685185185185184,
            0.017187499999999967,
            0.020370370370370372
        ],
        [
            0.4947916666666667,
            0.3101851851851852,
            0.020833333333333315,
            -0.040740740740740744,
            -0.004687500000000011,
            0.07685185185185184,
            0.017187499999999967,
            0.020370370370370372
        ],
        [
            0.4947916666666667,
            0.3101851851851852,
            0.020833333333333315,
            -0.040740740740740744,
            -0.004687500000000011,
            0.07685185185185184,
            0.017187499999999967,
            0.020370370370370372
        ]
    ],
    "original_data": [
        {
            "time_step": 1,
            "original_data_path": "/content/drive/Othercomputers/\ub0b4 \ub178\ud2b8\ubd81/Forked_Models/Validation/Validation/_\ub77c\ubca8_General_val_C/district/3. \ud6c4\ubc29 \ubc29\ud5a5 \uc774\ubbf8\uc9c0/[district]day_963C/[district]day_963C_580.json",
            "id": 4
        },
        {
            "time_step": 2,
            "original_data_path": "/content/drive/Othercomputers/\ub0b4 \ub178\ud2b8\ubd81/Forked_Models/Validation/Validation/_\ub77c\ubca8_General_val_C/district/3. \ud6c4\ubc29 \ubc29\ud5a5 \uc774\ubbf8\uc9c0/[district]day_963C/[district]day_963C_585.json",
            "id": 4
        },
        {
            "time_step": 3,
            "original_data_path": "/content/drive/Othercomputers/\ub0b4 \ub178\ud2b8\ubd81/Forked_Models/Validation/Validation/_\ub77c\ubca8_General_val_C/district/3. \ud6c4\ubc29 \ubc29\ud5a5 \uc774\ubbf8\uc9c0/[district]day_963C/[district]day_963C_590.json",
            "id": 4
        }
    ],
    "label": 0
}