{
    "data": [
        [
            0.7979166666666667,
            0.4009259259259259,
            -0.0010416666666667185,
            -0.07407407407407407,
            -0.04375000000000007,
            -0.009259259259259245,
            0.04062499999999991,
            0.013888888888888895
        ],
        [
            0.7932291666666667,
            0.4009259259259259,
            0.0,
            -0.07407407407407407,
            -0.0390625,
            -0.008333333333333304,
            0.04531249999999998,
            0.014814814814814836
        ],
        [
            0.8010416666666667,
            0.4027777777777778,
            -0.0005208333333333037,
            -0.0712962962962963,
            -0.04427083333333337,
            -0.015740740740740777,
            0.04010416666666672,
            0.013888888888888895
        ]
    ],
    "original_data": [
        {
            "time_step": 1,
            "original_data_path": "/content/drive/Othercomputers/\ub0b4 \ub178\ud2b8\ubd81/Forked_Models/Validation/Validation/_\ub77c\ubca8_General_val_C/district/3. \ud6c4\ubc29 \ubc29\ud5a5 \uc774\ubbf8\uc9c0/[district]attend_013C/[district]attend_013C_232.json",
            "id": 4
        },
        {
            "time_step": 2,
            "original_data_path": "/content/drive/Othercomputers/\ub0b4 \ub178\ud2b8\ubd81/Forked_Models/Validation/Validation/_\ub77c\ubca8_General_val_C/district/3. \ud6c4\ubc29 \ubc29\ud5a5 \uc774\ubbf8\uc9c0/[district]attend_013C/[district]attend_013C_234.json",
            "id": 4
        },
        {
            "time_step": 3,
            "original_data_path": "/content/drive/Othercomputers/\ub0b4 \ub178\ud2b8\ubd81/Forked_Models/Validation/Validation/_\ub77c\ubca8_General_val_C/district/3. \ud6c4\ubc29 \ubc29\ud5a5 \uc774\ubbf8\uc9c0/[district]attend_013C/[district]attend_013C_236.json",
            "id": 4
        }
    ],
    "label": 0
}