{
    "data": [
        [
            0.39479166666666665,
            0.3472222222222222,
            0.002083333333333326,
            -0.05833333333333335,
            -0.04166666666666663,
            0.08240740740740743,
            0.017187500000000022,
            0.003703703703703709
        ],
        [
            0.47291666666666665,
            0.23148148148148148,
            0.027604166666666652,
            -0.03425925925925927,
            -0.06874999999999998,
            0.09722222222222224,
            0.022916666666666696,
            0.025925925925925936
        ],
        [
            0.534375,
            0.175,
            0.03281249999999991,
            -0.056481481481481466,
            -0.07500000000000007,
            0.037037037037037035,
            0.009895833333333326,
            0.02407407407407408
        ]
    ],
    "original_data": [
        {
            "time_step": 1,
            "original_data_path": "/content/drive/Othercomputers/\ub0b4 \ub178\ud2b8\ubd81/Forked_Models/Validation/Validation/_\ub77c\ubca8_General_val_C/district/3. \ud6c4\ubc29 \ubc29\ud5a5 \uc774\ubbf8\uc9c0/[district]attend_037C/[district]attend_037C_104.json",
            "id": 4
        },
        {
            "time_step": 2,
            "original_data_path": "/content/drive/Othercomputers/\ub0b4 \ub178\ud2b8\ubd81/Forked_Models/Validation/Validation/_\ub77c\ubca8_General_val_C/district/3. \ud6c4\ubc29 \ubc29\ud5a5 \uc774\ubbf8\uc9c0/[district]attend_037C/[district]attend_037C_106.json",
            "id": 4
        },
        {
            "time_step": 3,
            "original_data_path": "/content/drive/Othercomputers/\ub0b4 \ub178\ud2b8\ubd81/Forked_Models/Validation/Validation/_\ub77c\ubca8_General_val_C/district/3. \ud6c4\ubc29 \ubc29\ud5a5 \uc774\ubbf8\uc9c0/[district]attend_037C/[district]attend_037C_108.json",
            "id": 4
        }
    ],
    "label": 0
}