{
    "data": [
        [
            0.8401041666666667,
            0.37592592592592594,
            0.0026041666666666297,
            -0.03888888888888892,
            -0.04947916666666663,
            0.016666666666666663,
            0.034375000000000044,
            0.05740740740740741
        ],
        [
            0.8494791666666667,
            0.38055555555555554,
            0.004166666666666652,
            -0.04166666666666663,
            -0.054166666666666696,
            0.020370370370370372,
            0.028124999999999956,
            0.0537037037037037
        ],
        [
            0.8520833333333333,
            0.39351851851851855,
            0.004687500000000067,
            -0.03888888888888892,
            -0.056770833333333326,
            0.008333333333333304,
            0.02604166666666674,
            0.04259259259259257
        ]
    ],
    "original_data": [
        {
            "time_step": 1,
            "original_data_path": "/content/drive/Othercomputers/\ub0b4 \ub178\ud2b8\ubd81/Forked_Models/Validation/Validation/_\ub77c\ubca8_General_val_C/district/3. \ud6c4\ubc29 \ubc29\ud5a5 \uc774\ubbf8\uc9c0/[district]attend_057C/[district]attend_057C_150.json",
            "id": 4
        },
        {
            "time_step": 2,
            "original_data_path": "/content/drive/Othercomputers/\ub0b4 \ub178\ud2b8\ubd81/Forked_Models/Validation/Validation/_\ub77c\ubca8_General_val_C/district/3. \ud6c4\ubc29 \ubc29\ud5a5 \uc774\ubbf8\uc9c0/[district]attend_057C/[district]attend_057C_152.json",
            "id": 4
        },
        {
            "time_step": 3,
            "original_data_path": "/content/drive/Othercomputers/\ub0b4 \ub178\ud2b8\ubd81/Forked_Models/Validation/Validation/_\ub77c\ubca8_General_val_C/district/3. \ud6c4\ubc29 \ubc29\ud5a5 \uc774\ubbf8\uc9c0/[district]attend_057C/[district]attend_057C_154.json",
            "id": 4
        }
    ],
    "label": 0
}