{
    "data": [
        [
            0.2734375,
            0.5055555555555555,
            -0.00833333333333336,
            -0.04629629629629628,
            -0.01874999999999999,
            0.054629629629629695,
            0.017187500000000022,
            0.02314814814814814
        ],
        [
            0.3890625,
            0.39444444444444443,
            0.0005208333333333592,
            -0.04722222222222222,
            -0.02916666666666662,
            0.04999999999999999,
            0.002604166666666685,
            0.014814814814814836
        ],
        [
            0.43020833333333336,
            0.3490740740740741,
            0.011979166666666652,
            -0.05462962962962964,
            -0.04010416666666672,
            0.06296296296296294,
            0.017187499999999967,
            0.032407407407407385
        ]
    ],
    "original_data": [
        {
            "time_step": 1,
            "original_data_path": "/content/drive/Othercomputers/\ub0b4 \ub178\ud2b8\ubd81/Forked_Models/Validation/Validation/_\ub77c\ubca8_General_val_C/district/3. \ud6c4\ubc29 \ubc29\ud5a5 \uc774\ubbf8\uc9c0/[district]leave_047C/[district]leave_047C_116.json",
            "id": 10
        },
        {
            "time_step": 2,
            "original_data_path": "/content/drive/Othercomputers/\ub0b4 \ub178\ud2b8\ubd81/Forked_Models/Validation/Validation/_\ub77c\ubca8_General_val_C/district/3. \ud6c4\ubc29 \ubc29\ud5a5 \uc774\ubbf8\uc9c0/[district]leave_047C/[district]leave_047C_118.json",
            "id": 10
        },
        {
            "time_step": 3,
            "original_data_path": "/content/drive/Othercomputers/\ub0b4 \ub178\ud2b8\ubd81/Forked_Models/Validation/Validation/_\ub77c\ubca8_General_val_C/district/3. \ud6c4\ubc29 \ubc29\ud5a5 \uc774\ubbf8\uc9c0/[district]leave_047C/[district]leave_047C_120.json",
            "id": 10
        }
    ],
    "label": 0
}