{
    "data": [
        [
            0.5703125,
            0.15462962962962962,
            0.004166666666666652,
            -0.07592592592592591,
            0.0390625,
            0.0425925925925926,
            -0.034375000000000044,
            0.04444444444444445
        ],
        [
            0.6192708333333333,
            0.13796296296296295,
            -0.0078125,
            -0.06296296296296296,
            0.04270833333333335,
            0.037962962962962976,
            -0.048958333333333326,
            0.041666666666666685
        ],
        [
            0.6197916666666666,
            0.13148148148148148,
            -0.0078125,
            -0.060185185185185175,
            0.04375000000000007,
            0.028703703703703703,
            -0.03541666666666665,
            0.040740740740740744
        ]
    ],
    "original_data": [
        {
            "time_step": 1,
            "original_data_path": "/content/drive/Othercomputers/\ub0b4 \ub178\ud2b8\ubd81/Forked_Models/Validation/Validation/_\ub77c\ubca8_General_val_C/district/3. \ud6c4\ubc29 \ubc29\ud5a5 \uc774\ubbf8\uc9c0/[district]leave_047C/[district]leave_047C_140.json",
            "id": 9
        },
        {
            "time_step": 2,
            "original_data_path": "/content/drive/Othercomputers/\ub0b4 \ub178\ud2b8\ubd81/Forked_Models/Validation/Validation/_\ub77c\ubca8_General_val_C/district/3. \ud6c4\ubc29 \ubc29\ud5a5 \uc774\ubbf8\uc9c0/[district]leave_047C/[district]leave_047C_142.json",
            "id": 9
        },
        {
            "time_step": 3,
            "original_data_path": "/content/drive/Othercomputers/\ub0b4 \ub178\ud2b8\ubd81/Forked_Models/Validation/Validation/_\ub77c\ubca8_General_val_C/district/3. \ud6c4\ubc29 \ubc29\ud5a5 \uc774\ubbf8\uc9c0/[district]leave_047C/[district]leave_047C_144.json",
            "id": 9
        }
    ],
    "label": 0
}