{
    "data": [
        [
            0.3619791666666667,
            0.3907407407407407,
            0.004687499999999956,
            -0.040740740740740744,
            0.005729166666666674,
            0.07037037037037042,
            -0.029166666666666674,
            0.00833333333333336
        ],
        [
            0.39166666666666666,
            0.325,
            0.00833333333333336,
            -0.037962962962962976,
            0.015625,
            0.08240740740740737,
            -0.03802083333333334,
            0.03518518518518515
        ],
        [
            0.4296875,
            0.2898148148148148,
            0.00833333333333336,
            -0.037962962962962976,
            0.015625,
            0.08240740740740743,
            -0.03802083333333334,
            0.03518518518518521
        ]
    ],
    "original_data": [
        {
            "time_step": 1,
            "original_data_path": "/content/drive/Othercomputers/\ub0b4 \ub178\ud2b8\ubd81/Forked_Models/Validation/Validation/_\ub77c\ubca8_General_val_C/district/3. \ud6c4\ubc29 \ubc29\ud5a5 \uc774\ubbf8\uc9c0/[district]day_431C/[district]day_431C_118.json",
            "id": 1
        },
        {
            "time_step": 2,
            "original_data_path": "/content/drive/Othercomputers/\ub0b4 \ub178\ud2b8\ubd81/Forked_Models/Validation/Validation/_\ub77c\ubca8_General_val_C/district/3. \ud6c4\ubc29 \ubc29\ud5a5 \uc774\ubbf8\uc9c0/[district]day_431C/[district]day_431C_120.json",
            "id": 1
        },
        {
            "time_step": 3,
            "original_data_path": "/content/drive/Othercomputers/\ub0b4 \ub178\ud2b8\ubd81/Forked_Models/Validation/Validation/_\ub77c\ubca8_General_val_C/district/3. \ud6c4\ubc29 \ubc29\ud5a5 \uc774\ubbf8\uc9c0/[district]day_431C/[district]day_431C_122.json",
            "id": 1
        }
    ],
    "label": 0
}