{
    "data": [
        [
            0.37916666666666665,
            0.29444444444444445,
            0.003645833333333348,
            -0.037962962962962976,
            -0.016145833333333304,
            0.01481481481481478,
            0.036979166666666674,
            0.009259259259259245
        ],
        [
            0.37916666666666665,
            0.2953703703703704,
            -0.001041666666666663,
            -0.037037037037037035,
            -0.016145833333333304,
            0.01388888888888884,
            0.036979166666666674,
            0.008333333333333304
        ],
        [
            0.37604166666666666,
            0.2953703703703704,
            0.0015625000000000222,
            -0.041666666666666685,
            -0.011979166666666652,
            0.015740740740740722,
            0.041145833333333326,
            0.010185185185185186
        ]
    ],
    "original_data": [
        {
            "time_step": 1,
            "original_data_path": "/content/drive/Othercomputers/\ub0b4 \ub178\ud2b8\ubd81/Forked_Models/Validation/Validation/_\ub77c\ubca8_General_val_C/district/3. \ud6c4\ubc29 \ubc29\ud5a5 \uc774\ubbf8\uc9c0/[district]leave_001C/[district]leave_001C_260.json",
            "id": 1
        },
        {
            "time_step": 2,
            "original_data_path": "/content/drive/Othercomputers/\ub0b4 \ub178\ud2b8\ubd81/Forked_Models/Validation/Validation/_\ub77c\ubca8_General_val_C/district/3. \ud6c4\ubc29 \ubc29\ud5a5 \uc774\ubbf8\uc9c0/[district]leave_001C/[district]leave_001C_262.json",
            "id": 1
        },
        {
            "time_step": 3,
            "original_data_path": "/content/drive/Othercomputers/\ub0b4 \ub178\ud2b8\ubd81/Forked_Models/Validation/Validation/_\ub77c\ubca8_General_val_C/district/3. \ud6c4\ubc29 \ubc29\ud5a5 \uc774\ubbf8\uc9c0/[district]leave_001C/[district]leave_001C_264.json",
            "id": 1
        }
    ],
    "label": 0
}