{
    "data": [
        [
            0.6421875,
            0.11296296296296296,
            -0.0005208333333333037,
            -0.01759259259259259,
            -0.015625,
            0.020370370370370372,
            0.02083333333333326,
            0.012962962962962954
        ],
        [
            0.64375,
            0.12129629629629629,
            -0.0026041666666667407,
            -0.028703703703703703,
            -0.016145833333333415,
            0.01203703703703704,
            0.017708333333333326,
            0.005555555555555564
        ],
        [
            0.6442708333333333,
            0.12129629629629629,
            -0.004687500000000067,
            -0.024074074074074067,
            -0.01666666666666672,
            0.010185185185185186,
            0.016666666666666607,
            0.007407407407407418
        ]
    ],
    "original_data": [
        {
            "time_step": 1,
            "original_data_path": "/content/drive/Othercomputers/\ub0b4 \ub178\ud2b8\ubd81/Forked_Models/Validation/Validation/_\ub77c\ubca8_General_val_C/district/3. \ud6c4\ubc29 \ubc29\ud5a5 \uc774\ubbf8\uc9c0/[district]day_025C/[district]day_025C_212.json",
            "id": 6
        },
        {
            "time_step": 2,
            "original_data_path": "/content/drive/Othercomputers/\ub0b4 \ub178\ud2b8\ubd81/Forked_Models/Validation/Validation/_\ub77c\ubca8_General_val_C/district/3. \ud6c4\ubc29 \ubc29\ud5a5 \uc774\ubbf8\uc9c0/[district]day_025C/[district]day_025C_214.json",
            "id": 6
        },
        {
            "time_step": 3,
            "original_data_path": "/content/drive/Othercomputers/\ub0b4 \ub178\ud2b8\ubd81/Forked_Models/Validation/Validation/_\ub77c\ubca8_General_val_C/district/3. \ud6c4\ubc29 \ubc29\ud5a5 \uc774\ubbf8\uc9c0/[district]day_025C/[district]day_025C_216.json",
            "id": 6
        }
    ],
    "label": 0
}