{
    "data": [
        [
            0.43645833333333334,
            0.4666666666666667,
            0.019791666666666652,
            -0.036111111111111094,
            -0.05572916666666666,
            0.040740740740740744,
            0.02812500000000001,
            -0.005555555555555536
        ],
        [
            0.46510416666666665,
            0.4287037037037037,
            0.02864583333333337,
            -0.0398148148148148,
            -0.055208333333333304,
            0.06851851851851853,
            0.030729166666666696,
            0.00462962962962965
        ],
        [
            0.5328125,
            0.3527777777777778,
            0.0234375,
            -0.037962962962962976,
            -0.061979166666666696,
            0.05833333333333329,
            0.01041666666666663,
            0.009259259259259245
        ]
    ],
    "original_data": [
        {
            "time_step": 1,
            "original_data_path": "/content/drive/Othercomputers/\ub0b4 \ub178\ud2b8\ubd81/Forked_Models/Validation/Validation/_\ub77c\ubca8_General_val_C/district/3. \ud6c4\ubc29 \ubc29\ud5a5 \uc774\ubbf8\uc9c0/[district]attend_057C/[district]attend_057C_124.json",
            "id": 4
        },
        {
            "time_step": 2,
            "original_data_path": "/content/drive/Othercomputers/\ub0b4 \ub178\ud2b8\ubd81/Forked_Models/Validation/Validation/_\ub77c\ubca8_General_val_C/district/3. \ud6c4\ubc29 \ubc29\ud5a5 \uc774\ubbf8\uc9c0/[district]attend_057C/[district]attend_057C_126.json",
            "id": 4
        },
        {
            "time_step": 3,
            "original_data_path": "/content/drive/Othercomputers/\ub0b4 \ub178\ud2b8\ubd81/Forked_Models/Validation/Validation/_\ub77c\ubca8_General_val_C/district/3. \ud6c4\ubc29 \ubc29\ud5a5 \uc774\ubbf8\uc9c0/[district]attend_057C/[district]attend_057C_128.json",
            "id": 4
        }
    ],
    "label": 0
}