{
    "data": [
        [
            0.3880208333333333,
            0.2833333333333333,
            -0.0015624999999999667,
            -0.04351851851851851,
            -0.0234375,
            0.012037037037037068,
            0.029166666666666674,
            0.01944444444444443
        ],
        [
            0.384375,
            0.28888888888888886,
            -0.004687500000000011,
            -0.040740740740740716,
            -0.022395833333333337,
            0.017592592592592604,
            0.03385416666666663,
            0.023148148148148195
        ],
        [
            0.3828125,
            0.30092592592592593,
            0.0015625000000000222,
            -0.040740740740740744,
            -0.020833333333333315,
            0.005555555555555536,
            0.036458333333333315,
            0.015740740740740722
        ]
    ],
    "original_data": [
        {
            "time_step": 1,
            "original_data_path": "/content/drive/Othercomputers/\ub0b4 \ub178\ud2b8\ubd81/Forked_Models/Validation/Validation/_\ub77c\ubca8_General_val_C/district/3. \ud6c4\ubc29 \ubc29\ud5a5 \uc774\ubbf8\uc9c0/[district]leave_001C/[district]leave_001C_208.json",
            "id": 1
        },
        {
            "time_step": 2,
            "original_data_path": "/content/drive/Othercomputers/\ub0b4 \ub178\ud2b8\ubd81/Forked_Models/Validation/Validation/_\ub77c\ubca8_General_val_C/district/3. \ud6c4\ubc29 \ubc29\ud5a5 \uc774\ubbf8\uc9c0/[district]leave_001C/[district]leave_001C_210.json",
            "id": 1
        },
        {
            "time_step": 3,
            "original_data_path": "/content/drive/Othercomputers/\ub0b4 \ub178\ud2b8\ubd81/Forked_Models/Validation/Validation/_\ub77c\ubca8_General_val_C/district/3. \ud6c4\ubc29 \ubc29\ud5a5 \uc774\ubbf8\uc9c0/[district]leave_001C/[district]leave_001C_212.json",
            "id": 1
        }
    ],
    "label": 0
}