{
    "data": [
        [
            0.8166666666666667,
            0.21851851851851853,
            0.0,
            -0.033333333333333354,
            -0.025000000000000022,
            0.017592592592592576,
            0.023958333333333304,
            0.028703703703703703
        ],
        [
            0.8203125,
            0.22407407407407406,
            0.0,
            -0.04351851851851851,
            -0.02864583333333337,
            0.012962962962962982,
            0.020312499999999956,
            0.023148148148148168
        ],
        [
            0.8203125,
            0.22407407407407406,
            0.0,
            -0.04351851851851851,
            -0.02864583333333337,
            0.012962962962962982,
            0.020312499999999956,
            0.02407407407407408
        ]
    ],
    "original_data": [
        {
            "time_step": 1,
            "original_data_path": "/content/drive/Othercomputers/\ub0b4 \ub178\ud2b8\ubd81/Forked_Models/Validation/Validation/_\ub77c\ubca8_General_val_C/district/3. \ud6c4\ubc29 \ubc29\ud5a5 \uc774\ubbf8\uc9c0/[district]attend_013C/[district]attend_013C_212.json",
            "id": 3
        },
        {
            "time_step": 2,
            "original_data_path": "/content/drive/Othercomputers/\ub0b4 \ub178\ud2b8\ubd81/Forked_Models/Validation/Validation/_\ub77c\ubca8_General_val_C/district/3. \ud6c4\ubc29 \ubc29\ud5a5 \uc774\ubbf8\uc9c0/[district]attend_013C/[district]attend_013C_214.json",
            "id": 3
        },
        {
            "time_step": 3,
            "original_data_path": "/content/drive/Othercomputers/\ub0b4 \ub178\ud2b8\ubd81/Forked_Models/Validation/Validation/_\ub77c\ubca8_General_val_C/district/3. \ud6c4\ubc29 \ubc29\ud5a5 \uc774\ubbf8\uc9c0/[district]attend_013C/[district]attend_013C_216.json",
            "id": 3
        }
    ],
    "label": 0
}