{
    "data": [
        [
            0.38333333333333336,
            0.5166666666666667,
            0.008854166666666663,
            -0.04351851851851857,
            -0.02552083333333338,
            0.06296296296296289,
            0.02291666666666664,
            0.002777777777777768
        ],
        [
            0.403125,
            0.512962962962963,
            0.005208333333333315,
            -0.036111111111111094,
            -0.024479166666666663,
            0.05092592592592593,
            0.01822916666666663,
            -0.013888888888888895
        ],
        [
            0.40625,
            0.525,
            0.006249999999999978,
            -0.040740740740740744,
            -0.017187500000000022,
            0.07499999999999996,
            0.028645833333333315,
            0.002777777777777768
        ]
    ],
    "original_data": [
        {
            "time_step": 1,
            "original_data_path": "/content/drive/Othercomputers/\ub0b4 \ub178\ud2b8\ubd81/Forked_Models/Validation/Validation/_\ub77c\ubca8_General_val_C/district/3. \ud6c4\ubc29 \ubc29\ud5a5 \uc774\ubbf8\uc9c0/[district]attend_013C/[district]attend_013C_114.json",
            "id": 4
        },
        {
            "time_step": 2,
            "original_data_path": "/content/drive/Othercomputers/\ub0b4 \ub178\ud2b8\ubd81/Forked_Models/Validation/Validation/_\ub77c\ubca8_General_val_C/district/3. \ud6c4\ubc29 \ubc29\ud5a5 \uc774\ubbf8\uc9c0/[district]attend_013C/[district]attend_013C_116.json",
            "id": 4
        },
        {
            "time_step": 3,
            "original_data_path": "/content/drive/Othercomputers/\ub0b4 \ub178\ud2b8\ubd81/Forked_Models/Validation/Validation/_\ub77c\ubca8_General_val_C/district/3. \ud6c4\ubc29 \ubc29\ud5a5 \uc774\ubbf8\uc9c0/[district]attend_013C/[district]attend_013C_118.json",
            "id": 4
        }
    ],
    "label": 0
}