{
    "data": [
        [
            0.59375,
            0.05555555555555555,
            0.003645833333333348,
            -0.014814814814814808,
            0.021354166666666674,
            0.05092592592592593,
            -0.031770833333333304,
            0.04537037037037038
        ],
        [
            0.5885416666666666,
            0.04722222222222222,
            0.0,
            -0.015740740740740743,
            0.019270833333333348,
            0.046296296296296294,
            -0.022916666666666585,
            0.02962962962962963
        ],
        [
            0.5697916666666667,
            0.021296296296296296,
            -0.005729166666666674,
            -0.009259259259259259,
            0.0234375,
            0.024999999999999998,
            -0.01822916666666674,
            0.026851851851851852
        ]
    ],
    "original_data": [
        {
            "time_step": 1,
            "original_data_path": "/content/drive/Othercomputers/\ub0b4 \ub178\ud2b8\ubd81/Forked_Models/Validation/Validation/_\ub77c\ubca8_General_val_C/district/3. \ud6c4\ubc29 \ubc29\ud5a5 \uc774\ubbf8\uc9c0/[district]day_431C/[district]day_431C_146.json",
            "id": 2
        },
        {
            "time_step": 2,
            "original_data_path": "/content/drive/Othercomputers/\ub0b4 \ub178\ud2b8\ubd81/Forked_Models/Validation/Validation/_\ub77c\ubca8_General_val_C/district/3. \ud6c4\ubc29 \ubc29\ud5a5 \uc774\ubbf8\uc9c0/[district]day_431C/[district]day_431C_148.json",
            "id": 2
        },
        {
            "time_step": 3,
            "original_data_path": "/content/drive/Othercomputers/\ub0b4 \ub178\ud2b8\ubd81/Forked_Models/Validation/Validation/_\ub77c\ubca8_General_val_C/district/3. \ud6c4\ubc29 \ubc29\ud5a5 \uc774\ubbf8\uc9c0/[district]day_431C/[district]day_431C_150.json",
            "id": 2
        }
    ],
    "label": 0
}