{
    "data": [
        [
            0.65,
            0.11944444444444445,
            -0.0031250000000000444,
            -0.02962962962962963,
            -0.01822916666666674,
            0.012962962962962968,
            0.016666666666666607,
            0.014814814814814822
        ],
        [
            0.6489583333333333,
            0.1175925925925926,
            -0.0026041666666666297,
            -0.03240740740740741,
            -0.019270833333333348,
            0.016666666666666677,
            0.01666666666666672,
            0.01759259259259259
        ],
        [
            0.6515625,
            0.1175925925925926,
            -0.0026041666666667407,
            -0.03240740740740741,
            -0.020312500000000067,
            0.016666666666666677,
            0.01718749999999991,
            0.01759259259259259
        ]
    ],
    "original_data": [
        {
            "time_step": 1,
            "original_data_path": "/content/drive/Othercomputers/\ub0b4 \ub178\ud2b8\ubd81/Forked_Models/Validation/Validation/_\ub77c\ubca8_General_val_C/district/3. \ud6c4\ubc29 \ubc29\ud5a5 \uc774\ubbf8\uc9c0/[district]day_025C/[district]day_025C_222.json",
            "id": 6
        },
        {
            "time_step": 2,
            "original_data_path": "/content/drive/Othercomputers/\ub0b4 \ub178\ud2b8\ubd81/Forked_Models/Validation/Validation/_\ub77c\ubca8_General_val_C/district/3. \ud6c4\ubc29 \ubc29\ud5a5 \uc774\ubbf8\uc9c0/[district]day_025C/[district]day_025C_224.json",
            "id": 6
        },
        {
            "time_step": 3,
            "original_data_path": "/content/drive/Othercomputers/\ub0b4 \ub178\ud2b8\ubd81/Forked_Models/Validation/Validation/_\ub77c\ubca8_General_val_C/district/3. \ud6c4\ubc29 \ubc29\ud5a5 \uc774\ubbf8\uc9c0/[district]day_025C/[district]day_025C_226.json",
            "id": 6
        }
    ],
    "label": 0
}