{
    "data": [
        [
            0.3338541666666667,
            0.5175925925925926,
            -0.003124999999999989,
            -0.033333333333333326,
            0.0015624999999999667,
            0.06666666666666665,
            0.007291666666666641,
            0.0092592592592593
        ],
        [
            0.37864583333333335,
            0.4185185185185185,
            0.0015624999999999667,
            -0.04629629629629628,
            -0.03489583333333335,
            0.06851851851851853,
            0.008854166666666663,
            0.02685185185185185
        ],
        [
            0.4046875,
            0.4212962962962963,
            0.00520833333333337,
            -0.04166666666666663,
            -0.03437499999999999,
            0.025000000000000022,
            0.019791666666666707,
            -0.003703703703703709
        ]
    ],
    "original_data": [
        {
            "time_step": 1,
            "original_data_path": "/content/drive/Othercomputers/\ub0b4 \ub178\ud2b8\ubd81/Forked_Models/Validation/Validation/_\ub77c\ubca8_General_val_C/district/3. \ud6c4\ubc29 \ubc29\ud5a5 \uc774\ubbf8\uc9c0/[district]attend_013C/[district]attend_013C_102.json",
            "id": 3
        },
        {
            "time_step": 2,
            "original_data_path": "/content/drive/Othercomputers/\ub0b4 \ub178\ud2b8\ubd81/Forked_Models/Validation/Validation/_\ub77c\ubca8_General_val_C/district/3. \ud6c4\ubc29 \ubc29\ud5a5 \uc774\ubbf8\uc9c0/[district]attend_013C/[district]attend_013C_104.json",
            "id": 3
        },
        {
            "time_step": 3,
            "original_data_path": "/content/drive/Othercomputers/\ub0b4 \ub178\ud2b8\ubd81/Forked_Models/Validation/Validation/_\ub77c\ubca8_General_val_C/district/3. \ud6c4\ubc29 \ubc29\ud5a5 \uc774\ubbf8\uc9c0/[district]attend_013C/[district]attend_013C_106.json",
            "id": 3
        }
    ],
    "label": 0
}