{
    "data": [
        [
            0.5171875,
            0.5064814814814815,
            -0.007291666666666696,
            -0.020370370370370428,
            -0.0546875,
            0.04166666666666663,
            0.027083333333333348,
            -0.10648148148148151
        ],
        [
            0.5338541666666666,
            0.46574074074074073,
            0.003645833333333348,
            -0.029629629629629617,
            -0.06406249999999997,
            0.02777777777777779,
            0.03229166666666672,
            -0.07870370370370372
        ],
        [
            0.5666666666666667,
            0.42314814814814816,
            0.009375000000000022,
            -0.025000000000000022,
            -0.05885416666666665,
            0.010185185185185186,
            0.05989583333333337,
            -0.05555555555555558
        ]
    ],
    "original_data": [
        {
            "time_step": 1,
            "original_data_path": "/content/drive/Othercomputers/\ub0b4 \ub178\ud2b8\ubd81/Forked_Models/Validation/Validation/_\ub77c\ubca8_General_val_C/district/3. \ud6c4\ubc29 \ubc29\ud5a5 \uc774\ubbf8\uc9c0/[district]attend_013C/[district]attend_013C_138.json",
            "id": 4
        },
        {
            "time_step": 2,
            "original_data_path": "/content/drive/Othercomputers/\ub0b4 \ub178\ud2b8\ubd81/Forked_Models/Validation/Validation/_\ub77c\ubca8_General_val_C/district/3. \ud6c4\ubc29 \ubc29\ud5a5 \uc774\ubbf8\uc9c0/[district]attend_013C/[district]attend_013C_140.json",
            "id": 4
        },
        {
            "time_step": 3,
            "original_data_path": "/content/drive/Othercomputers/\ub0b4 \ub178\ud2b8\ubd81/Forked_Models/Validation/Validation/_\ub77c\ubca8_General_val_C/district/3. \ud6c4\ubc29 \ubc29\ud5a5 \uc774\ubbf8\uc9c0/[district]attend_013C/[district]attend_013C_142.json",
            "id": 4
        }
    ],
    "label": 0
}