{
    "data": [
        [
            0.16770833333333332,
            0.5314814814814814,
            -0.009895833333333326,
            -0.036111111111111094,
            -0.004687499999999983,
            0.047222222222222276,
            0.0234375,
            0.0009259259259259967
        ],
        [
            0.1796875,
            0.5259259259259259,
            -0.009895833333333326,
            -0.036111111111111094,
            -0.004687500000000011,
            0.047222222222222276,
            0.0234375,
            0.0009259259259259967
        ],
        [
            0.19479166666666667,
            0.5314814814814814,
            -0.009895833333333326,
            -0.036111111111111094,
            -0.004687500000000011,
            0.047222222222222276,
            0.0234375,
            0.0009259259259259967
        ]
    ],
    "original_data": [
        {
            "time_step": 1,
            "original_data_path": "/content/drive/Othercomputers/\ub0b4 \ub178\ud2b8\ubd81/Forked_Models/Validation/Validation/_\ub77c\ubca8_General_val_C/district/3. \ud6c4\ubc29 \ubc29\ud5a5 \uc774\ubbf8\uc9c0/[district]leave_047C/[district]leave_047C_108.json",
            "id": 9
        },
        {
            "time_step": 2,
            "original_data_path": "/content/drive/Othercomputers/\ub0b4 \ub178\ud2b8\ubd81/Forked_Models/Validation/Validation/_\ub77c\ubca8_General_val_C/district/3. \ud6c4\ubc29 \ubc29\ud5a5 \uc774\ubbf8\uc9c0/[district]leave_047C/[district]leave_047C_110.json",
            "id": 9
        },
        {
            "time_step": 3,
            "original_data_path": "/content/drive/Othercomputers/\ub0b4 \ub178\ud2b8\ubd81/Forked_Models/Validation/Validation/_\ub77c\ubca8_General_val_C/district/3. \ud6c4\ubc29 \ubc29\ud5a5 \uc774\ubbf8\uc9c0/[district]leave_047C/[district]leave_047C_112.json",
            "id": 9
        }
    ],
    "label": 0
}