{
    "data": [
        [
            0.2890625,
            0.5,
            0.0005208333333333592,
            -0.033333333333333326,
            -0.019270833333333348,
            0.05555555555555558,
            0.0234375,
            0.015740740740740722
        ],
        [
            0.3067708333333333,
            0.4861111111111111,
            0.002604166666666685,
            -0.037037037037037035,
            -0.019270833333333348,
            0.08055555555555555,
            0.021354166666666674,
            0.04351851851851857
        ],
        [
            0.37135416666666665,
            0.5027777777777778,
            0.010937499999999989,
            -0.028703703703703676,
            -0.030208333333333337,
            0.028703703703703676,
            0.0234375,
            0.01388888888888895
        ]
    ],
    "original_data": [
        {
            "time_step": 1,
            "original_data_path": "/content/drive/Othercomputers/\ub0b4 \ub178\ud2b8\ubd81/Forked_Models/Validation/Validation/_\ub77c\ubca8_General_val_C/district/3. \ud6c4\ubc29 \ubc29\ud5a5 \uc774\ubbf8\uc9c0/[district]attend_057C/[district]attend_057C_114.json",
            "id": 4
        },
        {
            "time_step": 2,
            "original_data_path": "/content/drive/Othercomputers/\ub0b4 \ub178\ud2b8\ubd81/Forked_Models/Validation/Validation/_\ub77c\ubca8_General_val_C/district/3. \ud6c4\ubc29 \ubc29\ud5a5 \uc774\ubbf8\uc9c0/[district]attend_057C/[district]attend_057C_116.json",
            "id": 4
        },
        {
            "time_step": 3,
            "original_data_path": "/content/drive/Othercomputers/\ub0b4 \ub178\ud2b8\ubd81/Forked_Models/Validation/Validation/_\ub77c\ubca8_General_val_C/district/3. \ud6c4\ubc29 \ubc29\ud5a5 \uc774\ubbf8\uc9c0/[district]attend_057C/[district]attend_057C_118.json",
            "id": 4
        }
    ],
    "label": 0
}