{
    "data": [
        [
            0.8317708333333333,
            0.38796296296296295,
            0.007291666666666696,
            -0.04444444444444445,
            -0.05572916666666672,
            0.03240740740740744,
            0.02864583333333337,
            0.04999999999999999
        ],
        [
            0.8255208333333334,
            0.4027777777777778,
            0.0026041666666666297,
            -0.04351851851851851,
            -0.05729166666666674,
            0.02407407407407408,
            0.031770833333333304,
            0.03518518518518515
        ],
        [
            0.8286458333333333,
            0.412962962962963,
            0.003645833333333348,
            -0.037962962962962976,
            -0.05885416666666665,
            0.01851851851851849,
            0.02864583333333337,
            0.033333333333333326
        ]
    ],
    "original_data": [
        {
            "time_step": 1,
            "original_data_path": "/content/drive/Othercomputers/\ub0b4 \ub178\ud2b8\ubd81/Forked_Models/Validation/Validation/_\ub77c\ubca8_General_val_C/district/3. \ud6c4\ubc29 \ubc29\ud5a5 \uc774\ubbf8\uc9c0/[district]attend_057C/[district]attend_057C_252.json",
            "id": 4
        },
        {
            "time_step": 2,
            "original_data_path": "/content/drive/Othercomputers/\ub0b4 \ub178\ud2b8\ubd81/Forked_Models/Validation/Validation/_\ub77c\ubca8_General_val_C/district/3. \ud6c4\ubc29 \ubc29\ud5a5 \uc774\ubbf8\uc9c0/[district]attend_057C/[district]attend_057C_254.json",
            "id": 4
        },
        {
            "time_step": 3,
            "original_data_path": "/content/drive/Othercomputers/\ub0b4 \ub178\ud2b8\ubd81/Forked_Models/Validation/Validation/_\ub77c\ubca8_General_val_C/district/3. \ud6c4\ubc29 \ubc29\ud5a5 \uc774\ubbf8\uc9c0/[district]attend_057C/[district]attend_057C_256.json",
            "id": 4
        }
    ],
    "label": 0
}