{
    "data": [
        [
            0.6322916666666667,
            0.10833333333333334,
            -0.003645833333333348,
            -0.018518518518518517,
            -0.017708333333333326,
            0.024999999999999994,
            0.014583333333333282,
            0.002777777777777768
        ],
        [
            0.6286458333333333,
            0.10740740740740741,
            -0.007291666666666696,
            -0.02407407407407408,
            -0.01666666666666672,
            0.02500000000000001,
            0.018749999999999933,
            0.006481481481481477
        ],
        [
            0.6302083333333334,
            0.11481481481481481,
            -0.0015625000000000222,
            -0.024074074074074067,
            -0.019270833333333348,
            0.018518518518518517,
            0.020312499999999956,
            0.0111111111111111
        ]
    ],
    "original_data": [
        {
            "time_step": 1,
            "original_data_path": "/content/drive/Othercomputers/\ub0b4 \ub178\ud2b8\ubd81/Forked_Models/Validation/Validation/_\ub77c\ubca8_General_val_C/district/3. \ud6c4\ubc29 \ubc29\ud5a5 \uc774\ubbf8\uc9c0/[district]leave_047C/[district]leave_047C_182.json",
            "id": 11
        },
        {
            "time_step": 2,
            "original_data_path": "/content/drive/Othercomputers/\ub0b4 \ub178\ud2b8\ubd81/Forked_Models/Validation/Validation/_\ub77c\ubca8_General_val_C/district/3. \ud6c4\ubc29 \ubc29\ud5a5 \uc774\ubbf8\uc9c0/[district]leave_047C/[district]leave_047C_184.json",
            "id": 11
        },
        {
            "time_step": 3,
            "original_data_path": "/content/drive/Othercomputers/\ub0b4 \ub178\ud2b8\ubd81/Forked_Models/Validation/Validation/_\ub77c\ubca8_General_val_C/district/3. \ud6c4\ubc29 \ubc29\ud5a5 \uc774\ubbf8\uc9c0/[district]leave_047C/[district]leave_047C_186.json",
            "id": 11
        }
    ],
    "label": 0
}