{
    "data": [
        [
            0.696875,
            0.2101851851851852,
            -0.006249999999999978,
            -0.040740740740740744,
            -0.030729166666666696,
            0.012962962962962954,
            0.035937499999999956,
            0.0222222222222222
        ],
        [
            0.7078125,
            0.20277777777777778,
            -0.0005208333333333037,
            -0.03888888888888889,
            -0.029687499999999978,
            0.01203703703703704,
            0.03281250000000002,
            0.021296296296296285
        ],
        [
            0.7098958333333333,
            0.18981481481481483,
            0.0010416666666667185,
            -0.03888888888888889,
            -0.031770833333333304,
            0.017592592592592576,
            0.030729166666666696,
            0.02685185185185185
        ]
    ],
    "original_data": [
        {
            "time_step": 1,
            "original_data_path": "/content/drive/Othercomputers/\ub0b4 \ub178\ud2b8\ubd81/Forked_Models/Validation/Validation/_\ub77c\ubca8_General_val_C/district/3. \ud6c4\ubc29 \ubc29\ud5a5 \uc774\ubbf8\uc9c0/[district]leave_047C/[district]leave_047C_136.json",
            "id": 10
        },
        {
            "time_step": 2,
            "original_data_path": "/content/drive/Othercomputers/\ub0b4 \ub178\ud2b8\ubd81/Forked_Models/Validation/Validation/_\ub77c\ubca8_General_val_C/district/3. \ud6c4\ubc29 \ubc29\ud5a5 \uc774\ubbf8\uc9c0/[district]leave_047C/[district]leave_047C_138.json",
            "id": 10
        },
        {
            "time_step": 3,
            "original_data_path": "/content/drive/Othercomputers/\ub0b4 \ub178\ud2b8\ubd81/Forked_Models/Validation/Validation/_\ub77c\ubca8_General_val_C/district/3. \ud6c4\ubc29 \ubc29\ud5a5 \uc774\ubbf8\uc9c0/[district]leave_047C/[district]leave_047C_140.json",
            "id": 10
        }
    ],
    "label": 0
}