{
    "data": [
        [
            0.8140625,
            0.2101851851851852,
            -0.0067708333333333925,
            -0.03888888888888889,
            -0.0234375,
            0.013888888888888867,
            0.029687499999999978,
            0.018518518518518517
        ],
        [
            0.8130208333333333,
            0.20833333333333334,
            -0.0067708333333332815,
            -0.03888888888888889,
            -0.0234375,
            0.013888888888888867,
            0.029687499999999978,
            0.018518518518518517
        ],
        [
            0.8125,
            0.2175925925925926,
            0.0,
            -0.03425925925925927,
            -0.0234375,
            0.013888888888888895,
            0.029687499999999978,
            0.018518518518518517
        ]
    ],
    "original_data": [
        {
            "time_step": 1,
            "original_data_path": "/content/drive/Othercomputers/\ub0b4 \ub178\ud2b8\ubd81/Forked_Models/Validation/Validation/_\ub77c\ubca8_General_val_C/district/3. \ud6c4\ubc29 \ubc29\ud5a5 \uc774\ubbf8\uc9c0/[district]attend_013C/[district]attend_013C_126.json",
            "id": 3
        },
        {
            "time_step": 2,
            "original_data_path": "/content/drive/Othercomputers/\ub0b4 \ub178\ud2b8\ubd81/Forked_Models/Validation/Validation/_\ub77c\ubca8_General_val_C/district/3. \ud6c4\ubc29 \ubc29\ud5a5 \uc774\ubbf8\uc9c0/[district]attend_013C/[district]attend_013C_128.json",
            "id": 3
        },
        {
            "time_step": 3,
            "original_data_path": "/content/drive/Othercomputers/\ub0b4 \ub178\ud2b8\ubd81/Forked_Models/Validation/Validation/_\ub77c\ubca8_General_val_C/district/3. \ud6c4\ubc29 \ubc29\ud5a5 \uc774\ubbf8\uc9c0/[district]attend_013C/[district]attend_013C_130.json",
            "id": 3
        }
    ],
    "label": 0
}