{
    "data": [
        [
            0.7822916666666667,
            0.4101851851851852,
            -0.0010416666666667185,
            -0.07592592592592595,
            -0.022916666666666696,
            -0.011111111111111127,
            0.06145833333333328,
            0.040740740740740744
        ],
        [
            0.7848958333333333,
            0.4101851851851852,
            -0.007291666666666696,
            -0.0768518518518519,
            -0.02864583333333337,
            -0.012037037037037068,
            0.05885416666666665,
            0.040740740740740744
        ],
        [
            0.7807291666666667,
            0.4101851851851852,
            -0.009895833333333326,
            -0.07037037037037042,
            -0.031770833333333415,
            -0.007407407407407418,
            0.05625000000000002,
            0.04351851851851851
        ]
    ],
    "original_data": [
        {
            "time_step": 1,
            "original_data_path": "/content/drive/Othercomputers/\ub0b4 \ub178\ud2b8\ubd81/Forked_Models/Validation/Validation/_\ub77c\ubca8_General_val_C/district/3. \ud6c4\ubc29 \ubc29\ud5a5 \uc774\ubbf8\uc9c0/[district]attend_013C/[district]attend_013C_182.json",
            "id": 4
        },
        {
            "time_step": 2,
            "original_data_path": "/content/drive/Othercomputers/\ub0b4 \ub178\ud2b8\ubd81/Forked_Models/Validation/Validation/_\ub77c\ubca8_General_val_C/district/3. \ud6c4\ubc29 \ubc29\ud5a5 \uc774\ubbf8\uc9c0/[district]attend_013C/[district]attend_013C_184.json",
            "id": 4
        },
        {
            "time_step": 3,
            "original_data_path": "/content/drive/Othercomputers/\ub0b4 \ub178\ud2b8\ubd81/Forked_Models/Validation/Validation/_\ub77c\ubca8_General_val_C/district/3. \ud6c4\ubc29 \ubc29\ud5a5 \uc774\ubbf8\uc9c0/[district]attend_013C/[district]attend_013C_186.json",
            "id": 4
        }
    ],
    "label": 0
}