{
    "data": [
        [
            0.8177083333333334,
            0.387037037037037,
            0.0031249999999999334,
            -0.04629629629629628,
            -0.036979166666666674,
            0.015740740740740777,
            0.04531249999999998,
            0.02777777777777779
        ],
        [
            0.8166666666666667,
            0.38055555555555554,
            0.0031250000000000444,
            -0.04629629629629628,
            -0.038541666666666696,
            0.015740740740740777,
            0.04270833333333335,
            0.03425925925925927
        ],
        [
            0.8255208333333334,
            0.38425925925925924,
            0.004166666666666652,
            -0.04166666666666663,
            -0.04322916666666665,
            0.013888888888888895,
            0.04218749999999993,
            0.03425925925925927
        ]
    ],
    "original_data": [
        {
            "time_step": 1,
            "original_data_path": "/content/drive/Othercomputers/\ub0b4 \ub178\ud2b8\ubd81/Forked_Models/Validation/Validation/_\ub77c\ubca8_General_val_C/district/3. \ud6c4\ubc29 \ubc29\ud5a5 \uc774\ubbf8\uc9c0/[district]attend_057C/[district]attend_057C_200.json",
            "id": 4
        },
        {
            "time_step": 2,
            "original_data_path": "/content/drive/Othercomputers/\ub0b4 \ub178\ud2b8\ubd81/Forked_Models/Validation/Validation/_\ub77c\ubca8_General_val_C/district/3. \ud6c4\ubc29 \ubc29\ud5a5 \uc774\ubbf8\uc9c0/[district]attend_057C/[district]attend_057C_202.json",
            "id": 4
        },
        {
            "time_step": 3,
            "original_data_path": "/content/drive/Othercomputers/\ub0b4 \ub178\ud2b8\ubd81/Forked_Models/Validation/Validation/_\ub77c\ubca8_General_val_C/district/3. \ud6c4\ubc29 \ubc29\ud5a5 \uc774\ubbf8\uc9c0/[district]attend_057C/[district]attend_057C_204.json",
            "id": 4
        }
    ],
    "label": 0
}