{
    "data": [
        [
            0.27760416666666665,
            0.524074074074074,
            0.001041666666666663,
            -0.04259259259259257,
            -0.019270833333333293,
            0.03240740740740744,
            0.021354166666666674,
            0.012037037037037068
        ],
        [
            0.2786458333333333,
            0.5185185185185185,
            0.001041666666666663,
            -0.03796296296296292,
            -0.019270833333333293,
            0.033333333333333326,
            0.021354166666666674,
            0.012962962962962954
        ],
        [
            0.2890625,
            0.5,
            0.0005208333333333592,
            -0.033333333333333326,
            -0.019270833333333348,
            0.05555555555555558,
            0.0234375,
            0.015740740740740722
        ]
    ],
    "original_data": [
        {
            "time_step": 1,
            "original_data_path": "/content/drive/Othercomputers/\ub0b4 \ub178\ud2b8\ubd81/Forked_Models/Validation/Validation/_\ub77c\ubca8_General_val_C/district/3. \ud6c4\ubc29 \ubc29\ud5a5 \uc774\ubbf8\uc9c0/[district]attend_057C/[district]attend_057C_110.json",
            "id": 4
        },
        {
            "time_step": 2,
            "original_data_path": "/content/drive/Othercomputers/\ub0b4 \ub178\ud2b8\ubd81/Forked_Models/Validation/Validation/_\ub77c\ubca8_General_val_C/district/3. \ud6c4\ubc29 \ubc29\ud5a5 \uc774\ubbf8\uc9c0/[district]attend_057C/[district]attend_057C_112.json",
            "id": 4
        },
        {
            "time_step": 3,
            "original_data_path": "/content/drive/Othercomputers/\ub0b4 \ub178\ud2b8\ubd81/Forked_Models/Validation/Validation/_\ub77c\ubca8_General_val_C/district/3. \ud6c4\ubc29 \ubc29\ud5a5 \uc774\ubbf8\uc9c0/[district]attend_057C/[district]attend_057C_114.json",
            "id": 4
        }
    ],
    "label": 0
}