{
    "data": [
        [
            0.4822916666666667,
            0.27685185185185185,
            0.008333333333333304,
            -0.03796296296296295,
            0.001041666666666663,
            0.07314814814814813,
            -0.038541666666666696,
            0.0222222222222222
        ],
        [
            0.559375,
            0.2824074074074074,
            0.0078125,
            -0.016666666666666663,
            -0.0010416666666666075,
            0.07962962962962966,
            -0.03229166666666661,
            0.020370370370370372
        ],
        [
            0.6442708333333333,
            0.29074074074074074,
            0.01302083333333337,
            -0.0222222222222222,
            -0.01302083333333337,
            0.05185185185185187,
            -0.017708333333333326,
            0.003703703703703709
        ]
    ],
    "original_data": [
        {
            "time_step": 1,
            "original_data_path": "/content/drive/Othercomputers/\ub0b4 \ub178\ud2b8\ubd81/Forked_Models/Validation/Validation/_\ub77c\ubca8_General_val_C/district/3. \ud6c4\ubc29 \ubc29\ud5a5 \uc774\ubbf8\uc9c0/[district]day_431C/[district]day_431C_124.json",
            "id": 1
        },
        {
            "time_step": 2,
            "original_data_path": "/content/drive/Othercomputers/\ub0b4 \ub178\ud2b8\ubd81/Forked_Models/Validation/Validation/_\ub77c\ubca8_General_val_C/district/3. \ud6c4\ubc29 \ubc29\ud5a5 \uc774\ubbf8\uc9c0/[district]day_431C/[district]day_431C_126.json",
            "id": 1
        },
        {
            "time_step": 3,
            "original_data_path": "/content/drive/Othercomputers/\ub0b4 \ub178\ud2b8\ubd81/Forked_Models/Validation/Validation/_\ub77c\ubca8_General_val_C/district/3. \ud6c4\ubc29 \ubc29\ud5a5 \uc774\ubbf8\uc9c0/[district]day_431C/[district]day_431C_128.json",
            "id": 1
        }
    ],
    "label": 0
}