{
    "data": [
        [
            0.346875,
            0.36944444444444446,
            -0.004166666666666652,
            -0.03518518518518521,
            -0.02291666666666664,
            0.01759259259259255,
            0.024479166666666663,
            -0.0018518518518518823
        ],
        [
            0.32916666666666666,
            0.3907407407407407,
            -0.005729166666666674,
            -0.032407407407407385,
            -0.023958333333333304,
            0.013888888888888895,
            0.01874999999999999,
            0.0027777777777778234
        ],
        [
            0.3223958333333333,
            0.4083333333333333,
            -0.004166666666666652,
            -0.0398148148148148,
            -0.020833333333333315,
            0.037962962962962976,
            0.029687500000000033,
            -0.0018518518518518268
        ]
    ],
    "original_data": [
        {
            "time_step": 1,
            "original_data_path": "/content/drive/Othercomputers/\ub0b4 \ub178\ud2b8\ubd81/Forked_Models/Validation/Validation/_\ub77c\ubca8_General_val_C/district/3. \ud6c4\ubc29 \ubc29\ud5a5 \uc774\ubbf8\uc9c0/[district]attend_037C/[district]attend_037C_114.json",
            "id": 2
        },
        {
            "time_step": 2,
            "original_data_path": "/content/drive/Othercomputers/\ub0b4 \ub178\ud2b8\ubd81/Forked_Models/Validation/Validation/_\ub77c\ubca8_General_val_C/district/3. \ud6c4\ubc29 \ubc29\ud5a5 \uc774\ubbf8\uc9c0/[district]attend_037C/[district]attend_037C_116.json",
            "id": 2
        },
        {
            "time_step": 3,
            "original_data_path": "/content/drive/Othercomputers/\ub0b4 \ub178\ud2b8\ubd81/Forked_Models/Validation/Validation/_\ub77c\ubca8_General_val_C/district/3. \ud6c4\ubc29 \ubc29\ud5a5 \uc774\ubbf8\uc9c0/[district]attend_037C/[district]attend_037C_118.json",
            "id": 2
        }
    ],
    "label": 0
}