{
    "data": [
        [
            0.8375,
            0.36666666666666664,
            0.002083333333333326,
            -0.036111111111111094,
            -0.04947916666666674,
            0.019444444444444486,
            0.03541666666666665,
            0.05277777777777781
        ],
        [
            0.8322916666666667,
            0.362962962962963,
            0.003645833333333348,
            -0.041666666666666685,
            -0.04427083333333337,
            0.028703703703703676,
            0.03802083333333339,
            0.0537037037037037
        ],
        [
            0.8401041666666667,
            0.37592592592592594,
            0.0026041666666666297,
            -0.03888888888888892,
            -0.04947916666666663,
            0.016666666666666663,
            0.034375000000000044,
            0.05740740740740741
        ]
    ],
    "original_data": [
        {
            "time_step": 1,
            "original_data_path": "/content/drive/Othercomputers/\ub0b4 \ub178\ud2b8\ubd81/Forked_Models/Validation/Validation/_\ub77c\ubca8_General_val_C/district/3. \ud6c4\ubc29 \ubc29\ud5a5 \uc774\ubbf8\uc9c0/[district]attend_057C/[district]attend_057C_146.json",
            "id": 4
        },
        {
            "time_step": 2,
            "original_data_path": "/content/drive/Othercomputers/\ub0b4 \ub178\ud2b8\ubd81/Forked_Models/Validation/Validation/_\ub77c\ubca8_General_val_C/district/3. \ud6c4\ubc29 \ubc29\ud5a5 \uc774\ubbf8\uc9c0/[district]attend_057C/[district]attend_057C_148.json",
            "id": 4
        },
        {
            "time_step": 3,
            "original_data_path": "/content/drive/Othercomputers/\ub0b4 \ub178\ud2b8\ubd81/Forked_Models/Validation/Validation/_\ub77c\ubca8_General_val_C/district/3. \ud6c4\ubc29 \ubc29\ud5a5 \uc774\ubbf8\uc9c0/[district]attend_057C/[district]attend_057C_150.json",
            "id": 4
        }
    ],
    "label": 0
}