{
    "data": [
        [
            0.5109375,
            0.3,
            0.01041666666666663,
            -0.04629629629629628,
            0.007291666666666585,
            0.08796296296296297,
            0.02239583333333328,
            0.02685185185185185
        ],
        [
            0.5109375,
            0.3,
            0.01041666666666663,
            -0.04629629629629628,
            0.007291666666666585,
            0.08796296296296297,
            0.02239583333333328,
            0.02685185185185185
        ],
        [
            0.5109375,
            0.3,
            0.01041666666666663,
            -0.04629629629629628,
            -0.004687500000000067,
            0.08796296296296297,
            0.016666666666666607,
            0.03518518518518521
        ]
    ],
    "original_data": [
        {
            "time_step": 1,
            "original_data_path": "/content/drive/Othercomputers/\ub0b4 \ub178\ud2b8\ubd81/Forked_Models/Validation/Validation/_\ub77c\ubca8_General_val_C/district/3. \ud6c4\ubc29 \ubc29\ud5a5 \uc774\ubbf8\uc9c0/[district]day_963C/[district]day_963C_510.json",
            "id": 4
        },
        {
            "time_step": 2,
            "original_data_path": "/content/drive/Othercomputers/\ub0b4 \ub178\ud2b8\ubd81/Forked_Models/Validation/Validation/_\ub77c\ubca8_General_val_C/district/3. \ud6c4\ubc29 \ubc29\ud5a5 \uc774\ubbf8\uc9c0/[district]day_963C/[district]day_963C_515.json",
            "id": 4
        },
        {
            "time_step": 3,
            "original_data_path": "/content/drive/Othercomputers/\ub0b4 \ub178\ud2b8\ubd81/Forked_Models/Validation/Validation/_\ub77c\ubca8_General_val_C/district/3. \ud6c4\ubc29 \ubc29\ud5a5 \uc774\ubbf8\uc9c0/[district]day_963C/[district]day_963C_520.json",
            "id": 4
        }
    ],
    "label": 0
}