{
    "data": [
        [
            0.6567708333333333,
            0.10740740740740741,
            0.0,
            -0.027777777777777776,
            -0.015625,
            0.01203703703703704,
            0.015625,
            0.016666666666666663
        ],
        [
            0.6567708333333333,
            0.10925925925925926,
            -0.0005208333333333037,
            -0.025925925925925936,
            -0.01822916666666663,
            0.010185185185185186,
            0.015625,
            0.024074074074074067
        ],
        [
            0.6442708333333333,
            0.10925925925925926,
            0.0010416666666666075,
            -0.026851851851851863,
            -0.015104166666666696,
            0.008333333333333331,
            0.014583333333333282,
            0.01666666666666665
        ]
    ],
    "original_data": [
        {
            "time_step": 1,
            "original_data_path": "/content/drive/Othercomputers/\ub0b4 \ub178\ud2b8\ubd81/Forked_Models/Validation/Validation/_\ub77c\ubca8_General_val_C/district/3. \ud6c4\ubc29 \ubc29\ud5a5 \uc774\ubbf8\uc9c0/[district]day_025C/[district]day_025C_192.json",
            "id": 6
        },
        {
            "time_step": 2,
            "original_data_path": "/content/drive/Othercomputers/\ub0b4 \ub178\ud2b8\ubd81/Forked_Models/Validation/Validation/_\ub77c\ubca8_General_val_C/district/3. \ud6c4\ubc29 \ubc29\ud5a5 \uc774\ubbf8\uc9c0/[district]day_025C/[district]day_025C_194.json",
            "id": 6
        },
        {
            "time_step": 3,
            "original_data_path": "/content/drive/Othercomputers/\ub0b4 \ub178\ud2b8\ubd81/Forked_Models/Validation/Validation/_\ub77c\ubca8_General_val_C/district/3. \ud6c4\ubc29 \ubc29\ud5a5 \uc774\ubbf8\uc9c0/[district]day_025C/[district]day_025C_196.json",
            "id": 6
        }
    ],
    "label": 0
}