{
    "data": [
        [
            0.7786458333333334,
            0.40555555555555556,
            -0.0015625000000000222,
            -0.07685185185185184,
            -0.0234375,
            -0.013888888888888895,
            0.05833333333333335,
            0.036111111111111094
        ],
        [
            0.7828125,
            0.40555555555555556,
            -0.0015625000000000222,
            -0.07407407407407407,
            -0.02864583333333337,
            -0.00462962962962965,
            0.054166666666666696,
            0.036111111111111094
        ],
        [
            0.7828125,
            0.40555555555555556,
            -0.0015625000000000222,
            -0.07407407407407407,
            -0.029687499999999978,
            -0.007407407407407418,
            0.051562499999999956,
            0.025000000000000022
        ]
    ],
    "original_data": [
        {
            "time_step": 1,
            "original_data_path": "/content/drive/Othercomputers/\ub0b4 \ub178\ud2b8\ubd81/Forked_Models/Validation/Validation/_\ub77c\ubca8_General_val_C/district/3. \ud6c4\ubc29 \ubc29\ud5a5 \uc774\ubbf8\uc9c0/[district]attend_013C/[district]attend_013C_222.json",
            "id": 4
        },
        {
            "time_step": 2,
            "original_data_path": "/content/drive/Othercomputers/\ub0b4 \ub178\ud2b8\ubd81/Forked_Models/Validation/Validation/_\ub77c\ubca8_General_val_C/district/3. \ud6c4\ubc29 \ubc29\ud5a5 \uc774\ubbf8\uc9c0/[district]attend_013C/[district]attend_013C_224.json",
            "id": 4
        },
        {
            "time_step": 3,
            "original_data_path": "/content/drive/Othercomputers/\ub0b4 \ub178\ud2b8\ubd81/Forked_Models/Validation/Validation/_\ub77c\ubca8_General_val_C/district/3. \ud6c4\ubc29 \ubc29\ud5a5 \uc774\ubbf8\uc9c0/[district]attend_013C/[district]attend_013C_226.json",
            "id": 4
        }
    ],
    "label": 0
}