{
    "data": [
        [
            0.6515625,
            0.1175925925925926,
            -0.0026041666666667407,
            -0.03240740740740741,
            -0.020312500000000067,
            0.016666666666666677,
            0.01718749999999991,
            0.01759259259259259
        ],
        [
            0.6479166666666667,
            0.11574074074074074,
            -0.0026041666666667407,
            -0.02962962962962963,
            -0.01822916666666674,
            0.016666666666666677,
            0.019270833333333348,
            0.01759259259259259
        ],
        [
            0.6473958333333333,
            0.11481481481481481,
            -0.002083333333333326,
            -0.028703703703703703,
            -0.017708333333333326,
            0.018518518518518517,
            0.018750000000000044,
            0.021296296296296285
        ]
    ],
    "original_data": [
        {
            "time_step": 1,
            "original_data_path": "/content/drive/Othercomputers/\ub0b4 \ub178\ud2b8\ubd81/Forked_Models/Validation/Validation/_\ub77c\ubca8_General_val_C/district/3. \ud6c4\ubc29 \ubc29\ud5a5 \uc774\ubbf8\uc9c0/[district]day_025C/[district]day_025C_226.json",
            "id": 6
        },
        {
            "time_step": 2,
            "original_data_path": "/content/drive/Othercomputers/\ub0b4 \ub178\ud2b8\ubd81/Forked_Models/Validation/Validation/_\ub77c\ubca8_General_val_C/district/3. \ud6c4\ubc29 \ubc29\ud5a5 \uc774\ubbf8\uc9c0/[district]day_025C/[district]day_025C_228.json",
            "id": 6
        },
        {
            "time_step": 3,
            "original_data_path": "/content/drive/Othercomputers/\ub0b4 \ub178\ud2b8\ubd81/Forked_Models/Validation/Validation/_\ub77c\ubca8_General_val_C/district/3. \ud6c4\ubc29 \ubc29\ud5a5 \uc774\ubbf8\uc9c0/[district]day_025C/[district]day_025C_230.json",
            "id": 6
        }
    ],
    "label": 0
}