{
    "data": [
        [
            0.005729166666666666,
            0.6694444444444444,
            -0.005208333333333333,
            -0.04537037037037028,
            0.0010416666666666673,
            0.05185185185185193,
            0.014583333333333334,
            0.02592592592592602
        ],
        [
            0.016145833333333335,
            0.6509259259259259,
            -0.005729166666666669,
            -0.047222222222222165,
            0.0010416666666666664,
            0.05555555555555558,
            0.017187499999999998,
            0.02777777777777779
        ],
        [
            0.0140625,
            0.6240740740740741,
            -0.0067708333333333336,
            -0.05092592592592593,
            0.0015624999999999997,
            0.059259259259259234,
            0.019791666666666666,
            0.02962962962962956
        ]
    ],
    "original_data": [
        {
            "time_step": 1,
            "original_data_path": "/content/drive/Othercomputers/\ub0b4 \ub178\ud2b8\ubd81/Forked_Models/Validation/Validation/_\ub77c\ubca8_General_val_C/district/3. \ud6c4\ubc29 \ubc29\ud5a5 \uc774\ubbf8\uc9c0/[district]leave_047C/[district]leave_047C_108.json",
            "id": 11
        },
        {
            "time_step": 2,
            "original_data_path": "/content/drive/Othercomputers/\ub0b4 \ub178\ud2b8\ubd81/Forked_Models/Validation/Validation/_\ub77c\ubca8_General_val_C/district/3. \ud6c4\ubc29 \ubc29\ud5a5 \uc774\ubbf8\uc9c0/[district]leave_047C/[district]leave_047C_110.json",
            "id": 11
        },
        {
            "time_step": 3,
            "original_data_path": "/content/drive/Othercomputers/\ub0b4 \ub178\ud2b8\ubd81/Forked_Models/Validation/Validation/_\ub77c\ubca8_General_val_C/district/3. \ud6c4\ubc29 \ubc29\ud5a5 \uc774\ubbf8\uc9c0/[district]leave_047C/[district]leave_047C_112.json",
            "id": 11
        }
    ],
    "label": 0
}