{
    "data": [
        [
            0.8453125,
            0.4324074074074074,
            0.0067708333333332815,
            -0.07314814814814813,
            -0.05833333333333335,
            0.002777777777777768,
            0.0546875,
            0.02407407407407408
        ],
        [
            0.8572916666666667,
            0.43148148148148147,
            -0.008333333333333304,
            -0.07500000000000001,
            -0.06093749999999998,
            0.003703703703703709,
            0.04843750000000002,
            0.05740740740740741
        ],
        [
            0.8526041666666667,
            0.4305555555555556,
            -0.003645833333333348,
            -0.07407407407407413,
            -0.05312500000000009,
            -0.00462962962962965,
            0.05312499999999998,
            0.05833333333333329
        ]
    ],
    "original_data": [
        {
            "time_step": 1,
            "original_data_path": "/content/drive/Othercomputers/\ub0b4 \ub178\ud2b8\ubd81/Forked_Models/Validation/Validation/_\ub77c\ubca8_General_val_C/district/3. \ud6c4\ubc29 \ubc29\ud5a5 \uc774\ubbf8\uc9c0/[district]attend_037C/[district]attend_037C_170.json",
            "id": 2
        },
        {
            "time_step": 2,
            "original_data_path": "/content/drive/Othercomputers/\ub0b4 \ub178\ud2b8\ubd81/Forked_Models/Validation/Validation/_\ub77c\ubca8_General_val_C/district/3. \ud6c4\ubc29 \ubc29\ud5a5 \uc774\ubbf8\uc9c0/[district]attend_037C/[district]attend_037C_172.json",
            "id": 2
        },
        {
            "time_step": 3,
            "original_data_path": "/content/drive/Othercomputers/\ub0b4 \ub178\ud2b8\ubd81/Forked_Models/Validation/Validation/_\ub77c\ubca8_General_val_C/district/3. \ud6c4\ubc29 \ubc29\ud5a5 \uc774\ubbf8\uc9c0/[district]attend_037C/[district]attend_037C_174.json",
            "id": 2
        }
    ],
    "label": 0
}