{
    "data": [
        [
            0.8166666666666667,
            0.3824074074074074,
            0.01041666666666663,
            -0.02314814814814814,
            -0.02864583333333337,
            -0.007407407407407418,
            0.03125,
            0.030555555555555558
        ],
        [
            0.8166666666666667,
            0.3824074074074074,
            0.01041666666666663,
            -0.02314814814814814,
            -0.02864583333333337,
            -0.007407407407407418,
            0.03125,
            0.030555555555555558
        ],
        [
            0.8166666666666667,
            0.3824074074074074,
            0.011458333333333348,
            -0.018518518518518545,
            -0.02864583333333337,
            -0.007407407407407418,
            0.03125,
            0.030555555555555558
        ]
    ],
    "original_data": [
        {
            "time_step": 1,
            "original_data_path": "/content/drive/Othercomputers/\ub0b4 \ub178\ud2b8\ubd81/Forked_Models/Validation/Validation/_\ub77c\ubca8_General_val_C/district_sample2/[district]night_1073C/[district]night_1073C_675.json",
            "id": 0
        },
        {
            "time_step": 2,
            "original_data_path": "/content/drive/Othercomputers/\ub0b4 \ub178\ud2b8\ubd81/Forked_Models/Validation/Validation/_\ub77c\ubca8_General_val_C/district_sample2/[district]night_1073C/[district]night_1073C_680.json",
            "id": 0
        },
        {
            "time_step": 3,
            "original_data_path": "/content/drive/Othercomputers/\ub0b4 \ub178\ud2b8\ubd81/Forked_Models/Validation/Validation/_\ub77c\ubca8_General_val_C/district_sample2/[district]night_1073C/[district]night_1073C_685.json",
            "id": 0
        }
    ],
    "label": 2
}